0 140 145 262 263 261 258 235 236 305 158 307 304 131 1283 1284 400 244 1285 1286 1287 1288 1289 1290 1291 1292 1265 1293 1294 1295 1296 1297 1298 1299 1300 1301 1302 1303 1304 1305 1306 1307 1308 1309 1111 1310 1311 1312 1313 1153 1314 1126 1118 1315 1316 1317 1318 1319 1320 1321 1322 1119 1323 1324 1325 1120 1326 1327 1328 1329 1330 1331 1332 1333 1334 1335 1336 1337 1338 1339 1340 1341 1342 1343 1344 1345 204 1346 203 1347 1348 1349 202 1350 1351 1352 1353 1354 1355 1356 1357 1358 1359 1360 1361 1362 1363 1364 1365 1366 1367 1368 1369 1370 1371 1372 156 668 666 1159 1373 1374 1375 1376 1377 1378 369 1379 1380 1381 1382 1383 1384 1250 1385 1386 1387 1388 1389 1390 1391 1392 1393 1394 1395 1396 1397 1398 1399 1400 1401 1402 1403 1404 1405 142 161 1406 1407 1408 470 234 238 246 693 247 267 1409 153 1410 1411 1412 221 1413 453 1414 1415 1156 1416 1129 1008 1417 1418 1419 1420 1421 1422 1423 364 680 370 1424 1425 1426 1427 1428 1429 42 1430 116 447 1431 1432 150 1433 1434 1435 1436 1437 1438 1439 1440 1441 1442 1443 1444 628 1445
1 302 1949 1950 1951 164 1952 1446 179 178 1953 977 1954 1955 1956 1957 1958 1959 1960 1961 1962 1963 269 1964 1965 1966 1967 1968 1969 1970 1459 1971 1972 1973 1974 1975 1047 1976 1977 1978 1979 1980 1981 1457 1982 1983 1984 1985 1986 1069 374 1987 1988 1989 1990 1991 1992 1993 1994 1995 1996 1186 1997 1998 1999 2000 2001 2002 2003 402 2004 2005 1482 2006 2007 2008 2009 2010 2011 2012 1184 2013
2 302 145 3056 3057 3058 3059 3060 3061 3062 3063 3064 3065 3066 3067 1334 3068 3069 3070 1127 3071 1325 3072 3073 3074 3075 2567 3076 3077 3078 1060 140 3079 1588 142 2611 2074 2796 2830 2127 162 249 715 476 3080 3081 3082 3083 3084 3085 3086 3087 2407 386 741 387 2646
3 1945 164 1464 3899 299 285 3900 3901 3902 3903 2187 3904 1456 2027 3905 3906 3907 1358 3908 3909 3093 1056 3140 3910 3911 3102 2189 3178 3912 3913 363 3914 1132 3915 3916 1015 3917 985 3268 3312 1042 3918 3919 3920 274 280 3921 401 278 3922 3923 3924 3925 3926 1025 3927 42 3928 1494 3929 1971 1459 3930 3931 321 3932 3933 3934 3106 3935 3111 2235 3936 180 3937 1199 1204 1206 1207 1205 1212 1203 1198 1202 1200 1210 1201 1209 1213 1216 1215 1214 3938 1208 1211 1246 1224 1223 1222 1221 1218 1219 1217 1220 3939 3386 3940 1948 3941 3942 3943 1129 3944 3945 3946 3947 3948 3949 3950 3951 2250 3952 3953 3954 2846 3690 3955 2380 3956 3957 3958 1838 3267 984 3959 490 3960 1196 3961 3962 3963 3964 1616 1077 3965 3966 3967 3968 3969 3970 3971 3972
4 4029 253 4030 4031 4032 159 2015 4033 337 1600 1375 4034 2260 2306 4035 2322 4036 4037 3261 3269 4038 4039 989 135 1007 1161 316 343 318 3252 3933 1023 996 342 4040 1242 1005 1047 2307 4041 4042 1453 1279 1056 4043 3260 3263 4044 3290 1098 178 4045 4046 1106 4047 4048 2811 1129 2259 4049 1143 4050 133 2255 3177 2383 2205 145 233 713 140 709 4051 4052 4053 301 1260 2239 465 1374 4054 148 155 469 2023 1594 1403 4055 1398 3126 4056 1884 1599 4057 695 4058 4059 716 2725 1249 158 304 4060 694 244 396 2087 2240 238 706 1635 4061 1407 1264 1394 447 4062 163 4063 4064 4065 4066 4067 4068 2269 1446 2368 2270 1042 1082 4069 2295 4070 4071 4072 131 2223 1639 2787 2778 1604 4073 2130 4074 4075 3581 3582 4076 2636 4077 4078 4079 4080 735 4081 4082 1954 3100 4083 4084 2376 168 4085 4086 4087 1135 1064
5 4532 116 299 3903 4533 3910 3102 4534 4535 1089 4536 4537 4538 1178 4539 4540 3934 444 4541 270 154 274 4542 4543 276 354 4544 363 4545 278 3912 4546 3107 280 4448 4547 4455 4548 4549 4550 4551 285
6 142 153 2027 4494 2741 4818 660 4819 4820 4134 4821 4822 4823 2789 2095 4824 3350 4489 4825 4826 4827 4828 4829 2739 2730 335 4830 683 1907 710 1915 473 1377 2241 145 1259 1266 148 4745 1601 2722 1269 1592 4055 1884 4831 334 1294 4832 4833 2079 4834 158 4835 4836 2760 1415 4837 4838 3352 4839 4840 1262 2113 4841 4842 2229 2753 1249 1285 2083 4843 4844 4347 1429 396 4845 4846 4847 3401 4848 2023 4849 4850 4486 2805 4851 4852 4853 3402 4854 2024 1293 4855 4856 2018 1600 4346 3374 2070 4857 1258 2774 2231 4858 397 251 2230 240 4859 238 4860 4861 4862 157 2829 4863 366 4864 3376 668 4865 4866 4867 4868 4869 1314 4870 1321 4871 4872 1325 4873 4874 1337 4875 4876 1336 4877 4878 628 4879 2766 4880
7 4997 1160 3114 4998 4999 5000 5001 5002
8 5217 5218 5219 5220 5221 5222 5223 5224 5225 5226 5227 2658 5228 1111 1306 5229 5230 490 5231 5232 5233 5234 5235 5236 5237 5238 5239 5240 5241 5242 5243 5244 5245 5246 5247 326 5248 5249 2605 5250 4179 3115 4058 3400 1635 5251 5252 396 5253 149 3380 247 2611 467 140 713 131 3116 5254 5255 5031 1422 1928 531 5256 5257 1872 142 716 303 2319 366 4153 1865 145 693 3077 1862 234 532 147 2125 1910 302 1883 1901 1902 3392 5258 703 4487 5259 5260 5261 2196 5262 2193 5263 5264 5265 5266 5267 5268 5269 5270 5271 5272 5273 5274 5275 5276 5277 5278 5279 5280 5281 5282 5283 3486 1731 1552 1655 3743 1567 2159 2248 2056 3539 5284 621 2279 5285 5286 5287 5288 5289 5290 5291 5292 5293 5294 5295 5296 486 5297 5298 5299 5300 5301 5302 5303 5304 5305 5306 5307 5308 5309 5310 3771 5311 5312 5313 5314 5315 4607 5316 5317 5318 5319 5320 5321 5322 5323 5324 2202 1358 628 5325 5326 5327 42 5328 1025
9 1415 3902 5705 5706 319 318 283 284 320 347 350 274 3901 3900 1175 1176 5707 277 1179 362 311 298 282 281 317 343 351 88 299 278 324 316 5708 5709 5710 1188 725 734 1190 5711 5712 5152 5713 5714 5715 5210 322 1180 1178 5716 5717 4533 5718 4768 5719 1240
10 3695 527 1557 5977 5978 2627 3429 3430 564 538 3514 487 5979 488 3527 599 598 3431 1657 493 937 621 1543 3641 850 3476 2278 614 1567 3452 1731 807 806
11 7685 1336 1334 1330 1332 1329 3408 202 7686 1348 203 204 7687 7306 7307 1313
12 7834 7835 7836 4675 7837 2874 7211 7838 7839 91 92 7840 93 7209 7841 94 7842 6720 7843 7844 7845 6614 7846 7847 7848
13 1523 4413 3438 543 8176 487 8177 8178 8179 2158 8180 526 3016 2826 765 2670 8181 514 8182 3469 2835 722 8183 8184 8185 8186 8187 3700 958 3536 3042 3645 870 3947 3481 8188 3194 3665 6063 501 499 5977 8189 3604 8190 5786 8191 3695 3447 8095 8192 3601 8193 495 8194 8195 855 131 4060 462 1062 3079 232 1870 8196 247 2611 677 681 680 678 234 702 145 8197 1592 1593 235 2127 8198 684 161 665 148 142 8127 2939 706 306 7624 694 6043
14 8326 8327 8328 4349 5163 4839 8329 2830 2760 266 263 262 4341 257 256 261 4339 1381 8330 255 5868 5867 254 5870 307 158 304 236 233 3116 247 8331 260 259 2749 243 2753 2027 2019 8332 5668 371 8333 5948 1436 8334 2041 8335 8336 8337 1256 1295 2750 2036 8338 8339 8340 8341 8342 4130 3966 5675 8343 5699 1249 8344 155 2771 694 145 706 8345 8346 2799 5470 704 8347 2023 306 8348 8349 8350 361 2792 8351 8352 8353 2805 8354 8355 860 5673 5664 4347 8356 8357 1300 463 2280 1432 8358 8359 2025 8360 5891 8361 2018 8362 4841 8363 359 8364 668 4482 275 1374 8365 8366 5674 1294 8367 2265 3991 5040 98 116 8368 2033 8369 451 8370 5672 8371 8372 8373 8374 8375 8376 5828 252 8377 8378 2875 476 258 2091 2229 2230 8379 447 2083
15 157 2771 8628 8629 8630 6320 8631 8632 8633 8634 8635 8636 8637 8638 8639 8640
16 9376 2173 1624 4414 4258 6974 6565 9377 9378 9379 9380 4887 9381 9382 9383 9384 9385 9386 3239 9387 9388 9389 9390 4358 4285 6574 9391
17 8886 9817 9818 9687 9731 9819 4965 9245 9443 9242 9247 9406 9411 9100 9820 9269 9238 8725 9278 8733 8759 9726 9359 9098 9239 4896 8754 4977 8824 9274 9275 9277 8736 9266 9135 9821 9736 9246 9734 8769 8766 9260 9445 9373 9822 9430 9714 9318 8817 9823 9824 8721 9118 9439 8757 9825 9826 9367 8818 8821 9241 9455 9827 9116 8637 9314 9294 9448 9828 9656 9728 9727 9424 9829 9688 9659 9088 9830 9360 8749 4888 9419 9099 9831 9832 9833 9834 9835 8776 8781 8630 9320 4929 9836 9144 9837 9420 8636 9838 9446 4906 9839 8765 9143 9111 9442 9694 9840 9722 8804 4959 9841 9255 9290 8021 9842 5989 9302 9305 9306 9304 9666 9665 9664 9667 9676 9671 9672 9673 9668 9674 9670 9675 9297 9300 9301 9303 9843 4894 9115 9844 9845 9289 9440 9846 9847 9848 8815 8797 4966 9849 9850 9851 9249 9454 9852 9369 9145 9853 9854 4982 8638 9720 9855 9856 8635 9282 9265 9857 9119 9739 9858 9677 9264 9103 8829 8790 8782 4955 9293 9461 9859 9705 9706 9097 4931 9860 4953 9138 4949 9861 9315 9463 4984 8723 9862 9313 9452 4957 9863 9311 9864 9865 9866 5390 5389 3593 9867 581 9868 4593 9869 9870 9871 633 9872 9873 460 639 739 459 3957 8658
18 8476 6677 1995 9882 9883 5115 8457 1616 8485
19 1132 4797 5091 2185 2275 5085 1139 1041
20 10129 10130 10131 1021 553 10132 791 10133 5925 3843 10134 2167 505 5935 10135 10136 10137 8089 1570 2976 955 916 915 5936 867 574 576 573 572 571 570 581 10138 9918 10139 10140 577 3491 3490 6082 2919 10141 8999 1544 3690 5987 2380 10142 1619 508 931 3625 10143 1647 3504 10144 9954 7255 10145 10146 601 10147 10148 10149 3729 1748 653 385 4015 823 1576 1717 3598 961 391 5943 963 10150 950 2817 487 10151 10152 1731 2666 3503 920 5942 3714 2661 539 8686 10153 515 807 1524 6928 633 459 10154 10155 8675 2404 7084 10156 4602 3658 10157 3648 1726
21 9240 8884 4890 10179 8723 9742 9129 9088 9090 9312 9407 4671 4896 8629 9251 9135 9710 9259 9262 4982 9122 9141 9121 9266 9436 10180 9437 10181 4889 9660 9715 10182 4955 10183 10184 9096 9677 1169 10185 9370 10186 6564 10187 10188 98 10189 4984 10190 10191 9089 9825 9250 8640 9880 9823 10192 9406 9724 10193 9662 8744 10194 8772 9118 4669 9374 9687 8805 10195 4961 9369 9700 10196 4981 9257 1023 1954 1247 138 185 9448 9310 9845 8885 10197 10198 9359 10199 4651 4673 10200 9752 8822 4931 8637 9317 9116 9443 9267 9822 10201 9409 9365 9696 9111 8021 4957 1977 9358 10202 10203 10204 8734 9875 9702 9658 4888 10205 8798 8815 4907 9848 4929 4906 9094 9456 10206 10207 10208 1979
22 2403 2845 6819 10677 4314 4252 10678 10679 2105 10680 10681 10682 10683 10684 10685 6571 6829 10686
23 3804 6437 10695 10696 10697 10698 10699 6436 10700 10701 10702 10703
24 599 10810 10811 10812 2643 3572 10813 8430 10814 1632 635 10815 2055 9950 10816 9148 2671 10817 720 1712 1526 10818 10819 3173 3476 787 10820 10821 4772 98 1775 10822 8561 3480 10823 1620 10824 1667 10141 10825 10137 3885 3574 1646 5794 10826 2056 10827 2884 1673 8037 10828 2164 10829 7180 2669 9164 2638 2651 10830 514 946 3686 3685 2668 563 1662 646 9936 10831 10147 4403 10832 10833 10834 3662 7246 628 597 10835 912 3481 1733 380 2664 2173 2105 1430 10836 2873 3737 6692 904 9974 2165 611 1767 1563 10837 974 8099 3014 521 7260 513 389 10838 5936 3569 1567 10839 1553 1721 9949 7000 10840 10841 10842 10021 10843 7213 10844 832 3442 8224 385 2654 811 8689 10845 3239 10846 10847 3634 3520 10848 10849 3012 777 1581
25 11161 11162 11163 4207 7092 7093 11164 11165
26 3184 3185 3188 3186 6785 1625 621 539 1570
27 3887 12237 2453 4582 8048 12238 4583 8381 10230 12239 12240 9233 2468 12241 6387 6322 12242 12243 12244 12245 10863 2640 4608 7010 12246 1500 12214 7435 2471 10862 12247 12248 2400 2529 2472 2437 6383 2536 12249 12209 12250 12207 2639 12251 6406 12252 6293 6424 11858 12253 12254 10957 12255 12256 2443 12257 12258 12259 6422 4092 12260 2535 2467 2588 12261 12262 3059 4584 3056 2500 6327 12263 4589 12264 12265 12266 12267 12268 2581 12269 6367 12270 12271 2279 552 6284 2922 12272 6320 12273 12274 12275 2858 628 12276 12277 2501 4570 2502 2582 6405 2823 8211 12278 2462
28 1537 888 1309 12446 1370 1284 1330 202 203 1347 204 10753 1334 1344 1345 12447 11571 7687 7308 1346 10868 2389 11558 2870
29 3584 2114 3585 3028 2817 12834 3495 12835 1556 1788 11520 7238 4230 807 1521 11154 973 805 2686 12492 4603 2056 10939 946 10848 2671 3592 3586 12836 12837 3465 3516 10917 12838 4321 508 10952 2130 2138 10171 12839 12840 1699 12841 2164 11105 12842 12843 12844 10932 12845 5932 6927 1767 12846 3752 3750 12847 12848 2633 11329 12849 6779 12850 10829 11151 12512 12851 3580 11148 12852 9153 10611 1624 11331 3468 11067 12853 12854 6060 2845 1841 4581 12855 6704 6698 12856 11988 6700 12857 12858 10553 12859 2622 12860 12861 11156 3596 2670 482 3459 12862 12863 12864 10002 735 12865
30 7266 487 3515 12918 12632 1567 12351 2105 11527 722 9164 3776 8068 1430 11966 10934 2415 2279 899 12919
31 10846 11968 12988 11996 4317 12989 4263 12990 11349 12991 12992 12470 12993 12994 4079 5023 12995 12996 10685 6867 12997 12953 11098 12998 12999 462 2092 1901 7620 4179 131 8845 13000 681 680 1410 693 145 8872 11764 474
32 2006 13154 2013 1614 5063 9609 13155 1611 5563 7194 2185 1017 13156 1138 1047 7731 1136 7724 13157 13158 13159 2355 13160
33 13185 7956 735 1189 13025 1817 731 2287 10726 10725 5013 3978 7811 1819 723 734 1450 1793 1188 1190 5408 4941 13186 13187 13188 725 4938 1811 1810 1807 1809 728 5407 13189 1816 1449 1805 1808 13190 729 727 1812 1813
34 2779 1430 12927 13242 624 13238 13237 12535 13106 6453 6915 13495 11907 6039 2973 6155 13496 13497 7463 13498 5159 2126 6172 7637 4158 1434 12386 4054 369 7744 7573 7520 11894 372 5886 13499 11792 7464 13500 1440 13501 11822 11820 11875 7496 4841 11892 7577 11799 13502 13503 2037 13504 13505 6026 2972 6028 6027 6025 5489 457 6037 703 13506 476 375 5655 13507 458 13508 13509 4397 13510 13511 4393 4396 13512 2875 6921 1084 7968 116
35 2613 8037 131 7478 152 1907 142 677 1373 4172 2230 155 2087 159 1871 2222 1872 1862 140 694 3400 2125 715 4173 4174 7747 2725 2792 1414 6475 3078 2753 2127 1264 3352 1441 4854 4483 4841 13563
36 3446 3568 540 4763 1543 3053 1669 2673 13761 3682 1574 741 2052
37 13872 11237 13873 13874 13875 13876 6869 13877 13878 13879 6819 13880 6976 6011 13881 13882 13883 6013 11975 13884 13885 6558 11137 6886 10686 4410 13886 13887 4408 13888 6700 6699 6706 1608 2102 6829 13889 13890 13891 12389 4390 13892 2105 13893
38 14009 6432 3828 14010 14011 11115 14012 4879
39 8000 2287 1449 7811 8004 11354 13657 734 1188 728 1808 1810 727 725 729 1799 11227 723 1448 732 1190 6454 13189 13187 1805 724 1187 1791 14308 2900 735 1800 4934 12865 14309 5408 11402 14310 14311 14312 14313 7293 14314 14315 14316 6260 6975 10485 14317 1809 14318 14319 14320 13029 1191 14321 1815 11015 11011 11020 8070 11007 11028 11008 11005 11009 11010 6905 11022 11004 11017 11021 11006 1796 14322 1447 14323 11014 11031 11029 4933 14324 3978 14325 14326 7999 1804 7810 7809 7812 14327 4943 14328 4944 14329 4945 14330 14331 14332 14333 8001 7991 1794 1450 1801 731 14334 14335 1821 7990 1795 1798 1803
40 2814 14086 13910 875 840 2378 3464 14737 8443
41 14857 10870 861 10866 14573 2390 5795 9233 1842 14634 10886 11456 4452 10670 2678 1128 10215 5231 860 1358 4661 7386 14858 14515 7315 5429 14512 10744 4636 3407 7441 14859 14860 11646 9565 14458 10882 3877 1308
42 11249 2105 6843 624 3185 3184 10352 3183 3187 14911 7239 11237 853 582 14102 14912 8993 3755 14913 8995 8994 3433 3754 3753 583 10169 7088 2407 1680 1736 870 3538 2887 1526 13272 3732 3734 637 12965 390 392 391 395 621 3667 14914 5009 14915 11097 14916 4271 11094 11979 6864 11111 11951 12842 14917 14709 14918 6973 6867 6704 6699 14919 14920 6875 6706 6702 14921 14922 14923 6698 6836 14924 14925 11976 13887 11350 6703 6705 14926 14927 11251 14928 11105 11837 12990 6728 14929 11975 6822 11359 14930 14931 11356 14706 14932 2104 14933 11977 14934 11360 4378 14935 4261 2100 14936 14937 11355 14938 2098 14939 14091 4387 11096 4604 14940 513 919 2981 3685 2967 3894 1570 9582 12533 507 1731 807 11353 14941 12827 14773 3514 14942 14943 917 2051 7255 3680 14944 11344 14945 14238 14946 6877 14947 4410 12855
43 111 600 931 3477 832 3544 574 772 875 731
44 875 2984 3560 2670 3603 514 531 530 145 2217 155 302 2939 158 2413 694 6502 10374 15109 15110
45 6752 15128 6738 9029 8458 15129 13734 8471 8456 10544 15130 6758 8492 10527 6811 13724 9031 15131 6761 15132
46 4635 1499 13265 1500 4605 10503 12215 15354 14499 15355 11208 15356
47 9262 9265 9420 9263 4982 9259 4889 4932 9121 9098 9700 8787 9361 1977 1979 9359 9108 9456 9721 8822 9109 9288 9097 8766 9143 4984 14832 9116 9706 9266 9142
48 5785 3458 1726 6586 1832 786 2119 1553 2159 15416
49 8099 15462 8218 844 7099 10240 3754 1753 3757 576 2632 2699 15422 12512 12323 12467 3016 2915 1723 827 11056 3044 2512 11042
50 3531 8680 3455 3532 539 3439 13341 2279 12818 3510 14726 12821 6560
51 1366 14564 1365 9465 7401 15571 4967 1367 4478 1314 7357 10038 14516 15572 15573 15574 1313 14620 12757 15575
52 14133 15693 15694 14900 14131 15695 15243 11173 15696 15697 15698 15699 11850 11852
53 9111 9116 9370 8790 9099 8636 9124 9853 9249 4932 9368 8722 9109 15916 9442 9119 9135 9102 8809 9702 9708 9441 9248 9658 9659 9315 9365 9357 9121 8827 14842 4982 9437 9864 9137
54 14854 15989 15982 16056 16057 16058 16059 16060 16061 16062 16063 16064 15988 6175 16065 14788 16066 16067 16068 16069 16070 16071 14176 16072 7716 15990 16073 16074
55 11905 16249 10995 11068 609 908 478 539 10270
56 4033 241 304 6477 5867 5845 5869 5827 5862 1436 2112 5866 8330 453 307 255 5868 5870 254 2793 2085 9634 6497 3396 4487 4489 4486 2797 338 335 1924 4820 6476 339 7470 7642 16307 357 5837 4491 337 5852 1938 4490 336 253 12382 5844 5855 466 448 5674 5664 358 5033 449 340 5858 2222 341 704 5469 7152 4158 670 1392 1939 1412 2732 5854 6458 306 2092 8969 369 16308 1438 2750 1256 4130 4989 4990 8939 5907 157 454 2753 2042 7539 8370 16309 13134 8061 8941 5896 5871 5898 1923 7735 5838 2240 1415 444 5906 16310 16311 5899 1910 3352 161 2043 16312 269 5168 462 145 1060 7608 7607 7609 2604 1253 7621 148 1269 470 142 3123 15851 234 694 370 1428 16313 1855 7741 5912 291 294 288 289 290 295 16314 8955 2807 1635 1264 7505 238 5836 131 396 9325 5901 140 2083 139 9622 9637 1265 2018 10794 150 4155 1410 7478 15308 464
57 11347 6826 6847 16345 12318 6559 5023 14933 2104 11097 16346 16347 13873 16348 13879 13888 11344 11359 15479 4271 16349 14716 860
58 8569 12293 11721 5733 9351 9980 2998 14070 5329 12980 1812 1801
59 2378 16488 14262 16489 11985 16490 16491 16492 14958 11972 6874 14609 16493 16494 16495 717 303 462 11924 13989 149 11925 152 3115 159 1260 235 142 715 713 1846 1256 1249 455 305 2939 1884 2834 145 4347 2229 98 4080 10431 10428 16401 16496 6837 16497 16498 11993 16499 11969 11990 12471 10430 6772 16500 12000 11811 14361 16501 15183 16502 15215 10232 14233
60 16068 16510 16511 16512 16513 16060 14175 16514 16515 16516 14854 16072 14855 7714 7720
61 16521 13372 11 10 16 7102 16522 5013 735 98 2279 1330
62 10217 2875 552 2425 15014 16099 5139 10576 2423 5147 2447 2590 10957 16432 2400 6413 4252 16525
63 4650 10190 14719 13198 8740 9118 4673 4651 3385 4671 4961 8748 8736 9263 9655 9242 9725 8745 15915 1977 9261 8767 14843 9819 9245 4965 9755 9409 9092 9091 9146 9265 9140 8737 8754 4907 8801 9128 9132 4896 8780 8781 8753 9130 9131 4952 4950 14838 9437 9318 9442 9702 9659 9826 9656 9367 9361 1978 9864 9282 8774 9717 8778 4956 9715 8757 8755 11919 9463 9726 8777 8776 8779 9430 9658 9248 9662 9710 9310 9661 9838 9272 9740 11232 16591 8811 8638 4982 9369 9145 10186 9853 8822 4984 8723 4906 8725 9280 9278 11921 9722 8749 8746 4895 9307 9135 9102 9134 9257 9450 9429 9320 4898 12906 4973 9103 16592 9406 16568 14839 9756 9412 9413 4930 8794 8793 8738 9745 4931 9420 9133 4955 8734 4919 4889 9311 4888 8756 15533 9754 9753 9823 9269 9312 9439 8724 8772 8795 8773 9113 9110 4917 8800 14834 12903 9762 16593 9723 15909 9731 7185 7164 3322 9727 9840 9313 8803 4949 9424 15913 15910 8812 9270 4960 9708 9657 9856 8823 16594 9445 9127 9139 4957 8639 9359 8722 15914 9138 9880 9410 4914 7204 8254 12485 14833 9111 16595 9822 9451 9088 9694 9859 1979 4915 9219 12564 9422 11215 9687 8764
64 11186 7107 641 16596 14901 11170 16597 13386 16598 6998 39 16599 16600 16601 3225 4204 14907 7761 16602
65 793 9075 798 407 16691 16692 16693 429 16694 16695 16696 16697 3925 16698 126 432 10854 16699 426 10856 430 431 16700 428 16701 16702 16703 1029 16704 12641 16705 16706 16707 16708 16709 15596 16710 16711 16712 16713 16714 16715 16716 412 117 9056 9042 420 9051 9043 12655 4801 10853 413 415 9087 9044 9053 12652 10851 9067 9057 9059 9045 118 9041 414 16717 16718 16719 16720 16721 10857 8263 16722 16723 16724 16725 11442 8912 16726 13173 16727 16728 16729 16730 16731 16732 16733 11438 16734 16735 12647 16736 12896 16737 16738 11446 16739 16740 11447 7163 16741 15051 16742 16743 16537 16744 16745 16746 3800 16747 16748 16749 16750 16751 16752 16753 16754 16755 16756 15455 1025 16757 16758 16759 12929 14662 3424 10877 14452 16760 1323 14454 1119 10759 1324 16761 1120 3070 1321 1124 16762 7312 16763 12617 1350 14641 1496 16764 12682 7447 14533 7444 7445 7448 1122 10884 11541 16765 7339 197 16766 7408 7685 9518 14503 1358 16767 16768 16769 16770 16771 16772 11441 11443 16773 15607 16774 16775 3799 16776 16546 15623 16777 16778 16779 16780 13174 15691 15690 16781 16782 16783 16784 13939 16785 16786 16787 403 406 16788 404 16789 121 16790 860 16791 10305 10300 9548 11465 6719 5708 16792 16793 16794 16795 16796 12651 16797 5018 16798 16799 9052 419 16800 16801 9054
66 16569 16852 3811 3870 4782 16853 11129 6444 3876 12341 12338 4971 4970 10836 16854 3875 3877 13935 13253 16855 16856 1988 13218 13217 13220 13216 1993 13215 13214 16857 15226 15227
67 13847 16904 16237 16905 13045 16906 11250 12593 16403 11251 16907 16908
68 16923 2678 1260 302 156 2783 1264 145 1269 16924 1616 2403
69 1465 6104 1459 2310 1969 6086 17031 1484 17032 14225 4790 13535 14223 15917 1052 1053 3266 17033 15710 17034 17035 11669 142 17036 2265 161 695 5729 8618 2607 5106 1406 659 2074 1250 262 263 1520 258 8835 706 447 1412 446
70 10282 16123 8513 16125 15555 16126 16147 16528 9530 15554 17141 16120 10337 2962 16193 16127 13824 16117 16148 16131 17142 5463 9526 16135 16136 17143 17144 4681 17145 3190 3191 17146 16020 10335 4787 17147 4679 7278 17148 16527 13567 16139 8693 16140 4464 4463 14416 9525 16162 8514 4700 4453 17149 10336 16142 16143 16144 8702 7276 4452 16169 15257 17150 16189 16190 17151 4423 4698 4694 16150 2712 626 12975 16160 3945 17152 2250 17153 15524 842 9169 511 2620 2140 13771 459 460 633 754 639 8433 3172 8445 915 2623 865 8444 944 803 10021 8668 1629 9970 1699 3647 535 3596 15229 2279 1837 2711 13178 17154 623 10256 16191 8475 4682 17155 14417 17156 15276 16151 17157 17158 16163 4785 4683 6910 16152 6913 16157 7431 5020 6852 17159 16153 17160 14031 14035 14815 13627 4986 4903 6731 17161 17162 17163 4921 9558 17164 16154 16155 14819 3961 13731 6774 6815 16156 17165 17166 5389 17167 17168 625 17169 8703 17170 5467 15996 4703 4707 8710 3193 4680 17171 16164 11224 17172 9527 16167 14661 16168 10714 16187 10669 17173 16172 16203 16174 17174 16134 16166 6187 6188 17175 4186 15871 14526 9556 17176 1068 2874 9353 2678 17177 16122 5658 15255 16199 4702 4456 11639 16178 17178 16195 15995 16197 16165 10350 3188 4685 16184 16130 17179 17180 15564 17181 4788 16177 4444 17182 16133 4402 15559 4425 16200 10288 16202 17183 10716 10248 10247 952 16321 11071 8427 16208 3722 814 16209 16210 10007 16211 6837 10708 10710 16214 16213 7304 914 838 2378 2679 10788 5767 6912 13825 17184 16217 5465 5380 16216 17185 15514 17186 17187 16170 16219 1119 7365 17188 1495 10876 1321 14557 16220 15382 5092 1317 3407 14860 1323 10759 1324 201 1327 3410 14675 1330 1329 11568 6275 16433 1332 7445 10884 17189 17190 17191 17192 5431 14558 10883 10874 202 203 204 1334 1347 7308 10214 14461 1349 15287 17193 14638 7009 14692 14519 12213 14510 1125 1358 17194 4691 4508 15567 4429 4432 17195 11220 4448 15557 12425 17196 17197 16129 6676
71 13277 10146 8686 3607 1786 2912 2975 3053 1669 13271 2906 3593 2380 601 770 7250 3624 3622 948 3443 17220 743 1745 1582 1835 1763 1743
72 13001 1768 10813 624 4419 10706 17286 4807 17287 11438 226 6287 16246 5811 12486 14654 16247 14056 2570 375 17288 17289 6752 8458 1616 17290 2889 1021 17291 1024 3229 17292 6076 9647 9648 17293 17294 13937 2196 17295 1249 2241 303 3079 677 715 4611 1910 140 694 12098 10441 2074 249 142 1520 710 706 3914 3334 17296 3180 5112 11229 17297 17298 9416 10198 13023 14257 4941 6454 17299 7812 11724 7811 8000 17300 12284 17301 1832 17302 11509 4404 4253 17303 786 546 814 5937 9167 15905 11309 722 11808 539 3499 2165 17304 1683 1759 10612 7250 2670 1825 2661 8178 17305 2628 17306 3551 11322 12434 14339 2403 8462 15047 17307 16096 4074 14424 3549 17308 2934 16004 16428 6019 6022 6020
73 2537 17335 4559 4578 5135 2439 4563 4552
74 4910 9329 9829 8751 9819 13195 4895 8783 10719 13196 9862 10180 9421 8732 15855 17366 10206 4186 9096 13203 8749 4963 10184 9119
75 860 2196 2192 9233 64 2874 17379 4196 375 1979 10191 1613 116 8485 4198 4199 7204 2942 2678 7061 17380
76 17565 17566 6967 2875 226 7061 17567 7580
77 2223 3381 6608 4108 5046 248 706 4105 11801 17671 1414 261 2941 17020 1441 2062 2760 10454 5536 11624 634 98 469 13971 17672 13965 447 2723 8857 5854 2794 12146 1358 17673 17674 17675 1996 8264 11896 156 2128 9526 16132 2678 17676 12136 145 17677 6140 462 3115 247 161 302 159 684 2939 140 694 235 2940 3127 2074 2127 2033 8530 7571 13978 11715 16298 2105 389 481 1530 2887 6776 3539 7262 1536 3661 1256 1294 14440 17678 2792 6464 4819 2229 1258 10588 3377 14014 7409 17679 1149 2872 1430 1422 2083 4820 700 17680 2731 1859 5031 7745 2772 17681 3401 10584 2217 3077 1373 249 17682 14386 2030 11799 4171 10808 4061
78 9690 15533 4891 9759 4978 4930 9846 15853 4964 9862 4897 8796 9371 17795 9819 12904 9313 17796 8886 9839 4955 8772 9850 9758 10186 9740 16353 11771 4976 16354 11234 4984 17440 17708 4898 9655 8748 15855 4981 11213 17797 4977 5989 9459 9089 4957 12905 11685 9663 4952 9854 9287 11770 15378 14403 4907 9145 8722 9726 4651 4080 17798 17799 11992 4405 6981 17800 16575 4078 15802 2102 17801 17802
79 17839 6854 2412 11698 8595 161 1904 658 1855 447 473 470 234 1520 154 17840 15775 17222 17221 13062 17841 5205 16948 2401 8142 17842 6522 1908 272 17843 14215 13502 2755 11705 17844 8249
80 624 1359 7874 8629 9718 1146 7852 17439 8784 9677 15854 9730 8749 13941 9760 11770 9682 11922 11233 4985 9410 9409 16592 274 5801 11773 17450 12906 17855 9313 8748 4916 9116 10053 15376 4981 10181 10051 9727 15819 9307 9440 8826 16352 17797 10719 9829 4978 11685 14833 8726 15880 9109 4906 4929 9416 4905 4910 9693 17856 2128 1979 15533 11215 9315 9419 17442 16354
81 17877 17878 17879 17880 17765 17429 17421 17881 17882
82 2105 10788 2378 2679 13664 3794 2130 1372 628 773
83 18001 15940 15941 15942 18002 12580 12581 12582 11325 12583 12584 12585 11324 18003 18004 18005 18006 17587 13040 18007 3236 7777 7787 7782 11182 18008 17876 11179 18009 18010 18011 11175 18012 3225 13445 15945 11444 16294 7081 10072 13042 17869 14900 25 18013 18014 18015 18016 18017 15972 18018 18019 18020 18021 18022 18023 18024 11177 9199 9201 14134 28 29 31 30 16 7 6 18025 13417 4205 13043 11204 4204 18026 13038 18027 18028 11176 11178 18029 18030 13036 18031 18032 18033 9187 9210 16599 13441 39 17874 18034 18035 11851 17873 11173 18036 17870 18037 18038 18039 18040 15697 11848 11174 15698 11849 11847 11850 15699 18041 11181 11853 15245 18042 17875 18043 18044 13044 17536 11852 11844 11187 18045 18046 1554 3565 937 3520 646 1736 7190 387 507 1728 9867 582 852 503 15203 1530 1735 6922
84 11386 12876 12874 18192 11385 12830 13326 13621 13620 11380 18193 18194 894 18195 15295 4722 4725 15598 4720 13614 18179 10782 10781 14566 18196 10757 11379 628
85 18228 15051 16729 16793 16743 8464 18229 18230 9071 4800 18231 418 10853 12650 9086 412 795 18232 10130 436 435 18233 439 5946 8278 17575 18234 121 408 403 404 18235 120 421 411 126 18236 16718 431 16700 18237 18238 117 415 419 416
86 14718 5989 4650 18320 9711 18321 11690 11922 8731 18322 11920 9414
87 1545 1739 1728 937 18483 10155 12378 14803 870 9570 9577 1530 543 10612 1843 6559 16479 8065 12541 18484 5527 18485 2129 2875 2137 14802 14078 807 388 10937 10151 581 852 11072 1567 15617 8102 3530 721 904 646 10916 1563 9572 10275 18486 1759 10058 6929 2668 2646 3512 2284 2979 3612 3516 3562 12509 3477 8680 18487 18488 3642 6081 1557 6061 633 3557 8677 779 15748 10951 11160 1562 15153 10827 2631 722 16995 6684 10375 3016 773 12938 8104 2167 770 6930 2966 14979 735 13909 11007 3109 728
88 17006 9442 9318 9437 1979 13192 8817 4650 9373 4671 9408 10196 9430 9111 17626 19105 11652 19106 17804
89 4200 14900 7082 9200 25 11187 15695 19499 19500 13398
90 19510 5523 19511 10229 98 727 17811 13030 13357 16317 13005 18485 19512 6718 6648 6647 6661 11448 19513 16350 13004 5527 5525 7146 19514 15758 19515 19516 6690 13792 19517 19518 19519 19520 17973 13003 4787 4786 4892 16555 4551 19521 4881 15999 4508 19522 12957 4682 15564 4438 4456 3188 3190 18688 15567 14789 11221 2678 2129 17198 19523 16944 15048 10212 6713 19524 14790 19525 16322
91 18565 18110 18596 19629 17392 14778 19648 2389 1325 1336 4870 1330
92 19655 8587 2944 624 841 10629 16984 2942 8715 4688 2678 7433 19656 6974 860 17288 2648 11809 2138 16907 19657 4260 12239 2105 3180 13543 7878 116 7956 9376 2380 17308 2279 7061 11197 17291 2846
93 7528 15121 98 8900 143 9788 302 8128 15654 9629 6474 19700 12094 14401 2598 5708 13714 19701 6140 15799 7661 15638 16264 2221 2027 19702 1072 5683 8877 8341 2941 4116 1376 19703 2022 19704 18661 8894 8896 1415 15634 7027 15118 8910 11409 8608 15726 13092 16804 4497 6131 7497 17783 7028 12106 8878 15629 706 463 13978 7485 4172 19705 7524 15719 1942 7498 12140 7744 14960 5075 2193 16038 5484 3373 4142 19706 2741 2971 2970 18176 7652 9808 19707 8604 272 19708 1855 19709 15803 8603 19710 12175 4171 5665 19711 2077 12151 3164 13994 12074 8106 5051 12157 12062 13969 13970 19712 15633 6467 11670 19036 19713 8901 10606 19714 7259 6075 3843 8921 490 19715 17267 5579 5586 6257 1998 12800 19716 19717 8915 2748 12197 12091 2093 19718 15730 10568 1884 5161 8899 4105 8879 19719 8909 10592 271 4824 10585 19720 10570 244 1272 258 19721 7553 14396 12576 19722 5898 12124 4104 10560 4115 11791 2091 8146 8902 10600 8540 15635 5895 14384 7660
94 19184 19724 19725 19726 18733 19479 19223 18886 19727 19728 18939 19729 19730 19731 17128 17739 18922 19732 18749 19458 19451 19733 19734 18967 19735 18741 19736 19737 19738 19739 19740 19741 19742 19743 19744 19745 19746 19747 19465 18875 19481 19748 19749 19750 18911 19751 19752 19753 18873 19050 18765 18200 19551 19457 19445 18938 19754 19755 19756 19262 17747 19757 18857 19758 19010 19759 19760 19761 19762 19763 19764 19765 19766 18982 19767 19768 19769 19770
95 15389 19788 2546 2536 6328 11602 15012 12259 2453 2823 12271 2573 16682 550 19789 12237 6403 6361 19790 16637 11084 1680 19791 14192 4975 19792 16679 2444 19793 2524 15063 19794 2543 6314 15054 2462 19795 15026 6379 16435 15539 4552 19796 6422 2542 4567 19797 19798 19799 15030 15027 16633 19800 6331 14749 19801 4572 6284 2528 2566 14205 2469 15032 6388 2500 19802
96 19836 19837 6442 1359 15768 19838 187 6440 6526 16564 16363 3774 15220 6527 6054 6797 19839 19840 19362 19841 2766 19842 16893 19843 19844 4880 3819 3818 3883 212 213 9338 19845 15809 6524 3824 209 19846 3823 6531 6439 8302 4879 6427 2765 4783 19847 205 11168 19848 2297 6431 3808 19849 19850 19363 3812 3806
97 19923 19924 18782 18893 19925 19926 19927 19928
98 15742 1685 2048 1761 6081 3040 2983 11835 37 7767 13404 9011 20013 19656 1572 3481
99 15157 3250 6800 20015 10394 14348 15188 4249 15163 20016 15745 1819 7811 14325 20017 15169 20018 15214 15177 10378 10371 20019 10383 244 1918 4830 303 2807 14336 14351 12344 9619 8033 380 20000 6785 20020
100 10161 10021 2054 3682 1704 2520 10399 13588 1745 767 763 20138 2694 15582 4530 1770 3517 3173 971 10834 3509 957 2835 3564 606 1620 2151 875 20139 2175 1619 12436 11340 782 2718 1829 3547 741 822 8034 1188 2663 2150 942 13725 12587 958 765 9944 2631 1558 2170 20140 769 2136 3243 4297 1648 17863 2633 8105 2626 5931 10943 3560 2132 1523 460 17951 20141 4410 20142 11837 20143 1608 14967
101 11313 2646 2702 2643 561 8436 817 20162 2547 15085 12256 2824 552 14194 3593 2380 3690 7109 777 10919 2836 3661 1677 8078 1567 11470 2047 2049 3438 2671 596 5922 19569 5791 589 10841 12963 11311 10848 2828 20163 2120 20164 3035 562 12541 12959 1836 8472 907 8064 591 3673 11322 19019 10676 5944 543 2921 3569 2701 20165 2700 15206 1759 15153 2130 2403 1585 155 159 4171 2127 142 1884 694 531 1159 145 502 5929 1733 2415 2404 1582 14807 15198 7097 1089 3625 588 4014 585 13367 904 2052 10951 3023 12427 15548 13454 7108 12937 3227 9973 1531 15197 6560 903 6947 8189 15208 6844 832 8102 487 823 7214 3437 2151 3699 19162 20166 646 1530 3788 3789 7085 6696 3891 2998 7268 1646 11319 3671 2105 20167 735 20168 13067
102 20227 20228 20229 20230 19024 15986 20231 20232
103 20442 17462 20443 20444 20445 20446 20447 7176 20448 14990 8552 17119 6138 20449 12428 11658 17117 17507 12195 8541 20450 5259 20451 20452 6965 20453 3367 20454 14991 8539 12498 6961 11679 20455 20456 20457 17120 6959 624 20458 10954 14993 11668 8535
104 7701 19822 19827 20507 13369 14136 3234 20508 18098 20509 18078 18554 20510
105 20533 18383 19004 19496 20534 20535 18757 18824 18732 18736 20059 20536 20537 20538 20058 20215
106 19010 20539 18788 20540 19558 18401 20541 19245 19008 18375 20542 18880 20268 20270 18382 19187 19198 20543 19479 20544 20188 20545 18799 20546 20280 20547 18989 20548 18984 18786 20549 20550 18889 20253 18047 18741 19886 18896 20551 18868 9398 20552 20352 19748 19184 18383 18065 18996 20349 18807 19207 19423 20237 20242 20553 20554
107 20665 20666 9397 9396 19875 20667 20668 20669 20350 19229 18201 20285 19181 20670 18861 20671 18881 19884 19223 20672 20673 19476 19304 20674 20675 18841 20676 19423 20677 20678 20679 18047 20680 19477 19203 19310 20404 20681 20682 20683 20684 20685 20686 20687 18410 20624 20688 20689 20690 20064 20546 20691 18987 20053 20692 20693 20694 19869 20405 20630 18794 19451 19486 19464 20695 20696 19725 20400 19457 20697 20698 19463 20699 9404 20700 19195 19249 20701 19465 20702 19747 20703 20704 20705 20706 20707 18872 20092 20364 18997 20708 20709 10500 20710 20711 19286 18397 20712 18389 20299 18390 19914 18391 18394 20713 20714 20715 20716 20401 19267 20717 20416 20398 20331 19755 18976 20718 18401 20719 20575 20720 20315 9405 20721 20722 20723 20724 18375 18911 18373 20725 18904 20726 18934 20727 20728 20729 20730 20731 18899 20732 20733 20734 20330 18838 19371 20735 19558 18382 20736 20737 20096 20738 20739 18873 19308 20740 20741 20742 20743 19895 19235 19309 20744 20417 20745 19551 20746 20747 10497 20643 19139 20748 20749 19187 20073 20351 20395 20589 19244 20750 20751 20752 18379 18730 20074 20388 20753 19559 19222 20326 20754 20755 20756 20757 19265 19238 19268 20758 20759 20760 20761 20762 20763 20764 19217 7695 20765 9403 19748 20766 18415 20767 20768 20769 20770 18745 19185 20771 17722 20772 18765 19458 20282 19765 20773 7705 19740 20774 20775 20024 20776 18846 20777 20778 20779 19216 20780 20322 20781 19460 20357 20782 20217 18853 20783 20784 20785 19266 20559 20786 20787 19178 20788 20789 10499 20790 20612 20791 20792 20793 20794 19472 20795 19478 18889
108 3237 20796 20797 9186 7080 14894 3236 13393 7777 16518 20798
109 19224 18047 19234 21123 18417 18376 19008 19274 21124 21125 20578 21126 21127 21128 17772 18730 20977 17722 20802 19201 18733 20651 21129 19050 18874 18994
110 20218 19883 19871 20185 18931 18047 20208 18865 20191 21130 21131 18994 21132 18773 18843
111 19752 19008 18731 21142 20284 19212 19245 19909 18401 21143 18065 18379 21144 18781 20193 18902 20308 21145 18969 18803 19230 18739 20236 20235 20241 21146 19220 20314 18334 20215 20202 20186 18976 20771 21147 21148 20377 19264 19559 18788 18799 20978 18953 18862 14713 19900 21149 19050 20610 21150 18914 21151 10497 21152 20023 19305 20805 21026 19745 19738 20342 19302 19308 18777 17739
112 1194 17618 2262 3305 7724 1017 1141 179 5549 1106 1014 7117 1080 1268 7726 2328 5725 2383 1003 1129 5101 5086 7114 135 981 1031 1064 2342 2191 5100 1954 3362 7731 990 2384 1023 2256 1051 16268 2368 10120 3308 3306 21328 1143 7164 1958 5563 7872 21329 3177 5559 7157 21330 2330 7734 4049 1059 7735 5858 1392 6335 157 1164 18505 1076 10246 3319 21331 1005 180 1011 21163 7737 6633 7738 7739 5496 1144 2354 116 1075 3326 2293 15400 3151 3307 1048 5082 3405 5572 2210 3287 1130 1955 2375 7156 5065 1092 1009 1139 4098 4112 4054 2771 7741 1036 17779 1135 2306 2356 2045 1157 7725 5601 1044 997 5541 2298 2235 13159 7722 5726 2269 5097 1446 1082 8240 163 2243 7733 1134 7742 7215 1457 21332 2185 7723 1098 6239
113 18270 18271 19786 10014 19779 5125 18442 1477 21336 15431 21337 17703 20439 17999 17697 17985 21338 17692 21339 21340 21341 10000 17685 18244 21342 21343 14869 14867 17986
114 6569 10356 6562 161 158 5249 302 244 3115 2241 1918 247 469 7610 11336 1635 5251 4060 142 3998 1259 4057 1062 2609 1588 303 159 1267 1591 1252 1597 1270 11338 18667 249 470 2904 2939 702
115 6190 5811 4585 942 934 8431 563 15136 600 2279 10867 1367
116 3506 1607 7099 2279 5787 11340 3505 12923 7109 10399 1824 10135 12431 2646 3457 15474 5931 3498 13631 8104 10999 3742 2132 1551 6928 11467 7086 1567 2663 2288 9164 11037 15361 3450
117 11341 12437 1561 1557 5796 18486 9896 6393 8224 1572 6068 21692 110 3499 9897 3511 3524 14072 12921 527 10952 852 777 946 607 11897 12564 20146 821 16983 11636 736 870 3480 1581 2818 657 12348 10726 21693 4871 14480 1323 4661 199 7328 856 2966 6561 2171 1677 3528 2415 1783 500 940 656 13124 11334 3890 494 487 2056 2166 10616 2159 11298 10790 2165 2663 8684 3733 646 11502 905 3661 2403 2105 2410 3566 14038 9576 2158 3725 1771 10277 5987 2919 1769 1665 10951 786 2633 2989 1545 1530 829 2690 927 16862 3690 9909 2887 807 10937 2176 1825 877 723 21694 731 730 13357 6346 728 2287 21695 735 2666 2643 8064 559 13654 1731 3481 3791 5741 21696 904 2668 17077 10929 507 478 13144 9899 15587 924 8442 2279 12378 1735 8681 2676 508 3044 480 7207 3510 6692 518 2815 8041 2880 1736 7191 932 2632 574 871 781 11914 540 15364 1673 1828 3450 2990 1541 9164
118 16077 6174 15985 21699 19865 19866 16510 21700 16515 16064 15983 15988 6175 7718 14177 21701 21702 14787 21703 21704 21705 17925 14173
119 8046 21712 5809 2130 1677 12352 2988 3682 513 3499 8561 21713 2901 11504 6209 8391 13815 21714 3137 6196 2679 2105 11971 4258 10680 3057 2107 1470 1473 1616 4986 3982 8207 8394 12491 12475 6197 5803 6216 21715 11493 21385 19574 13329 13491 14824 13143 8397 6214 3983 15820 2122 5805 5806 13490 14653 21716 6213 3059 16902 8390 8395 21717 21718
120 17143 4702 4703 4428 11339 5430 8514 21719 8696 16129 18686 15276 16119 21720 13567 4892 18462 21721 1988 13215 13217 13216 13220 4707 12957 19522 16167 10345 10348 21722 3877 13935 19330 4457 15255 4697 12958 21723 13218 10785 3878 6183 8485 6182 16121 13820 21628 19521 15259 16174 17170 21724 21725 21726 4789 18675 17179 19329 10670 19346 21727 4781 10715 16176 5657 4444 4431 4433 16194 15269 7276 6188 6186 7956 10263 16118 19333 21728 15273 8711 16855 9883 15286 11628 15997 4432 4455 21633 11639 6189 8494 4787 4470 4469 4468 4471 8223 4548 4547 15247 16131 14416 21729 8710 15272 21730 6185 6187 6181 6184 4881 10696 3834
121 8886 9423 4978 2128 4916 1979 9365 9410 4907 19170 9719 9257 10719 1169 8794 4977 8825 4953 4961 4966 9315 21761 21762 4984 17445 9313 4895 4909 21763 9461 4981 4974 15377 9109 9358
122 10909 10284 21790 10286 42 7132 10280 10227 10230 9233 2874 3344 21791 9496
123 3794 904 10161 5401 970 7264 1622 7190 6785 7099 12441 8590 560 721 14771 2995
124 19313 17722 20746 19314 17724 21452 20977 19892 18744 21850 18739 18415 21851 18881 21852 20309 20270 18390 18201 21249 19250 18997 20268 20254 20245 18665 21469 21853 21854 20600 9399 21855 21856 18379 20055 19247 21857 18730 20628 20286 18383 19489 18200 18895 19272 19914 17405 21858 18333 18746 20181 21859 21860 18401 7707 21861 18979 20322 21862 21863 21864 20415 17772 20572 18065 21865 21866 21121 20070 21104 21867 20574 20529 21453 21064 21868 21869 18803 21097 21205 19301 19276
125 9416 8753 15880 9429 8770 16354 16568 8777 20469 3937 1174 16802 177 16812 9365 9694 9711 15855 4897 21763 9878 21991 9695 9113
126 3767 932 827 8062 2512 583 3519 1648 1647 2016 12822 15586 21996 971 13725 2689
127 21997 17729 20584 21998 21999 17737 17422 18549 21155
128 21980 17871 11204 13392 11853 13390 13116 3234 18636 18031 11852 11176 18043 21133 11178 13039 21924 11851 17875 13409 11 22001 18015 17873 21500 18037 12285 4204 11175 21134 18039 21136 18032 18030 22002 7760
129 9023 22003 22004 4294 16053 1643 14339 2916 3533 17308 6928 22005 6929 2633
130 8694 15561 16217 4426 17194 624 4702 4706 22010 16185 17157 15336 8696 4718 4892 10954 22011 490 10347 19343 21722 16149 4709 15566 4460 8712
131 15054 4552 4562 2432 22034 2431 15665 2441 2467 22035 16645 2462
132 899 3053 22092 1555 901 13015 22093 7124 12306 2398 10033 1314 4640 22094 438
133 18178 12877 888 22211 7124 897 11246 22212 12303 3210 4736 222 8914
134 22319 19549 21016 20505 19489 18867 20214 18841 20055 18200 19915 3765 18399 22320 21013 18805 18866 22321 20082 22322 20050 21429 18410 19908 22323 10643 21662 22324 22325 20222 19548 18138 21843 22326 18051 22327 20077 22328 22329 22330 20500 21838
135 13345 5775 9923 22408 22438 11046 9150 22439 22440 2418 12512 21317 9955 3781 860 1844 9873 11064 11036 22441 2818 231 4636 1790 547 2973 462 7497 2740 5475 680 681 302 161 476 3436 11081 11037 10974 899 11808 13344 943 22442 11080 10973 916 11044 8433 17861 731 735 22443 2386 2409 22444 628 848 22445 11045
136 6119 3930 7729 22446 2315 1134 5067 5453 999 2189 5449 22447 22448 18726 4737 5041 22449 22450 2276 1104 1004 9285 22451 22452 3353 8599 13201 9112 22453 5503 15920 990 6110 8022 1459 1971 6109 12083 1132 1037 1050 12620 1074 2212 5438 18500 22454 6115 5043 1614 4738 5502 1022 22455 22456 13522 16813 21183 1076 1077 1457 22457 1044 16483 1094 1081 1164 138 2899 13066 1072 1969 18522 1000 2299 5566 2237 7125 1480 4741 6245 22458 2256 7737 1051 3306 1953 9226 5650 3299 9749 3359 18492 3309 997 22459 1464 5439 22460 7118 1048 3303 3305 1141 3302 22461 987 1041 4740 4882 1466 3387 22462 2205 6047 13488 252 2018 3295 18493 17967 15098
137 2158 2642 3497 392 12225 5426 13747 7240 11313 4406 22558 5798 946 1581 3494 1557 12969 3197 1695 657 10515 1831 11308 2926 1667 2664 11309 1673 2380 10841 2645 1576 786 719 1624 13284 2836 19999 10106 2629 2665 3526 19078 3496 6060 3562 3632 3493 112 2074 713 706 2968 470 235 4180 10087 476 1089 2279 3481 482
138 2524 7981 16655 37 3898 258 470 22679 13380 15244 7208 17587
139 20612 3798 19050 19143 18738 20607 19223 18995 22794 20311 18065 19548 21093 22795 20283 19255 18861 22156 21429 22796 20225 22577 19146 18923 22797 22798 22799 22316
140 13835 14988 19518 13818 6568 15165 10374 21510 18216 22964
141 9924 10863 2563 2499 2480 2453 2425 2430
142 8224 637 1735 6927 634 2821 518 3026 17710 22966 8035 2159 786 546 8189 10840 103 1576 939 547 6073 4347 462 232 693 1884 470 142 247 677 2074 681 713 663 302 694 140 306 8479 145 715 2239 1883 258 7259 476 11552 7261 1728 22967 1722 21521 17128
143 18997 18742 17724 21543 23043 23044 23045 19912 23046 23047 10497 23048 18931 19260 19545 19899 19140 18789 23049 23050 23051 23052 23053 21544
144 20800 20799 22617 18881 20093 18744 20277 20392 20612 19300 19250 19423 23054 20211 18813 20643 19247 18817
145 20997 17946 2097 21904 19889 19882 20046 23055 21709 20237 19250 23056 19210 21454 23057 18065 22164 14714 23058 19548 23059 23060 23061 3766
146 23105 22590 23106 22580 22611 22608 22613 23107 23108 23109 23110 22584 23111 23112 23113 23114 22589
147 23179 15608 21640 16281 20863 19611 19608 23180 23181 792 23182 9075 793 406 441 9069 437 117 12648 9071 4802 9086 9046 414 9054 415 426 430 20851 20847 16719 12650 420 9051 9043 9052 419 412 9058 9073 9337 9336 6139 23183 11697 126 10857 10854 20844 22547 10855 432 16286 20878 10856 18657 5018 4801 5019 20892 119 422 20154 20155
148 22778 21146 19199 17722 18382 19187 21029 18881 22782 18379 19008 18969 18383 23210 23211 17725 22159 18771
149 12834 5942 3484 384 869 12965 868 1734 1525 1732 385 6785 1530 5798 2882 9946
150 9725 9140 4957 4650 19105 11652 17785 9423 9440 4954 9762 9736 9247 9409 8749 9741 9824 9270 8634 9457 4961 4978 9361 1977 1978 9450 17452 4919 9410 9365 9694 14840 9088 4984 9113 8722 8818 9138 9315 10180 9862 15908
151 469 23275 1373 306 4180 6485 10088 23276 12386 7491 14405 12110 11276 21419 23277 2222 338 12931 6126 13971 8361 445 238 11269 706 7633 154 13992 13488 10486 10468 7526 3996 158 7469 1931 2241 6156 23278 1891 23279 4477 3078 19964 9324 699 1263 4867 10801 6493 142 23280 7608 145 462 7609 1251 4859 152 235 684 6048 10597 9608 6458 162 4175 8932 13990 3123 694 8859 8849 8377 13558 2109 2027 2221 251 2086 463 2772 13054 1285 474 4347 1374 1600 5879 4826 13563 2124 131 2062 151 1937 2042 6478 8356 533 2781 23281 3999 3400 23282 1385 339 8345 10447 11266 2745 6480 14387 8365 2777 1294 12081 371 252 5732 4141 2223 23283 397 4345 1262 13097 16900 156 1249 447 1383 2018 398 23284 3402 6459 8861 5902 2760 2780 2065 2036 17671 10054 4862 5881 23285 359 5892 15792 20832 23286 6129 270 2019 4853 9606 159 10465 23287 5046 4110 4104 10601 23288 1445 4179 10489 17257 10600 7634 1966 15518 6503 7507 373 21677 4109 10460 14401 4112 10554 7517 8341 1438 12502 15522 396 2084 3346 9590 10589 23289 12113 11292
152 9351 8571 19815 11722 10269 12295 23291 12296 12289
153 23336 16059 19976 16080 23337 19438 16067 16062
154 21273 20045 19223 19558 19185 18379 18881 18810 19238 19222 18401 21251 18927 19275 21148 19479 18065 10497 21741 18200 20389 23339 18390 18968 20376 22178 21746 18898 19560 20022 20258 20305 22167 22168 22169
155 18809 19912 18848 25 7761 7077 16 9211 21538 18065 14523 4608 1309 12446 7450 1314 20979 7107 19050 21447 14850 22476 21512 23351 18339 18881 18805 22198 21452 19896 20350 18765 22210 23352 20518 13692 23353 13688 17832 23354 16082 18974 22085 23129 18967 20389 19897 18415 20310 18992 18200 19223 20612 18874 23142 11183 9199 4204 23355 19916 23356 14714 20651 20361 21061 20523 22096 23357 17724 10496 22477 20519 15943 23358 23359 23360 23361 22182 19488
156 17376 21560 18549 17374 19823 19317 21155 21277 17889 18552 23462 17761 17743 23463 23464 18109 19827 18098 20510 23465 18073 21886 23466 17406 23467 23328 17762 18343 23468 15046 19829 17745 20917 17750 17888 23325 18079 17751 17402 23469 18110 17420 17768 18210 23470 20910 17413 17729 17760 17759 23471 23472 23191 18054
157 1919 447 1294 6479 17492 18712 706 248 1910 2127 658 9324 6126 5864
158 16508 23550 23551 23552 22041 23553 22047 23554 23555 23556 22048 22037 23557
159 19208 23558 23559 23560 17722 18861 18766 18783 18777 19012 21571 18769 18779 21152 21104 19187
160 8530 7603 1383 4168 8489 4840 698 2067 155
161 1159 5853 13992 4864 2105 6834 17802 11096 15088 23666 23667 12469 11252 98 11955 16237 11127 7426 21810 11964 13889 14955 11112 14923 115 4239 3239 4335 6843 2024 3374 12141 1857 2062 2138 8375 4862 238 705 462 7113 147 1590 1591 248 23668 2939 2069 1520 2797 1089 464 11808 23539 4867 2027 706 1258 156 2031 151 3200 2111 2074 6129 4681 624 2807 4851 788 4807 11806 7497 1392 252 12081 1186 131 4855 5155 400 2224 8917 453 369 2221 20941 23669 4102 8118 4346 2783 1376 447 14548 6478 11555 14568 14630 2805
162 13604 2995 518 7188 14021 3545 936 1663 13342 1559 909 3604 3566 786 2826 8695 23749 524 9950 721 787 499 7083 23750 3696 3601 5931 3535 519 2651 2166 489 12562 3194 3603 506 15740 3042 1683 2047 1577 15236 9944 6063 621 3778 4530 6776 3447 2635 751 1621 23751 10842 8245 15850 7204 8190 3668 2665 2146 2828 2820 8176 18447 614 3572 7270 514 2987 3715 3469 1623 3605 23752 10141 10157 563 3648 13595 2144 1567 3694 2825 6057 1522 8189 496 3725 3742 7109 23753 1568 3646 392 957 510 23754 3771 1025 860 8666 2887 2924 11473 1646 3536 13346 1582 3664 3733 931
163 12399 13075 23797 12424 23798 12398 12416 21618 622 13071 12421 12391 12388 12389 12410 12411
164 16884 23804 10077 10084 10083 10078 18452 18906 23805
165 21684 3065 21135 39 7761 23809 29 15 30 4204 23810 3539 2995 519 1522 2989 14781 8583 1731 582 1824
166 11103 5023 11972 11969 11956 11350 17944 13873 4271 11979 6701 14920 21301 11126 11251 23909 23848 23910 5999 12001 6706 22502 6705 23903 17949 16349 16403 7422 14716 13879 11961 11316 16276 23911 7420 6981 6982 22974 11483 11954
167 5829 5830 7485 10478 23912 6463 10473 10794 2064 4834 10554 7498 15734 11267 4108 8895 10460 7663 2231 10591 10589 10483 8832 7027 14444 7030 4114 10604 14401 10586 7529 23913 7527 7633 1966 23914 23915 17120 21972 1415 15634 8566 2022 8235 23916 10601 10600 11410 1287 7516 4112 7743 23917 7594 7540 1405 5111 7507 142 6034 1290 7640 7500 704 5047 15798 7519 23918 22236 15631 7499 10805 7478 2730 8916 453 6476 5895 23919 7503 8879 16023 23920
168 12847 9950 11300 4224 16086 14339 3695 3579 10553 13169
169 21428 23951 22866 8315 8322 23952 8314 22818 23953 23954 23955 23956 21430 21424 8320 23957 8316 21093 8317 20050 23958 19145 19383 23959 22858 23960 23961 23962 21217 23963 23964 22426 22569 23965 23966 23967
170 7064 7132 24095 15738 13328 9149 12566 8386 11788 14829 8612 3975 2122 13123 24096 543 840 13284 2995 3743 3534 1647 1830 1633 3983 8384 8398 11785 4582 4583 11781 6206 14647 8388 8175 13782 2400 8205 24097 16977 5227 1358 7310 14655 24098 7349 12226 1336 5315 14479 2201 24099 24100 24101 11464 5235 5319 2683 10086 10296 5218 5236 859 12030 21977 5300 5221 5223 12017 19163 24102 22946 12665 17187 10609 12221 1500 1499 1334 20160 24103 24104 1325 1330 6275 22945 5320 24105 12032 5272 12010 10295 2203 18648 10125 5288 24106 10251 2200 12667 888 18521 13610 4735 22424 15486 15483 12666 5268 485 24107 24108 5290 24109 14594 3771 2654 852
171 12283 15813 6716 6770 10534 15048 6581 8618 159 244 473 302 145 161 147 680 679 3898 6043 6053 1520 2607 1910 1159 4748 693 8871 702 711 131 476 24189 15007 2851 6722 6708
172 1543 752 2171 24208 1782 24209 1829 646 561 10141 11490 1544 9014 2050 13170 13773 12509 738 3501 15585 12541 24210 388 13152 2168 2167 850 3540 487 2966 2146 1645 7097 24211 582 13285 1550 1783 918 513 1778 24212 2680 3549 1752 507 19412 621 647 10924 653 1739 18432 2643 11160 24213 3564 3548 11578 14078 581 3555 5759 515 1710 870 10916 1677 12820 919 3682 871 10930 1759 2115 3559 7110 2634 3890 2884 776 15361 10830 8620 747 11956 24214 11103 16240 10936 1728 15619 20657 20463 917 3488 3514 9010 14099 3493 15474 1683 11311 2629 12342 2175 3566 3659 3669 1834 2926 3573 5792 7255 1673 648 3637 5977 11320 3022 12511 9569 10279 3014 1785 13870 8181 3565
173 21424 22826 21093 22824 22164 21835 24231 24232 24233 24234 24235 24087 24079 24236 24237 20082 20506 20923 8308 18050 20934 22811 20089 19180 24063 24238 24027 22151 24028 19549 19591 20489 24039 20490 24053 20050 21013 22814 24239 18051 24042 21432 24015 22822 21838 19593 22866 19381 22813 24240 20493 8316 24241 24242 24050 24052 20930 24051 24032 17398 21841 22165 24243 24244 24245 22847 24246 24247
174 19703 19700 15730 4497 10797 15725 11891 1923 147 8601 2280 19719 7498 15795 2017 3403 11889 24350 15791 16630 8540 4104 16029 15808 20829 10562
175 24397 7078 7092 3232 18640 3236 15955 14883 9180 11204 7751 7791 34 13435 8203 23768 3481 8064 1790 3497 6828 11346 15216 6076 15242 15244 24398 9210 24399 1021 11183 14890 24400 24401 4205 23016 17128 24402
176 24409 19589 21911 22486 24410 24051 24411 24412 20913 20562
177 17010 339 3352 5033 1414 2224 24454 1966 2771 24455 3774 17492 5858 5874 142 6126 6478 5488 151 1258 5089 2092 7497 2741
178 19255 19272 9401 19279 24495 20539 24496 20591 19869 18396 23477 22638 21128 17722 22699 9402 24497 14713 19544 22678 21556 20782 18865 18064 22774 22078 24498 21193 10499 19295 19273 18976 21185 19143 22698 24499 18415 17910 24500 17406
179 14714 3766 16295 20707 18872 24501 19486 18873 19450 18793 20092 24502 18361 19458 20048 22666 20400 20399 18818 24503 18816 24504 18404 18407 19465 21211 20233 20706 22968 24505 18914 22066 24506 22672 24507 19489
180 1314 13360 1358 10409 24519 9917 14780 8457 6761 6758 21769 10529 12782 6803 1616 3974 21714 3975 9557 10406
181 20505 21223 17741 21085 23097 24529 19055 19056 23100 23101 19061 19422 18874 23420 20304 18371 20068 20034 24530 18372 20307 20172 22156 20302 20184 20308 18996 21275 23444 20074 19230 20603 20961 24531 23202 22150 21143 20306 20607 24251 19001 18665 19472 20709 20388 19560 21005 18065 20051 21842 21432 19548 21841 22165 19381 22866 22811 20050 21424 18051 24240 22813 22825 19378 24045 22824 21093 24068 22820 22671 24494 22319 20495 24020 20492 19588 22859 19587 20491 24014 21912 20913 22131 21892 19592 24010 24032 20488 24078 21905 20080 24348 20498
182 18757 21232 18931 18989 8544 17896 23568 19152 14714 24626 24627 18911 21252 19066 21616 19068 19822 24628 24629 18123 21121 24621 20317 24630 24631 18372
183 18755 18388 19250 20270 17736 18911 20549 20042 18840 21218 18379 19214 20648 20532 10497 20191 18809 24661 18852 18047 18373 18886 20357 18939 24265 18890 14714 18837 22476 19050 23134 18827 19486 19487 20094 24662 19450 18873 18872 20387 20248 18383 18987 20076 18974 23137 18946 18395 18387 18396 22618 19737 24663 18401 20249 20695 19734 18796 18200 24664 20696 20416 18862 22384 17735 20587 18415 24665 20192 18390 21438 21254 22990 19742
184 16053 22003 24744 24165 3625 2879 24745 1717 13281 24746 13288
185 4272 9379 16503 4504 24787 12719 24458 3241 3243 4377 7811
186 23311 17719 7701 18077 24810 20415 24811 24812 24813
187 14156 14161 7717 19097 24876 14157 15099 14163 24877 8587 19089
188 6906 11971 2105 10728 2279 6785 3542 1728 1731 507 806 3731 16276 6981 23848 5021 16401 12471
189 2129 19513 17357 10355 11610 15187 18634 4621 10173 10372 10395 15167 10383 22433 4806 4804 13132 2105 946 1706 819 947 562 10841 1648 24915 3755 15679 840 21288 14366 19507 24916 24917 10353 10216 18629 11704 2412 2875 4221 15188
190 5351 5345 15629 6167 10558 366 24932 1439 2027 7635 4155 2722 16844 672 2794 4159 676 2113 8876 13653 2231 19929 1855 5049 1415
191 2879 2279 6221 4093 2499 6361 15394 16668 2824 552 11330 3434 11899 2151 782 20139 2623 2662 499 565 1837 4581 4580 3975 600 513 776 8217 634 10058 4530 1567 722 6297 6381 6200 2672 10676 12938 1677 11333 2642 2158 2637 16915 543 2137 302 2087 2799 5355 140 145 2217 155 2830 8448 2127 158 244 697 663 249 702 476 8193 8180 13604 2052 3432 562 2638 2651 3552 12437 2665
192 17959 11134 25088 25089 13928 12603 13933 25090 17958 17087 17082 25091 13926 25092 17960 25093
193 22164 21093 18774 21894 18902 22426 21430 21090 18770 19596 25154 21604 22805 22486 24318 19886 25155 25156 18665 18874 20202 19758 21019 18885 19280 24858 18954 25157 22111 18564 20923 18801 20492 8317 22132 25158 8324 19561 21910 25159 25160 8323 21423 25161 18942 19050 3600 523 1768 2159 546 471 11000 5775 25162 6560 511 460 17961 4596 12595 14956 10505 7433 10869 1330 25163 22781 18781 25164 20083 25165 25166 19592 24067 22306
194 5829 20133 5830 7576 7548 7042 25195 7043 15112 7664 7547 7600 7598 25196 16467 25197 10580 7653 10572 7552 11862 7543 13092 24416 25198 3351 11828 16466 2747 12578 4110 10475 4106 2801 25199 10447 23790 11826 7507 1288 7508 1287 14401 16615 4105 25200 10601 11271 8911 12199 16021 7546 7545 6456 8467 25201 14598 4803 25020 1084 9227 5484 4104 25202 15656 7544 7503 7797 210 192 193 213 211 9508 214 212 6531 15766 207 8305 190 4879 25203 3771 860 11896 4102 14383 12231 6468 10599 1794 1793 1810 24951 375 25204 23289 2017 5089 15124 5875 7509 10600 7496 23695 19934 10554 8898 7652
195 7785 7776 13407 7750 3234 14886 24399 7784 14906 14128 6985
196 4563 4564 5137 2439 15004 552 2509 2523 2508 2279 12810 6560 909 12322 10622 2879 15102 600 11334 3782 2772 244 2027 706 681 709 7469 152 234
197 9335 11899 8080 16238 8676 1695 637 23932 11053 6901 12236 1367 6073 2469 11538 2645 2279 25267 25268 2859 628 25269 10970 12567 845 2418 2485
198 3336 15036 17284 24139 23991 24727 24146 24736 20429 24294 17328 25286 23993 17326 25287 22517 25288 25289 5693 25290 17324 24757 24155 17323 17275 17322 25291 2934 17320 25292 24756 25293 25294 24138 21833 17276 17271 25295 24302 18473 17325 17321 24154 17272 25296 17281 17331 17280
199 4201 7091 7782 39 24257 7763 4203 9205 17 13368 7777 11759 4211 3225 7787 7077 25 9202 6991 40 13387 10 3234 7766
200 18205 20510 19317 21429 18065 18366 18583 17429 17404 20966 14778 18207 20036 22834 7701 22668 18358 25313 25314
201 13428 24830 21535 3225 25321 11193 22001 13404 21536 39 3236 11170
202 7505 5685 23743 11290 20814 2221 6132 5687 5851 5679 333 5696 8348 5891 5675 16612 13054 5164 6488 5667 8343 4852 1160 5002 25353 7744 15308 5698 8939 11404 7025 7557 7556 8860 8328
203 8915 6140 11863 19039 5489 2972 476 1996 9552 3964 16110 13727 1024 16757 22541 23413 1089 4565 3975 4581 11776 4582 4583 3057 8386 4586 4418 25364 9062 9061 17289 9076 23520 16743 25348 116 2129 15008 734 16628 723 11017 15667 729 14421 8074 25365 1812 17232 7293 25366 726 727 1190 4945 4944 25069 1189 25367 13024 25237 735 15669 2403 10317 2565 7298 25368 20470 25046 17937 17938 17939 24140 25369 25370 21359 10705 42 8462 15623 127 25371 11438 12641 25372 25373 16778 21963 126 430 16779 12389 16480 1321 1330 6275 202 203 204 1347 4646 4648 15234 11381 25374 16731 16782 25375 21562 1430 24022 17486 2873 2872 25376 13230 13231 9332 23409 1126 1153 1313 1314 1124 25377 1323 1502 4478 14508 3417 7439 14356 7409 18696 1358 25378 624 4459 4458 14661 9333 2958 2934 25379 2597 8573 6813 6814 552 11769 8171 11768 25380 12867 25381 3076 3239 4297 17982
204 6554 1731 3733 1553 14612 1649 1661 1650 1651 1652 3523 1659 1653 108 107 105 109 10176 2654 852 581 12526 499 653 2997 8993 3755 3754 583 3751 584 585 586 582 853 1527 870 1736 2279 860 18473 24303 490 25384 9230 24667 4428 4435
205 750 3742 3028 2623 804 16207 8667 847 844 8673 24922 2279
206 8219 4690 624 634 2666 10151 5794 10506 605 2980 15617 2279 1021
207 14954 7337 16576 11482 11316 1479 15441 25394 1844 16382 12746 15479 11256 15038 2617 25395
208 19655 25410 19094 25411 14172 8584 22789 22788 25412 14169 25413 25414 14167 14161 25415 7711 7713 21689
209 13639 25432 24157 24149 25433 17291 24405 24737 7958 20151
210 12162 5884 1367 3221 1329 14454 1321 12927 1996 476 8950 10602 5890 359 4864 4841 1256 14388 2040 14387 3378 4180 10468 1438 13477 131 2030 4821 15773 5948 5893 2829 4497 13085 5687 5044 2941 5699 305 8340 17495 4862
211 25465 6559 24944 12389 25357 15570 17168 10247 6813 8573 23383 2523 4635 3154 16652 552 25466 2106 25467 2107
212 11316 22977 12935 14978 10175 24214 11942 5008 24940 25125
213 2545 21369 16670 15021 7298 14750 14743 11900 552 1089 10031 1372
214 7702 19053 18583 20910 17425 21107 17734 25491 25492 17393 25493 7701 20508 17755 10497 24315 25494
215 13977 462 702 5035 1407 245 306 3998 1259 1264 235 335 677 142 1266 470 10649 1883 131 715 696 3123 2939 6053 8123 302 706 694 1865 145 1593 476
216 6602 2874 25564 16181 889 7143 7058 1067
217 303 1481 5196 1374 3374 2731 2745 5672 10100 451 7539 4033 444 5896 2724 1438 7505 9684 5043 1160 15016 4130 25574 13205 9637 11683 1441 1373 5663 6463 7577 705 335 1918 1158 25575 6138 1584 6122 4253 14080 16966 16048 10597 247 398 1293 2772 1901 8861 1604 2067 8151 13563 159 1384 9615 5684 6129 356 4142 1376 3350 8932 2413 148 258 475 1294 16612 11710 4820 694 1904 11796 242 4859 9797 13559 2125 4178 1635 1871 715 25576 21177 13056 23742 10438 8869 2785 6241 6503 10463 7603 156 2741 2093 4853 6490 6016 454 1258 5852 937 23541 10923 965 2050 109 772 1657 1693 3551 1607 12342 9941 649 3016 7267 3624 607 23264 9219 2918 23532 3690 16369 2977 10612 946 722 2218 15921 1016 16809 704 7649 4864 6504 15507 530 25559 2796 13083 8976 131 8364 1392 11792 2061 8347 5847 140 1928 330 25577 17223 12136 2738 1263 4746 2113 9812 2807 22901 16910 2109 151 2794 2075 25565 11436 2079 2095 9324 267 3077 147 157 463 8964 7111 2770 25578 12382 7113 699 2725 2799 252 20114 12144 1159 10555 2070 11881 1855 8851 6478 4141 6466 13978 706 5854 9326 25579 10459 2788 5680 25580 18709 1383 25581 5488 2105 746 7422 748 2845 4862 25582 11820 2753 2829 11800 1849 10862 2542 6361 12257 2430 6357 6388 15067 6288 552 2613 13894 17256 7235 3078 12162 5673 8361 2019 5873 25583 25584 2196 6816 25585 18170 15360 13937 2760 8530 25586 4497 1249 1429 25587 8503 2085 25588 4443 12958 25589 16149 8223 4547 15567 15564 14789 11218 5466 1264 2720 1431 25590 19930 13054 25591 5409 14382 221 116 3843 11805 2681 1021 3847 186 19848 218 1359 2678 2128 2127 531 4158 682 7506 2108 14548
218 8585 14178 25600 7713 14172 8584 25410 7711 14156 14157 17472
219 25658 14170 19089 14161 15100 25659 19100 14179 25415 14180 7713 25660 14848 25661 25614 19098
220 2161 5434 12944 11300 3497 2250 12987 518
221 19667 15497 24414 12047 16230 5229 6624 25729 15829 3847 19363 186
222 14761 2418 15528 1710 19690 925 7087 15529 13768 9899 15530 15525 7146
223 14878 2045 1186 2874 5337 7052 5341 6096 13545 5444 6117 7167 1141 2333 1099 1459 5493 1486 15365 1467 17603 7733 9284 14220 3385 17595 14217 17596 2128 3933 5819 17597 5180 17594 2320 5084 13519 10690 1089 628 6104 1864 1398 145 256 257 260 259 258 261 1493 9285 13108 13521 7802 15918 5041 13520 8410 13544 4796 12056 6114 132 17600 17031 1969 10850 1465 4006 1494 1516 9763 13541 1146 4023 1088 8029 6257 1482 1229 1955 2234 1227 1164 17591 15371 6085 1508 17593 6106 17604 17611 13540 1971 6119 1515 1084 1358 5974 12221 14698 9465 4658 1321 4478 1313 4642 11383 7456 220 4643 6273 12426 1314 17606 10876 14513 14456 12618 14491 1330 17609 1325 11565 3424 14628 14984 17605 25617 7310 116 12698 17599 3110 1130 21182 2370 7162 17658 6107 17614 6109 6118 10687 2316 20107 2810 135 17617 1511 1488 17618 13515 25740 2294 8026
224 17991 25779 5124 5129 5126 5130 11744 25780 18295 25781 17696 18281 25782 17683 18288 24743 9997 18297 25599 25783 25784 17687 15657
225 21701 7716 17367 15981 15982 6174 14173 25785
226 20605 25812 18914 25813 19272 20302 20031 18996 25814 25815 25816 18837 25817 25818 25819 25820 25821 22201 25822 22647 21212 25823 23363 25824 24369 25825 18340 18047 19143 18200 20347 20566 10495 18748 18730 18365 25826 25827 25828 20606 25829 25830 23587 17772 25831 24518 8311 25832 19601 25833 23953 22674 23035 19383 24093 19897 24132 25834 25835 21241 25836 24259 18756 20249 22496 23199 23195 25837 21275 19479 19223 19761 25216 18933 18896 25793 25838 20651 22090 9399 19905 19742 19423 19182 19184 23014 20184 25839 21270 21213 22779 20220 21255 20604 25840 25841 25437 25842 25843 22736 22796 22669 20607 18831 22769 22988 25844 25845 25846 22161 25847 19470 22118 22112 9397 9403 25848 20225 18379 18902 18735 20608 25849 20037 9400 25850 10497 23048 20252 18877 17724 25851 23670 25852 19008 18810 10501 20052 25853
227 25857 25858 25859 2649 25860 25861 25862 25863
228 4668 8523 4886 6968 16610 8538 22718 8541 8557 8581 8543 10050 6965 12429 11677 10056 10065 25899 21974 12503 23543 8559
229 624 98 116 2062 302 10492 11422 25900 10226 5708 16293 7978 7204 21335 10547 6139 19812 25901 6799 12973 1021
230 20058 19732 21480 19883 23050 21543 18064 21053 24855 20202 22379 21448 18865 20195 19918 19187 19912 19869 19423 21626 10501 18748 21541 22465 18781 20526 18335 20033 25916 25917 19910 18339 19901 22111 22652 22990 25830 25821 25918 21254 23884 19925 23885 17406 20756 21873 23228 20966 20651 8169
231 20311 20671 21065 25919 18974 19730 18335 25190 18198 25920 24067
232 1788 870 5935 19611 11737 14481 6182 12592 9601 25643 666 2087 15355 25978 25979 4631 3670 1761 14734 10759 12663 3875 3876 3784 736 12531 22947 25970 14679 14564 903 10917 9890 1359 1366 1321 7382 17623 25980 25981 3566 12851 10885 7342 14495 18697 7310 7323 1500 14638 14478 1330 21813 14571 4654 25982 2992 18428 718 24443 25983 188
233 22848 24487 24349 24235 21092 24245 25603 22132 20083 25104 26003 25158 24232 26004 24820 26005 8324 19601 24068 26006 18401 20202 20314 19012 18065 26007
234 18559 19383 23035 18051 24348 20624 19322 19050 24656 7757 7785 20966 26008 8314 24511 26009 19595 19209 21091 18377 25168 23631 19372 26010 26011 23024 26012 18050 19481 18378 26013 25954 17772 3766 20651 14714 26014 22570 26015
235 24823 24814 19554 26034 26035 22736 21476 23589 18112 17720 26036 21154 17713 21999 18583 7701 24815 22350 17716 23831 19319 26037 17767 19316 19637 19632 17879 17374 17751
236 26038 17974 26039 26040 17975 22412 26041 26042 26043 15330 15333 26044 374 22409 6787 26045
237 8989 4853 4859 4142 15111 4348 156 1441 8949 9809 2109 4154 8947 1918 3307 2293 3365 2073 145 161 13559 2125 21177 13056 24182 7603 9637 2722 25582 1410 699 531 15507 25559 12761 9590 306 2612 25524 357 703 12144 5376 25565 1856 159 2613 1432 1293 2024 1470 1476 21339 24575 20112 1847 26047 15711 26048 683 12228 6522 4857 8851 15727 2218 2083 1397 3779 19970 25586 330 26049 4054 19930 5699 3078 26050 4000 10491 7735 26051 2089 332 2720 11705 25591 1849 2798 663 11291 7113 466 14015 5896 2783 9327 248 4626 2229 11715 7235 12147 6469 12162 4134 8863 447 1249 8546 10164 23598 10109 2398 4729 4732 26052 10110 3212 6176 12877 472 4735 899 2678 706 1635 1859 3374 1374 2127 26053 26054 2792 2789 476 2105 2279 23127 934
238 25292 15036 17334 26055 23994 17328 24002 24728 26056 10910 26057 20429 17281 17274 24164 26058 4881 8475 10327 624
239 22720 24338 12429 8558 8150 8528 4994 4987 17841 26124 17464 24337 25906 26125 26126 8557 17115 11665 26127 14993 23543 6256 11666 14990 21972 6636 11670 8525 8526 8536 19032 4886 12506 26128 14880 10796 4989 4130 4990 19808 7459 10442 10054 1481 8402 15959 9560 2343 4996
240 513 3022 12436 8684 1773 11703 22270 12940 12941 395 1687 10611 1979 15908 9447 18321 3685 9605 12515 1644 525 12917 2169 3689 561 12439 11538 3669 3482 3606 2650 22271
241 13411 3225 4 11126 2105 8575 16877 1589 3116 239 6043 1884 13361 7750 26182 11187
242 26185 26186 23844 26187 19307 18911 18065 21486 26188 20396 19896 20544 26189 10499 19446 19194 26190 26191 19261 19879 19551 18665 20400 21461 20528 20288 18803 20256 18988 25425 21458 20628 20286 21447 19889 18415 24849 22742 26192 26193 22167 19560 20187 20685 20749 24824 20746 26194 20543 21219 20961 18984 20258 18939 19230 21469 19314 18201 18779
243 24491 20215 23029 18974 21254 19050 26213 23945 26214 20065 22286 23371 26215 22806
244 14492 4657 14470 26245 4975 26246 26247 130 4417 4416 4421 11459 15439 11460 26248 16700 429 1323 7382 14699 7435 2403 26249 4655 17114
245 6220 476 1635 1159 302 1889 531 2221 151 341 145 1589 11338
246 24239 18051 23212 26319 26320 24859 8311 24047 21893 14714 26321 8583 21423 26322 19593 26323 21352 23398 21015 24834 26324 26325 26326 8320 19897 14788 19973 26327 20934 26328 26329
247 19025 23563 25327 15990 17921 15983 16073 16069 26332 16516 16074 19440 16078 25785 25408 15985
248 308 5607 1036 1141 3908 10902 1490 6734 7876 4759 5037 13065 8239 13521 23715 15443 17777 15098 4047 6083 1132 1016 1468 10054 26334 16450 4886 26335 26336 8541 14223 22889 5493 1459 5491 1951 5038 6102 6084 2001 3289 3292 7983 3989 6277 134 1955 2180
249 14142 9182 11760 26341 7766 3234 40 6991 26342 9184 35 6984 19419 15 31 29
250 24547 19794 6315 6316 4562 15062 15077 15064 6284 2523 98 6290 6289 9377 13908 16642 10862
251 1012 7161 26116 1040 1141 7167 2369 1490 7877 7020 8029 1951 1970 1494 1468 14223 5038 13065 1459 21181 17026 4071 17611 13529 1515 1971 1037 7196 3324 1079 7793 17028 6263 5061 1506 1466 8417 10692 13519 6107 26112 8944 5950 23763 15097 1493 6086 5492 5491 22889 1484 21180 17603 2001
252 10545 13933 13692 26374 26375 26376 26377 26378 13701
253 238 2029 16549 4100 21816 131 5490 860 8485 5708 5484 9586 1988 13218 1996 1585
254 17482 13114 14885 24715 13372 14893 6631 17468 17474 19117 17480 17481
255 10969 148 1703 1825 2661 11473 15771 2980 12445
256 21382 11493 18706 8611 14654 14821 18707 21966
257 2631 2989 11622 8439 2686 2130 3593 718 2055 11321 1581 17627 14683 1119 4648 7434 1790 2380 16912 8064 7206 7266 113
258 476 17961 5672 6502 26432 7501 2801 2737 5729 4746 3898 2062 4141 147 11819 7554 7523 4863 4862 699 2773 5890 2780 8942 8986 13060 1051 26433 2787 1294 5851 140 6480 1855 5874 2085 2790 26434 2830 2027 2217 14475 12866 3420 1124 4599 14633 14247 14683 5092 14511 20159 1305 6039 11907 10258 10593 151 7735 26435 4134 2044 899 23924 7228 2222 21935 19085 26436 5456 6126 6125 1374 26437
259 26457 6619 7050 7045 19957 9513 14240 14531 7273 11732
260 2126 26481 26482 10460 5109 1396 142 11288 2026 7596 15516 6494 11272 7515 4834 8114 4098 7635 11409 7509 6523 2265 6128 2040 7037 1415 8879 11418 26451 365 2041 11896 7039 1428 4134 5829 8927 369 3345 469 16837 10473 13998 7559 476 16847 8057 370 700 4171 1380 2790 257 256 2805 2240 2807 1929 530 2092 2222 26483 4180 7041 10487 2109 1289 11887 147 2044 2783 4054 7636 161 4114 10461 1272 6140 10578 10247 3190 4681 9528 624 625 4819 26484 159 326 22028 1412 13974 7549 23512 7614 258 339 2087 5874 9586 8962 5053 19107 1884 1061 1601 8196 5727
261 26485 26486 7743 10468 10486 7744 7540 26487 6169 7656 4115 15637
262 1576 614 1539 394 11411 386 384 387 5919 6587 12344 1528 24415 15145 1666 11412 1680 6071 9899 15416 3013 9946 2885 2974 13274 11929 840 1687 783 620 2975 1825 9977 3691 26513 382 23769 1706 2136 1574 2052 507 11118 13588 4602 8592 11485 19412 562 3776 26514 7243 385 649 3467 1836 7457 22893 14685 4642 7456 26515 220 4643 10896 1334 26516 2279 1736 868 395 392 391 1726 1728 19415 1527 1733 12343 869 6590 4288 11497 957 9612
263 7461 14545 2065 735 676 12386 4054 1376 3350 7735 8529 26519 6029 4487 703 2805 6497 154 2753 3964 7505 19962 17012 2240 2027 2727 5687 474
264 10872 17620 10609 7455 26115 1284 14679 22892 14518 1110 23870 7457
265 26533 9178 14883 26534 4202 7082 18638 26535 11191 21981 7091 7081 18011 12 24715 7761 14899 13372
266 26541 25553 25002 25017 24974 25016 25004 226 883 884 885 10052 14248 882 8578 886 2412 6855 6971 5954 5953 16871 5951 8128 13471 24119 11704 19132 17222 2401 8142 26542 3972 14547 8547 17029 6732 2352 116 10876 14132 5092 7310 197 19529 10737 4812 10742 10740 10745 26543 1319 7351 1123 1321 26544 1323 14454 1324 23974 1330 10874 14470 14642 14481 14455 14501 1111 4478 1316 7414 1344 1343 10750 1342 10754 17622 10748 4657 7309 199 18189 15305 4871 1314 14683 14461 9465 7686 203 204 12447 1345 4641 4634 14678 14677 17607 4598 8214 10609 16538 14679 17620 6273 1495 1502 11474 7372 1358 1430 16570 25552 26545 24969 25098 24964 7815 26258
267 7063 12900 7065 7064 7067 23702 24894 12899 860 2678
268 26667 4125 12372 1430 5398 8453 1321 26668 4871 3407 14535 14524 18318 10214 12225 42
269 3847 22406 7204 1996 42 26674 2721 2934 552 628 26675 1108 2713 2105 13225 2286 2712 9345
270 12587 8998 3600 2166 384 1706 26694 7875 18522 7941 2205 6712 16293 736 6952 10949 13280 15145 2115 11472 3487 3563 6934 12841 9014 8590 3490 1582 505 7097 2682 3503 9902 11539 2168 6944 1715 16086 11528 3705 5977 2050 3488 3681 2664 3568 3034 3458 12859 98 10458 10457 2130 22626 1836 11367 4438 4466 16141 12923 3504 1646 3715 2827 3543 776 8999
271 12940 11300 8688 1551 13165 7000 1834 1706 1785 1824 10793 1832 777 2634 2144 2901 2651 2827 3444 513 10675 1570 1544 1830 11310 3479 1744 1768 1770 10815 1825 768 1569 26712 1582 870 12941 2146 1703 14802 12768 3489 1731 764 494 3715 9584 23264 11529 1831 12684 3497 2644 17533 476 244 139 1881 145 530 706 4140 4142 1267 158 473 457 112 2052 2976 482 8064 1581 11308 11298 14064 1646 1829 2250 25379 3076 2818 3566 13492 23206 26713 15659 12495 6211 6220 1684 3481 2661 2819 9585 2159 2980 11332 2926
272 26184 22042 16508 15986 26715 26716 16063 17851 16507 15990 21670 19974 17850
273 7090 3867 1996 26728 13792 26729 98 2764 6437 9503 19363 26730 4419 15625 1025 3828 26731 10019 189 26732
274 15416 2047 1746 6392 7108 3549 23169 10552 15802 500 1714 505 13597 13272 15080 3539 1737 1732 15585 9922 3671 2636 2511 5752 8079 844 787 11520 3513 538 3439 3456 2819 2645 112 11703 12220 4636 3407 17815 14247 7386 7387 7435 857 12845 12947 3717 2631 3614 1718 1723 10341 783 9920 588 3625 1648 11320 16519 2016 1622 2161 12579 5787 26757 1750 12807 1751 1752 1753 26758 18432 542 3654 9967 13289 1717 2671 653 6065 3508 1607 3711 9968 2670 10726 2287 3449 6389 1570 3684 6954 3556 965 3501 3718 11502 1759 807 1756 10938 26168 543 11524 741 13729 12923 7096 655 26759 1623 23126 3658 13586 8182 12747 2966 3480 8195 6938 9008 3526 19162 3768 12840 1525 19414 2666 596 3660 3701 3702 15201 6934 13732 1553 1728 4763 13126 16980 1524 1755 5394 6060 15472 9572 12348 16371 7269 2689 925 924 26760 16374 2399 14027 13367 12952 13168 16092 3786 3698 15617 6946 17304 10837 12433 3594 7253 7242 16993 6933 2877 22622 11342 105 15620 19413 3638 12514 597 3013 1735 6066 2140 3694 26761 1621 1672 12597 2653 1571 635 2821 17710 12853 3593 9919 3661 3662 3044 26762 5796 2816 495 2688 9021 9014 599 10917 10159 492 14036 9974 12821 7200 16085 3469 15740 557 7250 22627 1788 3438 1530 822 771 9954 8085 3732 1731 11521 12519 9921 10610 9953 5798 619 974 26763 15311 8090 381 9977 26306 13032 12985 26764 931 23753 15109 7100 15469 7188 9976 3572 380 2883 2880 2887 2885 2886 2881 13588 598 12534 9148 13149 3547 1786 722 10728 6292 26765 2501 15468 3727 7254 3514 13604 3742 3744 12836 1545 1567 1568 26230 846 13125 951 3616 5941 2054 2053 21814 12521 2520 15742 3651 1675 5932 7249 9015 17087 15429 4296 1840 694 7478 6051 302 140 7596 476 10628 2978 17045 7190 2827 10141 3543 499 1628 3700 3437 2176 1529 1531 14043 13275 1762 3499 16861 3498 14807 395 2418 1767 11333 1646 9969 1654 753 14071 10523 7212 10506 14038 16015 2250 5020 16237 11809 7430 26766 3696 6560 3735 12769 8067 6082 17532 605 2643 2818 7376 23975 14485 12614 26767 10775 628 10137 1729 3769 3047 4232 20164 1783 3479 946 12813 26768 12492 24918 12380 11713 17951 26769 12594 17159 513 15581 3597 3037 1658 1649 26166
275 17074 26698 7061 624 13161 13106 21636 9537 26785 26786 25385 19943 26787 26788 26789 16102 26790 26791 25049 26792 19341 23799 16556 10717 13567 14418 17155 19340 18669 26793 26794 8355 26795
276 1249 11815 4108 13475 2773 4612 16842 26807 531 5258 9809 7595 4103 13967 13966 11795 17260 12184 530 6340 26808 12147 11792 2778 4847 6462 153 1859 1858 708 5054 1392 142 1431 5680 4834 12099 26809 131 326 5035 15777 15778 15639 15640 4653 15780 15781 15782 15784 15783 20959 15786 15788 15779 20957 20956 13895 7229 4152 1379 15716 11829 5668 2789 4696 241 26432 7487 14386 1084 8617 17601 8870 14377 8905 7491 2224 14182 2266 676 667 11799 17259 5703 26810 4171 12069 1376 6016 4141 10563 11708 4105 8521 3370 7650 26811 7478 5902 8957 151 22898 4112 2794 2752 2771 11822 15556 8494 4465 14962 25545 26812 4113 25059 1374 2033 13501 12110 10489 13054 8595 3640 2969 2736 12149 26813 10589 2030 2028 14443
277 6967 1138 7170 11657 1094 739 2140 15906 566 5919 621 487 1735 508 17464 1132 10050 19674 8557 19676 11667 4352 19678 6965 12503 19679 12926 19677 6962 224 4668 16445 14993
278 16985 6266 13767 1740 12441 14979 15416 872 8442 19104 11529 26712 3435 9572 20663 8676 9936 6694 7251 8192 3643 13277 13279 3553 1711 5759 621 15189 1563 9584 3562 12437 20140 15196 16015 10242 24918 13774 3444 24209 9940 388 2675 25753 9902 7241 5771 3886 769 518 15740 1628 26858 3700 1622 6065 2687 9009 9017 10824 12537 11326 9941 21473 17527 937 3028 13126 10340 7192 15478 11965 14063 3598 3502 3610 1575 3611 10513 3608 26859 1689 6391 10791 3606 3703 3443 8092 20004 1776 3555 26758 3026 13654 10523 18432 22626 9939 15153 26860 10933 1759 1524 10276 2055 1750 1562 12807 5393 3733 522 1743 20002 1785 1724 2995 16030 6554 20462 9961 22624 9573 10936 14112 1547 11297 10277 2826 8191 2987 5786 3896 519 8077 3666 13591 1523 23503 767 6940 13362 25667 12960 1704 6950 10793 1832 10147 1693 1699 6952 7255 965 10156 1713 15474 17078 12438 10612 25245 2160 21759 3559 24924 19538 15903 15193 23492 14926 26861 14957 4278 3243 14280 14281 14277 10435 10425 14276 4281 10426 4282 6009 4332 7332 7331 3239 4254 4517 4312 10436 6005 4255 4518 14105 4520 3241 4244 14104 6006 26862 4246 4337 4238 4336 5008 4390 26863 25706 3242 26864 12720 11481 593 26865 3046 22623 1751 12518 12532 17531 1721 1718 1719 15475 26866 22434 24226 26867 3034 21320 2047 16372 1742 3554 766 5394 1752 26868 13273 1756 8683 1710 12514 598 13289 1712 529 528 11469 15136 17509 21292 3575 10945 11302 3471 10816 22967 917 14040 11635 15146 11633 3632 26561 10169 17529 26869 109 10176 26870 19079 8675 12831 6953 11835 15472 12860 1566 3751 2405 17517 582 3749 21649 3549 1715 497 1629 7099 13147 6081 19791 12949 15751 536 15364 12837 26520 738 13152 3556 3558 20464 8690 13869 3563 8177 1674 13150 3564 12540 7264 12971 15856 16382 26134 22018 7244 13866 765 6932 5787 26757 17528 389 13863 652 13588 382 7800 10823 2980 21599 11159 384 25674 2382 14067 2671 24309 16385 932 2699 6561 810 8437 8435 2520 5776 1763 15080 25743 3019 8195 21321 13269 599 15091 25239 15138 15742 24351 13598 26871 5770 4227 10838 6948 10810 1642 12516 1762 1683 2983 2161 654 1784 16861 1771 1781 19361 3557 12493 12788 11526 11504 3548 13149 8181 13457 918 3501 3676 13268 13151 15470 16367 3568 3567 5793 3679 919 4604 3500 24580 1780
279 247 159 5702 1412 4825 5906 5896 3378 534 4153 235 11269 341 338 12131 12062 1935 2607 5838 139 1614 2214 1949 1971 12680 26525 204 203 202 10876 14481 14628 12222 12983 14638 12214 1372 2600 4112 4098 5680 899 6176 893 8645 13267 16975 11400 897 6451 14551 18326 13592 4736 19665 12881 4827 1407 1268 6052 2037 6140 8340 3400 447 23493 4177 667 449 7735 364 470 5106 8975 245 267 3077 7658 1376 4058 4157 26484 6471 9789 2830 2074 5668 4166 2061 2968 158 2807 1403 305 2785 140 145 1597 302 1060 2605 3995 713 1635 7469 249 1260 1254 467 468 1892 11338 8197 1594 1598 2796 1886 694 9778 13361 462 685 8347 17446 7538 6046 1932 5912 7497 2732 2799 2078 141 7233 659 161 716 13976 7225 1910 1414 303 10503 7315 2391 7403 14458 26890 14209 7009 157 5854 4142 1604 13502 10438 7730 658 735 723 26891 7998 734 4937 14805 1820 98 15503 2739 1937 153 1384 9622 26220 26841 3164 9637 6476 10091 4819 5677 530 1256 26892 2124 2092 4859 1923 11890 4150 2231 469 2241 2030 2222 12175 10487 373 6478 1639 12066 2608 4155 6032 9634 464 6473 1397 2127 10096 9632 1918 4489 26893 476 5431 3417 10955 14511 1153 1126 1313 14702 3407 7318 1321 1119 26894 26895 26232 14568 10510
280 26898 25310 20582 26899 18390 19472 18942 26900 18979
281 20246 22300 23422 19150 19324 21067 21588 21203 21251 26500 22636 19555 21045 18781 23950 18875 21870 22111 26962 26066 18333 26963 10672 23226 20346 19726 18800 19916 23142 22081 22184 19006 22103 26964 21210 19558 19143 20638 19282 18774
282 14995 1089 25552 25553 25002 26263 23699 26977 26978 26979 24992 16570 14584 375 12650 9046 10853 414 119 8468 126 20844 16718 10855 432 10854 20847 16732 21771 24680 24681 26980 433 15051 439 9076 22544 23434 26981
283 12001 11812 26985 26863 4297 11958 11986 10417 24544 24542 12736 8010 7418 10814 4657 7354 26986 7436 14535 1372 42 12911 2105 3242 26987 6870 10427 10685 11948 13846 22533
284 13753 9086 422 413 3222 801 14668 14624 1314 18087
285 20088 25924 27106 22186 24044 24043 21889 24019
286 7703 23315 21558 18555 26912 23818 17429 27116 23814 18617 19387 21277 17404
287 20737 18852 18953 18902 21063 22203 8200 20325 20191 19909 18926 22683 23570 22780 27113 18746 19150 22637 18694 17747 25817 17587
288 19559 17763 19454 27120 19283 18777 24469 18760 19189 19190 19191 24646 20317 18773 27121 20340 26773 24643 22480 19260 21116 9399 21144 26310 19758 18382 18393 24792 24664 27122 20375 18389 18200 18807 17736 19302 19010 19472 18379 18201 22621 18989 27123 21745 18383
289 19086 27170 25945 4385 10437 4297 3241 6005 4250 4523 4520 13794 12842 12843 4283 10425 15644 4242 19993 19172 4278 3248 4334 14278 10423 4247 10821 6691 16259 10386 10384 10385 10387 26646 27171 10388 27172 11986 12468 27173 16966 3239 14109 14264 3243 4337 6015 4516 4336 4246 4333 4282 14281 14277 14279 16932 14119 6008 14118 4325 10433 4248 14290 27174 10434 10420 7332 17205 14269 4244 4312 4514 14268 4254 6007 14105 3249 4331 14108 4240 14106 10424 4284 8621 4329 4257 24786 27175 14095 27176
290 16243 6875 11958 6848 10427 16930 11970 14977 27191 11978
291 27211 23859 6979 25947 14080 27212 6983 14708 27213 26210 25946 27214 26644 27215 19993 19172 2867 6974 2907 27216 13921 12468 840 15583 918 3500 3680
292 24107 12691 16784 436 412 117 8468 9058 422 12672 12024 12685 5239 27232 5293 17251 26937 12006 5327 22909 27233 2202 4066 14592 24106 860
293 27234 15480 27235 5288 5322 12676 12026 12666 5263 5242 15500 5734 5735 17058 4627 12010 5218 5292
294 8967 6478 2807 534 8857 8964 6346 730 17641 1374 11564 16094 1551 11637 2167 6073 27236 16267 3380 238 5858 8851 9324 1297 1876 4605
295 23536 5071 2192 2128 2741 5886 23732 1089 5383 6039 6045 677 12945 4080 1084 27250 11618 10031 1021 375 466 9622 157 4152 371 17012 6842 12686 7261 542 19651 507 3758 10980 1647 9867 904 3737 21293 2279 307 4054 2091 4497 7741 243 13488 12931 4112 11649 27251 27252 238 665 26371 2040 5844 27253 17120 9594 27254 5827 27255 8348 236 158 10096 449 454 21938 233
296 4654 1331 1327 4871 15305 1330 1329 14636 14675 1119 10742 10746 7351 4812 1321 13603 10025 13612 15295 3208 3216 3206 2398 4728 4725 4726 4724 4723 4722
297 19120 26961 19122 17246 14847 19121 19111 19110 14849
298 9722 8753 4917 9113 4978 4890 9732 8822 9263 4982 9124 13900 21268 18321 27317 4882 4956 14720 9259 5989 9302 16358 9297 9300 9301 9303 9304 9306 9667 9666 9665 9664 9675 9670 9671 9672 9673 9669 9674 9676 8758 9244 4669 9295 9147 27318 4671 1612 11920 17787 4907 1979 5389 2523 552 116 9315 9289
299 1358 860 9546 5668 16949 17227 27319 15545 8249 16875 5164 16867 16868 17221 19429 4623 2184 7159 1998 1421 20957 15779 15639 15781 20958 15640 4144 24193 16876 19125 16950 4653 15787 15786 15785 15784 15777 2321 6971 6515 22731 8278 1021 226 882 22761 2412 6855 27320 15776 16872 11701 16953 21168 27321 26277 10442 10054 19129
300 860 23866 2297 213 192 3827 26138 27326 4970 27327 2872 27328
301 1812 4938 27105 1191 1808 22532 27329 4379 27056 27330 27331 27332
302 9499 1469 12777 18723 27333 4675 77 6655 9784 11927 9863 4978 11216 5349 1067 7848 6618 4439 4551 14789
303 9489 22396 15849 7300 23442 7054 7070 5353 13189 21694 2287 25560 14235 5330 7273 14543 1800 8016 6342 4941 731 1583 17860 11731 5340 5346 9473 6593 27347 21797 6605 7055 7056 9768 8155 17858 5368 1065 1280 13742 61
304 21374 21383 21381 13804 13801 21379 8050 6202 27358 18705 6201 5809 6222 13816 6221 27359 27360 7721 1089 26412 26421 3981 13327 11776 3975 10324 7956 226
305 1764 4321 14101 13148 14324 2677 10144 392 26714 10402
306 27479 23510 13172 25266 13749 23416 27480 22507 16551 10131 3228 26615 17574 789 5918 10139 16014 790 26816 26814 25364 22538 22506 20161 16714 15049 27481 16545 27482 13175 13173 23418 22251 25751 25265 13748 19985 27483 22256 25352 19684 27484 23437 20476 23415 16778 16777 16779 16692 22543 22542 19687 22250 24722 27485 23662 27486 27487 19986 22254 17287 23436 23435 27488 20475 16701 20473 20474 16734 26743 23432 23434 27489 27490 9038 27491 27149 23433 16794 27492 27493 16717 9072 12648 19616 10853 15609 9087 413 12653 9042 419 15596 9912 23438 14504 27494 42 722 12684 736 601 559 12689 383 1731 646 9935 3572 1542 2966 13582 2279 15607 27495 11439 23661 6076 11806 6077 3229 416 415 414 22255 23509 27496 2678 19612 10856 427 25024 16737 11932 27497 27498 11934 19688 25351 27499 22252 21963 27500 19686 1359 3842 12643 6976 2105 20478 860 1978 11241 1976 8771 9259 9271 8770 1979 27501 9068 422 9049 20889 3223 12896 1991 13217 6804 1995 9883 1996 20480 27502 22258 16546 17126 16755
307 12063 10555 238 27591 12091 4826 8960 400 6496 8936 6459 2093 9771 12089 2124 5841 674 671 1271 8955 466 4850 8501 23281 14297 4823 7494 4484 2070 16549 6488 331 2758 8857 7518 26435 15907 2745 333 10605 7663 2029 16858 2792 270 5163 6506 242 7555 7567 7566 11427 275 24424 13093 4838 6141 6129 1374 11276 10467 7613 2760 5892 9606 1264 2036 4827 8118 16291 156 1249 20423 14387 332 7630 1925 150 10470 19718 20147 16839
308 25785 16078 15984 16074 16514 16070 16069 16073 16071 19442 15985 25408 21700 16060 16515 16510 16059 21699 17883 15982
309 18345 18617 18550 18560 27613 19152 18110 18065 17413 17397 17428 19141 17375 22475 21999 25314 20639 20917 27614 17429 21884 18909 11131 3798 22330 18344 23825 18805 18992 17726
310 27632 23293 21006 26775 18414 20215 27633 19313
311 27636 9828 17790 17806 15887 15888 9315 19939
312 19333 6453 627 4971 624 15998 4449 1021 11907
313 27646 18110 17902 18578 23300 20928 17429 19368
314 20807 27692 26128 14949 12506 21975 6636 25776 12428 4996 4987 4352 19680 4994 4995 17568 24113 17459 14880 6966 10796 4130
315 11144 24166 15621 5931 2418 13288 17365 1708 21290 12964 6706 14709 11967 9009 27722 26129 15590 15229 722 2818 13281 22952 13867 10144 12564 10150 13290 24165 14100 851 852 5771 3621 9892 14068 1731 5758 9569 19506 1521 3585 9950 17308 2174 4289 14046 5986 2134 17363 25634 14079 14113 13303 12334 22003 4224 3593 2380 3690 5987 24745 2878 13911 15936 9154 13307 27522 15143 27723 14424 16215 19579 3053 20007 19582 25488 12748 19692 4403 2895 577 11511 539 637 6837 11515 24571 4293 27724 27725 24777 9377 4233 3591 14293 11504 20652 26838 26670 27726 27727 3417 2391 4654 6450 10761 2630 4876 2408 2640 27728 628 7434 2105 939 4296
316 1192 15084 27023 16621 7989 16942 22537 13029 6346 730 734 8001 27279 2287 7811 1805 7998 27729 5408 15701 1190 1792 1793 27730 13024 27609 11391 23730 731 7293 7996 13357 27731 735 1449 7809 26164 1806 26683
317 10984 3058 6194 3029 226 885 3843 3767 8671 6204 6226 2378 906 1845 3062 6195 3173 8434 8665 2176 3602 3768 2894 15586 845 3054
318 18473 24160 4597 2942 24153 24403 1334 4876 200 23992 476 2123 131 1885 1597 11924 149 1260 1588 1599 1910 145 5474 1896 1591 27768 27769 2615 1595 1918 21802 711 27770 684 659 1275 3122 3999 5537 2939 1270 1598 8954 161 1871 6502 4000 5357 17280
319 17905 17902 18110 17900 17887 19389 23298 19366 22821 19824 25132 27771
320 23992 17331 10910 5693 25702 23999 15036 3341 24164 25288
321 7127 17498 10913 26968 7579 21323 16008 27775 15744 7582 25726 7586
322 27566 6513 14959 10682 10681 6511 27797 4096 2403
323 8656 2048 12328 8438 934 2625 8078 3792 964 6135 2672
324 9440 4890 9271 9278 4911 9829 17441 9881 8019 19160 4978 9113 9874 9454 9657 17444 9422 19583 12905 8791 9715 4918 8773 17663 116
325 2075 2091 1422 369 2041 365 453 2613 12125 2736 2785 6032 7735 150 5158 2941 1414 16026
326 499 2670 2055 807 624 27496 10682 6928 646 8688 2977
327 20413 18977 22379 20641 18902 21710 18894 22984 22776 21152 22301 18926 18774 18199 21146 18929 18931 21709 14713 17424 18797 21067 13317 18595 21030 18768 19049 21064 19264 20685 22085 22376 23568 20196 18935 18937 18407 18773 19240 10499 18781 19923 27836 24320 18779 19424 21142 18785 21601 22377 7698 22694 19275 19302 20205 23780 19142 19494 18983 21255 22192 25419 21876 19916
328 27842 22685 26017 24672 25888 24829 23546 26847 3762 27849 24654 27844 19590 24817 23389 27850 27845
329 17759 18073 18054 18068 17401 27912 25399 17430 17912 19141 17714 17726 18548 20925 17767 20916 18057 18344 17733 17762 23468 17881 27913 18206 20919 18581 27300 27914 27474 21864 19058 27915 27916 23311 23328 19316
330 27931 23188 23186 20587 21241 23142 4635 1284 3843 1025 795 23194 27114 23189 23197 26195 23187 27932 23184 23193 27933 19490
331 25422 21197 19909 22338 19208 19743 20023 18813 18981 19210 19261 20043 18047 18401 23392 26274 18743 19495 21573 20514 18881 20766 27949 24868 7695 7708 19892 19187 24670 21572 20620 18911 19223 25103 18772 19297 19893 18389 18387 20041 20579 21469 20022 20258 22167 24621 24530 20961 18065 27618 18874 19479 27142 19855 27950 18115 27951 27952 18574 20064 21124 20057 22369 18095 20584 23589 27953
332 8040 15235 3925 4419 21638 3449 27269 928 12821 3030 750 2673 932 827 12330 2632 810 19078 10919 2668 3482 14865 7201 5766 7174 19414 933 16208 3173 903 10524 12333 10143 3029 7435 945 3671 718 521 8051 8439 1567 5757 2281 27962 11564 2637
333 8717 112 6382 15391 6379 12258 6366 6399 6294 6304
334 2107 6347 2434 2469 23460 16679 28035 16432 15387 10218 15022 13600 6396 2534 2533 6368 27906 8641 13461 2426 17335 28036 10146 9975 3793 3440 1619 10242 3769 3748 11157 28037 17391 3954 2846 3576 7248 13857 1723
335 9685 998 1452 1504 13947 3089 2371 3779
336 572 7100 3767 8100 2697 23749 8432 11321 2699 2827 15469 14021 27808 3248 4278 4528 16583 12333 16361 2879
337 12285 24399 13394 7081 21989 7775 4215 28077 9204 7095 7080 9186 11171 25880 14142 3231 13381 4217 11 13115 25 11184
338 10884 1284 4479 1124 4878 5228 23866 1446
339 1005 2182 6108 164 16265 8292 14227 15413 1064 4737 2181 28109 17614 3266 1174 5963 7184
340 22008 28121 2041 19043 12428 4994 4996 4352 16873 15002 8142 16951 19132 16825
341 20536 18950 19728 23636 21877 19187 18201 18803 20589 20742 22105 26974 23086 28132 19977 28133 6175 19867 18065 20777 20756 19146 19544 18896 20799 26066 28134 18924 21491 21490 21492 28135 18875 26918 28136 28137 21468 28138
342 24273 17912 17429 24473 17769 28145 3234 17416 23295 25691
343 8924 12506 28147 8516 4901 20453 17115 6138 6964 6963 16821 26563 8542 8545 11676 23525 19030 8515 11680 8519 20443 28148 8230 4668 8568 3389 12428 4996 4987 10052 1156 14542 2943
344 5871 4177 710 8340 7482 4794 1507 7941 28167 1482 7928 5450 8242 25438 1512 13514 3146 7131 1057 7893 3143 360 1950 1056 4011 150 11369 3159 1130 15410 3142 8257 1996 3386 126 437 9069 117 9086 20883 15608 9066 5946 25068 121 411 9081 423 425 1025 7677 6645 16442 3094 3170 12909 157 10591 340 5033 7741 2211 7919 7022 7860 3171 3908 22746 1037 1430 5379 6639 23758 397 8512 8504 8369
345 21613 26297 14714 20060 26496 26401 19552 19383 19916 28184 28185 28186 18049 24026
346 9553 11468 7143 10049 10123 375 11594 23893 28163 13831 13799 13798 13842 5396 11787 16480 42 10283 28222 6907 5708 2617 13786 4771 18227 13827 4772 27961 4780 13792 16055 15760 4775 13818 98 5389 6755 10213
347 5196 87 4013 7865 12355 7962 88 28229 6091 300
348 1015 10908 1132 28231 15931 4798 18509 25281 2012 1971
349 15170 26292 2866 1616 13245 2841 6650 28236
350 15516 14383 9789 11907 11423 2083 1432 14442 20114 6468 7785 8530 13046 1374 14433 6485 28239 9328 22030 11820 2792 16501 156 7529 2746
351 21972 8565 25221 28254 19680 28255 27919 19675
352 6149 1937 1941 2222 10475 4106 7522 7499 2783 8941 2124 8916 9807 13087 4162 11865 5855 19932 1294 14396 2834 28265 10489 6484 26440 4494 5886 13998 2022 9815 28266 1374 7541 6156 466 158 14401 10607 2748
353 9872 11038 15238 8081 16215 5916 2688 9020 816 23836 11037 10625 11081 10624 10993 909 2167 487 10923 807 1739 1553 10921 8080 11049 9170 14730 2818 15612 2279 600 2718 813 22439 2679 15079 7998 1449 2116 13902 15417 735 2814 828
354 8004 22267 13901 1192 15185 10393 14351 14353 26960 10364 4385 13511 10418 4358 12717 16925
355 21359 28313 10705 1416 28314 25566 25370 10914
356 20313 20266 24495 18200 18379 18383 18877 22663 18822 21064 19258 18781 20345 18339 9401 18976 7697 19272 26995 19184 24639 9402 17724 19555 17725 23131 22111 21580 19732 22317 22637 21031 20549 24362 24826 18065 22150 26479 20335 20241 20514 10495 19255 20403 22284 20059 18393 18994 21564 18851 23476 19423 20965 19733 22384 19308 25789 18748 22641 18773 18732 25811 23450 18749 20638 19640 23424 7707 27955 21930 18901 23482 19146
357 11834 22430 23705 6059 3872 3850 8297 4782 25274 10233 1996 12209 3868 3867 24755 193 3858 28150 898 10034
358 11189 28402 15953 11161 11188 11190 11165 25208 3237
359 6074 19339 4463 13568 16551 28412 28413 3228 6075 2279 3433 11115 219
360 16871 26781 24183 16807 4993 8249 470 710 9778
361 9070 13174 27492 16692 16735 25374 25375 16777 10721 16709 10706 26518 11459 26823 28423 28424 127 4421 28425 27528 28426 28427 28428 28429 4422 26827 4419 15624 28323 128 130 11440 18538 15438 8463 27152 15439 28430 25372 5945 17289 16704 16705 16782 5016 7163 22548 1026 19985 28431 423 16717
362 16480 13242 1430 13243 5227 860 12337 15493 23665 22422 10264 5275 18158 12665 2892
363 14575 19328 1284 7419 11989 11972 26848 14927 22504 2105 11703
364 8647 12308 2958 12212 19979 16604 901 3847 24679 490 15290 15289 26454
365 4461 4704 21629 4691 4438 18676 15554 15266 7277 7278 8715
366 26315 4380 4383 4381 26330 12437 3515 487 581 582 583 584 585 586 587 588 589 590 591 592
367 1667 1567 3639 17710 563 3049 476 11903 248 2413 147 131 161 1966 235 4179 8837 11122 534 469 706 8478 145 155 272 4153 715 249
368 9565 26543 4609 17815 14470 11166 28544 13266 20021 10737 4661 10774 1358 5708 462 3115 5251 302 1159 677 706 447 7137 4180 6340 161 698 148 3123 13561 8868 530 4003 3077
369 20729 19286 20024 24266 28547 19238 14713 23102 19450 26032 20697 26915 21047 18336 18778 19267 19050 26633 20219 25932 9405 28548 23222 19448 21422 20373 19303 24788 24635 27875 25157 20758 28549 28550 20214 28551 24626 19256 20756 28552
370 11494 13327 6198 1616 1321 1330 3408 9465 7686 14462 1348 14463 1347 204 7687 10214
371 18911 10495 28595 21067 20288 22831 10499 20355 23652 21217 26915 20289 28596 19423 21242 18065 18889 19740 28597 20278 20988 28598 14714 24825 20065 19185 20799 20346 18815 18922 24130 20187 28599
372 28615 21155 17879 22356 28616 24500 17428 17769 22692 24353 18095 23681 19448 28617 22105 26746 21308 17397
373 25679 25327 25680 25682 16073 15984 17919 17241 28618 21686 25951 17924 26183 17922 17240 15989 19026 28619 28392
374 18862 25398 18200 19264 18938 18766 25953 22179 25918 25157
375 8436 12326 8440 3674 2515 11525 25464 15462 855 854 27978 11018 23733 17340 26456 728 14805 11307 13357 11009 8005 17339 25394 2403 27975 723 28001 28627 28005 17336 25085 462 5475 1859 145 5909 161 5355 7135 5474 8123 2605 706 248 249 265 267 245 140 1865 1888 1407 2600 1887 5729 684 235 158 131 148 8865 470 2939 702 27029 28628 1189 14315 28629 8010 7805 23775 23730 15074 7993 7296 28630 2632 952 28631 3054 513 3792 3767 386 2279 14941 566 574 13870 3109 858 24451 11194 11197 11196 10296 27669 1791 28632 28633 27994 1448 6346 23732 28002 11015
376 21716 13802 14812 23208 24177 11779 28643 8397 3025 2919 11299 7097
377 6186 2683 15271 1358 14132 1330 27868 11646 4576 13790 13792 98
378 484 3548 3550 15759 2818 3728 2279 12438 2642 3434 16985 11514 28462 25943 9923 3048 3697 12640 28659 11478 585 6947 15207 10156 15196 1667 2637 2975 14076 12804 3708 28086 13277 1772 13346 387 3013
379 1646 26522 3042 5941 1539 3743 1522 2279
380 12722 4324 4506 12736 12744 4401 4369 12739 18431 494 28659 722 2846 4406 15577 14958 15739 16490 3945 2250
381 9166 9514 6612 24023 7869 3151 3144 5154
382 13902 8003 27608 17339 28005 25229 28751 7988
383 20108 1074 28768 28769 1974 5065 15447 1040 23677 5099 8018 4738 2339 7875 26553 2294 7833 2293 1146 26118 1050 1141 7821 15930 1505 10054 2344 16608 28770 9652 9649 9648 9646 17580 12894 12900
384 20314 18926 19143 18741 18977 19050 23216 18770
385 27074 28823 28537 28824 28825 28826 4186 17791 24023 9487 28317 14596 28316 14597 4188 4181 19955 8159 19947 28827 24564 4182 28828 8153 14599 9482 26896 15871
386 6230 8387 8046 28834 16318 5803 23936 23937
387 26448 28861 22233 14667 12755 11195 18086 4812 26999 1124 1119 14535 1323 201 28862 24147 3070 1327 1330 11568 1329 14460 10214 3408 28863 4646 202 4644 9465 14461 1348 14464 14462 7686 14463 11569 4648 2389 11570 22936 14513 4479 28864 14688 1153 4654 22939 4657 4664 1121 11365 4222 4221 28865 14360 18633 24206 10232 4396 15179 13511 4394 4397 4395 4400 4399 10354 24203 10353 24207 28866 4393 24917 14371 14346 4402 15155 22536 10418 13512 24205 2875 23899 6562 1359 25053 8265 11909 16274
388 24636 19012 18766 27121 22565 21573 18778 19496 18734
389 17089 17092 17097 17095 13922 12601 17957 13919 13928 17088 17093
390 12754 4605 17609 380 646 2159 10865 2966 3543 3229 17573 6076 6079 8588 711 1873
391 25803 25801 25800 25804 25802 25806 28879 28692 17854 25805 17885 28509
392 6707 6868 12280 14918 19173 16345 13589 23855 10219 24777 4261 20944 14605 20943 12470 12953 12992 4262 4263 4264 4265 12993 12994 5006 10787 12988 19995 28889 25388 12935 22214 22977 11942 14968 22217 11940 5007 28680 11103 11941 10362 10361 4654 4656 22399 16933 22400 7430 5020 7433 2105 28890 4268 4267 26552 25081 4269 23858 6978 13883 12729 11483 28891 28892 25635 11955 10400 11953 11952 6980 11482 6869 6871 17952 6703 6553 7424 5938 738 3548 12860 3555 766 15474 13152 1683 1647 3625 23856 14266 14267 4310 14285 14287 4327 13021 14284 5994 4238 14283 4254 3239 5995 14286 14274 4335 13020 13019 4301 13017 13018 4302 13016 13875 14705 14919 6699 6704 14946 6701 6875 28893 6700 23860 6817 27641 28894 28895 28896 15164 6841 27053 2648 6706 16934 28897 27059 897 23927 12830 28150 13326 16279 23926 8650 8027 4721 4722
393 7890 13553 15368 1014 4348 1279 3169 14503 3156 7887 5501 9226 3346 3149 6643 3151 7924 11369 19504 3134
394 932 722 2689 8671 3793 10524 10630 2250 8084 13725 2647 6561 12333 2818 9931 15529 2650 9171 638
395 26959 16338 28914 2427 2424 2552 2429 2430
396 15704 16288 17496 19953 11687 12550 8266 28915
397 28941 20604 21050 20606 20605 26013 19245 23450 19250 20542 22190 26311 18911 22492 18766 20249 21218 23221
398 18401 19000 19392 19900 19496 21570 18862 17736 21244 20198 19213 20046 20324 25796 27885 23060 24394 28968 23572 18746 21236 22778 19302 18779 19187 20186 19923 19258 23217 20603 19282 23146 20412 18383 18201 20979 23629 18805 23788 25212 10497 20265 18803 22637 25851 9399 18730 21059 18952 20059 19765 19925 18981 27839 28969 24858 10501
399 14825 21712 28970 3056 14582 19562 5805 802 14256 14257 97 96 14258 14259 28971 14260 10471 15149 11212
400 18529 8262 485 11239 28012 28972 117 9076 1025 5282 24106 5298
401 9678 9414 28976 17805 14720 9244 19681 8807 10190
402 9294 9448 4963 17787 9281 17709 14841 8758 4961 9825 9657 8771 9259 4910 23792
403 15862 1008 5041 3930 11594 1040 28981 1141 6634 7924 2303 12623 13524 5207 1513 13532 1049 25034 1014 6119 1146 116 1193 1480 5461 4070 1508
404 3414 12309 10026 13619 12891 28999 9544 15810
405 24311 17852 21688 19646 19644 25334 17471 7719 19992 25949 17479 28618 17239 17244 6627 17242 7699 19647
406 8411 17655 5676 1455 29029 6108 23795 22451 22452 4616 6246 1130 1085 703 131 29030 2725 3290 4067 3353 1954 9223
407 29038 29039 13314 19915 11378 10654 10658 29040 26609 29041
408 8236 7798 274 1196 5813 3954 7944 1234 1160 1520 306 5186 1183
409 23171 14716 1616 2105 4390 3975 6226 2499 4573 16398 13602 552 4080 21434
410 2570 3154 16398 16032 15660 11900 2491 22882 13602 6413 7976 4579
411 27717 5351 56 65 5361 7047 26139 1812 16617 27105 735 2617 15900 98 7143 6670 18154 5364 67 69 68 64 6673 48 45 73 1065 29046 7287 5337 5336 29047 6618 7301 62 2961 5366 29048 7587 479 6657 14526 2874 5367 888 29049 894 18186 23928 29050 899 901 902
412 27753 22129 23680 22116 14904 22120 22114 20510 21155 22157 22113 18390
413 9403 18911 18395 18387 20341 19738 13692 19447 18743 19283 23394 20684 22097 23422 19230 21469 18401 19229 18201 18047 19371 19916 20310 20305 19648 18602 18065 22156 22194 18847 19914 20699 23629 29091 18390 20192 20331 19268 28078 29092 20317 18383 18744 18999 23347 20295 18375 20752 19005 19314 29093 23632 18200 18741 19224 18987 29094 20076 19759 21454 21557 20656 27827 19186 28136 19008 19205 28079 7705 20630 19215 21735 26032 20729 21198 19188 19185 23340 18993 18994 19198 19187 18962 21611 29095 21615 18979 21468 28138 18379 28901 19050 624 476 302 1865 7506 11415 4112 5047 13058 1872 5254 710 2265 2039 2040 15491 145 29096 1873 663 5729 232 131 305 12931 2091 29097 29098 29099 2126 10444 14714 20024 18795 18922 20575 18872 19489 16517 19915 29100 19450 18873 18382 21191 20186 19267 22992 20350 29101 19294 19313
414 9038 26743 12647 12643 412 117 422 9045 5019 415 12653 421 11937 16738 19983 11447 8912 19123 21562
415 29116 28343 10174 22905 28444 6511 6513 98 13785 21510 2403 10679 6507
416 1790 957 12765 3783 470 1920 1914 1588 706
417 16826 5653 5601 5634 20846 436 27037 7126 402 8888 2316 13528 15096 581 8086 11033 5728 470 248 1941 2252 5078 17491 4124 375 1021 4806
418 28003 27982 28004 24544 16051 1805 17354 27608 11402 8010 27560 14578 3241 23855 4283 4301 4525 4527 13025 27611 29155 8002 1818 27979 12723 6346 24542 735 15239 17358 27976 17340
419 12432 15153 12963 3556 3433 11299 6952 1367 10738 14245 1309 14628 1325 17191 1321 1647 21834 12443 1640 2701 487 2168 9020 2166 9018 13053 3014 3609 17533 1633 1827 2661
420 20515 23583 24829 18358 25996 19452 18382 18738 27085 20389 19143 24872 22183 18797 18967 22480 22293 20206 22377 20205 18803 10499 23566 22187 29167 22087 22203 27505 18800 21131 27628 29168 24903
421 4197 20151 21624 13647 13648 25735 24151 24406 20149 13639 24150 13643 29014
422 23507 24684 25467 26622 29175 23206 8397 26623 29176 11778 9149 8046 12473 6933 15332 2114 3584 1548 505 3433 772 1710 1673 3546
423 29191 21151 20607 25842 18952 20043 21145 26756 9399
424 238 20955 6464 2777 6128 2732 2032 307 236 4818 2022 2223 272 2113 25761 5050 6131 2266 145 715 2125 3352 13559 703 2796 4178 2229 29203 12128 12059 2795 27783 10450 7730
425 24143 17273 25296 17284 17282 17283 26546 25712 24407 24297 1430 11787 1358 3847 17280 116 17267 24408 29215
426 28814 13776 11858 11602 2464 5136 25368 7298 26885 26949 19814 24934 2468 2823 14193 2460 28080 6320 10861 26641
427 20955 2041 2018 10593 6663 7145 11903 13503 271 13108 2290 15689 1481 238 6523 3360 13957 979 2276 15921 26060 3180 3131 87 9334 5002 7151 5469 20941 8350 8357 7237 26687 9796 17224 150 2023 337 2747 463 7550 243 13205 2319 1439 704 258 142 531 703 247 7633 19045 8512 6506 7660 1440 9606 275 252 5904 1374 4347 2037 8595 464 7639 28230 20807 6522 20115 4497 6165 5031 2792 1393 2017 4819 1268 4864 1059 7497 86 24420 12113 2720 12144 5435
428 1405 2832 1404 4492 4033 337 2072 7471 20810 29230 4179 140 4493 2805 1584 2973 13176 5482 6024 5487 26442 2598 1285 2800 5862 2770 8836 5836 5863 7562 28558 12142 5902 9586 7494 11276 16910 1255 8108 7563 7642 2090 9797 8961 5880 4491 13995 2739 11264 5004 6129 25905 6636 3401 7571 2608 12577 10454 2807 154 3996 4111 23288 5886 7578 10441 3352 17494 1859 20115 13085 8511 253 3164 3350 2742 23528 1258 8374 11831 2793 2774
429 24335 10515 1731 2417 460 14341 389 2165 15202 5794 1753
430 226 5547 2279 736 566 7190 7099 28023 6531 14012 29233 3855 4879 12206 4880 3827 3867 3860 24308 16688 2718 2144 904 610 8217 578 1565 21292 12579 785 518 1829 3712 3562 6785 11577 721 2995 12441 10847 1473 10514 24209 26306 9921 8590 3695 1622 604 649 8663 22022 2159 2835 1567 15857 765 26135 761
431 12503 19675 2207 14300 10706 11459 15624 4419 128 29242 4418 22545 22016 24897 9337 17630 20806 26565 28622 16607
432 29249 23020 29250 29251 20086 22138 20506 18050 22832 8308 17398 24060 23952 23035 23021 29252 22833 18049 29253 22865 21896 29254 29255 29256 29257 24057 29258 24033 24081 24231 24487 28963 21836 29060 8312 24006 25119 24255 29259 29260 28958 19180 29261 29262 24233 27596 25111 26406 24028 29263 24242 20987 24041 28875 22864 20504 29264 21897 26322 27823 27614 19595 26208 24027 29265 21092 28957 24055 29266 29267 29268 24518 27821 19584 24240 19593 24035 29269 20493 24232 24063 29270 23042 29271 27598 19301 27290 17772 29272 24008 22843 21911 21898 29273 21099 29274 19897 25105 22320 25104 29275 24011 24086
433 7478 7505 6128 476 2223 2770 156 13561 8529 27592 447 4054 26696 23284 5668
434 21454 18865 28608 26393 20528 28189 20667 20381 22734 21270 18755 19423 19250 9400 25839 25793 21446 22107 18065 18110 21351 18401 23083 18379 20530
435 17924 19026 28351 21664 15989 19025 17922 21669 25431 29293 21666 17851 21668 22513 25335 7699 28487 21671 19509 16508 24312 22649 26970 16507 17485
436 1358 12209 4635 1021 27920 11618 861 10776
437 15708 19812 2195 131 4058 18528 42 226 29325 3975 11445 7204 29326
438 21663 24693 22332 27186 28514 13689 3065 29343
439 860 16595 11920 28976 18356 18322 6254 1146 23719 4163 21268 1979 5708 891 12889 12872 22759 3857 3812 16891 13349 899 6452 14449 10030 3204 893 14792 13609 8549 24771 13118 10776 19395 28328 12298 12881 29360 12318 15601 8646 26530 8914 897 18325
440 3044 9894 29022 559 14803 1755 12854 10823
441 734 1188 11026 2287 1793 8001 1795 14311 14333 14332 4944
442 25266 121 9056 13745 4419 19985 25373 16545 26821 18538
443 29399 25969 9568 7132 14677 16538 19997 10887 14662 10227 29289 10228 10226 7433 4362
444 21921 23602 19811 18346 29432 18352 21922 3766 28738
445 18911 18912 18047 21457 21440 20055 20620 20525 20355 19558 18799 18787 21228 18841
446 14127 22954 14085 21356 10973 28245 27047 9028 11037
447 3407 14622 4812 26543 11195 16762 1121 1119 1124 4878 29304 1334 10668 10214 1329 1330 14636 1332 3409 3410 3411 5096 199 3070 22026 4871 15305 1126 1313 27572 7315 29469 1284 7328 1321 29470 16325 1325 885 26422 10442 27223 16807 860 23978 6720 226 10054 8416 4025 3369 29471 10064 21976 14630
448 18065 22860 19588 23143 22847 17398 29478 22361 21864 29479 25693 8310
449 5585 4032 4031 7949 17562 1948 3928 3916 7945 4759 1232 5814 3179 316 5174 15959 6091 2308 2306 978 4035 2371 2307 2295 5832 5577 320 22453 29480 15315 350 12359 3145 7022 2267 7863 12369 25279 4766 12355 6625 9520 11593 27344 15457 29481 11585 5206 2227 7217 1106 16443 345 5611 5210 25439 668 243 666 3994 2602 5253 16657 5055 2603 7606 1060 1251 1254 10773 1252 3995 2605 1256 703 2805 1258 447 5842 152 1863 1412 1930 1886 2124 304 5840 7604 28853 7621 3998 3117 5060 1598 1596 1260 1599 23934 1588 688 1876 7623 4059 233 14006 1263 1264 2015 1600 467 468 4058 8979 4856 4180 307 10479 131 6047 3996 12931 158 669 15505 1266 4139 1267 2615 1865 5909 5250 10105 1268 12118 2941 8330 255 155 26028 1269 1846 3120 6043 1594 27768 221 8980 1871 665 1595 530 1880 715 1883 12095 1273 1274 1272 9037 161 684 8198 232 1915 473 3123 2904 8124 1597 1253 1270 4001 2939 8872 1589 6145 8125 15851 10455 6609 11764 2616 16660 8123 1603 4003 4830 463 2748 8835 694 140 1935 21403 1255 7625 6053 5358 302 5357 698 1601 663 148 3127 1159 4137 8479 462 149 244 5539 257 256 258 6475 2798 352 5816 16803 5812 3089 17564 309 5169 323 317 86 285 5185 6089 13839 11312 13791 29482 13792 6690 26729 26728 13838 11840 29483 14258 96 14257 14256 14259 16878 17973 10188 9476 4576 21510 98 3944 5544 375 5436 2068 5175 21181 1459 1969 1951 15928 29484 4612 9036 9598 1638 8264 25546 2319 9636 9637 366 240 356 1896 13103 142 470 234 238 4540 5211 349 346 351 355 5215 4071 5705 5153 1230 286 1453 2367 2366 2220 169 1510 5716 87 4042 1236 2263 5152 5584 19038 16952 16024 28016 29173 145 7639 1160 5197 4760 3256 5103 342 4767 5198 29485 2183 1082 1105 11586 5188 1196 7953 5179 298 5176 18515 1487 5208 5187 29486 5608 5598 29487 29488 4013 15313 4768 4754 5151 4758 24741 5636 1130 3320 137 5439 6092 6108 297 5555 15314 321 1610 3382 5582 167
450 8678 8472 3945 3458 8203 2875 736 1843 12203 12784 6073 1677 3050 1753 931 508 13911 29491 17306 3734 10937 1731 3650 9900 11329 15427 507 12348 5811 4583 3975 3983
451 27978 27975 8007 27560 25229 25227 727 16621 11907 623 16122 10288 4426 624 13495 29504 6843 12288 12287 13403 9185 9186 7080 11171 7750 36 7090 7761 23809 24715 8 14151 12 13 25074 9199 7782 13451 15944 11197 13241 21636 8517 23730 6342 13024 14329 4944 14328 15425 27355 25237 729 27729 29447 7992 728 7292 27026 29505 8016 15074 2105 735 27982 4371 4305 4297 5998 15644 3241 10375 14357 14360 14233 10232 14359 15215 2116 27061 13873 29506 28005 29507 17277
452 14584 23239 14995 4900 14992 14994 3357 9592 5113 27541 14586 14589 18724 14402 14403
453 17667 5826 25283 1089 24328 3916 16460 5835 1198 1245 1199 1203 1205 1207 1204 1206 1200 1202 1201 1212 1216 1215 7665 1213 3938 1214 1209 1208 1210 1211 1224 1223 1222 1221 1219 1217 1218 1220 1246 375 116 10255 19404
454 7325 14481 4876 6275 14620 14484 8169 19405 29514 27868 7322 7328 14508 2408 1330 3907 12928 14673 2858 4610 6450 14697 14523 1308 17955 4478 14458 14701
455 22759 26637 22433 17573 8276 29084 18224 3415 21643 436 26431 20851 20850 800 123 121 403 411 412 4802 117 9086 422 4801 9053 12649 9063 15608 5946 9064 9061 19606 25022 425 9081 15765 15675 3880 24779 3806 26106 28235 6539 29517 21765
456 11113 9505 187 23874 6153 19347 15250 29539 4550 3847 10040 1996 28649 6544 28297 4476 6059
457 7750 9196 13383 36 23483 15943 3847 16282 121 403 16787 20865 430 16700 436 15607 126 22547 26829 117 20882 422 12656
458 20210 29548 11162 20796 15954 25210 15698 11847 11850 13390 11853 15245 15696 11173 3225
459 13723 1616 4635 11806 22433 28829 10549 11843 15553 15552 25747 17462 12325 2471
460 24944 25 3076 3086 27063 2583 15282 16635 3887 13779 4589 13736 11859 11857
461 23260 27170 6013 6012 13637 115 29575 6014
462 3470 2047 26522 380 2883 15210 9584 937 9572 3627 2165 2817 12574 2998 12749 8178 17101 11898 16982 7240 15478 7250 2633 13582 855 10820 16389 1756 18435 1028 2942 13456 11299 27217 15200 2650 2919 2901 29585 24334 11897 9604 16344 26225 13268 3557 6776 1578 17523 481 20462 876 145 470 5475 160 302 9778 1889 6053 142 249 476 10342 29012 480 2879 9571 14881 1680 13830 98 5394 2414 18469 9583 29586 16623 729 1791 15216 628 199 1119 4876 2279 5928 15755 2979 11322 19413 11839 10612 112 5390 29587 2646 13001 3792 10837 19079 9573 11467 16387 831 1627 2885 16399
463 20520 19924 18851 29606 26298 22069 19742 20753 18388 18363 27956 29607 22071 23134 19392 27615 19050 19890 1616 14714 18387 19208 18741 18803 22298 28076 29608 21070 19907 25788 19223 19739 27830 19916 21602 23487 21613 29609 19482 19055 25919 22303 18802 29610
464 13838 13839 19515 13828 29616 28290 19518 19519 13843 13834
465 14035 13893 12767 20953 6835 23921 11105 17200 21289 11959 1631 12990 24763 4271 25084 29629 22213 6785 1678 1774 1707 390 8224 12492 2159 2279 11956 24762 24766 11093 14914 25083 29630 2105 6843 19337
466 24226 11511 28545 11525 29244 2130 2137 2403 27902 13008 13014 13006 2138 6983 4080
467 13912 3735 17710 29632 13348 25065 13631 13871 6560 7174 2250
468 18938 7697 19482 19750 29606 25788 22183 19742 20522 19890 19223 18953
469 23336 15990 16072 19442 16068 16516 26491 16514 7717 23806 23333 14155
470 12389 2279 738 3778 9898 6586 11521 2160 21617 621 6554 2060 3538
471 6324 2432 6403 6314 2553 6410 6325 16673 26885
472 15484 12665 29221 12666 5245 2203 5242 12035
473 8989 10607 2070 676 5860 2229 6491 1298 4348 10097 11282 2091 4497 7478 13085 11552 2845 19993 2130 2058 2164 19172 21682 13921 10361 4226 3244 476
474 28295 3877 9081 430 126 437 15761 22760 27134 117 419 1025 1366 28966 4970 4971 28031 2763 3849 27130 15219 16419 29666 16427 14012 22406 29667 8485 22243 3875 13224 16036 15348 12559 21789 2958 11202 10019 10700 3884 1359
475 11256 24765 14610 15158 25453 10383 10381 10382 4249 739 946 17504 6683 526 14320
476 20500 21020 19588 19593 22844 22845 24508 23564 24509 21908 21907 20177 19056 20051 18379 17724 22663 19324 21590 19544 18875 18748 18201 20402 19189 19190 19192 22149 22176 19193 18382
477 11325 29760 20126 20127 15941 20129 29761 18639
478 11270 11794 6144 27939 14397 6170 10489 7488 25531 14183 29661 15637 8902 10451 5048 7038 6136 14405 28092 25524 8566 860 2713 5708 476 29779 7540 7517
479 24004 24329 29780 10118 12372 4126 5736 7958 19846 15812 3827 10046 6531 210 193 213 211 214 24755 6448
480 12527 559 10925 1777 3548 4319 4279 4246 27270 1567 9933 781 14803 9934 3612 3041
481 28404 16945 2866 14786 4130 5958 17842 4112 29793 2229 249 706 6497 1258 337 6766 15673 6769 9029 8490 2839 8450 6730 24170 24959 6802 8461 19525 8469 2844 2852 2857 16105 16114 2848 10544 29794
482 26157 21979 29338 10545 14529 29816 29817 23270 29818 3765 27649 26584 16083 27652 22336 29819 29820 22469 22470 25867 29821 22471
483 16292 240 2724 5872 336 5837 2028 28568 1971 1059 1391 7224 4827 1117 14246 629 13466 672 1250 5894 4851 5877 5876 8594 4843 5850 17263 7229 8480 2790 1385 1258 10093 7741 1383 27711 8361 26519 12385 2725 359 476 14004 13096 5054 2240 12232 5687 463 8115 26706 23763 1488 1415 4061 8340 2317 8938 8529 8857 5668 10605 15308 6036 21402 6046 4856 6458 1635 1263 1387 325 19706 5857 18176 2108 4134 4846 6140 8343 3200 16313 21938 150 703 2242 337 8131 464 3379 7478 10488 3121 13205 29836 2027
484 11225 18683 10346 10345 8513 19340 16129 4691 22705 4881 16920 29322 4430
485 29851 4112 7517 8896 4100 2037 8900 457 1616 735 1192 4945 734 7292 1190 5408 9917 476 5382 8899 7557 13049 7638 10555 10564 15654 10586 15730 16027 16029 15808 16465 21680 15116
486 3414 11389 13209 29853 16943 29357 28102 24434 15839 29854 5522 15837 15840 27713 13565 11382 889
487 7271 12811 7444 7450 26224 14070 17710 12810
488 17443 4984 1168 24293 15887 11231 9831 9832 9833 9363 14717 8738 9744 8739 9422 4932 9368 8722 15883 15882 19771 17793 17788 27636 14841 17803 16319
489 13827 25731 4297 6006 4520 10424 13790 4780 18226 13842 16055 6688 4774 18227 26650 29875 19517 6531 13218
490 26045 13573 29888 26043 29889 26039 425 117 12655 10853 20892 414 12654 22556 19616 18231 417 416 418 415 4801 9086 12649 20155 421 9052 12650 420 12653 9056 118 9050 422 9048 801 4800 9068 12656 9047 9057 9049 19610 9058 9059 16560 9041 10851 9039 9053 9040 9055 20883 4802 9071 411 121 408 18233 407 793 23182 796 797 798 125 799 124 20861 800 123 409 21947 122 410 404 403 3223 9081 16285 412 120 423 22553 16282 16283 419 5019
491 24557 23773 3066 1111 1321 4419 12642 15608 13745 25387
492 29153 11253 18908 6843 4363 527 2151 782 16223 14072 3634 1651 760 10927 4602 3582 1567 6940 26439 9018 3890 3690 3691 3530 1530 471 4321 23853 16997 6121 24769 6880 1430 29617 5378 5387
493 624 11594 901 2403 729 17346 3978 4934 735 13051 5543 3364 7915 1483 8410 13545 2296 15407 1103 6088 2213 5078 2813 15930 983 1998 3962 26579 2366 13060 2258 2307 1005 7217 2235 375 2290 1037 10031 21582 19371 26196 19050 14905 1089 6551
494 12748 20169 770 640 2137 11809 2096 6678 27273 28775 8620 14923 6699 16918 4391 2138 2130 1706 8590 529 25122 3652 1700 15136 11929 1762 29922 542
495 11105 4258 7417 12543 14366 10418 10393 23849 4528 14095 14288 4373 5994 4246 6875 5024 11103 29522 4278 3249 4304 10424 4331 4310 4327 4520 6008 6010 14270 4325 4498 4256 4247 4250 3243 4280 3248 23859 19978 1362
496 8923 7640 4108 4103 4112 2722 2230 8505 2738 5950 28929 10470 466 8916 11819 12233 376 11711 24116 131 26364 7536 2037 5044 11715 6132 2777 8132 28341 2830 10598 4862 10454 159 533 4171 16843 7484 7683 29520 20832 29759 26372 2027 2086 29928 2217 15714 19039 2780 9793 5846 15732 3349 8897 24110 27302 19107 29929 7647 8115 10462 9796 20424 2126 7467 13086 442 2834 17493 5860 2033 19045 8137 8361 7490 25525 2223 11709 2740 15634 302 10478 13984 19712 5869 11269 2788 15816 5875 21679 12059 4497 11428 9809 10465 16029 8840 10568 6140 2797 447 1272 1431 20811 16468 26363 11648 1966 29930 2607 375 1365 14860 29931 12883 1314 7357 3888 1325 1345 1334 1321 29470 4809 7403 14703 11383 220 4643 4598 5974 15287 4657 1370 5092 476 13998 10554 147 4180 704 158 7485 29932 15726 26433 8530 11799 2023 1249 11425 29933 13482 706 397 5828 341 15730 10481 8901 29934 1290 8908 16465 29385
497 12018 5040 12178 5104 1129 4731 8186 29936 900 6269 7963 1446 3908 1358 4142 6522 12194 25662 29937 29938 25278 402 1461 7215 164 13109 26064 1464 116 860
498 22092 7245 13271 2911 2906 20662 9923 1677 8054 9957 564 1522 8191 8041 526 12920 8190 3726 2826 3042 1618 1560 3565 1617 25671 3495 12967 19034 642 5939 783 12818 3531 3613 504 2059 14065 644 11069 26134 12323 11070 24322 12563 24218 16087 29939 5751 14085 24213 11519 6585 868 21617 11411 25674 394 385 17044 11118 3538 2887 1528 499 10924 646 653 3731 15749 11327 15736 10916 28168 651 650 647 14025 9947 9612 6776 620 2686 611 9949 1739 1738 22624 10929 3541 737 6775 19691 1724 393 383 9958 12528 9961 9960 510 15937 3667 4530 3743 3895 3599 8096 764 15193 12466 15203 581 14806 11633 8697 15741 17218 12966 853 15747 15146 12448 3780 21320 12527 26867 22434 3446 3034 3568 26866 3567 1539 1541 8225 539 387 382 621 1657 3497 1710 14909 380 871 14045 386 9946 12523 9903 5920 9895 3640 7205 1551 9910 1680 508 12525 9899 2881 2248 12752 28952 9897 619 870 14060 26763 25672 9164 8680 18487 19414 19689 6589 9943 9898 5919 12344 3050 16399 9977 9978 8090 6590 28463 28462 28461 3039 20007 3053 22408 12748 2975 1669 25488 27177 15137 24744 19692 19582 3048 11488 11981 8698 9934 9933 27270 3454 781 23540 3612 3041 22625 10792 6936 1567 618 12819 23841 8589 25753 20171 2676 9936 8676 6693 8675 950 869 6586 17219 6587 6588 6935 26762 3450 583 3749 3752 3751 3750 10169 13606 26561 3227 3753 3754 3433 3755 2405 15202 3226 8993 8995 15204 3631 1683 738 19538 26305 6952 12831 1743 13457 1784 10943 10942 2665 10941 10835 3544 3545 2414 10928 16370 1536 1538 1540 9954 3571 21420 1576 2668 12378 3662 509 8682 7190 2816 8083 614 5794 27267 13856 15416 11412 25944 1532 18432 10135 15153 5934 1759 28951 16344 20657 14047 1755 5394 11160 807 1731 937 384 1524 5395 10523 14068 12438 12441 17078 3550 8690 9582 13869 8181 917 3501 1782 3548 3555 3557 1535 3477 3570 16092 10927 17047 13127 16094 7191 4602 559 3786 16093 4295 601 17048 28908 11334 12539 9905 2884 2407 9907 8088 9889 6941 18486 11622 26522 16479 9894 10614 9896 8091 11551 13124 9963 28465 7206 7207 17535 9904 648 11501 14077 13863
499 13161 3223 9087 4801 9044 9042 8468 420 419 9051 9043 9052 9056 118 12651 9053 12649 9039 10851 9072 9081 410 18235 16536 23120 9060 16284 14411 20871 407 795 793 20900 406 409 9075 122 794 404 403 27038 20856 22403 25024 16784 16783 27665 13939 412 423 424 22552 22553 425 4802 9071 20155 9040 19609 12652 9054 12653 12648 20846 29142 23181 20879 126 20848 20854 432 20847 16699 16725 10854 9074 23180 26610 17996 12650 9041 9057 9045 9059 16788 440 25938
500 9031 8452 6802 9029 4903 10528 10404 29319 10409 3538 3778 621 637 1616 6803 6739 6745 16115 9030 10406 12779 10538 6812 10537 2279 8458
501 11577 12541 3539 12523 523 3734 1526 1737 12965 13272 11118 15080 10929 15236 16399 3538 870 1734 2887 385 868
502 7439 7366 14012 9321 5092 14568 1330 29944
503 25099 25004 24983 25262 24965 25554 24967 25007 26265 27538 23699 24963 28401 26268 25015 24981 628 7389 202 203 204 1346 1347 1334 1330 4816 1329 14636 11568 3411 3218 7439 29986 11195 7351 10742 14622 10740 1323 29685 23971 18318 26681 7319 23290 1120 1321 14557 29470 11383 7456 220 14575 20021 14676 10786 7408 10876 4660 26835 25650 3417 14500 1314 10892 1316 3425 16570 24996 24986 24987 24975 26979 12211 24966 27806 24995 27465 24972 24993 24979 27804 24974 25011 28626 24968 27185 25012 24985 18084
504 112 9926 3492 3618 11047 840 620 19797 2378 427 10854 20876 5019 16579 13174 3926 1084 2250 13850 2714 12331 6195 3975 8666 3029 12823 646 1551 24724 9925 14811 29989 115 10232 24206 10396 6562 29628 567 7174 17343 730 11017 17341 8071 23753 19505 849 8643 20486 3032 14075 21354 15621 13864 22027 17136 974 3698 12889 28086 9927 42 29990 124 3843 8080 1814 1810 17232 735 15525
505 17938 15707 7589 17933 16007 6021 7590 19619 7584 11688
506 20584 22665 26963 21131 24649 17724 8320 19548 18782 19391 19885 22106 21034 22778 9399 24376 29993 19730 22367 18401 18110 23192 25697 24913 28226 26410 24816 10499 19899 28138 21468 21490 20346 21492 21491 18931 28716 28199 29994 18787 20203 10501 21271 20603
507 28289 15774 3353 26123 1245 3100 30000 5589 1517 23429 23710 30001 4618 30002 8233 22451 22223 30003 30004 15383
508 7674 311 7159 7831 3269 1235 1042 3311 985 2189 1487 7943 5833 5801 18214 7940 1175 5959 5182 7888 2267 30005 276 11588 23748 4767 24739 3332 7216 166 4120 2811 1198 1200 29410 1199 1201 1202 1246 1209 1204 1206 1208 1205 1207 1210 1203 1211 7666 1212 1214 1213 7665 3938 1215 1216 7667 1222 24326 1221 7668 7669 1224 1223 5960 3089 17564 7863 7862 3097 5617 5622 2350 4765 7984 7964 29868 342 1176 25277 3163 3142 29163 11370 17024 5596 16832 18514 22455 3287 1185 16814 3258 7896 21934 4750 6238 30006 4757 24735 12366 5625 28819 5627 353 5212 320 5213 30007 1481 5178 1084 30008 3954 3952 17560 4276 17558 30009 4502 16525 115 27986 27987 27903 27988 27904 23251 17554 3953 18427 5772 5384 29488 4013 5961 16456 12358 5194 16455 11587 5644 5209 278 347 7954 12367 268 5214 5210 277 5707 4751 5184 4755 3916 7948 15325 7222 5581 4761 4754 25256 4007 24327 7950 28218 4758 5582 7900 3178 9610 4768 16460 9519 1089 375 2846 30010 7965 1245 1219 1220 1218 1217 24332 7952 7935 4766
509 10037 6448 186 42 6907 28699 30015 12018 23500 26699 11445 3847 14009 24754 6432 6542 7829 29790 3879 3828 15225 3867 19363 6438 8300 6920 3812 10688 21767 25705 10041 30016
510 29241 30017 1500 1499 1329 1330 14632 23177
511 537 17861 1764 633 459 1747 544 12563 10963 864 754 477 9394 10518 24923 906
512 22886 901 888 22944 22140 29326 25588 5484 1635 713 1910 303 339 142 4058 1256 706 534 156 161 239 10548 2123 19694 8845 9608 232 3116 234 302 145 1888 1894 1248 1877 1898 1893 1885
513 3076 622 3975 6227 6190 946 2990 1626 1625 539 10512 2279
514 14415 6074 28051 1021 14253 12892 10034 898
515 3459 1616 624 28601 10288 8476 8693 27774 3053 5759 3048 13587 3593 3955 2817 11484 13284 2134 2122 26516 14519 18699 11259 23178 14686 27897 14509 11166 11152 16860 3639 2174 1548 26870 487 9020 3514 489 5987 9956 10553 2380 11486 2145 15241 2914 4289 4288 2936 9006 6934 11487 13273 12858 3708 13276 2913 2915 3690 588
516 13372 16056 25682 21685 21686 15990 16080 25515 16062 16067 30055 21690 16509 16063 14177 7719
517 30063 30064 18966 28071 22065 20667 23985 21254 20052
518 8108 12090 7633 2801 7571 13503 6573 2875 7658 2759 12132 11288 4819 8897 2062 7514 2091 302 25719 5727 1878 1895 8873 4138 145 12607 1897 3127 1884 27696 13990 7135 2753 5909 8619 30065 5882 147 6502 238 5668 25050 7111 4818 531 11272 7635 339 4180 1272 4115 4171 1432 2809 13984 28790 2792 716 4827 17681 2941 1158 1422 13177 19711 4864
519 24277 30066 26338 30067 30068 20583 17722 18931 18783 19389 18918
520 25448 2958 28667 21658 29069 4786 4881 4787 16687 16217 5465 10347 15558 8692 30035 19331 27702 8708 4892 8494
521 552 4172 2830 2127 4179 302 694 16661
522 14603 12842 14947 15442 16489 6872 6556 12469 10730 7419 7426 7420 2105 116 1084 2241 13993 469 142 145 159 706 265 10082
523 18817 22769 20608 18415 18918 24227 12012 4628 28257 16553 8311 10648 19488 23133 22479 19392 18065 26072 19548 30082 24655 23037 20582 17772 21478 21476 18772 21858 23559 19448 9399 24132 23350 19068
524 904 3480 17203 9987 1572 3600 2937 2661
525 28806 17074 26701 28805 30099 28582 28800 5224 7579 16410 26700 26699 30100 30101 28085 26697
526 27798 17335 28674 6329 2487 2432 6328 15660 2566 15963 9023 28927 30108 13137 27369 13581 26849 28446 12918 24194 14204 6280 15059 30109 29276 4579 15021 15399
527 9488 5342 0 9541 7352 4657 2389 1113 11646 12972 56 5350 7050 9477 98 1068 6617 50 4193 7142 29047 5336 6659 13744 13740 21796 5346 21794 9514 5352 5351 5369 2956 2945 10398 26896 43 9539 4668 30110
528 2431 12255 6306 6296 2593 6281 13458 6411 2590 10957 2538 12259 16637 29302 21404 6396 6365 28320 16099 15021 14750 13460 27906 2536 14743 21369 6422 17335
529 17473 26945 19101 24877 17925 28510 19116 13146 1730 17219 19414 8087 1731 11299 12921 7087 8204 1554 17526 2279 722 14155 16524 28368 25317 8585 17918
530 15292 24449 1367 7749 7390 1314 1316 19539 29463 16977 5799 24097 20459 23865 12209 15213 4576 98 4635 14516 3875 16475 4636 7391 7401 197 4871 14695 7388 11834 116 5655
531 5079 7121 1452 27256 1955 2371 1063 8240 16252 1037 2307 135 1134 7748 6235 2179
532 8590 870 1710 768 581 15747 582 2818 6940 1766 17218 1736 8589 2151 1574 482 3523 1659 1649 1661 1657 3639 15192 98 20103 10062 226 476 1616 736 10176 6894 12573 2052 2152 654 20140 6938 488 9894 3016 25062 2170 2175 2966 12947 756 22434 634 772 6932 528 25122 646 1762 495 2153 3549 645
533 29228 17431 27342 431 28887 9058 4801 9051 421 441 404 411 26666 16718 793 23180 16560 9052 12650 420 16285 412 423 30093 9071 422 9048 795 403 20900 123 25068 126 30024 16722 413 415 9045 12654 22404 121 16284 20873
534 18583 21154 23811 24316 18541 21108 7701 23322 19887 27953 20531
535 2934 3975 8386 13816 8046 13814 8047 11783 3060 4583 30158
536 20977 21084 23133 30176 17724 20682 20634 19913 20766 22206 19759 18665 21608 20053 25917 20048 23215 23216 23213 19731 19870 21541 20964 28960 30177 28221 19909 20971 30178 19247 30179 21258 19187 28508 29092
537 15611 11616 30180 8706 29172 30181 2499 2922 2430 26884 2589 27363 26272 552 226 17128 7756 16107
538 1308 11532 10872 5096 10873 10609 1317 17114 30017 1313 14858 3067 7315 1311 30187 16538 14498 14679 1321 16221 23908 1110 10327 1128 14575 1352 2678 15997 11629 21726 1284 30188 17188 14518 27019 10893 7308 7307 204 203 1347 11574 1345 11576 10748 14515 3417 2390 14520 4479
539 18777 18781 18748 20202 20059 18987 30192 21251 28621 18200 18759 22159 16617 735 19050 21626 20609 25437 29190 22086 20344 17724 22149 14714 29543 10497 18746 14713 19137 21056 17747 23422 20656 22353 22351 18602 28406 20363 22782
540 26966 1156 18716 15437 16779 14598 1024 6515 16605 10061 5247 6721 26853 30115 6965 16614 21673 18721 21675 251 12159 2086 22891 8840 30196 2722
541 8098 8643 7810 14324 15587 4227 2378 8578 1024 1025 26610 20846 27527 21943 15528 1837 12817 13176 226 879 3029 2875 14357 112 15586 2512 12330 14905 25 13113 7777 24734 24397 24513 1190 2287
542 25742 25064 3048 11981 11488 11526 7192 11145 1731 3734 11966 15477 9950 28083 6941 505 13288
543 5786 8591 12346 26556 28147 25905 30228 3368 19030 23104 3389 20940 11679 24337 22722 26125 3370 25746 15934 8562 8555 11656 30229 30230 25915 20452 6962 20448 12503 25025 20806 23537 2174 16984 12544 8552 26563 26800 26562 23761 3390 882 30231 18166 13937 15359 25937 2192 4668 3367 8545 17507 20451 3369 23522 23544 20467 8565 17118 23526 23523 23269 17120 11671
544 10859 303 232 4153 467 530 1062 1857 2413 715 684 9778
545 17812 19537 23128 27367 380 509 1677 2921 11505 12634 13576
546 10643 28069 29743 11374 29039 30239 27873 11378 39 28068 28744 27195 20080 30240
547 29349 24068 21194 21010 30245 20089 25624 24655 7701 30246 898 30247 20504 21093 17901 22351 18082 30248 30249 21890 19383 24008
548 6433 3877 3875 6449 11555 8169 14450 1372 26275 14376 188 5315
549 28298 28859 4112 10489 24521 11414 7527 10592 26486 15541 16467 26704 7493 8110 17672 4107 7537 7525 143 1415 15543 11896 24192 12098 6154 2746 9807 7524 16025 10554 7489 14398 5732 25195 11879 28239 12091 6144 4115 7036 7574 7648 14396 11892 7520 7578 7573 6160 7515 7594 8930 12134 10799 5887 10454 668 1159 243 669 15949 667 14375 7569 24426 2126 12092 7521 11893 26368 11875 11854 12198 7523 7554 7536 12093 2033 10440 7572 16289 2026 7571 10441 7522 7534 7535 12156 30270 26695 12180 9631 4841 13176 8578 3766 25299 16295 8575 6024 14437
550 8184 11398 11396 6451 897 12317 3217 3205 28328 27716 30278 12316
551 411 121 440 25938 408 14412 799 29143 798 797 12529 10949 24335 12540 18483 5932 13028 12848 8678 10952 937 17520 21319 10827 6927 10171 9602 3431 3516 3639 1660 3637 597 12514 15754 13133 9932 8038 19413 16938 3523 15126 12526 851 852 8992 24211 8991 10344 12956 3894 2967 607 606 2976 16369 3923 6079 18225 210 189 218 7124 12973 13612 27012 11901 21357 14457 10220 10732 13129 15442 24215 16930 11814 4363 16967 12469 10175 3976 10729 4926 15577 4927 10733 4406 13847 14236 25627 13565 14234 25358 3875 12338 12340 2873 17486 13212 13261 5420 2869 5423 13222 5412 5413 14453 17487 9330 12339 5416 5417 26540 13223 5419 9501 2871 13257 13259 5424 13227 9331 9502 13224 16973 23995 12341 30279 13256 13230 5415 13229 5421 13231 29503 5418 2870 13221 19532 2910 29241 5425 13258 21318 11535 29363 3211 4871 1311 12218 3416 23905 7395 3418 3417 14556 14618 10876 14481 14456 14470 4212 4206 4214 4218 4219 4217 4213 4216 4215 4211 11191 4200 9211 22650 18645 6647 6661 6718 9317 9268 9270 9356 9355 9140 8639 8634 9357 9262 4982 9259 9121 4932 9263 1256 2070 2079 3164 7476 706 244 7478 4707 4703 4892 4702 4787 1132 87 86 10349 4686 16125 30280 15555 2593 6411 13458 10957 6296 2590 892 2392 10111 2396 2397 13607 2393 13608 2395 2394 10112 365 400 1421 5155 89 5157 1434 5158 5159 5162 2318 1436 453 369 2112 6022 6021 6023 6019 161 158 131 248 470 237 235 140 265 267 245 249 263 255 254 233 236 307 3586 3591 3581 3592 3587 3588 3589 3583 261 258 260 259 256 257 1334 204 203 1347 202 1203 1205 1204 1199 1202 1206 1215 1212 1214 1209 1224 1222 1220 1219 1217 1218 1200 1246 1198 1211 589 591 590 588 581 592 584 586 585 587 593 1647 596 595 487 583 582 594 6018 6020 1655 1654 1652 1661 1649 1650 1656 1657 1653 1659 1651 3338 3336 3337 18472 3340 3341 5750 5742 5743 5744 5748 5746 5745 5747 5749 9315 9354 9359 9099 9360 9358 8270 8280 8291 8288 8282 8273 8271 8272 18084 601 4269 24525 15758 10084 5938 13787 18065 22057 18635 22097 3762 3425 9990 4963 10070 7310 13389 6677 23940 16295 11756 18212 21684 18644 3760 3231 2223 29 30 2100 895 8652 25524 624 7756 12423 1616 628 3764 1673 17106 1329 7958 9272 12 13 6985
552 17772 20679 19477 19925 19196 24826 29634 18887 24671 22464 27198 18800 18873 25851 20384 21067 27888 19324 19544 19224 19853 14713 9397 18733 19143 19051
553 24798 25679 15989 17480 6627 17245 17927 25681 25683 25951 19026 16069 16076 14176 27079 25327 19442 6175 30315 18152
554 30236 4250 6006 4247 2903 4528 4521 4299 4311 13016 5997 5993 13766 10419 10421 10420 4325 4280 12954
555 30325 11055 27041 11984 11063 25709 26990 387 26844 906 11081 11062 15824 2989 12331 3538
556 19423 18365 20090 21223 19056 20304 18065 18401 18875 20241 22301 18764 22641 21433 23781 19261 18877 20346 22366 10499 21451 20525 18865 21449 20384 23675 23388 19184 21088 20235 18744 18900 26508 24069 8308 20083 29633 22638 19325 20707 18781 30349 20238 20524 19392 2632
557 19371 23427 22293 20393 18803 20602 23003 18065 22167 20350 20748
558 21868 17739 19281 19925 19727 27623 20520 8201 18396 19223 18969 18982 18388 20577 20678 20677 20345 20311 22091 18383 19187 18744 21846 23421 18402 23340 28384 30396 20273 21197 18755 19423 21216 26393 20236 30026 28797 18739 30363 19184 24664 21438 26772 18374 21193
559 13706 30397 244 1600 464 11871 6522 29631 4131 2321 13728 4425
560 12040 26790 26792 25049 30407 859 22926 25416 2292 17975 5272 27654 28804 5708 12049 2708 42
561 20278 20392 27732 20988 21471 20354 20189 20386 20237 20370 19184 18383 21002 27882 18978 19551 23683 22105
562 13430 9203 7775 13368 7776 30441 11183 30442
563 1321 7328 16221 30455 14557 14625 16171 7352 1319 1123 4812 26543 14622 30456 3412 1367 10892 6274 7356 28864 7357 198 11553 7346 14489 5314 4480 7411 23867 10866 14555 30457 1316
564 6409 14054 12551 10957 6413 2581 14750 13461 30460 16669 6422 30461
565 25236 4326 6008 30466 30467 7418 3248 3243 14280 14277 10425 4336
566 291 22009 1256 2124 10167 2321 5911 13486 11645 28122 10128 28994 10162 27320 16876 14213 8249 14446 8256 15804 16950
567 3975 3137 1448 11015 1808 731 4941 12203 18703 6233 13492 13904 4583 28118 2478
568 4798 10906 15367 10905 26121 15930 22959 5099 2012 15927 14715 25281 4794 15929 15928 6638 30476 2006 14221 15933 30332 4792 4791 28820 14231 26244 4793 29935 5070 2002 12700 11328 14225 15368 17617 15925 15924 22747 28817 1491 29752 14222 26236 23676 1509 10694 29559 1485 15931
569 21191 20749 18384 18974 18911 18781 18749 18834 21711 18926 18779 19223
570 18004 29761 3235 14904 20129 15940 12582 11325
571 14011 10263 6176 898 21620 3875 1367 16413
572 26378 21660 29192 28594 26377 27650 27379 25542 27376 24689 30475 24720 30500 28589 24690 22335 30477 30478 13689 28591 28593 28592 26376 29055 13680 27190 13688 13686 24698 24707 24700 13695 27377 13679 13696 26031 17832 30474 3765 16081 29672 13690 28590 13669 21525 27651 21659 13701 24688 28651 28587 13687 14856 27647 28588 26374 27649 29200 26375 24687 26207 14711 22334 25536
573 4549 3188 16020 7958 29999 11368 8494 16272 22886 898 5464 4426
574 4297 4280 4282 14276 4281 10426 14281 14277 14280 5994 4255 4373 6015 4337 14284 4336 14269 16997 16998 17002 6001 3248 4521 6004 3243 4250 4246 4333 10425 10435 4335 4239 5993 5995 4284 10424 4312 4244 4326 3239 4254 3250 13765 4303 24786 4304 4243 4330
575 13991 17385 8134 236 131 2794 10431 11107 11137 2105 10680 1583 10578 8056 1384 2065 359 2040 140 4827 2725 7505 4054 8373
576 8000 735 13777 2426 2589 2431 6374 15467 12242 7240 3543 13784 7981 21830 552
577 12461 21204 12462 30525 26598 30526 26607 29722
578 6578 17662 14733 6777 18256 18296 10000 27674 5125 17697 1477 17987 24743 14866 17685 25599 18286 24574 27784 24579 21340 15433 19805 2106 25466 11832 29647 21363 2107 18267 18241 17997 27792 27786 19777 18438 20435 18314 11747 9996 18240 17700 23238 18272 10010 18309 27675 18282 18288 15421 19804 27677 19803 18312 26946 9994 112 2963 13660 9990 10014 20437 18443 18258 30091 25298 23691 24742 3006 15430 30566 18273 17698 18291 18310 18313 22238 9997 18283 30567 30568
579 19283 19143 18760 27108 18773 18855 17763 20340 22480 19260 18065 19489 24792 19184 18382 19287 20725 18375 18373 19190 18810 19188 20643 19189 19472 22203 20514 20372 18200 20055 18379 18201 19314 21152 20073 19198
580 10677 10509 30575 23261 19515 13789 21694 30576 16627 7808 2617 4561
581 4292 4291 2174 1548 3462 2418 24921 876 8068 3978 7812 1805 15667 1804 14326 8006 7998 23733 14323 2279 4320 24321 14339 29244 13281 2879 16993 6938 26870 17530 6935 27267 1731 3637 1654 1655 1656 1657 19515 26648 9476 98 2130 28333 14342 932 2696 3172 8440 4224 22003 13290 30452 6037 26442 457 10454 3164 13488 704 711 665 247 142 6034 28573 6502 2972 6562 2937 1756 1524 10170 807 611 30581 1677 16053 6561 5738 12327 2520 5756 8217 24745 20145 4242 4327 4373 6009 14118 7332
582 22500 14959 10679 1801 17347 6346 29885 9376 1808 731 13025 98 1479 1470 2107 15107 28932 21362 21364 10002 22983
583 6038 11408 6136 4115 11284 457 6731 5389 6562 2971 11274 8927 10475 2771 5536 1415 4100 24423 2266 667 676 252 1290 8057 1287 10600 11417 15735 6143 12141 1855 11437 2037 258 260 259 256 257 261 4864 2026 14434 10556 6475 9811 11288
584 26955 29472 15076 2453 27237 27238 6314 6365 12266 30596 19790 26576 2824 19834 15591 4573
585 9272 4961 8793 3263 13059 1977 9253 10180 4963 15373 16357 4907 9315 9423 9839 9448 8818 10257 4891 9436
586 4438 4719 2200 15501 5221 12672 10209 5925 10131 26246 10031 22933 10504 220 5917 3923 5926 4065 27236 860 3843 30603 10747 10211 4815 2992 17815 29855
587 18911 18744 18379 20186 18384 27889 24867 21579 28421 21065 18887 18333 18748 20621 23952 20413 19481 29433 19050 20650 20213 17772 20935 18769 24070
588 22322 22165 19851 24517 24053 24518 19548 30637 20050 23019 25611 26737 22847 24341 23035 23349 22820 22871 24062 30638
589 19733 23131 19323 20211 20041 19730 24826 18335 14713 20260 19183 22187 21096 19282 18336 10497 18748 19283 20514 19008 19274 24649 20182 21001 19881 19256 24670 23451 18898 21007 20772 20027 20173 18878 24501 18873 20803 28187 20206 20069 25434 22294 18402 18979 23079 21602 19372 7696
590 20957 15639 15779 15786 16880 11603 21773 15781 27222 14446 4129 10163 26430 4653 26278 4131 13205 16868 8546 10127 16872 12230 19710 22263 16825 19130 23724 10167 16874 15776 30644
591 21964 22249 12896 18720 15049 117 414 9087 12655 9071 801 30141 10856 16745
592 10047 3859 3804 10784 21765 3858 30446 6059 30652 3837 3867 213 193 211 210 16561
593 19946 27510 9591 19959 2273 4181 27693 29337 26296 30667 8154 8158 4188 14597 27074 28537 8167 4190 27073
594 19116 14850 24698 6627 11375 13688 21282 13434 13437 13436 21525 13671 6630 16083 8583 14528 30680 731 1818 1805 735 4577
595 28359 21691 14177 21690 19438 19435 23562 28133 14787 22339 22051 30055 23332 23942 22056 16063 19436 28357 21701 6174 30705 19437 16511 19976 7717 16516 16072 26491 26734 26735 7718 30706 28353 16076 25516 25331 28365 6175 15983 15988 25330 30707
596 22174 20409 19548 19593 18065 29619 24882 24044 20650 19303 22766
597 5285 12694 5293 12039 12022 28020 15829 15500 19945 5226 15502 22917 5236 5287 19943 12014 5266 12021 27805 24992 25017 16570 860 23500 8165 16231 10251 22909 12027 5281 28021 10295 5308 24107 23883 22420 12670 2203 12048 22419
598 9399 20561 18610 23029 23190 18138 18868 18869 18364 19822 18065 21116 18783 21156 18604 20651 20032 19903 18984 22346 22829 21858 19897 19584 8324 8316 19593 18596 30737 18609 18607 17414 17719 18148 17772 17406 7701 24046 20560 21308 30738 24074 19548 30739 17397 18147 24516 23191 18134 25142 22742 24383 30740
599 30757 30758 29714 29708 11378 15979 30759 30760 30761 30762
600 13015 4278 3250 4331 22407 2892 3771 12648 9087 120 411 121 436 434 23473 20936 21642 9086 3223 4802 12649 20883 9045 23180 3415 9081 126 16579
601 19826 17760 18100 17729 17412 19824 19317 3765 21884 17728 19628 23315 19631 22473 30780 17417 10899 7691 21590 24665 23465 17881 30781 20320 20922 18344 23330 21111 24500 24803 17765 18551 17397 17376 19627
602 27133 19363 6543 26286 22231 4638 14702 14639 14674 3408 6273 13231 3875 3828 6528 10688 29675 3884 11626 13254 16892 3806 24780 10019 28162 23874 27325 13214 6152 23693 13756 29335 3918 86 13050 16811 26446 116 4635 7830 30786 17064 28009
603 23750 15935 3785 901 16179 17288 899 6919 25741 624 2990 26286
604 24513 14778 25927 21109 25678 21122 12225 14455 14378
605 18159 17566 10777 19621 16411 16426 5293 22908 4627 21990 19622 17588 17934 27691 17498 16409 16421 27690 7589 16420 16006 30114 10778 16427 21324 6457 16408 17567 16005 27048 18160 7061 29000 1616 1716 2176 387 2883 12943 10241
606 21078 17724 22663 26024 18095 20036 29428 18401 20549 25397 7696 21067 19899 20597 18198 19384 25833 19897 18399 23006 20737 20336 18394 18336 21215 10500 18415 22479 24249
607 29058 18201 26933 18333 20235 10497 17772 26934 24623 22659 14713 20772 26935 25434 18374 18665
608 21396 16415 13078 25448 2930 14754 21388 15349 25449 21400 21391 9083
609 13381 13382 9176 4209 9187 9210 9189 23809 10067 9199 7782 13368 4203 14147 9203 27831 30797 18628 4207 13371 29 12 4210 11 9191 7761 13 21903 13112 6992 30798 7091 13393 3231 14154 9206 3224 13369 6984 10673 4218 7763 7768 13409 3230 1336 30799
610 158 8959 6502 13974 7503 1998 14375 7525 9807 473 10451 2239 12606 7532 2087 8145 6463 1287 11886 14435 2022 4834 11884 11885 7524 531 150 7225 2736 5898 713 21677 1389 1876 8478 4103 8117 9599 12119 30801 29283 7233 14187 13062 1291 1059 7495 4152
611 2638 9910 10611 10147 8678 17219 946 14062 22025 840 9949 3498 7088 11512 3682 21165 3962 7145 1616 5389
612 28882 27856 25473 21393 21395 13977 3116 145 687 10485 24561 15418 1814 735 12212 28854
613 10442 16958 14546 4130 7461 6971 25974 11873 15016 11872 8546 5957 29532 29529 29494 16873 30819 16949 28016 25973 30493 11644 28770 27031 8275 436 20936 30218 19614 28887 30820 30282 30283 30284 30818 434 29147 26431 20937 19615 30217 433 26426 117 121 794 123 409 122 800 799 29164 125
614 8208 21374 21383 21381 13805 26414 23933 28668 30824 4585 3975 26623
615 25397 18819 19458 20802 19306 29167 19489 21089 18065 28112 9402 21867 19733 21854 20067 30533 21006 20674 9405 19253 29137 30835 19912 21104 19881 20214
616 23142 11549 23425 19392 30246 20991 20694 18793 18198 19451 18333 27883 23213 19450 17772
617 30806 860 859 26791 26792 30341 28804 30061 26790 12010 26700 25049 30335 16420 16418 6457 30336 26789 30645 30100 28800 16425 17856 10247 2279 10988 2378 375 28085 30337 30099 26786 30338 15707 10778 16417 17935 16421 7061 1616 6731 30340 30015 28801 26701 26698
618 24993 26541 27539 25009 25007 25014 25013 26265 24962 25010 24963 25000 28400 24988 25262 27465 26266 24964 29840 26255 24990 24972 24983 24973 25099 25553 24997
619 13868 9953 501 1624 4289 10141 480 10515 3537 2661 2165
620 1153 12207 7312 23176 4600 29686 10875 26894 19396 14532 14474 30901 7329
621 1681 722 13277 3643 12527 1677 18454 5938 539
622 3793 7254 904 2677 7266 112 878 8441 925 969 16088 971 3674 926 3029 10242 1680 3728 12784 7238 8044 2670 15814 30071 3173 10788 8434 7174 9899 7430 14262 16391 13306 718 2107 21364 3028 11516 14320 14805 7212 2250 26750 2105
623 20039 20331 19495 20678 21556 20420 27764 18065 20676 20723 20702 27765 26301 26018
624 23604 21920 22509 3766 21922 21918 19073 23603
625 1108 116 476 1159 302 145 3116 159 1856 6053
626 29122 23018 22824 19595 20031 18401 18805 18741 21193 20977 18065 30166 8317 21013 21428 8320 20923
627 30952 30375 4203 30642 28600 29040 26943 12460 29718 30953 30954
628 30645 30538 26793 28800 28799 30337 26697 26700
629 22271 876 14805 3782 16223 9569 1573 6927 2134 3967 2128
630 278 300 4017 2063 7965 3256 311 7962 5181 7952 6091 1089 6238 308 12934 1185 9610 7218 10862 4579 14049 2507 16566 2478 2482 2548 2584 7975 30974 2474 552 5439 23708 5183 5598
631 17758 23584 21709 18902 19589 27823 18926 21107 19627 20934 30977
632 30457 10866 19109 10893 1309 7329 14523 30406 15690 12225 3416 22230 7396 1358 1330 17825 11544 12756 7373 11474 17191 1153 204
633 12274 2440 27020 4095 4094 28459 4572 15076 2536 6298 26956 6411 4566 4579 28706 24935 2594 2138 17690 4514 4248 14275 10425 4302 4301 6009 14283 4327 5993 5997 13020 4300 30521 4517 10426 4335 5994 14284 7334 5998 10437 4257 4284 30451 28075 13765 4304 30983 14116 29863 30984 30506 29864 4528 14270 4374 14265 4247 14269 3784 10576 5136 26959 6386 6358 26283 4557 24583 27908 4096 6401 15465 549 2591 16002 26271 19801 24358 11083 17689 14266 14267 14287 14285 4326 4314 6007 4312 4332 13022 4513 10422 10423 3249 5991 4375 6001 4521 15645 4311 4299 14097 13017 13019 5996 13018 4333 14271 4244 13880 4297 4298 4239 14274 4373 14279 4254 14277 14290 7332 14120 7333 27174 14118 28889 6840 6875 18658 4523 14104 4281 4283 10435 14276 14273 4516 5995 4336 4334 14278 14096 4337 6010 4256 4325 4498 10433 14291 4518
634 1410 663 339 3999 6047 5472 2805 5479 3124 693 8333 5672 7563 6502 1440 307 13488 476 20652 1322 10563 28338 8136 22032 10444 2787 2032 3078 15724 15507 7225 275 22030 1158 2785 6133 267 14003 12931 5853 3400 8478 1859 28845 13101 4864 2745 8376 1441 1639 4142 2753 6157 682 26449 13094 30985 335 11295 10288 624 861 2781 5167 19968 3352 1395 11715 30986 26693 6497 3377 3779 8861 4847 5841 147 249 30938 12176 4862 2834 12144 12132 14381 252 2806 1849 1901 2613
635 14754 15349 21391 21789 27927 27589 13571 21400 9083 25447 15537 21388 14769 26089
636 28700 890 1330 7401 196 24441 20459 24439 11868 3879 8299 192 193 213 211 214 212 9338 215 15767 6536 217 216 218 3817 21767 11125 205 3838 19839 26732 2297 29789 6426 16363 15891 29769 7824 7822 30989 7826 27471 3825 24755 3826 3827 2765 10044 26204 16365 10046 189 191 190 3831 24306 29790 188 3824 6427 4880 4879 210 6428 2762 19850 3813 22431 3859 15765 30990 9643 9651 27032 10061 28523 25778 20466 16445 20807 3967 3968 3960 15630 4992 10166 4130 4989 4990 4988 10797 4993 29531 5957 22006 29530 14214 7461 11871 29532 11872 14545 12229 15048 6765 13727 10535 13760 24952 8458 13734 8471 8492 6751 16115 6744 6741 6749 6748 6745 6746 6747 6750 10541 6739 15576 9030 8483 14780 14793 15614 6740 6743 15613 6742 17199 13724 8456 15129 7147 16104 14256 802 4941 16626 30126 14323 11031 14324 11030 15667 22266 1806 29649 11007 16625 8070 11020 11010 11009 11008 11011 8012 11021 11006 11004 11019 11027 11018 11022 11023 11026 1795 13026 7991 1801 1815 1800 8017 21823 13131 17930 26684 4935 8075 8069 15701 1792 10485 5408 734 7293 14309 8001 11402 25560 30991 30992 1192 2287 16544 13189 30993 6454 28091 10725 10726 14330 14328 14333 14332 14311 14310 4944 13120 4253 10375 3238 17943 30994 12542 30516 15509 24540 22269 9466 29662 28778 10175 25129 28776 25128 10731 10729 3802 19573 14704 14969 11813 4409 16235 21809 14968 11942 12935 11941 22214 30995 19654 22977 10361 10362 22217 4386 28666 4385 26331 2421 16989 3593 2380 5987 3955 3690 601 1574 2052 1720 1721 1725 15127 1728 11579 25744 10929 507 15619 11160 3631 904 582 15332 12466 8991 15331 30482 15193 772 16429 26844 539 581 4594 3547 27928 17519 487 9008 9007 2135 26439 14044 26869 109 6894 11634 9868 15211 15748 10951 17521 3037 28170 5938 6896 21600 6898 9869 11635 11620 15203 12526 851 16520 852 13658 17050 503 24915 29867 1650 5791 11158 3521 1661 1659 3523 2381 1651 3520 3522 822 10172 8993 3755 3754 14913 583 30996 15202 8994 8995 3433 3753 3752 28453 12950 15204 3749 3751 2405 3226 1731 9936 15189 15196 3548 3564 3563 1710 2980 1647 13135 10322 12494 21384 26623 8207 4570 3155 14191 2593 10957 5145 2425 28914 26884 2578 2577 6303 22021 2559 2427 2575 16665 5143 15278 5142 15279 16677 2430 14189 2480 2472
637 3580 2054 12836 17862 22261 27040 21313 3663 3239
638 13144 26631 10979 17136 28659 6786 3769 2989 11984 2249 916 837 913
639 30064 23078 18065 19422 23376 22490 17405 17772
640 9684 1091 2681 1028 3843 9554 22034 7969 12657 6319 16435 2923 18490 12054 2339 15369 1278 347 5619 4535 7952 17776 1164 5642 13943 4759 16438 6502 10412 5814 21782 9224 6119 9237 1241 1134 6268 26122 7873 23737 22222 29281 3908 8400 4751 8404 12055 5964 7795 28522 27036 1329 6275 8213 4657 11574 1334 14246 14510 1358 116 1033 8421 13554 11584 23764 9685 27535 15372 1494 7965 6114 13519 6086 12361 8029
641 27927 2946 10224 21787 27356 17511 25482 13081 27857 23834 13078 25472 25450 26089 15538 13077 2934 30033 13574 12555 12556 12558 14757 2933 12557 25475 2950 31040 21789 31041 25481 21393 13572 27562 26091 26092 26090
642 1120 23971 4479 14663 188 19109 1367 29659 10866 26671 5431
643 30577 31052 3853 3848 6432 192 213 26930 3867 193 21962 6540 3844 217 10782 894 628 14655 14672 29384 19363 27671 2210 116 3847 10267 9982 10266 10272 9345 23440 860 24957 3964 22406 6541 10255 31053 17139 25061 188 1367 13746 27571 16478 17193 3219 10039 24752 13756 13354 31054
644 15009 19172 4280 3248 10424 7335 15644 4392 19565 17391 16577 27057 2403 98 2846
645 10114 10110 7202 26888 8650 18179 19402 12871 4721 8913 894 19662 13613 3216 12612 3206 3208 2398 4720 15603 16974 4726 15602 4725 4727 4723 29670 24535 22726 3215 15296 10782 896 12301 8649 18519 29657
646 18873 23634 27098 9402 20627 23419 19898 19496 19730 21437 18860 21710 19293 26962 25918 26066 22792 22178 18805 22303 23226 7706 19915 24400
647 5302 6833 31093 10175 27055 3784 861 2892 1358 22932 860 15841 5790 5789 19952 17250
648 30438 5859 7632 4862 11292 16656 6140 7042 4056 7005 14002 8529 11799 467 468 4103 5680 6161 6146 12069 1061 14181 14445 7570 16289 24114 10454 14395 13897 249 7648 5887 7573 11711 2805 5047 12134 2018 7660 2735 1432 12133 5105 15629 28737 31094 1373 397 4100 31095 3381 12100 24119 8128 5951 8060 1917 7517 1290 2126 11816 7634 13205 473 15117 28027 1415 15730 5864 4180 6482 1855 2746 2217 4158 25652 627 4635 12209 30440 23289 12931 147 26450 668 243 1919 15723 30370 7235 13488 158 31096 26449 23490 26708 28299 4112 5886 29643 7571 2033 2037 12198 11854 12088 11830 7515 28015 30723 4108 14407 29754 16481 31097 22745 31098 19040 27937 30720 8110 16896 2111 29779 1419 466 2083 2034 14186 25524 2062 7617 6475 28265 19971 5536 1256 21679 450 17492 7602 7603 447 357 703 2793 398 131 235 140 245 161 265 267 470 248 706 27707 1859 4496 89 2318 16296 27708 20811 2280 2774 366 2231 1422 23692 7645 4864 11863 11821 7467 2042 7524 11896 11825 2265 2039 8508 15816 9789 17124
649 9524 1467 2214 6113 21179 5004 1998 8411 13530 1480 2259 2299 26112 1049 13513 1130 15097 10690
650 156 17680 1863 5381 5001 16822 29578 4123 1279 29486
651 1321 26544 14557 10742 4810 17623 1325 4873 7445 7451 7450 16541 1337 1335 29304 7929 7687 1333 10214 14569 3409 3411 14636 14675 1120 1327 7319 7357 2409 30586 14624 1318 23904 14702 14458 12225 12754 7396 1311 5429 1312 12218 7315 22947 28829 22270 7404 22754 1358 14663 11646 22938 26245 10888 31131 22940 31132 22937 1338 17621 1344 25056 7306 7307 22950 30584 30830 11567 1332 11568 16325 10759 1324 29299 22934 4636 3407 7317 7341 1126 11554 14670 3416 15305 22026 22948 17675 22923 4817 14674 26857 7685 4654 4478 7438 14564 1366 16475 3875 191 190 10044 189 14382 773 459 633 810 2675 25672 2882 384 25674 393 383 937 599 3637 582 822 3628 620 1529 1531 3054 8440 10975 1844 2378 2679 5767 11001 11002 11032 2411 2943 13296 1156 226 6538 3847 23498 207 188 3877 1367 3417 7397 14500 30712 1340 10751 26554 30619 17817 3410 1331 4666 1328 1326 22227 10869 16250 16764 22933 22925 6450 29043 30923 213 15891 1336 30585 28541 1119 1323 4871 1314 17815 22751 27572 1153 23972 1155 15355 31092 14690 1313 5095 1334 18188 27164 12617 1329 7406 7407 10668 6275 17820 23881 14463 7686 14462 14461 9465 14464 14637 4644 202 1348 15899 2390 14465 14466 26996 10868 14467 23882 1349 14468 203 1347 1346 204 30676 17818 30829 7308 11557 30677 1330 7314 7362 1372 628 1710 2632 2521 3172 2520 3451 8698 3472 382 8589 1657 8066 3486 2159 460 5741 905 2677 3557 15189 2981 28169 3035 1656 15194 5394 973 744 738 5939 6586 6892 12964 11519 25753 509 9596 9597 9977 5921 13340 392 617 955 923 970 848 804 844 6066 974 3890 4295 10615 6775 18457 6928 11551 1682 6934 1625 2884 3640 7207 487 102 6894 6895 5938 21600 29489 6896 6897 6899 6898 1728 2060 19415 1738 1552 3734 14910 932 2935 1535 14046 14042 7238 2676 3450 8679 591 592 1647 594 593 595 596 7104 14340 637 11982 601 2668 3618 5779 11073 5778 5777 11074 9868 3625 99 10838 824 15191 4402 6999 1712 3767 1673 1574 765 2661 1570 2967 3661 5796 3544 3041 12378 1537 499 583 3751 30996 584 585 586 587 3749 3018 1655 1654 1652 1651 1653 1650 11930 12802 21299 1723 15680 16399 10931 12524 10937 1756 23728 9974 3532 9935 1533 1534 1538 25944 17219 9898 26560 9159 6589 564 29025 110 504 10830 3678 917
652 16480 1089 7793 2301 3254 2359 2276 3180 7899 5586 26382 176 343
653 10980 13273 3523 1659 1653 108 870 2059 1736 9957 394 2887 10341 822 3631 8993 3754 3755 581 17521 6894 487 9014 9013 8675 12917 13763 10160 3593 2380 5987 3690 9577 2402 10320 10319 2403 3500 26132 2421 12684 9613 1558 24924 2418 5793 14062 2420 10156 1574 2052 2051 112 11146 6073 12784 13357 1189 25367 730 1793 734 21695 2287 6842 6843 13132 1021 10031 15196 11519 599 1756 948 947 1710 12804 21650 13761 917 10925 15198 27687 1647 16989 2985 3028 12916 14727 15110 26866 3034 1667 12846 5771 13343 5770 13598 3558 1648 583 1566 3751 3517 919 3680 3032 12573 8643 932 2169 17525 26142 12203 28773 26855 4939 1808 735 9987 6941 2105 6559 6976 14257 14256 802 97 14258 96 14260 98 4576 2250 1728 1625 1783 1661 3025 9584 1563 459 633 460
654 18745 8201 22317 24789 17772 20587 21030 20638 20078
655 3233 13396 11761 3224 3231 7769 13430 7763 39 7782 10619 4206 9190 23809 13378 13380 9205 9209 9208 25205 9202 13369 13375 12 6990 4210 7788 28 14134 6985 41 14151 8 13438 13442 16599 13441 18641 7761 21533 7759 29901 26627 11192 14906 14129 14130 14128 15242 11193 7079 25
656 10954 2712 11468 23209 6720 20836 5708 860 3771
657 13626 8458 6718 10406 1996 6812 27351 8482 10531 10401 25625 6768 10528 15128 6761 3877 2890 12340 29655 189
658 946 11490 3565 3688 3568 1790 902 10872 10609 1319 1330 194 6450 22726 10110 899 2279 1620 3035 10789 3620 12527 13605 1767
659 25813 29062 20514 19283 21283 14713 19143 20206 20932 18741 19260 22187
660 11911 10239 12912 11916 12550 10329 7204 10273 11905 22525 11913 17273 24303 10266 9886 10910 24301 2892 11719 30919 9349 22524 17325 26523 17327 24403 20429 27259 9231 15610 19618 17331 29218 17329 24296 23997 3339 24404 24161 5737 2713 10268 18159 31211 7586 12371 9345 17334 24407
661 14608 11964 30150 13879 4077 19576 6705 20170 21434 7426 11096 4363 6875 27374 17200 11252 12595 12843 13846 11842 29626 11255 21808 4411 7430 13067 14607 16581 1264 11683 2109 2105 21435 24759 26211 12470 11345 11112 6773 2138
662 26173 31220 20966 6985 19915 31221 25918 19876
663 25683 17241 17922 19026 16523 25951 21672 23807 17470 15990 19865 17923 6627 17245 17927 17240 28351 19025 19023
664 6720 476 4847 11824 29463 11096 28324 6380 6305 12258 26148 552 6562 2875 13178 14201 21778 6366 6328 2523
665 9061 26814 439 22550 19571 23520 13745 16751 16754 31271 18530
666 22001 19418 23809 7760 4215 13410 13414 40 15244 27864 39 13378 25072 6 25621 26316 13397
667 9398 18849 19461 10497 19313 19919 20079 20283 18817 20215 17739 18335 22097 18741 22159 24670 17763 22764 18799 20219 27082 21067 19222 18733
668 7743 2779 12121 9598 145 302 663 8123 2413 2939
669 6706 22979 4234 12542 2846 1089 901 10110 22143 3210 899 116 26549 9388 6863 25945 27170 1359 11263 30756
670 24217 3414 26307 4871 1334 25124 14507 7434
671 17711 10790 20426 822 9170 843 7262 8204 26514 2134 2140 952 844 16913 932 14113 11520 505 12772 3621 9155 11071 26844 29780 860 25065
672 20345 18741 18383 18200 18393 18911 27094 21571 18803 28103 29202 28813 7716 22056 19436 16063 16056 16512 19915 19392 18777 29551 19283 19870 22767 27085 19302 18994 22480 23629 19483 31318 17763 23085 20206 20656 21468 19758 22734 31002 28269
673 21124 20258 23054 18783 19869 23224 28780 29365
674 21039 28670 21040 14714 18991 26971 28398 30171 18749 19185 21858 18415 25157 23200 27932 23979
675 17619 1150 7008 5094 1367 7458 16765 4657 26286 3417 1119
676 18873 18336 18778 19915 20697 19479 24497 18911 20730 18665 20219 25932 19495 25507 30929 18738 23572 21422 20215 21873
677 18379 20396 23335 20577 20368 19261 20235 20629 10499 20691 31336 19423 31337 20236 27293 26410 24823
678 2712 4549 10954 15228 6799 15251 471 2407 4457 15246 4695 4679 19353 30515 9535 624 15700 7247 824 3747 3483 10948 8077 14303 16982 12689 8168 3428 524 2404 3746 10676
679 11901 20459 28966 207 3866 19837 15811 29896 15812
680 12749 9012 13165 8664 4661 10936 3035 17214
681 5775 29523 3453 12922 7096 2404 542 112 881
682 3760 3762 19417 11187 1190 15418 16617 6344
683 24012 24007 12830 13326 898 3208 22860 24062 23038 20050 23350 24834 24411 31389 24815 22822 18754 18065 19588 31332 19639 19496 18807 18802 18745 17741 31142 23015 19010 27553 18998 28875 19548 30739 22576 22796 21429 13923
684 23952 24075 19596 29341 24068 21093 30419 19594 8316 20490 17398 21019 19585 31396 20488 19552 31397 19549 21092 19383 22842 20050 19548 27547 10495 22642 18911 19184 19185 19259 25190 18065 23195 23199 19484 19485 21150 14714 31398 31399 22851 18051 22327 8307 20934 21911 23484 19851 27597 29633 29129 24848 22741 31400 25407 29064 22742 19586 8314 27863
685 8727 8632 9119 8828 9721 9752 15909 9142 9421 27257 8745 9440
686 25805 25803 25804 25801 25802 17854 17885 28506
687 17570 17579 11458 17576 11462 23519 12898 22013 24172 10722 15625 15626 12900 10723 10718 11463 28648 16771 29995 24894 23701 26250 12899 23697 7066 7065 7067 7063
688 9931 23839 10931 807 1728 1731 382 937 387 1739 599 1710 384 647 646 21814 2279 11703 628 3417 10740 26543 4812 1325 1336 7435 490 20846 22219 1334 204 1347 203 202 1153 3416 7013 14525 14515 16547 3068 10875 7315
689 20934 21906 28066 31416 20923 19600 17758 19897 31417 30560 31418 19240
690 10041 30507 31052 9339 3859 3884 21768 3847 116 7941 28661 1465 15404 13528 87 86 1132 1012 2310 22963 98 2105 19564 12595 25081 26552 4267 8622 25639 11948 14609 10417 12427 10946 13772 21834 17304 12959 3447 3715 1731 2926 1673 1714 1721 1640 824 907 936 13150
691 26246 24988 3841 3843 9916 15455 25018 25550 5247 1024 15437 1025 2192
692 3121 4000 8916 7153 1015 3164 2027 23916
693 27847 29603 10084 10083 31036 27846 25302 31427 30823 18907 10076 29605 16883 29604 16884 10078 10077 30524 31428 6926 25303 18452 29653 31429 31198 29819 18422 29590 18453 31216 18421 30080 18450 18908 30822 18906 30833 31430 31431 31432 23804 30470 29652 30081 18424 14772 30047 31433 31434 31197 31435 30834 31215 10079 10080
694 19897 26081 21914 23648 28936 23389 26068 25167 25892 21753 25893 25183 27513 24489 17398 23481 26082 25193 26000 25992 18409 18410 21348 26467 25184 26067 25170 25185
695 7756 31112 22059 13917 2649 22679 21901 15955
696 24065 24066 22871 27819 24060 24083 24036 22843 24061 29258 8310 22877 24024 8315 8308 22816 26464 23952 19593 19548 22324 25832 22165 23019 24488 21015 22859 23037 27145 22806 24641 19596 22847 23030 19381 19595 19377 22808 29340 24253 19587 19588 30161 22860 23035 20090 31445 19384 29199 31446 24035 20909 24349 21020 21102 23033 24007 20506 23026 31447 24245 19897 18846 18415 20587 21040 21734 21041 26197 21042 18417 9400 20651 18065 18372 20304 20051
697 22583 25498 22597 31086 28303 28311 23154 24597 22591 23168 24608 29810 22609 23151 25495 23164 22592 30958 24616 23150 31457 27449 31458 22593 22611 22589 30428 27459 23166 30430 23167 23106 31459 31439 24611 22594 23165 28300 31460 31461 31462 19113 29842 27390 31463 31464 31465 31466 31467 31468 31469 30433 31470 27285 27414 25862 31471 27454 31472 27435 24604 23110 31473 28304 27455 31474 27416 29425 29804 31475 31087 29419 22588 23149 29423 23162 30505 31476 31437 27388 27458 27460 31477 29418 22578 22582 22602 31478 28312 22614 28948 24595 23158 22584 22579 23161 31479 31443 31480 24610 28946 22600 29805 23152 28301 23114 27446 29849 24618 28302 29801 24599 31481 31482 31438
698 18172 6139 11697 25901 9653 17630 6968 17568 23723 9654 18630 18496 6516 29411 19658 2195 27065 25935 2196 6520 25934 25936 21335 26218 9337 29389 5071
699 788 27565 18672 14985 26686 15290 2105 14861 26249 18671 3771 23412 19990 98 2403 13745 31065 29131 11726 28916
700 6531 4879 186 18219 18220 18221 18222 27130 15219 30648 30649 27129 30650 11867 19363 26105
701 18333 19639 10654 29693 21204 30124 31508 31008 12462 31509 26589 28196 29696 23981 26594 31510
702 29268 31511 22323 23952 19377 25923 22814 24236 28711 24087 27106 31512 23951 22139 23058 21840 28712 23037 24054 24033 24080 24035 24075 8312 22871 24060 24036 22840 21011 24048 24047 31155 28067 22327 24044 27511 20088 28958 22119 24344 31445 28493 21092 24007 24025 19383 23035 31513 31514 28490 27600 21838 19595 21890 22877 24061 24083 31515 28670 20607 18065 22668 20051 22669 28501 23021 29249 23019 19548 21432 24074 19593 28492 24346 25105 25924 23143 22855 30850 21223 17741
703 20807 25935 26219 2197 6520 15358 10665 2196 18528 24142 17280 11616
704 8232 27974 3353 8229 23747 3987 25257 29029 30078 29480 30316 9225
705 19250 26185 20532 18739 20283 19560 20022 19187 20370 30183
706 5087 17460 11678 25746 26803 6236 8556 11664 22713 26559 22722 20453 8539 31519 23523 30230 8576 26563 8542 11676 28148 8545 22707 8579 29316 17461 22723 19677 26802 31520 17118 10065 8534 11668 20807 28639 3367 8567 12498 8537 29567 29471 17457 22724 21974 23525 25774 25775 6960 8557 23527 11665 11666 28255 19036 21676 20455 6959 26799 19060 31124 23545 17120 26127 22246 14989 22245 16607 25906 20448 20452 26800 11677 8581 28147 31521 30212 8559 11680 8519 20443 3369 17456 25905 8555 31522 12430 20806 30288 8520 8522 6256 14990 21972 6636 4886 12195 17502 21973 20442 21975 4884 23267 7165 3390 20445 17459 16609 225 4668 27610 4947 735 8517 15142 2977 9965 12747 460 2140 511 2279 742 20658 1691 1470 3007 5120 5118 5119 5121 18299 26989 9993 11114 15357 10013
707 3121 13176 8348 376 31364 5383 9554 1884 8361 5860 2028 2732 7525 14003 14297 10442 10163 10454 326 5068 5531 4862 5828 1411 1410 335 2745 5046 5873 2221 27701 7111 1438 5680 1923 20816 5881 9797 6132 10602 1089 13051 3344 5367 9555 6579 17492 676 156 8364 400 243 221 142 1404 238 1408 12931 4142 1258 241 19713 1059 1015 3304 18500 3293 173 1010 8976 13 7091 13399 14140 4 14894 7787 7777 29 28 40 3234 41 11845 6985 7761 13451 21276 25881 18644 3237 7077 7095 18958 7756 2070 158 131 2087 1635 1264 2755 4130 5655 7204 8266 12550 2085 5448 8485 25566 10914 16107 2266 307 470 234 5375 2760 240 1604 5351 7286 9512 6674 5346 1065 31534 6611 5373 2874 2062 23500 5218 12039 24100 4628 5734 15500 5221 4066 10295 12023 12678 12022 860 2198 2196 15359 11856 18630 11855 29330 29887 2192 1392 2046 5721 9523 4062 1413 1900 11800 2788 27706 1854 3190 3188 15996 4508 4438 10288 4551 4881 17146 5466 16557 19968 1415 9631 147 7505 2804 703 31535 25754 1441 12144 5472 447 6501 8374 12761 8960 11673 1414 2787 12099
708 22029 2075 2079 7471 7137 5668 19716 7636 15122 7664 15120 15807 15631 7683 5165 11425 10439 2970 7040 16466
709 29792 2116 6346 17340 27730 858 2670 8698 17518 24211 3631 2250 28005 2287 13131 385 499 1680 7430 6843 15736 7250 16399 16987 8993 869 1728 5454 15044 5456 23731 15669 735 16580 4406 6000 25129 10729 13655 822 1753 807 11623 11981
710 31553 18106 31256 30273 31554 30839 30843 23096 23103 30841 30274 22838 29951 27083 28524 29553 25109 26035 31555 19586
711 3530 3053 2632 1759 1669 19582 2989 2995 9158 7212 3778 3690
712 17321 25288 15243 25728 25048 16257 6916 6739 9031
713 24223 15423 4237 23898 16376 10546 11350 13013 2098 17949 2103 17948 13887 13035 9385 4307 3954 11034 1844 5405 2417 2416 11619 2624 13914 13665 23234 21358 13663 9079 9155 16321 9393 7269 2620 12572 12568 17318 2522 12569 15523 929 18431 13725 10628 2715 2717 3770 8055 2697 932 16385 5783 19505 817 2518 8062 10621 29874 29588 2516 28983 18434 3722 541 502 491 16378 6760 17980 4324 12718 15009 12736 4315 4410 16901 5762 5761 28045 9384 5772 11838 3017 21299 16238 12639 10981 10982 2618 3952 3953 2846 18427 13886 16393 19576 28432 22398 15509 15510 24770 12590 11352 26251 14947 26550 4389
714 2689 12840 2686 12854 8084 2418 13852 31586 2632 3792 2405 2406 971 31587 10161 8672 934 1838 10864 6380 2520 8665 3759 2697 2878 543 13312 12336 962 10018
715 9840 9846 10186 9369 9853 9145 9683 9315 4951 9132 9127 9128 4950 9135 9134 9706 9102 9257 9283 9716 9131 4952 9130 9701 4985 17855 9735 4961
716 13945 4148 5606 16251 1821 12770 25237 735 2683
717 9341 14799 10268 10245 5411 10254 10266 10255 12912 10273 11916 10272 1084 116 476 1258 6158 1886 14798 1995
718 2718 924 11032 2378 2846 12537 823 10828 757 5405 906 23236 845
719 18378 18377 29127 20306 21513 20214 17763 19731 19491 25508 19495 18065 19548 20422 20291 24374 19494 18779 20236 25219 18979 31618 19915 20283 24914
720 16523 28953 26988 7712 22789 28812 2649 2709
721 20193 18849 20212 22638 25156 22636 18341 26479 18856 18799 22313 19322 22637 18761 18741 23136 24864 23642 18781 21130 21131 19183 18335 7696 22104 19758 24870 21260 17739 22304 27549 18947 21590 29551 18758 22631 19916 19640 27543 20206 19909 18931 27506 17747 24826 18791
722 1109 27299 1327 1330 1329 3410 14513 18318 30647 3425 4478 1321 1119 1323 3218 10876 6275 202 11574 2389 11558 11383 30512 7457 17608 6273 1313 17815 14482 4657 1367 1358 4892 1996 1990
723 10383 15509 16918 11103 11940 12935 5990 26094 10485 974 2193 6781 15154 2192 17303 14945 2867 18631 5408 1188
724 20736 18902 23422 19185 20238 18755 17772 26488 18885 20059 19556 20643 18800 21130 23682
725 31634 31633 31651 25332 16068 6175 27079 28358 21704 14176 26734 15990 16069 26332 16062 16063 22056 25327 22339 14177 14175 15988 31628 31626 31629 31652
726 18336 20989 21564 18339 20723 20643 29248 19275
727 20778 26319 23033 23040 19592 23585 21910 20084 19598 20914 20492 24067
728 20424 7642 17073 158 8927 22265 17383 5089
729 98 116 3229 3922 3923 14415 1028 11805 11808 1996 16257
730 7489 14386 9632 151 2231 303 29019 12111 11715 10481 7747 4825 13059 12608 13099 1410 4155 7533 1441 26691 2780 1272 12068 2792 7464 9631 29793 28239 10450 158 159 28883 10095 7491 22891 7490 8504 13964 2217 30980 2941 10486 238 10094 4864 12144 3394 8147 1414 14398
731 1854 245 470 267 1909 1915 658 329 6045 235 147 237 6039 457 1089 1129 1084 10138 9613 8087 13028 12861 10399 10816 3199 8590 19361 758 2998 3695 2278 9987 12788 12984 11551 657 13799 3888 198 1623 774 3454 9899 770 9003 11467 13032 3978 735 904 6393 786 11342 12380 14988 13817 10948 6928 605 2249 5758 9158 6515 7069 10176 897 30728 901 769 3551 25673 13144 6328 12254 1622 634
732 17972 13010 29409 2403 13786 29467 16328 11516 16213 17030 10711 26474 13819
733 26155 19891 6997 31689 14850 25429 29293 17128 27767 31047
734 3098 3942 7898 2068 346 1948 5174 29160
735 28063 20800 20616 19210 30671 19735 20799 18065
736 19548 24044 21427 22859 31012 21430 21520 22873
737 9468 7143 6303 14749 2923 11217 22886 80 10712 9271 9116 9124 28538 8247 27718 28793 14323 19351 1128 1186 1025 8277 15298 19835
738 29636 31715 20249 17763 28204 31716 29296 18363
739 22183 22084 18846 18415 27143 21043 18733 14714 17772
740 26296 27509 29222 26400 8287 4187 4188 14602 30667 14600 8158
741 18802 18926 22485 21520 31614 19600 20057 21028 20772 24020 18738 17406 27750 27824 8320 22665 31722 31723 22875 22426 24833
742 15367 7833 1043 1130 5659 15403 13533 8239 5649 31727 138 6249 10694 15413 2012 23456 4795 5494 4740 5647 3330 25972 4037 1064 3299 9749 14874 1040 5558 1490 5660 7876 2209 3404 2383 3287 2372 3266 5648 22449 7941 2308 9747 2371 31726 991 20106
743 31728 14950 12896 27488 12644 12645 27489 27147 20473 27485 28280 19982 28277 23662 23661 27486 16708 15596 16715
744 1828 3707 11966 2885 745 23784 16907 7338 7212 8993
745 19423 21056 18383 18852 20361 19558 19759 22681 30183 20746 18065
746 31114 21522 19627 17372 26913 21517 20926 24800 30353 17409 30780 17745 31115 19315 7701 18065 23831 18553 28214 20421
747 25660 15945 15950 14134 28380 15 30 14898 13374 18955 41 30543 31703 10 4205 21505 18028 13415 7090 7080 13444 13445 23605 16294 25335 21688 7719 17926 17477 7710 24877 14161 28949 8587 17239 17240 15989 25683 16523 28392 16524 17473
748 29629 12990 21311 12964 10848 7240 12492 3778 621 597 2633 15091
749 5088 30228 23527 19028 11665 8563 31734 22730 4994 10065 6959 6965 22721 15934 23761 26800 8543 8536 4996 20451 11681 23760 20448 31735 4995 30223 25777 31227 31736 3370 8564 17455 6962 7003 20452 30043 23525 4351 23873 16449 8541 4886 8576 25775 8542 25774 11679 19677 6236 8552 17456 7168 26565 17653 21676 23522 8565 4352 12428
750 10428 29777 27808 31408 29676 7420 24940 15069 14606 4405 30118
751 15580 8217 5774 29781 9924 15419 11089 12805 27684 25063 2410 628 7451 7328 1330 1329 1331 17675 18318 10740 4812 1323 1119 10759 14637 4644 202 3408 14460 12617 10549 8655 3889 13299 16044 2679 735 24951 1813 1812 4938 6346 7998 28774 12284 14423 12884 11051 11063 7250 6867 6866 14945 6700 6698 2105 2138 10680 5757
752 22247 17841 23268 19677 3369 22719 17507 26565 17459 28622 22710 25915 4025 8336
753 603 9944 23838 3767 10790 589 15197 2405 2645 2631 26439 515 258 145 8934 6505 6488 2108 5163 462 1597 232 13990 1870 8849 148 159 4179 162 1871 470 3077 306 694 2069 16275 476 2130 2935 2674 25244 3742 14803 3631 2990 112 2678 20428 2962 2948 3975 899 31104 2397 2394 2396 892 2393 2392 2395 10111 13608 13607 10112 3208 223 4729 4730 10110 2398 8649 894 8648 4723 895 4727 460 459 16860 769 2924 1470 19782 18905 29652 2054 31738 2105 15680 487 628 42 786 14881 7403 1330 1329 1323 1119 4636 1321 4871 1314
754 18776 31742 10497 10499 18900 18198 20186 21611
755 28534 14607 12595 23786 26987 3242 11953 28037 11964 26211 6974 12996 6066
756 18889 18762 19924 19139 19000 17724 24665 7702 10498 18602 17903 21278 7701 7756 22354 25927 25678 24865 19258
757 26207 22334 22336 13687 13688 29056 25543 29054 14711 10110 4728 4726 4727 2398 3216 4721 4724
758 10917 10159 11310 2980 1759 29334 2418 2279 16844 1859 151 2087 244 145 249 677 706 2792 4054 306 715 23280 2229 2783
759 6951 9206 24633 26492 21534 16597 19500 27863 17110 7092 3225
760 23117 31742 10497 18333 19545 24647 18875 19768 21465 21060 18982 21463
761 12958 18686 8475 4445 28178 4466 10247 3843 15257 16132 18682 10346 15756 3188 15417 735
762 31115 25891 18542 22351 30356 17889 17901 30742 19630 17406 18415 20310 20247 19916 17763 22630 23595
763 15476 11512 508 500 495 3503 4296 656 28106 5765
764 23586 27881 24846 30351 26905 31751 26391 24478 22770 21225 21238 29729 27738 23076 23092 30063 21211 31695 27748 20723 18333 20331 21239 20048 24387 20094 31692 31712 25851 18922 26910 31486 29137 19458 27883 28107 24382 24852 28599 26497 24375 21542 18383 25990 31767 27468 31543 23075 23087 29372 31488 20961 28269 23210 23984 19050 23007 18911 20404 31768 23647 9399 17772 22305 17404 17732 17372 26913 7701 18110 18082 17406 31250 19560 24851 27550 31769 26720 24844 29947 29455 28655 27100 30749 24850 24847 30918 23965 24376 27102 20416 20783 20751 31770 25839 21270 23088 25825 31771 25846 20328 19489 17722
765 14778 18108 30628 17895 19151 23301 17909 18110 18376 14714 19915 18382 19254 25155 28968 18745 20771 19488 3765 28650 26207
766 27836 20257 18912 20180 20582 28868 21608 18862 22208 20596 18200 21072 19472 21097 18817 31447 19923 28986
767 17461 2128 78 23442 9780 19957 83 9464 7283 9479 9484 8155
768 9271 11919 4951 8772 20469 9754 4985 8821 9858 8822 8770 4961 9124 9697 10192 9317 9316 11773 8639 9835 16354 4888 4895 4972 11215 14999 8724 8748 4898 9861 4583 8380
769 16508 16521 8 19432 13404 17587 7208 11378 19141 25952
770 5363 7286 6665 5330 5348 9483 26457 31582 6656 21795 5336 9511 9516 6666 7287 9538 5374 5371 82 31725 7284 14249 9489 11734 10325
771 5097 1035 1044 4133 12360 2360 1176 16455 10902 1013 5560 17967 5438 4236
772 13533 1049 1998 8925 21972 2128 1466 2009 13522 22457 4738 6110 1053 1512 16813 4799 171
773 20639 18817 21038 25812 22379 23420 31789 8544 22680 18198 26916 29610 20558 23426 20257 20511 20403
774 2763 186 22406 42 6632 11445 6907 19344 13568 21729 18689 13757 19840 24441 194 196 7346 29986 19539 4479 1317 14475
775 28362 15943 23148 31790 21087 27878 31523 20977 20335 14714
776 9213 807 1542 901 7087 8035 3049 1567 3013 5794 19074
777 31816 31015 31236 31358 31017 31242 11378 12463 31817 31264 31018 31818
778 18371 26023 24655 23953 22674 31821 30511 19496 20511 20597 23448 28739 31253 30844 22561 28065 30425 31822 27834 22685 24813 23577 31823 23574 18408 29892 20966 30551 18095
779 31768 18415 18815 23573 18890 19050 21458 18900 20966 18411 28383 18809 18339 19383 19475 21104 19495 24478 23001 30049 31207 28184 20579 27092 21746 20206 26504 20257 20629 27828 31842 22655
780 13759 11455 6661 6718 1616 10533 8487 8460 10235 12778 8488 13730 8491 15681 29753 8486 10531 8495 6738 14780
781 18387 19050 31849 21567 31599 18747 18886 19764
782 13789 9478 13795 1791 14805 22498 19516 23260 552 31851 25716 17125 7977 16672 3154 7973 13781 4780 15370 13350 17265 2617 13827 6687 19519 13829
783 9401 18379 20586 22083 18800 19240 21067 18738 22842 22313 19283 14713 18333 23029 20974 22187 29184 18781 18902
784 21462 18366 20532 18387 23334 21571 18373 22080 26300 22384 18388 20071 20261 20368 9403 21063 18914 9399 25788 20530 18200 18390 17724 19184 19208 18383 18201 9397 18827 27875 20370 24788 30254 18939 18379 19742 19250 18940 20373 19256 18401
785 8232 17666 4617 16458 5719 4616 13031 21933 15314 324 278 28242 5193 116 4163
786 17453 27542 1015 2181 15329 28527 19168 10193 28752 17835 15000 27612 14423 18217 28774 12284 23732 17300 731 11005 11008 11020 11028 11016 11011 11007 11009 1796 31857 20020 15745 11024 1797 1820 11017 1819 11227 735 13358 2617 5389 25933 17167 6774 30973 17166 17163 17165 6815 17162 6731 19084 13627 13556 4921 31539 14814 5391 14817
787 10370 14353 19406 17838 10390 30592 11608 16234 28059 15166 6858 14365 15158 2875 25563 860
788 18639 26626 24733 24732 11162 14900 14899 25211
789 13703 13677 17830 24905 24719 13673 27766 29347 25539 13676 13671 28515 28514 30277 13699 13683 27648 27755 27190 24711 24694 16083 27186 13688 27188 17831 27189 31865 17539 16065 13692
790 30500 22334 16081 25542 27187 24698 27189 30475 13681 27377 24714 24693 25806 17854 28506 19116 31039 21688 22050 7699 19643 25700 6630 6629 6628 16509 25799 13685 13694 28516 17468 17483 26157 24703 21525 24712 24699 27525 13690 29192 28594 17827 17828 1659
791 20969 21045 21226 19461 19274 19211 19050 14854
792 29612 27771 17917 18585 17901 17914 21350 26459 17714 19387 18073 17392 23309 18097 24479 18544 24470 26337 17719 19053 19066 25180 23468 21515 23326 25492 24353 18554 23308 30356 24629
793 4993 4130 16874 2401 16956 24180 5954 11704
794 14281 10425 4282 10435 4333 14096 14276 14280 14277 4281 14278 10426 4311 13016 4283 4336 4337 14279 5992 10422 10423 13022 4498 10420 4325 7335 10419 4248 7334 6009 10421 13766 4332 4247 7332 14117 24786 29863 8621 4329 4241 14108 29862 3249 10424 4284 4240 4331 4257 4245 4246 4238 5994 14268 4326 4254 3239 4373 14284 4303 13765 15647 4517 4312
795 17764 23422 20257 22716 18773 21060 21220 18817 10497 19909 27553 18786 19222 18825 18902 23136 19239 20320 20253
796 7563 302 11708 2732 6053 1062 1260 1589 4171 13976
797 18486 13127 559 1530 12950 1576 11467 3420 5426 1567 22406 2683 11808 19363
798 17765 17769 17900 19364 19366 23820 18586 25133 24480 18095 22821 18401 21739 17907 22829 23472 25400 19367 17904 17908 21346 17729 17882 18096 24884
799 26270 21359 1416 20151 27049 31880 116 375
800 1467 1146 7739 4163 6277 3301 18497 3110 5449
801 14730 16916 26652 10154 7694 11051 10970 11060 25269 11061 11063 8082 10998 16589 11079 11078 641 11049 11077 11057 26990 11052 8080 11059
802 15136 9902 9921 27067 14037 28642 14076 13761 9940 7303 21993 12995 5977
803 6973 6982 14709 23860 21682 15579 28920 1818 13902 8015 5981 22974 14966 27642 6886 30517 11946 8624 16575 29535 3250 14095 4304 4328 5995 31884 6817 6884 6883 23910 28889 14366 14972 2138 6882 24355 4284 14287 4297 4280 4287 17984 6881 6840 4382 4385 28666 26331 2105 3784 14261 4410 3242 5010 16584 16606 25707 4267 4268 14289 14290 4325 14270 4283
804 20525 20384 25114 21254 26634 18838 9399 20345 22657 21212 18914 19230 25848 9403 19050 12 25 11183 14714 20532 18065 19423 19424 25823 26620 22154 20530 24851 18415
805 19608 5946 18238 9052 418 18656 16800 12653 22553 414 413 408 18233 14411 403 436 15627 19615 20950 15628 117 415 421 419 9051 9044 420 121 27038 441
806 24486 21548 20695 18765 18809 17722 25103 23559 18757 22290 18730 21206 20593 20385 20316 20355 31032 18952 20246 24131 20331 20800 17736 18201 19187 18382 24864 18737 18375 22637 20399 18818 21043 18335 26754 19920 19871 21261 18339 20344 21875 21551 20046 22149 10499 22383 24826 20553 25222 21160 19880 7696 19287 17747 30203 18826 18748 24388 20079 23451 18800 23090 20541 18383 21588 7707 20650 20645 17763 21260 19010 26213 24910 26001 27916 20206 19258 19758 28938 20073 22643 18994 18379 28202 18976 22573 31902
807 138 1032 31573 87 9816 5532 8293 2262 10414 23765 7233 4793 2329 14544
808 5954 12062 15730 12069 21175 1268 19135 27349 19131 6969 19125
809 1325 12250 628 7434 26838 26670 6450 25966 25979 14500 7324 25969 18891 4631 4664 7351 31914 3420 4871 3426 14858 30651 5720 18087 14559 14509 14630 14686 18697 12215 12615 10880 30187 10766 11547 1126 1153 3417 31915 29400
810 11697 29997 17434 11139 29618 6426 1996 6720 2958 15537 10667 29086 29223 6816
811 25286 3341 24156 24159 25288 24002 27264 23999 27258 31214 24408 24404 27262 27260 24737 16237 4410 2102 31042
812 21912 22857 31523 19588 22824 22820 18665 20579
813 20607 21238 27735 30778 21270 21626 19551 20993 22161 9397 22065 20667 24506 22066 28874 18742 20252 27744 23376 21002 14714 20331 9400 19206 20996 26397 20966 19050 20027 21422 30811 23084
814 23678 13539 23716 2360 30077 12179 7204 5655 490 3244 1129 555 21651 2412 2286 1089 42 20098 624 16476 2129 26831 31921 1199 1203 1204 1205 1206 1202 1212 1215 1246 1200 1224 1198 1222 4635
815 7865 5615 3150 3145 7854 273 7678 7906 7904 7903 3987 3985 26526 8228 5714 360 15317 5713 5712 5716 5715 16457 16453 16458 7677 3090 3911 5823 5825 5592 5822 7674 7676 7272 5621 5818 5617 1055 5588 5619 3096 3148 7926 5824 7675 6645 5618 23758 1056 3133 4122 3170 16442 3159 5819 7932 4011 3139 5591 3093 25386 5816 4010 4008 7951 3168 7670 8025 7853 30932 15326 7942 5061 5556 5551 3405 2325 15993 1007 1161 11593 17028 4017 7017 16816 7115 5821 7924 22520 6634 6635 7862 7863 15327 7890 7892 12933 7859 3140 5820 5587 1057 3129 5590 3128 2812 5817 5620 5064 1227 3254 5557 7920 31367 1018 2369 2364 1229 17597 3091 5626 5625 7856 7889 7893 3171 4012 30001 15661 26953 7679 177 4617 5593 4618 3161 5594 3977 5589 4535 3153 4009 1132 5027 7129 9620 18525 5445 17453 7947 1089 1164 3305 5085 27345 3169 2267 29362 15957 27256 4123 348 1231 346 1181 279 234 1408 664 87 31931 3984 3986 16459 30928 3105 28154 7895 7860 6640 12909 7894 5812 3910 16456 4016 7131 5616 29003 24739 2256 7905 7884 3144 7885 3143 4028 7740 7861 4534 5622 1102 29405 9749 9751 31813 2308 1142 5549 3100 1944 3315 2385 135 1228 27339 7149 3252 7794 1020 1077 15864 5067 3988 5815 29982 7196 2276 1080 1107 1006 3266 1083 1957 2228 17651 7173 15384 2353 5045 976 5104 4744 1593 302 1875 6340 1881 10773 263 255 254 307 236 233 698 1060 2266 669 1598 1254 3995 148 4496 7614 7611 7612 7613 1297 156 26472 1298 5475 5355 7601 662 235 306 5908 238 470 398 2223 232 258 7602 7615 7617 7616 3992 7619 1876 1870 1252 5060 1259 1597 244 1589 5059 681 692 7618 155 1594 27768 3117 1595 1399 8116 1397 2023 249 248 266 1270 25910 1587 1880 1274 1273 684 161 2127 1272 13482 715 6048 1386 1250 1392 142 221 4060 158 304 131 241 3994 1882 1253 149 162 4179 8837 469 267 265 245 1596 26703 159 2073 1186 7886 7888 3157 7883 2368 462 140 8983 16661 697 7258 9779 714 701 8984 145 27696 2125 246 247 1604 447 256 257 259 260 261 240 6036 1384 1635 708 5861 676 693 4134 153 680 467 243 2224 400 1264 5909 5250 707 26616 275 250 252 251 253 12162 359 3374 2015 18712 706 712 5479 4178 13056 5665 272 2064 2720 2087 476 1042 2341 3311 13534 5661 347 1082 7118 6637 17660 2351 5560 15345 1955 2371 25034 3089 3940 27947 4038 1037 3899 30005 3902 1135 15312 1097 4013 173 7864 7022 5458 5603 2275 3928 3151 2261 2328 9750 977 5602 85 5152 10907 3102 4022 1247 20136 20137 1141 2210 2363 2079 26893 13205 14616 4349 1377 1374 5882 7672 16815 5575 5614 985 4749 1520 1263 31507 13206 3164 2062 464 366 703 4488 1258 8364 4350 2749 2750 4838 2229 475 2044 12081 397 25026 7927 5624 138 351 3108 6250 5153
816 22810 20081 21891 24007 29257 20090 22877 24410 22806 18050 20082 29264 20929 23020 25159 29945 31685 27519 23036 19595 18049 31330 24241 31722
817 12131 8830 12932 26198 24099 28928 16107 7127 21267 3373 4142 19706 2971 2970 18176 13646 476 8909 3403 8831
818 24595 22612 24590 29422 24614 25496 31959 31444 24616 22589 31960 28302 25499 31961 31481 31962 31963 22605 23163 25498 28309 22615 22598 29801 25497 29420 24608 28946
819 16606 15037 11991 5010 6732 3825 4879 4880 193 3827 6531 213 211 3848 8299 6427 3879 7828 27131 23440
820 26164 17299 28772 1449 11304 13357 7995 29392 734
821 31891 19915 19371 18053 20754 14714 25836 26586 11378 14778 13583 30658 12457
822 13657 4279 17339 2845 6571 7989 6703 6698 22537 4948 25227 858 14732 628 899 901 11445 11808 26855 29392 28703 13357 13024 1192 27999 12203 735 5708 3843
823 2279 735 19950 729 1810 7807 723 12785 14805 11012 734 1800 1189 727 13190 25069 4938
824 30597 25037 2951 2930 10223 17513 24898 15538
825 4778 6689 13795 4780 9357 9144 6579 9089 31861 9728 16334 4960 9255 14425 26200 9787 4193 116 1944 9439
826 32021 23156 22598 22609 24590 25496 31959 29805 25497 29843 31469 28305 25498 28309 31937 24608 24618
827 4207 38 18640 9180 11183 12590 15802 16377 39 21531 7771 7768 7762 13401 26316
828 8553 22718 8230 6965 6047 242 25489 8523 22730 12171 7001 19672 4351 25899 20457 19675 19680 291 11657 6034 22708 4995 17258 9623 28792 4025 8565 2105 21407
829 5389 1616 462 713 1270 1252 149 3994 2123 16657 10773 2605 1597 13989 13988 3995 1869 5059 5473 2610 1851 3116 302 695 1883 4058 8844 145 706 4140 6648 6650 2841 15048 29774 2853 6736 2848 6810 6647 16112
830 10790 25211 459 773 1731 18639 26398 26171
831 30339 28802 28582 28800 28801 29919 30099 26788 8354 30341 30340 17215 26787
832 5182 23739 1197 29166 3919 363 3987 25255 6091 1132 26810 258 5624 1256 463 5862 4489 668 252 15597 13610 29468 4735 19665
833 25417 23924 29236 901 22142 3212 27896 29658 26531 28676 12889 26344 4733 23923 12887 227 228 29660 32030 32031 30450 7122 30513
834 26965 10912 17589 29371 27049 27690 26937 17935
835 2547 26885 16678 2536 859 4975 28100 3771 11928 19792 17125 7979 2480 2549 25964 6310 28321 2444 19793 25717 13783 6328 15054 2462 19795 6379 2431 15539 2540 6422 2562 2474 2499 2449 15027 6314 6312 21830 12245 2437 4591 21780 12253 6368 19788 2573 2569 12244 15584 27895 15029 2467 6287 2528 2543 21779 2524 6284 15030 16679 19798 12271 2588 2564 19801 6406 29024 15032 5146 11684 2527 2454 2544 2451 15397 18189 4871 14355 6275 1284 1308 19166 4635 29037 15388
836 1917 3929 17659 10690 11872 19808 4129 3970 2412 5440
837 23371 25925 31452 22285 23067 18914 15991 15946 15947 14905 13439 16909 21534 11750 13112 13412 4209 6951 13433 13432 6 21983 21925 15972 29822 13402 9199 9200 11182 12286 13040 17587 18358 27762 24829 18095 20036 20304 18372 20305 20258 19371 32038 18065 19230 30189 9400 26920 19500 4200 17110 21538 23969 9183 10073 4201 34 22063 19 21982
838 39 13116 7107 11183 7091 23969 14895 4215 4200 32039 13449 13453 6995 18645 7783 13692 17830 11752 13401 4204 15244 23485 32040 13583 18392 11204 14146 15846 28518 22644 13406 3225 13445 26846 3762 11738 17833 3764 15951 13440 13376 14901 13428 14902 14903 6986 31703 6985 4217 9199 7772 13415 14137 14891 14136 13416 18642 16 32 7754 18640 32041 18692 9212 4206 24399 14154 25510 7103 25075 28529 18626 27380 29903 7777 11193 15242 14128 7784 14131 14906 7092 14149 13404
839 25432 21632 4700 16529 18689 11224 16009 21815 15563 24669 29014 25701 13646 20149 24157 24150 17208 13636 13639
840 19169 12203 5012 731 18729 18499 3355 18725 3358 2187 18666 1189 735 116 30887 11456 3417 5974 32044 4871 7362 1358 32045 1616 30787
841 28067 21067 19731 18820 23004 28634 21047 21616 20373 27504 18748 20320 19423 29451 21238 18401 18065 20188 31742 28057 29365 26717 21086 27158 26612 24823 24879 23592 23577 24818 19590 26019 27639 31081 24821 23335 20544
842 10790 13590 12515 13718 3624 6390 14071 12444 2279 28462 3636 17051 13578 26843 6778 3492 15856 15237 2522 14019 13285 12448 9000 616
843 26664 8279 28860 2192 9652 9551 9648 13547 9643 8274 11762 6965 3369 29471 21674
844 4635 6718 15172 15048 6661 2840 13731 1616 3961 14814 12208 9331
845 6190 3983 6227 6571 12307 29361 11720 22228
846 21784 14769 26984 25472 25445 17513 25486 30034 27680 2945 26983 13575 12553 25479 25039 12554 30031 29767 25446 26470 2951 21392 2946 26471 30784 21789 31041 10224 24557 24555 21393 25481 21394 21395 26086 27589 28854 9083 17512 10223 26088 25042 21389 25482 26090 26093 32053 26091 32054 2957 24900 14764 14765 14763 14762 15347 14760 14759 21396 30030
847 26991 4389 29307 4237 4368 26549 4499 12737 12542 30591 115 15423 13890 17983 30076
848 21682 10507 28750 28777 14238 21409 18671 749 13921 17277 13885 30300 2102 27683 4322 6001 3248 4278 3243 14265 6005 4250 4520 4254 3239 14270 14119 14118 6008 6009 4332 10433 6010 14268 14272 4337 14276 14281 10435 4282 14271 4283 10425 14278 4334 4311 4299 13016 5993 5995 32061 4521 15645 14290 27174 10420 4498 7332 14289 10419 7331 4325 4248 4516 4281 14096 4333 4336 14283 5994 4374 4523 4280 3241 14262
849 814 11553 4876 11195 1314 26680 12218 22893 11383 7458 1153 1313 1358 116 3247 13580 765 13137 12634
850 18746 20368 22196 22296 18860 18402 26973 10499 20626 19904 17772 19897 18942 17763 18974
851 1264 2015 2749 7472 12061 272 6608 8106 11890 5665 1256 11407 2087 16110 15500 3249 10502
852 1141 10116 6116 22887 7804 26527 3157 2812 7115 15316 12203 16616 6342 727 725 7805 2182 26238 2403 5392 18464 2279 2637 26694 3946 3958 17152 2818 26766 1470 25356 25355 18260 5128 18440 18442 18441 28533 17692 27686 10003 22474 31646 5117 3007 1479 30709 11747 27193 15035 9993 18299 116 1129 7408 2858 1309
853 8869 365 14297 28858 2760 475 8337 4112 7237 27941 534 29110 23286 252 2021 5035 1862 244 1884 4110 5687 2065 12575 10483 8377 17681 8235 23913 5048 8234 8831 17012 12384 2040 8333 2039 10482 14432 7683 9809 1290 4100 463 4489 26449 10801 1415 7475 5672 10097 2018 10582 5828 2037 29933 2017
854 13718 15587 21834 8665 8671 26521 3534 7193 21706 9572 1660 2705 15586 15524 12329 934 13125 924 15588 14729 27721 14808 11252 24309 3792 12836 8041 3767 12434 5773 16088 10819 12828 2692 3673 833 1723
855 3921 1080 5441 18501 462 13628 149 1593 2807 339 7622 3118 326 2605 3117 7136 468 335 4058 8197 1846 4143 142 533 2241 161 684 302 3122 148 2939 13629 689 145 530 706 5853 534 6712 7739 5630 5102 18506 5085 17647 5107 6237 2299 1954 2315 32095 8789 27240 3310 2235 13704 1076 1457 28240 5641 1490
856 23838 2667 23253 14360 8672 9987 2836 12805
857 10255 9979 9340 9981 27966 11902 10265 10238 8571 10244 2082 9349 12289 11913 19818 8572 11238 11719 11904 12293 2081 10259 2080 9885 12371 9886 11916 11729 10268 9985 9884 9887 14794 10253 11912 30919
858 2678 6188 1616 29108 13836 16039 13797 13789 9478 13793 13835 16049 28040 28163 19082 98 600 12592 27041 487 2050 1657 1650 1649 1661 1653 1651 1652 1654 1655 1656 581 582 583 585 584 586 587 588 589 590 591 592 593 594 1647 595 596 1659 6890 13910
859 10825 1664 19533 28448 12629 27667 27722 19536 3693 17343 2676 10235
860 19623 1108 10375 27336 32108 4077 10911 21806 5347 9472 1281 7585
861 14549 252 5878 2071 4851 2221 4489 706 7567 6522 4989
862 13412 3236 13112 10069 9186 14893 23605 15954 20210 7092 7777 25 3225
863 20058 21067 22337 18818 19182 18339 21464 18665 27227 20772 18998 22654 22628 18383 19191 19187 21549 21541 21421 20400 21581 20591 19755 20644 28517 28076 18911 26310 19258 19889 19768 19925 19185 20346 19247 22102 22099 20978 20302 21104 27544 19199 22652 20213 20524 22171 22869 22657 22293 23843 22780 19735 22643 19761 21489 31623 21446 21453 22564 21584 20327 32114 30880 18951 22659 21555 20074 21456 19922 21187 29542 20370 18744 21597 20365 19208 18730 18939 18886 21556 28274 20330 30365 30364 20337 20643 32115 20256 28507 18993 23560 18334 18781 27855 21071 20208 23655 22108 24839 24320 19184 19765 28479 20202 19243 23403 20603 22783 23085 19188 23391 32116 23146 18402 24386 24393 24392 19468 19276 32117 32118 22299 32119 31849 20572 18790 27503 18064 19010 27353
864 7078 3225 26205 28077 26489 22062 20592 14883 9178 9177 14144 26 27 9175 21887 28145 14136 14887 21980 11205 13043 4204 12285 14152 26341 13428 6985 9179 23943 32120 18970 21126 23617 23210 19420 25512 7782 4206 13402 25234 11185 11186 6991 40
865 7635 15907 1285 2231 1249 13898 2109 8523 3349 23669 27708 663 4104 7111 1431 27304 6129 2740 238 1374 32058
866 17020 12075 12078 12105 272 4150 12117 3349 12161 8603 12073 3392
867 4097 28706 2496 12657 30327 5139 16031 2490 2506 14203 2425 2491 4578 4563 16676 6415 27020 10957 14746 10577 15067 11900 15059 2559 4566 2584 21370 6410 6305 12259 6328 15064 26643 4579 14872 6289 16641 11086 10862 12659 16225 4357 11968 22980 16663 27309 6285 2594 2595 15278 2460 12265 2566 549 2422 6321 14745 14053 23344 20470 25721 26283 15017 16336 14205 24359 12551 4559 6406 11684 11598 14739 2536 2587 16682 15023 15054 2497 3887 14052 2448 21372 6056 2499 2478 2438 6401 13460 14749 32138 4589 16646 551 15019 20471 4558 4096 16002 15020 2553
868 15881 18324 23756 23755 14584 18726 19542 25668 17007 17835 14403 15000 8764 8760 8761 4964 9431 8763 9271 9435 8770 8759 9358 28232 18727 14997 10193 23239 28756 25669 26886 16812 16811 16809 17018 29001 16810 23714 5650 3254 3181 29005 2276 3180 7817 25026 18508 15929 15928 30476 15534 6600 7074 82 116 29408 5400 27361 6910 16157 14589 14999 9426 14588 17834 1146 23757 14239 31725 10292 23442 98 18430 4410 2138 3784
869 2708 1359 17589 219 218 210 213 3806 207 20937 18531 9039 2292 17856 1330 197 25983 4631 1358 7061
870 32138 16965 27022 24568 2439 27967 15026 15021
871 4906 9257 8730 9724 9140 9448 9309 9757 9089 4930 8794 8743 8727 8796 8742 9316 9858 9688 9260 8721 4932 9358 8635 15911 8822 9709 4929 9677 8632 17792 28232 9289 4889 8636 8785 4984 8829 9271
872 2669 3551 12863 12378 15363 786 3015 3016 2676 2674 2668 2646 9392 1762 12574 3627 13454 2700 3196 28169 3024 10143 824 9164 3661 12511 15200 15236 3561 3450 744 6064 3453 9579 2250
873 21971 18611 24656 18150 26304 20554 20034 24907 20915 31272 22674 24655 31596 29128 31597 24879 31390 28955 31969
874 221 10480 326 5249 14392 8331 3843 25616 6028 4171 2740 2319 28140 23241 335 13992 4057 7741 7745 6493 2083 31101 8608 5672 4158 1928 20148 8249 3965 5696 2830 4153 22017 29150 9615 8843 5858 2218 252 11708 457 476 11808 1923 2790 16430 31134 6140 463 1390 451 7469
875 734 7998 13357 1189 11391 13902 735 7805 15079 17339 728 8016 23732 28005 7295 1813 6343 24951 29792 6346 1448 14313 27023 8010 27608 27609 25363
876 8203 10728 9918 6073 1836 2250 1838 558 3945 1841 26694 1839 28322 3713 13181 1837 3958 3946 17153 3548 738 1683 6894 5938 4593 581 9869 29867 15126 16520 15205 1647 2919 3625 957 824 4762 14074 13455 3633 14073 31180 14068 18432 15229 13168 2279 2845 6013 12729 23856 22395 4520 4250 4310 4326 4248 6009 6008 14270 4247 3248 4278 13875 6817 6841 28894 27641 27053 28895 28896 2648 26212 27059 23924 897 23927 19400 4722 4721 8913 894 4723 4725 4724 4727 4726 4728 2398 3206 3208 3216
877 19650 25807 25317 14788 16065 26733 6631 21684 17128 23810 8583 17244 30503 23807 17240 17927 17239 17245 22040 24311 16507 27922 17246 17480 6627 7719 17854 31612 19023 19024
878 18150 25253 32164 24227 19593 31680 19064 23327
879 24807 7701 23401 22766 24625 32165 18138 22736 31155 19548 25252 19630 23304 18110 22665 28210 17731 23827 25492 26338 24797 21351 17743 24471 23318 17765 17393 21115 23588 24879 20584 23832 30169 32166 17409 22351 20510 23313 32167 22691 23317 23829 17769
880 7076 1822 809 15464 1527 12941 11308 2136 3669 20001 1707 10949 539 6061 12955 2250 8475 10327 6909 1788 10506 10151 607 2868 11471 12811
881 1498 2391 11475 1358 1616 19406 10359 16925 27161 14362 30529 25632 10363 10378 10391 10380 14366 16926 12001 32171 30367 11612 10373 10418 11607 16323 13122 4402 4393 6568 16995 10364 25389 16240 28457 32172 15175 193 192 211 213 210 15766 6531 3407 10876 15899 7328
882 11046 844 11035 6760 29523 11062 30877 25490 28809 5775 9870 11000 5767
883 23853 14607 14922 11951 10425 10426 29154 16931 13890 26581 30592 6863
884 18872 20577 20756 27292 20632 23001 19489 28137 28190 30490 18047 19728
885 17736 24864 21012 19871 20051 20206 21067 26915 18923 10499 32176 19640 18065 20933 26411 29199
886 23391 20235 21216 20079 19423 19210 20603 22702 23633 18970 18821 18969 28517 20287 20988 18813 18065 18735 18047 18388 19188 18201 27503 21748 21012 32177 20415 21858 21471 18401 19008 18375 18731 28620 19899 18387 20646 18200 20714 20584 27914 24812 22482 23588 18379 17736 19208 20284 19226 27618 28113 23655 21853 19312 20412 25428
887 27096 23047 18974 23885 20029 19012 26402 18352 16295 14714 27287 24376 30670 27121
888 31992 24468 20698 19492 20686 20685 24266 22302 20294 21065 27625 18768 18737 23630 24371 25148 19252 19310 29950 19195 20700 19313 19296 20776 19460 23610 19304 20409 24374 20292 18731 19211 20977 18401 28203 25991 18383 21583 20250 17763 24673 19371 28192 27547 29127 28782 23983 28063 20801 21513 20616 28780 18846 24665 24292 22189 31199 17735 19456 25848 22345 24264 23404 24319 19271 22308 19904 22160 28635 22369 18948 19000 20207 27960 29859 7708 21059 25424 21878 28195 24868 23632 19261 19305 18789 20613 21229 18799 20418 19461 19551 22999 18766 25157 22772 27875 19233 29823 18859 23644 18755 21123 18827 21573 19207 20648 27616 18922 27631 22868 25423 22306 18772 20792 18813 19757 18981 22994 18878 23558 28871 18980 20348 22090 23789 23634 29858 23652 23000 18810 19049 21149 28064 23643 18949 29135 20612 19300 18965 22166 22283 25147 19753 23601 26938 23573 20989 23628 28076 20578 28382 18414 23607 19009 22995 21437 21564 22082 21576 18387 27086 23888 27108 20180 18735 18870 31622 19422 23623 20791 20779 20799 20342 19226 20721 21554 19450 18873 28191 19008 21221 23640 18744 21572 26771 19893 22347 18849 21606 25422 19892 21072 18743 20331 25217 20095 26770 18954 19477 31683 19303 22993 19203 31779 7705 21557 23341 21735 9404 20756 18899 27633 20802 22153 19547 23608 23424 22366 20346 20370 20216 20215 19494 19210 21602 22680 19885 21569 18898 20377 29227 19425 24857 18879 20408 23009 18920 18921 27503 20192 18926 27899 23886 19312 23650 18933 23139 28720 20374 19285 19481 28606 18821 20576 20684 23636 19248
889 663 16656 2777 4497 705 7612 4496 1876 2075 7614 7618 7465 7616 7617 7615 8618 1597 7134 13988 2760 7611 467 7602 468 1871 5873 7613 2830 151 148 1601 531 145 267 6146 5479 302 248 6460 31901 3400 25754 1420 4483 7603 15507 27697 4161 699 8117 7112 249 116 2176 868 1736 3573 2173 1723 1641 2056 487 1582 2105 5900 8839 470 5899 2789 1403 8965 2240 14430 4101 13469 4841 8374 15907 4864 1384 7232 22031 1374 9615 10105 7487 7515 7520 2033 5105 27701 1407 28737 1935 5682 13475 27710 13085 9324 42 6054 30580 193 210 6531 6526 3867 186 3847 624 22229 11642 11644 15016 8129 13487 27703 6157 400 98 29113 14296 1625 643 539 6692 5395 937 11623 1537 10933 522 4291 9950 2895 12517 488 3523 1659 581 852 582 30926 8991 583 28156 191 15891 31053 1359 3450 505 11066 9902 561 10141 495 11524 501 5049 1290 5903 11708 672 667 4158 8945 5854 303 9635 12824 1577 8679 10930 6928 10171 20463 2157 3512 1576 614 15190 28473 1728 10916 110 508 10728 336 20813 646 24666 17520 807 384 13340 507 736 2279 25457 15807 5159 5162 369 453 2112 1436 32096 258 257 256 260 259 261 2318 1421 89 5157 5158 1434 365 5155 2809 6482 9812 23743 5893 2829 1373 28094 17262 13652 11437 12126 398 7658 7645 11799 16297 7504 6159 1402 21402 30196 7477 12227 8937 2265 1902 5864 131 8950 28673 1443 15309 10492 147 17387 2113 22744 161 6162 17019 26450 333 5376 11291 29641 5163 2831 7225 11407 2723 2832 8980 32180 19930 7538 1299 371 19965 8343 9598 12138 11795 13205 31097 31749 10474 29141 5884 5670 2806 4862 32181 12385 2799 20827 16896 2111 29779 10594 19971 5536 18481 24416 1422 2774 6475 17386 1918 1859 27707 16296 27708 30440 12144 706 2793 357 17492 7505 1256 3402 476 14387 307 2062 466 5828 29642 5375 251 5894 13472 11825 11896 4142 1258 2601 2095 2083 2067 447 10096 2790 1294 14428 2023 1392 2218 238 2089 6129 11413
890 1636 2265 14962 4166 1158 466 3266 447 24432 25527 3372 12068 31579 462 1597 1868 1635 3115 152 7610 5250 1260 6043 7136 3117 1411 468 2614 1593 4139 8866 155 469 5055 8867 1594 1595 1857 1426 13989
891 17694 1470 2107 6844 25306 2403 17390 17090 18454 5020 30592 6779 12918 3247 10375 14708 2279 11130 116 860 10220 12842 16235 7178 13924 26678 13917 18905 16998 25249 14366 26861 10361 7298 16997 27336 14080 552
892 24148 12206 5388 13227 2872 17274 17128 17169 6430 15675 15769 12913 13351 28297 17323 23991 24304 32184 11225 13646 23990 24001 31077 11616 1108 7052 31581 5336 7053 14250 7054 2874 9231 24164
893 15578 11947 3242 14976 11958 32185 25360 14977 11950 11351 5023 16492
894 1523 145 2970 5383 11472 2985 1524 832 2279 3791 13133 11341
895 24947 18927 18401 20732 19263 18374 19010 19181 29227 23621 23454 18847 18065 22616 19179 22085 19472 18773 21594
896 784 15590 21314 2673 11075 30344 14089 11062 903 28669 15906 21316 22954 28245 14114 11069 11040 14123 8080 11053 22440 7201 539
897 17603 5086 1011 1044 2206 2235 1048 1097 3361 1051 25662 2358 398 1062 159 3996 140 142 3381 2725 243 145 2796 3376 152 469 153 147 155 1594 3377 3378 302 2083 8264 2231 366 3379 694 1859 2018 1058 19503 2264 12711 1276 1073 3386 3348 15452 7728 1457 2254 1363 2246 1239 1047 3399 2771 3400 2722 3401 6464 3402 3403 1160 1195 5062 3398 7881 1002 2340 1091 1973 2253 8283 2002 9223 1135 2213 7169 31662 1129 13119 4253 15158 10178 26227 2875 22451 1446 1164 2360 8026 2220 2256 1161 1507 3321 1278 13066 2376 1165 2346 1967 1009
898 23311 21277 21106 19823 18207 21971 18366 32210 18055 23395 10620 24473 30911 23405 31453 19824 24799 18693 18100 24466 25120 31556 18372 21199 21097 23650 19491 19223 16512 16068 16514 15985 19442 14788 18342 23816
899 19544 18994 19558 21045 20629 18744 22111 19881 21148 21881 20587 18833 22097 19140 22616 20059 21611 20065 18931 19240 24620 18967 32214 18777 18781 19147
900 22763 18401 20676 18383 23123 19747 19486 31939 18755 20554 19466 20646
901 31156 18150 25141 18107 20562 17718 18565 18138
902 18138 17428 18606 30424 19635 30413 20562 30427 18603 19138 19386 18600 22829 31000
903 12599 2408 12235 10739 10744 11382 16480 24445 4871 1321 4876 220
904 13733 21525 9532 4681 11654 8494 14778 25948 1616 3735 3741 2378 2105 6976 16057 28954 15756 11169 31232 17475 6631 17854 19089 8585 24522
905 17760 20575 19325 19458 18065 31710 27075 19489 18750 18994 18796 19547 18787 28959 22104 27112 18773 23443 20202 10497 22159 18415 18948 18767 20032 22785 30670 25406 19915 20183 18778 20588 19143 22298 19142
906 11378 19920 19915 20651 18415 24093 21091 19897 20541 19547 20208 19146 20526 7707 21045 18751 20525 18967 30182 14713 18865 18339 21055 20394 18051 24240 32226
907 7713 8584 14172 16522 12464 26970 18349 18347 18350 21919 16295 21918 19073 23602
908 2725 5729 683 1520 5164 156 18163 6760 5772 21821 15418
909 32228 117 27924 31056 17289 19608 121 22219 20153 403 20865 20882 18653 25022
910 23256 4927 23852 15577 4080 12587 946 818 8622 11992 18331 12470 11812 12993 14970 11582
911 1368 14519 22932 1308 12219 14692 28849 3073 7384 7399 14508 14643 197 16379 23178 1498 12680 11206 31741
912 15021 14750 24216 13460 2538 27906 2536 16099 14743 21369 28320 19796 18713 29654 4077 4278 4327 3250 5992 4325 2105
913 28324 28318 6387 14055 2822 628 899 10034 10029 18194 12885 15396 1499 25454 4610 1325
914 25156 24320 18774 18402 26500 23672 18876 18823 22304
915 27951 18137 18115 18589 17406 17721 21751 22834 18114 27950 20568 23070 25824 21733 26072 21999 18625 18411 19639 18134 25144 19369 25141 17750 25833 18116 24524 11197 25176 22108 26784 18415 18336 19626 27757 18611 18624 19855 25419 28715 24514 18150 19066 31402 23943 20250 20067 20709 20795 18817 19924 19871 30304 24367 25187 32238 31551 28607 19479 19912 20421 18691 10495 31677 19635 18106 14714
916 10373 11100 12935 11942 14968 30995 14921 25734 16495 29240 22503 747 27172 25389 16494 13847 6011 13882 12468 3802 4409 11961 14946 6699 11988 6876 6701 6706 14936 6698 22502 6877 14920 30718 10361 28225 11103 22977 11150 12335 7426 7419 30453 6850 16577 11106 11809 11810 18429 16927 21499 16929 16928 10708 16212 14030 23802 31426 14261 4410 6559 722 28086 21650 7243 16990 947 3606 3688 16860 32243 23502 1706 946 13363 1570 2052 1574 1710 822 1655 1657 599 937 807 387 1731 4295 621 1728 917 12521 11966 10838 3625 99 1647 536 13598 5771 24351 5770 769 13343 2279 2105
917 2027 1263 4867 1374 238 462 7601 5909 693 12144 159 2127 21177 2074 4158
918 4609 10774 2858 4871 13183 4659 17955 26138 7011
919 22395 16495 2469 27570 14631 2641 23256 11963 1525 2279 12279 16571 27536 6704 1189 26890 26524 11254 14965 6698 23243 16904 25639 749 22977 27665 11339 4881 1321 27034
920 7175 1790 8652 10782 13267 947 3630 2697 10937 10161 16861 3622 12435 9167 539
921 4743 6251 6093 5959 5630 5601 5639 5662 29983 1227 6456
922 21697 20126 11324 30691 20125 12585 25209 15941
923 31630 31764 17850 31624 31631 14171 7712 20230 6627 17485 15987
924 30509 460 2624 582 12526 17276 17275 9230 2875 6121 6122 10178
925 13012 13588 10342 6346 13773 14121 20000 487 9157 7243 2659 4290 620 2885 23126 20661 3655
926 32256 20708 20388 24248 19149 20793 22203 23386 19900 18806 18896 18933 20577 30748 18394 21025
927 19250 26754 18862 21030 19639 19201 10499 19735 19050 30113 17763 18739 27291 18383 20603 20513 19223 21251 28987 19189 19192 26479 18911 17722 19258 20206 22780 23393 21216
928 23756 23755 25668 31505 308 15001 19169 15000 2617 13130 24951 16474 731 27541 14994 14584 98 6195 5805 5808 4583
929 29112 2197 5071 25934 6520 2196 18168 18496 4041 2192 1186 31606 4622 15544 30826 4119 31754 28142 15448 6096 4144 4624 30404 6957 25033 18328 12550 15872 30208 14996 19953 19954 14230 1052 9284 9285 5491 1492 1459 1969 6095 14226 28817 13524 2006 1050 1074 8018 21179 15932 15366 5436 375 23730 734 1189 730 1808 727 725 4938 1812 1813 726 724 16260 16259 729 7292 1188 1190 731 12725 23381 1793 723 11017 1449 7809 7811 16543 1448 1819 12284 27612 11390 4941 26567 27354 735 116 3391 10054 31103 13544 1506 2214 5063 32257 4619 18513 15929 2005 12361 9794
930 6143 4849 2033 2607 462 1287 145 21804 1886 1597 232 1883 3119 713 161 4058 1270 1266 1846 8845 302 1897 4171 1884 11407 687 7040 19931
931 6372 16639 16436 6302 6297 6315 6282 15083 14749 6285 2448 6385
932 26836 1308 1307 1110 30187 12598 28435 11383 7458 26115
933 12478 6211 14587 18728 30452 6195 3975 13805
934 24183 19710 2617 10166 1256 882 27590 2193 18170 6519 2196
935 10953 861 7204 18327 12550 15872 26672 13185 5736 12372 10118 17057
936 19062 18693 23466 31562 19821 17754 23321 18602 16076 16068 21700 19824 23028 22483 18111 21279
937 13252 27163 4759 6712 375 9553 24438 6450 195 194 12389 16855 13251 5387 5397 116 9313 26883 1979
938 18805 19143 22159 28612 18759 24621 19258 28959 20271 10497 18802 21601
939 810 12432 543 13591 16859 7174 8092 3704 26223 21599 22623 385 846 23836 1727 10844 828 12915 2632 8656 11117 27267 2160 17309 17531 1754 11623 542 11939 14069 2982 19651 12984 25646 10275 28909 28951 11467 12342 25455 3619 3620 25469 2691 16368 13862 8097 2162 3746 2719 12442 17528 5768 15478 824 825 2703 3625 957 13279 12333 12329 11323 29588 2693 7200 29943 22952 2695 820 7244 1834 1642 15528 9601 926 3757 12962 15464 20001 3036 8084 10516 3673 2672 2698 933 10006 26712 3610 3611 3606 3576 3885 14124 13125 3770 28631 16862 12831 9936 12804 818 819 6695 11159 1717 3548 19361 12435 16360 3035 9575 9572 3550 13277 4289 25673 4288 13151 24310 32282 935 12592 15526 3447 1582 3600 3602 2647 10524 6561 3427 1688 11478 2966 6694 2146 3708 28991 12586 6892 13348 1617 10627 14028 936 567 16987 569 14733 12346 8068 12347 13582 880 854 881 2707 112 2888 13755 4635 11834 29624 11381 10653 12209 12591 23127 26226 2149 19019 1625 1626 8090 9894 3890 2882 18428 924 3052 11500 15198 8997 595 596 27687 1648 26871 15751 3458 13365 3638 8066 2060 11983 3582 2667 3580 1521 32074 2633 646 1739 5738 8055 3795 2674 14042 11520 539 11155 562 3759 3598 3597 3618 501 3448 498 1568 10144 11525 618 32283 9962 621 32284 4402 25244 10506 2705 13286 3697 10919 2963 11504 1647 14062 15621 3622 12522 2716 932 591 590 3018 518 3671 19569 600 3696 3503 1731 4075 1655 6928 6929 8643 6393 7261 786 23240 3747 3720 11518 2704 24176 2516 816 26230 817 2518 3534 9159 13855 13278 10815 2645 3721 3575 16367 13269 6945 3624 3644 8686 4296 3593 1624 10107 2057 32285 3584 1548 28465 2714 10810 1706 1679 1774 32243 12527 14020 1767 1697 16851 3792 722 25456 10338 14295 2105 735 17346
940 29921 18240 23237 9994 19783 18442 18441 10014 19156 27194 10012 9992 18256 18294 17995 18244 18242 18249
941 2830 706 2796 1374 2092 10602 1942 4180 10454 4171 14000 1250 4107 6464 10588 2222 462 151 131 147 150 1635 2078 449 5864 5355 2241 5908 3079 302 3994 161 149 11925 1589 13989 7134 1884 1254 1252 468 467 2074 234 238 4820 2062 1591 2073 159 145 5909 242
942 18766 18734 18943 19762 18200 19755 18875 20059 20215 18065 31393 22196 22105 20511
943 29179 8544 16083 16062 15990 28393 16074 20987 32310 27652 17829 25317 23337 16073 15984 11169 17830 13702 13692 19440
944 25104 25107 22859 8325 22824 27841 19897 26003
945 26246 31517 2279 32311 6672 25203 32312 862 1616 6916
946 9811 7029 372 2037 11892 377 534 4851 2071 9812 32313 17783 7683 5485 11552 6571 2845 11989 6555 23783 7426 17947 7425 13873 16904 16905 6981 6977 16496 6678 16404 14937 16494 11256 10552 27810 30152 14945 16495 23921 11972 30215 6887 6888 12471 11990 6817 31042 24774 11095 11970 19564 26253 16240 24460 12000 2105 3784 11187 5 21137 30073 6 7756 27006 30730 32314
947 19141 22473 17715 27116 17893 23818 23812 19319 22349 7701 18110 23822 18552 30816 17910 21971 19829 23319 18070 32200 17426 23813 17401 17726 17881 23468 17419 19138 18548 17879
948 23726 11704 11700 19132 11717 11617 14217 16960 24180 24182 28911 31301 16807 10442 225 224 19033 28672 4883 19714 16871 5953 14446 6971 27319 30122
949 32316 335 8107 530 17387 2770 8854 7603 2777 25126 6488 1886 1061 9606 2125 715 8619 467 8346 7482 708 13559 473 248 707 712 145 1850 8852 8128 12101 16833 2789 4347 1916 17678 8361 8369 5164 2733 7111 10445 2760 26809 9326 10802 19960 8234 32110 5680 16275 2062 251 398 11289 2024 3898 8967 15711 7741 7490 1915 1426 1392 15948 14186 14431 396 1415 5047 7112 5686 4853 2040 238 31102 8847 1249 13482 534 1899 1439 7505 4847 6475 2829 1918 2807 2108 13971 29929 12144 2612 6128 7478 6127 10555 8850 1902 2778 30328 15727 32317 2776 28998 464 2265 1272 7113 680 4846 2127 303 22237 5435 1855 5252 12068 6129 27707 8864 3078 8879
950 5397 22760 219 3847 4975 22262 32321 17139
951 29386 6097 1015 1132 9226 4063 6638 226 1089 5492 1459 1969 2128 3908 6109 2294
952 14451 4597 17627 1366 4631 10876 14525 2279 539 772 599 5919 7190 937 2633 2249 1533 8087 628 7685 7315 4633 4635 735 25250 27354 31484 25562 3068 14483 7435 2593 10957 6296 5150 6401 14056 12254 2436 26949
953 21508 23902 17942 17940 26227 6122 19407 15161 20019 10232 23900 4221 25382 10383 32056 23794 10353 15179 14366 7429
954 12340 32332 2870 9330 11805 20461 3843 17575 4970 4971 23409 4969
955 31114 17767 17413 17727 31717 19822 18055 17404 17373 17897 18546 24463 23311 23812 26339 26912 17719 18693 18545 18551 27613 19820 21110 18547 18553 23320 20928 17713 25500 23826 32333
956 14851 19110 17477 14852 7719 19116 12120 4171 12175 233 2062 15503 2736 3371 244 26687 29017 17228 26542 8142 28911 27349 3965 19134 291 11700
957 9877 18321 9407 1172 14836 3356 27944 13726 8266 19695 8822 12903 18356 8636 8628 9238 4959 9450 1979 8786 8632 9121 9120 9125 9273 9445 32218 10199 16334 8598 3263 8232 9254 9454 9270 5113 27945 9145 11919 9467 7049 17786 9365 9368 9315 15912 1613 29035 6616 12550 10330 13714 8285 5365 6620 15850 4900 9122 15872 15870 14841 8634 9107 8887 9105 9136 4974 9124 9126 9123 8630 1612 8638 9691 27637 9373 31062 8785 8637 9354 9249 11655 9457 13207 8886 9822 9679 8640 9143
958 2079 4823 1376 2757 8857 5704 23275 699 4155 1429 5672 2229 3200 7469 6016 2739 8861 29785 6471 4840 1037 2014 12068 1374 8106 1292 2223 2792 9622 8968 16897 17640 8327 2046 1383 13969 1258 7684 11890 1435 1285 3378 27591 6493 1272 25768 10798 12177 2755 359 4054 1249 8978 272 4825 140 8946 7111 11433 1637 1392 7404 11383
959 18778 19762 19448 27089 21571 18065 28959 19877 29554 10495 27548 19184
960 18389 18973 21594 31775 31251 18393 22105 22293 32337 20612 20716 18388 20573 24790 25219 22195 23085 22494 30450 22676 18387 21060
961 9023 19534 13775 20104 3247 7430 3784 18958 39 7092 25 2105 5020 3593 3538 1731 937 21325 21326 4676 21300 29206 29207 26478 17049 29208 4677 522 9613 637 11327 10916 1574 2052 1710 13866 1740 646 15141 1736 1625 621 395 11505
962 24426 328 16615 25529 29623 2748 2092 9812 2771 23791 7491 11425 7489 11806 26451 22033 14521
963 28411 18759 18665 20023 20629 17722 10499 19768 21096 19258 18065 24129
964 21351 18733 19491 26310 21043 31311 22489 24279 19391 19390 19375 20584 19855 18128 17907 19366 26498 23462 24282 24280 26338 30056 17895 31115 24271 22821 18579 25404 26337 24276 27646 18587
965 10622 15422 12841 26133 24570 29045 29334 28669 16913 2672 10788 3239 2846 3792 946
966 18446 19773 18441 20439 32343 21342 18442 18000 9988 17998 32344 18268 18250 5126 17707 30091 17995
967 22822 17741 30308 20495 19384 31346 22833 26923
968 22420 24414 12047 25416 2942 860 25385 28730 12687 30038 21977 2203
969 20021 31747 10786 12224 12234 12599 24942 12278 24220 3787 7371 3071 14501 7385 26025 12618 1319 16171 14625 4812 4810 10760 7351 14622 14619 22910 7692 9339 29894 3809 21764 3863 2764 6430 24747 6428 16891 27126 27124 27128 27125 27127 10035 26106 25054 26107 3806 3807 19363 3847 1128 7329 25641 7343 14209 12600 14485 12219 26986 1112 32152 15381 14510 14514 16326 3073 4600 26232 15382 28441 1315 7364 4813 1317 24098 23930 7358 14665 4601 29359 11531 28578 2250 380 6586 1702 26759 920 5943 6071 6067 6070 1681 1564 6069 13631 13286 10151 768 528 5782 736 2818 14307 11469 3654 7109 1622 1579 1547 3482 1700 112 22758 4631 9518 14662 31741 14502 16219 12683 10895 10872 32347 8214 14677 4815 22931 6642 10306 9542 31516 12426 1111 22940 10888 25077 16541 1336 1334 27164 29304 11808 32258 26286 1347 203 204 11574 32162 1345 14468 1348 14465 10868 202 11556 1325 26951 30583 12223 17610 7408 7401 196 7350 17607 14575 14678 4634 8179 1625 487 109 17525 580 15212 28170 15211 581 582 583 584 1651 1661 1649 1650 1657 1656 1655 1654 1652 1653 1659 3539 1626 1736 3890 870 384 523 1734 394 585 586 5919 3508 2161 3711 19081 1731 1680 3050 3500 3433 2279 32348 12798 7374 12235 31904 3066 27896 6075 16278 23428 889 4605 4872 8210 18083 4598 30789 7444 2992 7435 4936 735 4577 15669 858 28006 24546 30452 16261 29594 11003 10727 26142 628 14732 26516 1309 2942 1025 25019 16759 16757 26143 20481 11804 11805 2408 1323 26681 18318 28862 14535 24147 30647 17814 201 31947 23971 1121 23496 32349 1327 22270 3070 14695 1113 21497 7354 10896 25563 3843 26453 3771 7797 861 19328 32350 11867 28542 32312 15227 15224 18221 18219 32351 3811 15219 18222 30922 27130 18223 27129 30648 29498 18220 30921 15218 15222 30650 30649 3815 3833 3816 11138 3775 16364 3774 6054 6526 193 32352 218 31879 16565 3817 3818 192 211 6531 3820 4879 6535 30580 9323 6534 29617 4880 6426 6527 30725 27324 2766 8298 32330 30897 16892 15893 2765 189 3804 29499 28161 9321 16857 29233 10695
970 23029 20079 23782 18801 19748 18665 23887 18736 21595 21609 20250 20202 23674 19301 23843 18758 18383 19742 23085 20214 20246 21581 19248 19916 20671 20576 19005 18971 21598 18744 18064 21580 22377 19765 20201 22637 19877 19770 20039 23683 18755 20629 18335 19218 30813 20735 22648 19283 18791 18840 20272 20691 18788 22478 29883 20176 18773 20271 23639 25219 21208 27779 21870 25551 31379 22783 18781 18387 21201 19761 19187 20073 21260 19919 32038 21610
971 14415 11808 26264 25552 28050 16570 23700 29995 32073 5799 15412 16977 15841 11246 11245 19952 11243 11244 5789 11247 18647 24933 24097 15411 11242 16552 30785 12465 26246 17290 1025 26143 28284 4803 628 11703 27245 7211 19393 91 22389 7210 32356 93 32357 90 27751 94 29194 32068 7208 21507
972 14560 1329 14486 14561 14639 10740 28522 7342 26285 11569
973 29918 17074 30015 30538 30645 29919 28799 26787 28698 30407 5328 10250 28691 11371 15497 12691 12043 5232 5308 30714 26697 26698 22421 24106 22911 5325 5270 29285 5292 2200 5274 5734 30069 5303 5236 17215 30335 8355 32359 17075 30099 30340
974 10065 4668 8554 8542 14374 6962 3369 28993 16024 882 1358 4886
975 14304 28032 10037 29517 3837 15223 11202 30507 9504 6796
976 5528 32225 29614 32390 7726 32391 29613 7738
977 1369 28849 1372 2875 13120 28865 16999 15159 6121 25045 9476 98 22753 17679 12216 1313 1308 11259 23922 14492 18699 11260 14983 12866 14639
978 735 23777 17349 17354 23729 17350 27995 2378 2618
979 6927 26631 9925 805 3485 736 10950 11412 26649 8042 26632 27972 14041 3503 3458 5935 2690 942 25241 507 495 500 501 4296 939 940 656 547 6571 2845 6830 12745 722 2279 17520 2633 18469 10831 3473 6928 16986 15588 10611 2159 3697 3518 1660 508 946 28690 539 807 1731
980 10656 31570 31816 31354 31015 31422 31236 31358 31244 27004 11378 12463 31264 32397 31247 31260 31266 31242 31818
981 20192 26390 18379 21429 20607 21847 19888 20172 22202 28956 22738 22560 27045 22200 22990 18929 20073 19187 17736 18402 18877 20065 19392 32399 18831 27315 25814 18739 31336 23649 18810 19312 19269 18899 18847 21557 20685 9399 22989 22988 25829 25835 25828 25820 28405 29574 18832 32279 25822 26013 21254 28275 9397 9403 25231 19559 18201 20387 18372 20305 20416 28903 19465 20717 20676 27748 30763 20571 20242 19250 19184 18383 18382 18961 20341 20532 19423
982 15771 966 12467 3690 3615 2060 3446 2882 1687 1840 15442 5383 681 302 2230 469 684 694 142 145 6038 12765 3471 21650 9937 16367 2167 13631 2056 3632 10928 805 2818 722 3575 11995 5008 4923 15089 3660 904 15197 612 22434 9973 3034 3792 16492 3618 3568 4594 2628 12564 4764 7108 15857 8429 539 3789 10925 5406 31055 1558 769 23769 499 870 11072 4390 11366 10361 12281 14606 17508 7799 2285 3239 3249 9388 9387 2845 2105 13147 10428 4363 599 2279 11992
983 18451 30822 18906 31433 30048 25306 24525 10545 17635 23343 29338 14529 7178 18454 25304 32064 30047 10084 10077 31198 31936 10085 30470 23804 32402 31429 18908 25305 6926 29653 31432
984 29576 20922 17752 17421 18541 17749 18056 17769 24473 7701 17721 17401 17765 17726 25135 23813 17419 18100 15045 22777 15046 8311 19626 18109 17406 20225 18415 18617 17745 18080 23814 21971 17716 17881 23465 24480 19872 23328 17759 18540
985 25172 23579 20779 21036 18899 23394 28782 19450 18873 22997 19489 31920 22464 20326 20358
986 9803 457 6267 4116 10481 1966 12577 10478 14377 7040 11425 9789 2279 8902
987 6232 12475 14830 6224 5805 3975 7298 6291 19801 2449 552 32419 11767
988 9948 393 1731 28950 17823 5395 2055 12528 26868 18432 20657 10135 1759 1524
989 22881 2824 6407 2480 2499 6406 21404 21367 4088 22882 19798 12242 4089 6365 2472 4569 25665 12241 6373 2462 2500 12253 16671 27238 6282 2595 16643 14750 4566 26957 6422
990 6298 2542 15281 2506 14203 2435 21776 4092 2495 27020 16683 6056 548 19797 28080 11783 12551
991 9996 18292 18444 17693 27679 29219 8266 26583
992 28325 4316 28334 26548 4364 26550 24456 6863 28895 6841 9385 5983 9384 28131 26991 9388 17849
993 27029 7985 14988 98 1795 1816 8016 27978 1819 1190 6346 729 7132
994 2608 462 302 145 235 14005 249 1897 6043 1260 1593 677 467 8342 4748 4058
995 8764 4895 9257 15040 1979 9316 21763 1977 11772 4978 8828
996 27188 17851 17477 17926 17246 25600 899 28738 3766 7756 16508 29293 17473 26988 16065 14155
997 6425 12243 15005 6281 6398 5146 27021 24582 14747 25718 2568 735 1791 1876 2027 716 8977 9588 239 698 6607 713 715 1875 4136 1248 8841 1889 1883 7619 5060 1586 2606 8932 1879 146 1260 1851 1872 1870 1866 1868 3116 4057 152 8135 8928 11122 4052 466 5828 6338 1935 465 1635 1604 2087 8954 5056 5057 5055 13997 7623 1588 8446 1871 3997 10519 1846 8447 677 706 8196 468 467 678 681 155 1591 2615 1594 144 13984 262 13981 4338 4342 1423 369 15322 31185 13095 9777 8956 5910 4343 1380 17023 1250 1386 13096 1397 1395 7226 1388 1595 1880 15505 1891 1908 1882 6048 153 1898 1890 1887 693 1886 1888 4830 1406 2127 8940 684 158 261 686 8979 8198 1900 265 685 249 13999 7629 248 266 162 4179 2266 669 267 245 307 254 255 1421 5157 2241 11801 1597 1252 1254 24417 16010 8123 8124 1270 23017 8865 8125 3122 15605 23668 4002 4001 14391 3123 2904 8127 8126 5478 4167 1884 8121 8122 2939 8872 2616 2796 12815 666 13094 13983 4340 2091 4497 271 26360 12161 8603 9776 12060 12186 12062 12157 4171 12129 12128 5051 12150 27783 12130 5050 5052 12175 27782 21176 25029 272 12105 12073 10450 12104 12072 29203 12108 12187 12107 12071 264 12127 12070 28566 17020 10094 12095 9037 1272 13482 12068 12118 12112 8264 23529 366 3376 15318 17022 5665 12067 8609 680 1603 4003 8944 7468 14008 11793 2318 89 263 8973 7224 446 27304 259 256 1381 257 260 13982 1867 9773 4061 1910 6336 246 4134 1914 4004 5158 12184 1434 694 7624 455 4157 7730 5727 11337 325 4180 3379 13992 6045 14004 5254 6052 11336 326 469 10652 10651 3996 13488 9797 13993 12931 10479 147 235 236 23241 6047 9778 1412 1926 151 139 5859 306 2940 253 275 1855 5477 10649 8873 4339 10463 28571 7626 3117 6610 7625 10165 28434 1291 25559 14013 5358 1589 7627 258 8972 26689 4828 6337 4140 25440 1598 2015 1374 3127 1601 2833 702 1258 447 145 3126 148 161 142 234 238 470 16661 149 302 663 1403 1599 4056 233 28572 4060 5250 5909 462 8983 1596 1253 9779 2239 4058 4059 243 241 244 140 131 1392 304 240 2023 696 232 327 15506 13991 221 6050 5842 5035 6049 8984 701 476 98 552 14048 6413 4562 2579 13779 2503 6365 6378 2526 21830 16631 14871 23508 16435 15078 7971 7972 4575 5137 2441 14870 5135 2439 15004 4559 11599 4578 4563 14873 4564 14872 26642 14050 2491 16680 15285 2400 2594 15065 16340 15087 15389 16649 15395 2453 8641 27364 10956 17837 27365 27362 4571 16337 21405 6681 16652 25720 7973 2475 6368 15665 11836 6287 27523 29412 2445 27524 28767 31532 14343 16097 2432 15284 6680 6410 15060 6376 15152 12249 4096 4097 16632 16633 19834 6375 24357 26416 16684 27812 10957 6348 15020 5150 2593 6420 8718 16432 4092 551 8175 14344 23895 26147 15390 12242 24569 6418 16637 16634 11900
998 11180 11178 13391 11177 13042 22695 17874 18001 11174 11175 18040 18036 18043 18031 18012
999 2116 23729 17350 8010 29791 7988 5408 16259 25560 26747 30600 10175 23786 17098 2099 11403 735 8266 27982 1805 23731 7296 1813 31191
1000 6747 6761 12778 12783 6745 2848 10541 8460 9034 8486 6762 6765 6812 10409 13735 10532 10408 11285 10236 10531 1616 4361 30009 15338 3952
1001 1861 32435 4054 462 1060 7612 2029 1885 1260 26882 5058 5474 1591 26703 159 148 302 2239 2939 29825 145 6053 3127 2786 1438 10589 2783 331 4823 2724 305 1061 5729 142 2242 2760
1002 6683 32171 702 1259 1599 13997 6044 680 530 1414 2904 2909
1003 8 21983 6 7 14907 16600 10072 22292 32155 18017 18016 21925 19393 7211
1004 18571 20561 18603 21156 18611 18600 18614 18601 18623 31028 18115 31001 18597 31021 18606 18605 18604 20563 17714
1005 116 2128 18162 25346 5655 18229 16703 4975 2105
1006 15866 18513 1506 9226 8425 2908 13536 5365 5452
1007 26217 29223 2196 6518 9652 6019 6021 14482 10755 10748 11546 10751 10750 4657 203 1334 204 1347 202 32449
1008 12977 9781 6665 15849 10315 9499 10291 9468 12774 9497 10314 7848 9769 12942 11043 10967 7693 10996 2934 7843 7836 22965 9494 12970 9782 7282 28689 2874 1616
1009 25736 9527 4689 8707 4702 29515 4694 24669 10713 4549 8699 30817 13820 11223 29204 15246 21655 4892 4463
1010 11118 1734 3734 12541 1737 15080 16399 10929 385 868 2887 1528 869 25958 30595 870 21617 384 1736 394 637 9959 11411 12919 2883 12538 2882 9960 6776 9958 620 19412 26162 17154 17167 28811 11601 13572 2958 21784 13082 21787 27562 30034 13851 14041 15530 29052 26632 2818 18419 23896 21411 32135 19103 30133 26749 26694 10338 3958 3758 12349 2712 16159 16160 14660 23499 18435 12350 2684 8053 14294 32348 13666 959 2710 910 829 23842 15250 30514 15556 8475 11654 19338 4682 15564 15994 8494 10669 11218 16422 4468 23834 13080 21786 28286 19431 13852 31586 5774 7214 8044 2399 113 899 10260 12317 8647 32090 22725 12307 12297 10776 10783 3713
1011 12491 27581 6216 29232 6200 29317 15591 29566 12496 3980 15658 3135 24290 12262 15386 13599 2449 14820
1012 29936 12304 29237 28700 10769 897 3184 624 899 12309 1025 9061 436 126 10854 29165
1013 13959 5111 6172 1441 23790 4109 11825 30723 4108 4152 7235 10554 701 3400 4859 10795 18711 11824 89 1847 15711 1373 11829 21816 2024 2805 4841 6494 17020 31901 5887 8577 8529 29519 2095 4100 5031 24191 2037 7683 26114 28013 7478 15507 247 5072 11855 5902 14430 14440 4180 2265 1431 4818 25580 4346 4141 26452 140 1855 13652 10103 29615 5563 15447 26384 4347 11436 4849 31913 275 2093 1919 13896 13898 4863 13062 1264 3374 10091 447 4483 2074 29681 5375 4846 11896 4837 13205 25546 2083 2798 397 15124 30440 26695 15120 14431 31928 2040 25524 2779 25051 1415 4848 26709 5159 29779 16896 1258 7741 4867 14379 5376 2219 2214
1014 16609 4025 29224 25745 2128 2130 1756 27268 15361 2814 2660 11322 853 3755 904 561 2056 18432 2979 28707 942 774 5927 1727 2827 2382 2670 8041 23240 912 6062 3044 569 2249 13345 5919 15848 10620 19862 22277 29444 23892 3764 29436 3762 22513 3760 32235 19861 11194 31082 9200 7756 721 4529 3195 15102 12828 605 15207 10971 2633 8088 2279 17103 31797 12886 899 3035 3544 11077 11265 11058 10997 10624 907 499 1723 9573 2176 3515 2936 8086 21834 3661 30895 1661 29151 3617 808 807 19690 814 3627 870 12574 15200 9574 9867 12837 6931 3689 3498 10506 2646 1760 3510 11310 12437 4595 30156 7267 12788 539 2984 3014 11314 10361 16240 16907 11256 2105 12690 8065 10921 2920 21758 12512 823 8091 9955 2418 12863 8080 11050 10937 10143 16052 10996 25675 16017 10399 13863 12803 9964 504 8194 2674 9951 2520 8435 8661 5776
1015 3627 12959 10137 7098 998 15743 15153 16015 3517 17043 12810 12427 2936 5390 2279
1016 18203 19855 18606 25144 18148 31672 11378 18110 10498 24285 18577 18129 19630 19548 21838 18138 18589 19639 18745 20771 19496 18415 31199 18595
1017 19448 18775 24824 21494 19496 18828 22126 20215 18802 20511 18875
1018 18752 26657 18384 21226 21426 21867 18797 19886 10499 18759 20597 18333 21581 20070 19590 30178 31698
1019 6230 9166 13784 26421 3983 19567 5802 10241 2130 3974 27581 3975
1020 12177 7635 15816 335 4101 14429 2125 14444 6167 8854 28557 11295 28555 32456 463 14430
1021 4297 4299 4311 10423 10422 10426 6015 4283 4333 4334 4244 4313 3239 10424 5991 4498 4256 4312 4373 5992 14115 3249 4304 24786 3243 14265 4523 14291 4374 6005 4247 4522 4254 13021 4327
1022 24435 17068 12375 17063 17064 12374 17056 17054 28975 12376 17060 17053 28009 31105 12373 17055 32245 17052 17040 29780 17039 17069 17065 17037
1023 3855 218 3820 4879 2765 206 10261 22523 17034 27320 28121 22006 11701 6855 32338 32001
1024 20067 28956 20338 24631 22206 18976 18836 19494 30293 30019 28603 30793
1025 7969 2523 3778 621 523 2548 14052 15073
1026 2674 637 12812 13304 16588 478 1573 1630 2279
1027 20310 19743 18787 31542 18881 21006 19255 20336 21544 18900 24532 21849 19181 18765 20535 20671 18922 20195 18336 20989 23479 18806 22102 7698 20323 23627 18818 32117 20516 29880 26180 22330 18741 21541 27750 22630 19185 19283 18781 31550 23622 18975 18339 20175 18946 18835 18857 24497 19262 23988 18999 19261 18962 21861 20579 20631 23609 21047 18849 19214 31043 19273 21261 22878 24857 32465 3766 15043 17087 17090 10620 11375 23356 19915 18399 26596 26917 18883 19478 20794 21191 19050 20383 20391 20031 21064 21596 21285 30626 19762 31868 27553 25698 25917 23006 20793 10500 20708 24248 29104 18742 20251 22677 29119 18415 8201 18755 21189 23650 21853 18897 21854 31314 20388 21005 20074 22085 20371 20372 22739 27621 19279 24388 21554 18873 28191 19289 10499 18952 19761 27087 28062 19544 21097 20027 18383 18379 20300 19914 30256 18390 20411 20247 27880 21449 21512 19755 20795 20542 19472 20709 20710 20338 26309 30359 27103 18880 19245 22690 21583 32466 18877 19259 24320 31249 17724 20995 22295 19224 27092 22854 21240 22068 18932 23645 20549 29248 28390 31674 20380 21586 18919 19877 27094 31811 20043 8199 20067 19147 22313 30851 20600 22310 20644 18373 26916 21034 23080 21565 19884 20075 26736 25223 27754 29265 19548 22661 20051 18372 19558 21495 18896 25215 20971 21882 31866 20591 19448 21493 19223 18992 27594 22849 22867 23957 21897 22806 32315 26322 30687 30686 30849 30637 25611 31867 19588 20495 20499 22818 22808 8307 19383 19897 17772 14714 24912 18913 18691
1028 13656 5329 5368 7299 31365 61 7142 9490 17858 98 2874 27010 6658 9485 6664 19831 74 5335 5373 6611 7048 6603 76 9512 14539 31581 44
1029 29726 19648 14778 15943 28391 19063 28188 25678 31020 31793 32068 32471 30481 30607 30480
1030 20978 22370 18857 26774 20173 18065 22642 18781 19287 18665 18664 19768 20214 20036 18383 19881 18401 18200 20321 21152 18379 18911 19184 19188 11444 29770 19748 19916
1031 13232 8454 1616 226 1430 19163 26455 8920 16222 1321 220
1032 5867 4864 12576 4103 10573 13976 98 1821 8001 13902 4934 1190 734 1807 1810 14318 6975 6843 6842 4104
1033 20145 2122 2155 19506 539 13290 12772 13270 16053 12638 22242 24745
1034 26972 27469 9400 20651 18065 9399 20966 23984
1035 23440 1497 1499 4478 14682 11646 13635 860 17966 11252
1036 7830 188 5488 462 530 161 1414 685 2904 131 694 1910 8920 24175 11381 13211 10705 1430 2909 98 7061 23504 860 2279 2932 13079 13571 12555 12556 17512 2953 2958 13572 2928
1037 599 3593 16087 15580 15589 13764 26133 13851 2378 735 15668 723 2117 7812 16587 27719 19819 11053 11055 16089 1551
1038 8111 25531 10449 10596 11876 32496 26290 4104 30723 10491
1039 24807 21558 17399 17881 17751 23472 19316 18076 17744 18205 23400 18057 23294 17756 18617 18098 18068 20920 7701 17733
1040 14579 4358 2846 4378 30876 24787 4377 17848 17847 25259 9381 17555 12745 23250 17846 9380 27720
1041 1923 2754 2087 2739 4489 462 7609 12930 1597 235 1261 8446 677 1907 10480 4745 11338 18667 2760 159 162 26703 3123 2939 15504 11764 463 2806 148 145 3127 5359 302 699 5841 249 338 28254 19678 16446 4886 16451 3390 6960 23273 1156 22405 28694 17506 22264 150 22720 12507 26854 6968 28436
1042 24211 7250 14190 25717 8764 1574 3890 2964
1043 23137 18396 22195 30412 28604 18972 18973 18855
1044 32176 30242 22778 22099 22643 32114 31839 19559
1045 508 1669 25943 1677 14028 14060 13861 10950 3644 8686 18718 14037 939 940 1524 16215 9924 936 10148
1046 1612 3775 3819 24755 21926 3879 6441 8298 4880 28910 32508 19840 25730 19839 3867 6920 3857 15894 24225 6524 32352 6525 16363 3827 207 28543
1047 21120 22070 19544 20378 19058 24285 7701 19824
1048 11531 6720 244 1403 710 7113 531 1884 470 706 1880 1599 685 8838 702 239 5475 476 6027 6799 11534 2657 14498 11535 1148 628 6818 4633 20160 29234 31489 27018
1049 5708 2605 1254 3115 5535 1586 2222 473 1869 1846 710 8126 153 8618 4140 1883 713 145 10649 2077
1050 22498 13795 22497 14988 10612 6894 5927 3890 1543 11939 1701 950 2817 786 10952 1567 1680 3572 11490 621 2415 2248 1527 112 14987 2617 6121 23900 13832 13833 4775 6688 1450 8001 17929 1801
1051 24953 27961 14599 18724 14586 3356 11805 11808 5708 2268 5113 4181
1052 7864 27585 28260 13517 31958 5154 1054 1057 4535 23866 7858 1180
1053 12442 142 2807 247 706 1260 302 159 8118 243 248 131 1159 145 154 715 4060 463 244 694 5975 624 3444 1835 621 1634 4075 765
1054 13930 4810 22444 29470 10549 4558 2436 2575 11724 2287 13024 735 22971 12602 12209 7785 3237 22679 8588 21276 6562 2279 1359 18692 624 14658 3766 22509 21282 21668 16508 17128 14850 13692 29051 5389
1055 28504 12815 247 2611 2787 2772 148 24417 13485 28096 28265 1918 145 10652
1056 9804 32059 10449 5871 147 270 2779 238 8504 305
1057 3225 16601 21887 3237 21138 9189 14141 29083 13409
1058 19476 22344 21747 18065 21275 19558 19230 20022 20258 20305 22167
1059 19572 9386 28044 29677 6864 6981 12002 2099 19993 6839 12726 5982 13902 13024 727 1793 17561 11109 15510 27007 23666 24773 24758 21408 21682 11250 21413 24764 15426 25654 26769 17948 6820 17953 25249 28175 30575 21410 22981 28586 3239 13889 5009 4271 24767 4410
1060 706 335 2222 140 4157 1594 1272 4176 467 9778 2753 145 302
1061 22528 9160 13737 16407 22526 27681 21698 12870 6296 13359
1062 26948 31107 7971 27021 13722 13460 21830 16631 14050 6420 4587 2433 14745 28119 4096 13721 15020 12657 16646 11600 4575 15026 12258 24684 10002 21365 11832 29647 30893 2107 14048 11085 14865 14872 15057 550 5146 16670 226 32536 2192 28417 2198 2196
1063 3115 469 677 145 303 4057 9778 7258 8712
1064 17712 16588 380 2670 8041 13631 3716 3710
1065 26154 1127 30017 12226 7012 14567 22750 2630 1325
1066 21961 11461 12048 14857 12019 12660 17578 6671 6447 28372 17583 8275 9337 6139 2196 6516 30494 25934 26217 5071 29087 17294 9551 9651
1067 11086 16641 11087 6289 11088 6288 6287 2538 2536 2453 6309 27895 6372 14056
1068 4491 339 147 713 3993 14007 4153 1260 25263 7735 142 447 145 6053 5475 715 249 4180 710 9778 7645 4152 158 306
1069 5534 25576 2125 2772 715 708 8346 13559 707 13056 5858 1415 7603 2745 2229 1520 4820 307 704 6469 5881 11882 25559 2789 2742 151 150 159 3898 1421 6241 8478 23741 2031 2061 5157 2231 4180 158 25759 19679 25914 7030 2318 2127 28559 6503 400 369 7683 1855 2757 16911 2732 131 7037 693 12162 676 7658 5381 31413 1291 4153 3077 25582 2773 2724 453 1849 28565 4847 6340 5158 2024 4477 24119 32261 21936 1379 17236 6130 7111 270 447 2112 5155 7472 474 2753 11824 89 2775 3399 2612 1910 3078 8946 6125 1373 1376 4823 5159 1434 5162 20942 252 19929 12185 1287 13653 242 13979 31928 9803 29301 16897 680 25767 9327 1850 2780 15792 6506 3349 32180 1928 1410 28785 12147 15507 4846 12145 11405 5031 5049 11881 6127 2829 32307 13177 2760 9615 2280 13062 20826 1901 10771 4134 15711 3164 2720 8356 2741 249 8531 157
1070 1926 1635 456 2753 5854 1928 447 470 270 8932 449 2215 715 249 23876 463 531 464 305 11715 11824 706 2819 2279 10096 27706 151 454 2807 14015 5828 4142 140 243 28785 15711 2344 2345
1071 13300 8643 5788 835 16689 5766 20138 9171 2695 3722 14728 16913 28924 8670 8680 10847 8667 2699 14075 914 2879 3759 3767 10022 972 28168 10017 929 10630 2689 959 3061 4581 650 8671 843 2705 15529
1072 19998 8764 116 16480 7692 220 1284 6275 2389 7368
1073 1372 3843 11552 7235 462 3381 147 10649 1885 8619 398 2074 6340 159 5253 1159 13561 467 706 16662 1903 145 1252
1074 20041 20515 20542 22159 22068 18807 18751 18755 21203
1075 13569 27680 29620 626 23499 6911 26436 14419 10256 6676 19356 24943 16198 30369 22706 7290 30296 12535 13237 11217 15878 12764 4551 16190 16189 11223 3182 3190 4549 18684 18682 4696 3184 3187 3185 3186 29321 4694 2712 14354 30972 6909 22229 28278 30468 625 12975 13238 17168 17169 16158 6912 26477 15570 6913 10954 31602 31175 25477 15047 2934 12212 28286 19431 28811 29407 28144 11638 16157 6908 6914 6910 11908 29328 860 17286 29667 30764 15876 5464 14661 11593 16255 29004 1174 10903 10247 16216 13240 5380 28279 16817 9520 15095 9560 6550 5613 9216 5632 5609 5637 15385 9217 32544 116 458 28753 8250 375 5454 29006
1076 10222 11639 4551 16189 4423 4681 15251 9536 9529 13233 30035 4881 4787 15268 25233 11368 4786 24725 24138 9230 22518 17330 17283 16257 9233 2713 9980 14797
1077 32289 27448 27410 27386 32545 25860 27416 27398 32546 30429 25861 32547 32548 32549 27441 27407 27457 30384 27435 26347 32550 30380 27418 32551 32552 27445 27402 27454 27413 30501 31961 27437 27422 32553 27411 26352 30387 28307 19114 32554 27390 30433 29814 31438
1078 2130 462 244 4820 3077 158 1593 4057 145 1588 5473 4140 301 247 12144 2221 1441 694 2241 1918 7478 2125 2829 476 98 6214 8610 12479 13334 12484 16246 3974 13802 26621 15659 27358 3059 6202 24461 3058 31051 21385 23207 12481 6216 28643 3975 2845 29778 12855
1079 735 145 462 1881 13986 149 3117 3997 7626 3127 6053 302 3898
1080 3890 6060 10927 9909 1567 637 3634 946
1081 476 2745 145 4057 3117 10519 149 12816 25263 1889 677 706 144 681 1591 8846 131 3124 248 15491 1880 238 470 27770 13999 715 684 4175 4611 7112 466 1601 1896 10548 8198 16660 692 5909 13055 2127
1082 2773 333 2018 7471 16911 4864 2941 11890 680 11715 1432 14400 1424 15791 251 8869 7641 10588 447 2613 6131 26842 6045 8376 30213 32540 9615 4158 10438 10486 12112 15654 10470 663 8850 11406 32456 4862 32559 28246 32467 672 25202 5875 4823 2808 17839 6522 27302 30601 4166 1414 1392 8509 6133 32560 1297 31184 2792 8504 29857 303 158 3996 4180 2231 3121 116 1021 13132 476 443 8830 26841 13502 242
1083 34 11183 11191 9180 9181 13377 11170 7756 31307
1084 3837 3869 17139 3851 19363 24141 230 11393 11385 193 3854
1085 462 302 1884 235 1159 159 3996 11924 5909 470 27769 1273 4179 7135 2939 10455 1597 694 3127 244 1852 8984 2725 1255 2125 1061 707 1599 1910 306 139 326 1883 5537 706 12606 476 2854 12283 15034 2849 6745 8457 6754 14786 15173 16936 23729 24559 16620 1809 735 6809 6730 6722 29794 29687 6697 11453 10405 10539 28236 24958 6726 6766 6648 16105 16114 24567 6810 6661 2863 31129 2847 6714 25663 26292 2857 6650 16111 10536
1086 462 8618 1881 235 5535 5475 10579 713 24299 1589 8197 1593 5729 1275 5730 470 302 8449 5254 159 702
1087 7122 30099 30805 29860 16004 7580 2138 27335 27334 31405 28696 12021 16414 17253 12307 1996
1088 232 462 1876 2605 7609 240 2062 249 4347 1593 5058 1589 2616 2615 1846 4745 149 26028 20152 1159 1886 2939 244 10548 145 1062 19694 16548 688 8125 27870 16660 1895 3117 302 12945 454 10651 534 32079 2617 2723 15507 238 12162 5004 28502 7001 7002 7505 7464 6488 153 2760 2083 1394 7111
1089 19848 30897 476 7482 447 145 1898 2772 247 1256 684 159 1159 11128 12797 7820 3811 6430 9322 6437 24747 10696 26992 11121
1090 17856 7061 470 302 1593 6053 677 681 247 11925 1910 4179 162 532 161 4004 694 473 145 476 1025 1996
1091 17971 17357 13788 13796 14048 2471 2454 15059 4579 2430 2422 19796 15280 552 7812 6346 21510 3847 6448 28294 2765 487 3515 621 3792 567 25226 21509 10821 17970 23260 2617 2679 5004 28532 7398 27135 7379 899 12754 26512 12250 29170 11542 28443 7396 32569 14664 11556 14572 23177 10751 19840 189 16562 28296 10019 3833 4880 192 210 193 6535 6426 26992 29675 3777 188 1498 16850 2279 7329 26153 1284 4871 1321 3067 9563 3906 32570 4654 624 26805 26516 1367 2640 20652 30885 5092 10915 14732 15092 19108 2105 7432 24453 860 5295 6018 6019 6023 6021 6022 6020 7061 8213 5431 20008 14684 11869 18091 32571 7359 3417 4657 1345 16765
1092 8837 1269 685 531 306 702 8619 17538 16661 142 158 11187 21370 14344 25665 15093 15282 13779 6329 2568 552 21141 13037 18024 14145 11400 17102 18184 898 12307 11174 13378 7787 31069 28528 8170 11847 18020 17873 24902 2932 2931 13293 21139 18040 11844
1093 5680 26688 5858 5874 5667 676 7735 10602 1415 13487 29284 3200 9587 3396 2724 11435
1094 2829 1923 159 8932 145 265 2125 707 715 13559 8346 710 306 2231 4840
1095 682 462 7606 713 5035 147 1395 4136 1259 5356 1260 25263 25766 153 1592 2722 302 8122 145 2939 10455 1403 4058 161 4004 26370 2940 131
1096 25150 18346 25401 3766 16295 21917 28738 18355
1097 21897 30589 24027 18049 18150 28501 32457 31272 22139 32584 29185
1098 1979 10226 11646 1334 10875 7329 14376 25649 1358 9233 10290 11167 4508 21824 21645 4438 4474 9316 9135 9880 8805 9096 8788 9838 4966 9317 9843 9278 30965 1066 7049 21799 31534 10192 8640 9315 4957 8818 10180 9472 6611 15999 3357 11660 17458 25771 9737 1156 226 31735 23104 28756 18156
1099 16079 29427 24908 17240 17927 17239 17245 6627
1100 27545 27819 24231 24055 30638 8313 21018 30604 32586 29267 29272 30247 22822 24065 24087 19588 31831 22816 20908 23035 22322 21839 23143 31830 24834 19585 21105 24053 24235 27614 31824 28499 28713 21889 17398 26319 29256 20083 31661 19548 18050
1101 23845 24468 20039 22994 20331 20723 20416 19314 19188 19312 19457 19477 18375 18810 18379 18382 18862 19187 20599 20589 17736 18201 19238 19887 25130 19387 17895 18803 20676 18401 19217 19489 26915 20030 18911 26379 19765 18402 20346 19184 28901 20029 21251 19311 30622 10499 19912 30553 20746 20353 23372 24648 20405 20023 18827 19283 20774 18047 20363 19767 21471 22668 20988 20188 20395 18370 18110
1102 20378 19639 25222 20553 21518 19053 31785 21064 18394 21857 20025 30163 30258 19912 21873 19185 22658 27091 26724 18741 21484 18812 27507 28937 27732 19730 19767 18771 28960 32192 21455 23387 20346 18198 24873 19743 31702 32590 31563 26072 32331 17370 19153 23324 32591 19063 22351 28734
1103 1358 249 2074 1871 1866 10802 1855 244 680 147 4180 302 1403 148 2939 6051 2062 7624 131 693 145 3127
1104 23233 1898 533 1885 5253 13992 155 2073 145 10164 14545 6971 10454 13984 23231 19124 10173 1186 6855 16611 28016 16957 11643 11874 7165 6962 12190 4668 27348 19129 14214 14215
1105 532 5909 302 1598 26371 1597 15319 1261 145 1868 8196 467 3999 2605 7257 4003 10165 5539 249 530 303 11266
1106 470 1639 302 1260 6053 1256 145 1591 1062
1107 462 681 706 680 2724 1272 239 302 5539 145 140 249 142 234 476 226 2908 25389 14607 12727 13045 17625 12281
1108 17280 490 30454 196 7408 24936 26463 7401 18516 98 12354 4570 2542 2484 2544 2560 13782 2499 24360 4581 4583 10322 5808 12486 8206 8045 13809 13811 8050 6202
1109 462 1597 159 145 152 7113 1635 302 3116 1260 4057 706
1110 15787 11701 5955 8256 11706 15636 24113 19134 12228 17222 11704 4653 16872 19131 11699 16868 735 1795 7293 13190 4945 6346 723 1819 1793
1111 445 25050 5663 17386 2737 7505 1271 676 12136 11710 1441 150 30131 5177 10772 1884 2805 2739 2230 3379 17385 5867 8512 32458 17495 16028 14387 32593 1919 5167 624 25655 8600 252 29836 2413 2776 693 20834 2747 8118 4102 235 7634 4115 1392 1059 8340 8328 17493 8331 5664
1112 14225 12700 5203 7184 24121 16818 2294 4353 26235 24123 1129 13110 15341 4749 24120 15340 5446 26239 31877 22515 1226
1113 462 1589 341 3396 145 17925 861 31517 713 464 8335 1605 4058 271 9622 716 6341 476 860 14850
1114 145 7113 6043 302 1595 530 10164 22008 6969 28122 291 5952
1115 3328 7154 4086 6277 5028 3269 5445 7118 16253 1044 171 2368 173 1010
1116 4555 6411 16434 17129 32604 2535 6306 19797 6379 12657 15059 6384
1117 475 5477 145 677 710 4177 8521 6960
1118 302 3079 148 1260 1589 2616 677 469 1591 155 1594 1593 235 2127 249 715 26433 145 2939 1603 694
1119 12930 1591 23017 16010 1256 10651 15320 15406 3127 8479 10569 28219 5902 23258 3124 2792 10554 21815 4881 4682 7277 9533 13820 19329 27373 21635 4692 15564 15999 8475 1373 5376 27935 4151 1966 10565 17033 11956 11356 14938 11360 747 24761 12766 16906 11103 32334 4405 16972 24774 6011 476 28574 18709 4864 7490 7498 14433 14386 8530 10596 463 10468 7537 16022 4098 8114 5109 14398 10487 13888 27815 4410 11975 20143 11994 25249 2845 3975 3059 8048 12486 14650 13806 5804 16962 14822 6202 24461 11492 4581 4585 12472 4580 23172 17200 24325 26252 22213 2102 11953 1631 32060 5015
1120 13660 13762 18255 9992 18316 18252 14868 10012
1121 462 232 1392 7600 7135 1062 145 8123
1122 713 145 302 1890 1260 1846 1889 149 680 1266 1591 1269 1595
1123 31126 21012 25115 24364 23578 27314 24904 25986 26718 22110 21083 25688 18202 19053 22830 28250 19728 22359 26657 18404 18412 24793 31006 21542 21708 27313
1124 662 2241 3115 13993 7610 469 706 2123 1877 5475 13989 8846 1062 161 470 234 238 680 678 681 248 1399 153 687 232 1591 3992 2605 1896 3117 4137 302 4140 715 686 249 1593 24417 1253 8865 145 5538 2939 1601 148 1159 476 18460 16041 23893 22978 13832 13792 16047 6690 2617 2403 98 6688 18226 22260
1125 2802 447 5054 17262 240 2222 462 148 10650 1846 1390 152 247 5469 2127 5909 145 1874 9588 142 13996 234 1900 710 335 5854 2739 3381 2778 2743 13057 2805 4488 5484 15709 7640 7480 14390 4109 30065 11884 10461 14443 9804 9809 10459 2801 2026 2037 8118 15727 6155 5381 12098 10600 10466 13482 5049 13478 10584 10104 22030 13653 25196 5258 13499 18709 28574 2092 306 11436 5390 6400 2499 16650 7979 2564 15285 2458 2566 552 735 7779 4112 2042 29765 1481 86 4062 2342 3377 6500 8133 2803 5886 12182 25756 10581 7660 5111 706 2091 29287 2069 11292 30518 457 6042 26361 9233 10110 12300 894 10782 8648 8649 4727 15294 15600 4722 4721 8913 22144 4723 4724 4725 4726 4728 2398 3212 3213 10780 18182 4729 223 3208 3216 4730 3206 8654 16013 19399 13625 897 11380 18183 11400 11399 31338 11379 895 6452 4732 26052 18187 26569 26568 19663 24771 13613 19662 3210 23766 899 5708 30999 11465 7495 1061 703 11827 156 8364 4838 1286 12199 10489 8147 1290 25534 10555 4635 4967 4478 1367 1321 4810 3417 32570 3068 14519 202 203 204 1347 23864 1152 15066 4871 1314 1323 23772 1334 14689 1147 14507 1358 116 15791 5536 7743 4156 366 12116 10439 11885 1876 2772 467 248 10587 14186 7566 12165 1272 10096 5828 466 10798 1438 17494 14442 11887 8117 249 7568 7683
1126 1520 145 29852 10548 16877 142 4058 9692
1127 73 44 43 1146 1615 158 2749 359 1494 6637 5589 4083 17015 27241
1128 1889 302 6053 15711 303 265 152 6340 239 248
1129 2062 145 462 12815 1398 2787 2772 2939
1130 25690 17728 19648 19883 23302 30425 25950 15756
1131 21001 18095 17732 17411 18072 24794 21113 24281 18068 17376 28211 7701 18110 30323 18098 18099 17761 19823 15045 30960 28640 22849 27603 32623
1132 31704 32624 28742 12458 29710 12461 12456 23364 31404 32625
1133 24478 19459 26391 32426 24130 19894 21270 31386 21611 18962 19768 20966 9400 32626 22107 19731 18805 31676 18582 17770 18755 21469 23388 19229 19230
1134 232 1593 1260 1889 25263 3126 467 160 6335 681 531 1589 1884 2073 2127 8198 3123 2939 10455 147 161 694 1893 5254 145 7628 10456 470 29641 8927 339 1965 15516 5732 140 338 6476 4864 14405 1263 1264 10492 1536 585 12333 574 12943 614 1564 4862 20115 10488 2023 2792 3349 4827 1384 14386 10451 2972 15370 729 727 5013 4945 8075 4941 25069 24545 24429 2735 3392 13487 2722 10461 1432 5381 2772 2723 19704 25060 335 20941 25525 8117 3350 29016 4152 7683 526 1539 1567 2279 3346 11434 4348 156 2749 243 4054 8529 30774 303 6468 10443 7644 6464 159 1422 26967 710 238 6155 4098 1374 2740 2079 474 2727 2109 2231 17008 12881 899 624 476
1135 7135 1885 1591 1269 5475 1897 4747 302 145 1877 8479 28815 30134 17976 13298
1136 1272 1255 5854 4782 188 4605 10775 7310 1367 3878 26931 16037 23440 24153 20429 9230 22406 624 623 4892 4681 10247 3834 29072 27132 2892 4355 27139 26732 32630 24747 29477 16889 19399 3206 7202 10476 19540 7204 860 15601 12891 3210 899
1137 19462 18974 27883 23618 28987 19209 32446 18866 30716 24862 18873 19466 25792 24647 22969 21211 18780 20968 19458
1138 4142 2023 3392 29852 1264 1272 2725 25908 23265 4064 26787 11231 3390 8926 6562 2279 2655 1633 563 782 3374 1638 8938 31734 4026 26967 10065 2196 20443 3366 2128 1359 3812 2845
1139 9109 9372 9267 9292 8886 8742 9837 8814
1140 16772 1025 30724 11808 8921 30218 30285 30286
1141 148 470 447 2724 247 9773 2904 4061 11614 2241 1859 5358 3127 8479 2125 2829 4140 476 3975 13803 14829 11778 21717 8047
1142 2027 157 2792 2780 333 8830 14393 11123 193 219 31864 27470 26932 28159 15451 3804 1995 11120 10698 116 2808 2773 12066 2230
1143 145 706 11926 1062 1589 2939 1893 470 5475 302 3127 1159 5539 11895 15503 2024 7034 7503 8879 7555 3847 7495 4839 12231 15725 8915 476 6527 24755 209 1997 5625 4171 20941 7513
1144 1593 1409 706 1852 5475 6043 1592 244 1595 470 1156 226 10524 2283 8079 2698 8656 933 6561 2632 10006 6135 12336 5756 932 1647 14729 25616 375 188 11868 13934 194 14516 576 567 3695 565 17516 574 6744 476 4167 1604 8945
1145 15990 15988 25330 16063 19436 19865 19866 19442 16071 26332 16069 21704 28357
1146 145 1159 531 1591 1594 258 2613 9778
1147 5475 26027 1883 147 248 4135 476 5708 1358 1127
1148 302 8196 467 2772 699 26536 1589 1256 2829 239 158 2940 4140 5730 2279 823
1149 302 476 1616 3983 1021 5918 3229 11808 9151 3975 12473 8610
1150 1588 7623 2830 145 5475 7594 11896 1937 2730 2801 14395 470 2240 447 11419 8117 442 13101 1422 706
1151 9979 9351 19816 14797 2713 22034 552 1359
1152 2195 29223 1089 13132 2192 15776 8128 9630 2401 8142 14446 4130 4131 16439 4129 7459 6970 7461 8415 1415 8600 3905 5002 7682 269 8597 32393 20120
1153 26640 2532 2561 3980 19563 6202 13809 13810
1154 248 26882 2239 1591 302 1897 4060 1770 1769 7244
1155 1252 26882 1877 1885 5475 1880 145 1270 6053 18454 31936 23804 18452 18458 30833 32402 10079
1156 149 26028 148 1593 28736 1601 2239 159 4611 23017 8121 1270 8872 15851 11764 1599 694 140 306 13983 24418 7258 302 8478 142 470 5471 713 5854 249 4827 707 145 1392 704 4000 476 116 9078 14567 22753 1996 98
1157 1266 4745 155 1591 1593 1880 161 7257 2939 5730 6480 24115 13086 13206
1158 824 20661 3649 15216 2279 19519 3247 15877 13140 27557 9024 3246 12637 9025 13282 12444 30190 9002 2130 1616 13627 20144 4971 25271 9502 13209 28450 1430
1159 145 5474 302 1159 335 131 2241 1897 5539 158
1160 17511 17512 10223 25038 14758 2712 11601 14769 25450 4688 29539 21815 15264 8222 15254 15249 14789 29515 5466 15570
1161 14694 25968 14702 26286 14643 4636 10214 11646
1162 145 684 2939 5475 1589 2833 701 5480 5681 2031 4054 1859 244 706 339 238
1163 3941 5001 18480 9589 23763 5686 11831 15120 1434 13976 2217 2178 4177 4168 5664 2030 2065 13980 25441 5891 8370 8348 8556 25906 4027 17462 4844 2779 14387 4133 21933 2805 326
1164 28627 8008 27027 29505 17362 27731 17340 32394
1165 305 1923 1894 21802 338 14377 1637 9037 12103 11427 665 13976 9614 221 4171 1639 2771 4822 3354 9776 12079 4150 8059 2317 5668 12085 5031 12120 12189 5950
1166 814 28074 3687 30156 27368 3644 11072 769 8678 10512 13857 14060 599 13273 1756 12516 29277 5941 23534 28083 6694 9973 12432 20166 6928 10928 1779 14942 487 2168 2166 9013 9018 9010 9021 2135 3690 12749 21757 1647 17534 15822 15464 3677 10942 13171 937 8038 4677 1731
1167 12811 3428 3505 579 3450 2648 10428 22978 4221 20018 745 32283 5977 3646 29012 3537 1543 8698 3661 539
1168 8026 375 26233 2349 2186 12082 30220 1048 18512 22454 1013 1983
1169 25438 29615 6247 28124 15384 5104 19961 2314 5027 32656
1170 1880 12604 6043 2939 694 139 11630 3127 244 145 302
1171 2796 13056 476 1616 267 2062 1384 4141 26841 5906 5033 5858 151 4864 7524 7522 31413 13896 238 6045 13478 23493 8366 1599 2792 2280 5665 1429 4112 142 4180 2738 5887 2126 5886 21169 682 12144 2830 1392 10491
1172 15116 8866 5649 7817 1132 3315 5504 26150 5447
1173 9988 5127 18260 18247 25593 18248 18280 20437 18277 18275 32659 18250 18279 9989 19803 30567 32343 22982 18265 18242 5121 18299 11748 18256 10014 29784 19778 28695 17685 18304 28264 20439 32221 13660 27673 15357 10004 17699 30209 25784 17687 18282 9999 18264 24574 15657 17706 26279 23688 19782 17702 18286 18262 9990 18306 18298 18437 27675 23689 19804 25355 25356 5126 5129 25297 18287 30465 19159 22240 23691 32660 18244 26282 17697 15420 14869 17985 3007 17693 19781 11741 27672 3006 29534 1477 10013 3002 17705 23238 24578 17684 17986 11743 18283 11746 18240 18269 18310 23686 18251 18311 2107 27791 18308 18243 10000 17707 17701 10001 30463 21928 10005 21339 17700 23690 18261 29783 9995 27676 10016 18436 32661 17995 18290 27793 23687 25594 26170
1174 159 162 145 1061 2940 2743 2607 4157 248 4477 2137 2134
1175 684 4179 2939 5257 5730 161 140 694 2905 21403 1922 139 1412
1176 11988 6877 6698 14920 6875 6702 21412 4083 5583 1971 14224 2210 4121 27022 11599 2923 22962 12097 2361 10454 15949 16658 243 674 675 676 2266 667 17235 2732 31638 668 12081 14006 18176 20564 1132 6099 32195 1079 24735 2938 425 440 441 16786 408 20873 411 16694 22547 10856 26666 426 431 16559 9052 9054 9042 18657 118 9056 8468 420 9046 422 12651 4801 20884 16285 22554 16283 12656 18655 413 12655 119 415 414 12654 15608 11931 9064 22553 423 16282 121 20841 795 404 16582 120 5018 419 12653 20888 5019 20839 9057 18654 9049 3223 10857 18236 16286 20853 432 20878 9087 117 18656 417 19616 22556 421 9086 126 10854 20847 20851 430 30216 19615 436 30217 29147 19613 19612 16281 437 9081 9072 1024 1025 21943 4803 1089 9228 5636 16435 15004 23989 4563 2439 6731 19512 16248 6714 1616 14816 3961 9237 1033 998 7821 8022 4757 15385 13947 375 6301 29473 2430 15063 2484 21830 14055 28682 4086 7900 4753 1518 3103 5090 1480 5599 7881 15383 17864 8424 9218 5637 5200 6083 7970 11600 7969 27140 11083 552 16225 2293 6112 5633 6108 7930 32227 13527 2813 6084 13538 6100 4754 17268 30508 21331 13553 12170 5610 17968 4737 9221 5709 12360 6095 28661 13520 1064
1177 10037 9339 6449 11203 6923 6918 899 22143 6176 10776 24748 4633 2641 4876 1330 11202 3849 28157 27858 6795 1359 3758 515
1178 3116 145 5475 3123 2939 15320 1589 4058 7133 713 476
1179 14579 2875 13289 653 28168 1691 526 505 3731 15749 31885 17364 27050 4229 1711 12587 2845 11808 1021 16367 7108 3644 3771 6720 10705 2279
1180 12928 3417 27570 22923 7438 7392 1321 188 19849 19363 3837 3806
1181 3784 17160 12404 15514 3785 28787 21621 12415 13073 26570 12420 14410 12390 12391 26572 15037 1579 1547 16981 3434 30040 25652 12395 28788 12389 22757 42 627
1182 21171 6468 7640 4103 4102 2033 2037 29857 7639 14396 17868 8908 4112 21170 15818 7553 10562
1183 2939 716 2830 3125 28564 4830 3080 10118 11646
1184 1249 145 530 9778 1159 1884 663 249
1185 5829 5830 13091 7511 7576 15801 32313 20133 10599 14394 7651 14185 28439 7036 7657 7566 25195 17783 7559 17549
1186 8123 713 691 5537 16660 13989 302 145 8619 24418 2239 3127
1187 8399 14647 8613 13804 8206 6208 6192 13014 860 12669 19942 5734 5735 12695 2403 8497 42 3975 12262 3137
1188 21716 8209 10322 21373 31406 14826 11495 16654 15025 12478 23935 3982 14820 12488 14649 27359 13806 6215 11493
1189 150 11614 147 4175 1847 715 245 3966 16024 247 7593 27000 31108 1330 18635 7958 19430 13640 9802 5886 2037 11870 5887 7648 5905 249 25912 7237
1190 14714 21460 19300 20977 20612 18931 18415 21736 18333 27898 20250 19423 21059 18781 18777 19916 25190 18390 19468 19392 10497 18769 18979 18746 21572 23986 25219 22616 25214 21260 20253 18994
1191 15514 5457 16152 14660 624 22229 2712 31602 4458 4459 28422 13233 1430 5420 2870 29873 12338
1192 1294 4054 676 2231 13062 6131 4855 2230 13976 1021 116 476 4862 27963
1193 10985 12973 9233 11632 27357 6042 13246 11596 10316 13064 2500 10863 2403
1194 4179 2125 1392 2968 16844 2748 30129 13102 6126 4180 1376 2069 140 154 13976 2242 2789 1061 10480 5864 2753 2807 2062 2074 131 331 2218 6052 12144 476 1258 2044 7225 335 5035 1441 14379 28997 2067 151 2829 7735 5033 150 2772 4161 14548 2024 7235 2941 226 447 5858 235 19930 699
1195 4349 16380 3779 6132 11883 10456 4058 1159 10454 2755 4348 8109 2092 5855 5838 466 1934 142 161 238 248 234 302 470 232 706 266 148 714 26616 4134 14006 2725 17775 331 2745 3352 5254 6045 24186 455 11337 11336 2792 4054 1422 16838 2761 31639 4171 12067 15517 6496 4869 1265 9621 29310 7237 330 1604 1635 667 221 2024 1295 10462 7469 28569 676 2280 3349 131 8936 5665 30602 4864 476 25232 27591 6478
1196 13271 15963 15962 9023 28927 7245 2906 25942 12792 12791 15133 11491
1197 15396 14740 16338 21404 16963 17335 16645 15056 6296 14870 11132 2279
1198 140 306 2940 4175 686 715 151 2087 5251 1635 1604 2266 669 1875 149 1859 10087 5539 21402 2796 266 7628 17676 248 701 249 145 16662 158 10091 532 1601
1199 2940 9778 142 695 161 706 248 235 3127 8479 140 699 2125 302 249
1200 20207 18811 18772 23610 21709 21452 19050 26783
1201 21907 21908 19068 24469 29570 20215 20235 20640
1202 1996 14628 14488 22557 15553 3068 6279 12681 3888 10464 30096 23290 14555 16037 29398 5737 10283 30406 29869
1203 145 476 553 23976 26890 202 203 204 1334 1347 1358 24150 8485 32605 26944 11869 3875 12756 11262 14458 4657 11475
1204 20453 4025 12506 16610 20806 14374 1156 17120 25903 8141 26128 4886 17653 14880
1205 25568 7581 17499 7580 6018 6019 6021 6022 6023 6020 21625 32249 29888 13573 26045 30089 15333 30087 22409 15003 22410
1206 2416 511 2621 871 2665 574 867 863 930 2624 517 2626 1554 1790 12277 16437 14747 6055 16436 15067
1207 142 5478 5480 700 341 1159 4137 248 27965 306 335 8347 706 709 710 476 722
1208 235 8597 7659 30826 4144 6958 4620 31608 12196 29109 9794 4619 4668 5566 3138
1209 8479 159 239 145 5479 232 1876 474 11715 6016 16296 15632 1859 5105 5828 271 156 3377 6052 7730 1445 29793
1210 1731 21800 1068 7052 9490 50 4674 9329
1211 470 3380 1390 476 7259 2105 16498 24223 16403 17965 12590 26850 7426 7419 9466 11991 27281 17946 6873 32395
1212 4830 659 2785 676 6465 1374 150 5871 243 306 131 706 8618
1213 6862 10376 5982 5013 2287 18218 12735 13844 10365 14338 6856 23786 16919 13845 6598 6801 11612 14945 16578 19507 7076 2279 19408 11611 25453 860 30019 22274 3760 11376
1214 1918 2125 708 1860 5854 706 715 707 161 26114 2027 9616 12066 1439 28967 11800 11896 5858 680 2783 13963 13896 18709 6155 2787 12144 2748
1215 12548 18486 3546 5794 20660 642 1829 2676 12378 2176 3662 538 3439 16519 1021 25242
1216 11185 29083 13443 7768 9210 14134 15352 12287 15848 25513 13395 13407 3231
1217 28068 15966 30239 10659 23332 19526 32703 32037 32704 13323 32705 30871 26595
1218 18112 18111 28714 18542 18625 18105 24514 25895
1219 8943 1159 11336 152 12815 326 28564 3999 5472 690 5539 5478 4140 258 1413 26689 6460 3375 12946 17493 31579 21935 13069 6125 1424 1410 7510 15322 5053 369 1378 10091 238 14439 7605 6506 6488 27699 32079 6505 8118 8951 145 2905 140 2317 9615 7478 10089 2027 12382 1294 12761 2808 17501 2792 2069 4054 4823 4484 7642 21678 5256 4155 699 2772 5480 244 6046 327 2770 251 2968 11276 453 2830 2178 2775 4142 19960
1220 1374 7478 13976 2230 332 400 23494 5698 329 4855 32417 29314 1432 2941 5167 5899 16804 20941 530 2024 470 13466 4054 16858 10801 7461 10166 4130 12924 14446 4989 2229 13134 8861 147 158 672 151 25655 4154 5879 4851 676 25911 23597 1438 15632 275 12063 23284 5865 22422 5735 5246 30039 116 5854 10088 22031 9797 302 475 11708 5884 28784 21415 13085 11790 8338 328 17010 2779 1256 451 331 16430 7505 11648 8337 5354 8936 446 7497 371 4953 9113 9752 8762 11695 9432 4963 9593 8733 16355 9424 18480 28883 159 4864 4999 3138 5900 5699 1258 16310 860 6572 25653 5795 1359 476 5678 2070 5891 6971 19127 8118 2031 14387 5839 242 531 5682 704 8939 14548 8372 270 4105 7634 5683 20816 448 5894 8364 2749 2750
1221 15894 9505 14426 3869 15223 10698 1108 24168 13840 2841 6718 6697 6717 14790 22906 16109 17164 15227 20465 19076 6153 23874 16362 15040 13247 541 460 2140 23234 511 2620 12802 16689 600 2936 10241 5979 487 3514 11147 844 2378 2679 3961 2855 2712 15570 21652 11226 10669 4438 5466 27352 15173 6710 16112 16113 26292 15678 6731 2892 9543 16945 29794 24959 30726 6662 24169 11450 2844 3963 6757 20157 6512 11596 5805 5806 8385 14813 12486 24461 26413 6197 4582 4581 4583 6208 14830 10322 12489 10323 4586 31060 10536 30717 24954 14255 6791 6722 8451 3344 29219 8269 12550 8266 19701 11119 31681 27135 26334 26887 6920 6445 10699 3864 219 26105 29895 30701 28235 24782 27230 3805 3817 218 6527 193 4879 210 3815 31340 882 1996 15048 2860 6727 13752 6764 30448 15103 209 13145 16890 30788 30042 4024 12428 4352 2722 2112 12502 476 470 8618 255 236 263 233 254 307 1422 447 2221 2760 243
1222 26644 25359 3249 4284 27280 30517 3750 2121 5987 3239
1223 12759 8118 12147 154 4859 4348 2941 4134 159 28341 476 2403 10317 1873 4054 15733 682 2678 4547 8546 5864 5854 150 249 1441 1272 25546
1224 1735 387 946 1697 852 583 7212 1628 32284 13718 1569 12948
1225 2221 2023 7634 15113 19717 10459 15807 8504 8830 244 11882 5381
1226 772 3450 13849 6428 31490 6437 3869 10613 32725 3866 6438
1227 25871 29818 25869 25878 29821 29978 29967 29977 25865 22470 32726 25874 22471 32727 29245 23270 22469
1228 22613 31481 22607 29842 31448 31437 23152 24603 24606 22590 29849 32729 29845 28312 24616 23106 24594 22588 22609 22584 24600
1229 32712 32289 29814 30501 31438 30380 27460 28306 27427 31472 32550 27453 30393 32708 27442 31577 32730 27454 27395 31576 30382 32551 31854 27445 27387 27384 26347 27417 30392 27437
1230 2082 9986 19818 5410 12290 9886 10254 9350 19815 7061 27977 1813 26140 22905 4938 729 13030 1791 98 15772 11916 11200 10259 11729 14800 11910 11904 9348 12292 12291 11240 8571 14797 2713 490 860 11918
1231 1439 3875 1151 1324 4970 735 1448 4934 8014 734 30331 6035 26707 2794 3369 5469 7259 20836 12068 8145 2128 22718 4864 1256 25036 249 476
1232 5334 21795 59 31757 7279 2892 18629 115 7051 7288 82 80
1233 326 663 706 11295 2125 2780 13995 12068 156 9590 6131 680 12133 9774 272 12074 12132 14442 3354 2027 5881 7649 26259 16570 226 8861 13976 4174 8362 19708 15632 10095 2720 17021 13502 10589 8857 7633 17466 17459 15713 667 12081 98 11517 476 12189 13560 2111 3164 2771 12188 1855 8530 676 4054 27579 2793 4107 9633 7745 2740 11413 1438 2124 1915 13898 244 5874 335 6030 20450 19969 2091 5673 8968 10603 19107 2778 8149 2265 2319 12181 8604 9638 12164 19711 25915 31124 242 32616 25581 252 10094 6164 21401 158 8850 6959 3349 305 5031 447 20833 151 1923 32737 10491 2222 1639 10809 1290 6173 13896 9326 11820 7744 7525 267 5665 2230 4746
1234 5484 8866 1410 1915 707 712 28158 10034 10776 1359 1025 11400
1235 12468 26227 10375 29997 8274 23209 11632 16257 862 19990 2962 16792 30582 2934 14199 28860 19980 10706 28429 28425 26517 127 15438 26821 32004 901 10776 897 223 8654 16013 4729 4730 3212 3213 10780 16183 13612 2398 4724 4723 4722 894 4727 4721 899 859 12337 4412 4413 5655 375 116 29403 17432 11468 19404 3771 24450 16531 26823 11459
1236 2146 776 12586 12808 957 809 9930 15751 1543 3031 3680 2986 3528 12520 2167 3885 17044 19104 14019 2176 15191 2643 1785 2677 12837 3453 3197 9965 761 1775 14986 25743 649 1539 20002 13770 487 10943 3565 12510 3662 807 13654 1752 3734 1731 8195 3538 3539 12854 12521 13150 11914 1736 2887 2827 15747 20001 11797 26844 3021 10936 8684 3544 3618 1679
1237 5909 706 715 1089 116 901 28158 30310
1238 3946 558 4776 9477 10457 19514 19523 19511 25549 13005 13003 5525 2678 25588 8475 17195 16350 30783 2279
1239 2287 7970 12212 4871 10743 2523 624 22557 24354
1240 30278 22726 12891 17333 3210 2403 10682 29171 32133 899 3239 4305 229 12889
1241 20150 30764 27278 23515 16270 28291 16422 15261 15999 5466 4682 21633 4438 4551 4707 15606
1242 7482 1520 2023 1249 158 30200 12696 8244 5396 11909 624 6912 375 116 5457 25035
1243 15663 7975 7976 2431 2450 4587 14741 6298 2449 2563 2579 15021 11602 20162 10957 15020
1244 15792 17020 12183 5860 667 15308 7634 3121 2792 5881 24118 5680 5728 8558 7005 11711 24114 7004 14447 7006 2770 23494 16839 5675 663 1520 2224 7741 13477 24950 14375 5679 2753 5667 669 2111 25760 2733 1268 12166 12118 11707 24420 28791 13466 27703 20134 7635 5900 359 1264 10105 8264 366 5914 1258 5899 11800 32261 7505 4819 8939 24111 5684 31134 371 10442 25754 2018 5678 7613 1374 5892 7615 9636 9637 29622 3164 706 265 245 249 235 2771 19965 12068 18176 2040 8372 6493 12383 2772 19966 19930 3373 1421 2087 5871 10491 151 5672 2776 17386 8374 453 2066 6164 1410 8058 676 243 668 5164 13086 13487 4054 3394 447 1910 131 98 14048 2539 13460 2544 2472 2542 2499 2400 26877 26881 2478 2479 2530 26880 2564 2476 5142 16674 2424 2429 2425 2430 13722 27307 27308 6311 4579 4573 21831 31743 2484 2453 12869 21830 8641 32745 16652 6681 552 28039 6334 16225 12658 6292 624 5457 28857 476 445
1245 28166 16899 7330 4077 25635 30528 12471 23767 29775
1246 21233 25435 20775 22126 18379 19050 10498 18602 18584 28212 7701 24285 21476 18358 18095 20036 18372 18065 19750 19474 22102 23035 8312 22119 23959 19897 22210 19915 17772 21745 32481 7697 32585 14714 18975 19731 20996 32281 21089 22616 18938 23986 19763 32119 20065 30251 29509 32520 31693 30250
1247 12393 12422 12405 23797 12402 12414 27662 12413 12408
1248 1422 159 7730 6131 1440 32633 5892 14387 2779 8365 2079 476 9790 367 23286 5672 1438 2773 2772 2218 2745 2789 13898 2777
1249 1163 2362 1023 2179 3319 1033 12178 3987 2246 15863 1146 1046 30928 2299 2367 5040 1242 1143 5558 16461 7670 2357 2366 2262 2342 1082 29464 6246 133 7115 3348 1996 116 2298 26381 5563 32539
1250 8325 19588 19593 24063 32012 19549 22823 22818 20506 24089 28491 31126 27764 27760 25158 22822 22877 22871 29799 25623 25922 24247 32437 24087 24245 24079 23035 29431 30419 19383 19180 30159 8317 31649 19586 19605 26411 21520 32749 26209 32750 31500 23032 24015 20088 25924 18051 27604 24019 24253 24340 22816
1251 27118 8253 22704 19668 13706 8258 5737 42 6907 26669 32751 15832 17216 7204 5495 6240 87
1252 6310 6420 16654 27895 15086 6424 10957 13458 2593 6296 6364 15055 6317 26878 6330 8717 15076 6412 6315 6359
1253 6011 1813 25249 22558 13873 22398 15511 22397 27644 11985 6830 12744 6865
1254 14060 2817 3022 2051 2279 628 1313 2630 1112 12446 2408 1111 12234 1153 1336 32757 11543 29521 23871 14472
1255 16292 5479 447 11875 12183 2044 5702 8954 2033 27218 326 27228 12241 6361 2480 2547 2807 6128 1256 16400
1256 2723 1392 25524 29203 12071 4864 7489 6479 2737 2941 2800 1923 7649 25527 12163 2224 2229 4158 7730 26813 6480
1257 10287 7132 10228 29289 1334 2991 10742 10909
1258 28361 22036 31887 22038 25856 22049 27918 24875 25340 17852 23556 22040 27659 25344 22045 22055
1259 12892 901 16982 15741 6394 1536 1567 8697 2279 897
1260 32674 545 17311 25079 2512 3173 8204 2878 11081 12324 2519 945 16379 4810 16381 19018 3515 12307 2105 2279 2250 24462 28631 932 10524 16374 9925 23769 8436 3054 2636 30008 22023 2378 2704
1261 11346 16347 6771 4270 11317 11096 11112 11097 23666 5005 14944 24222 28043 6824 25087 11099 14808 23171 11126 11357 11108 15511 22401
1262 16382 14087 811 14727 12916 395 16087 12760 1551 1525 32762
1263 30268 21612 22571 19309 20619 19214 22998 21061 18742 31252 19264 18911 20331 20187 18962 19262 20620 9399 30487 19247 18401 19424 19298 22207 19224 21097 18967 32506 19010 18734 23379 18921
1264 15817 26708 248 4131 4162 28237 4153 12173 16895 22236 28833 7684 24333 15790 2757 1376 247 5031 23233 9809 32758 7482 7152 31230 32588 13047 2065 7565 11421 265 1520 30496 15519
1265 31071 25 2649 22280 26846 9209 13413 40 13416 17573 17380
1266 6592 46 553 5366 5362 6613 9498 6614 12979 9329 9780 7046 13244 28928 4198 6593 15040 25300 23209 11632 15041 29923 13744 66 9492 23515 10308 74 9785 6611 6600 84 2898 32770 14239 1108 14254 4066 485 5233 23665 5231 861 10307 9474 21795 13743 1156 3369 16609 27301 8552 226 5367 6615 6621 5340 14527 9556 7301 27717 5708 11465 9233 10226 22396 9475
1267 18065 20907 18856 22311 18887 24636 18805 20586 18110 17415 22356 18071
1268 17575 29226 795 440 28249 27921 26638 10139 26636 11808 2196 26219 2198 6781 21335 6517 3843 29242 10131 29238 4804 10210 17127 4679 15554 15567 3186 3842 1021 624 735 1192 4938 727 21826 1448 14422 4934 790 10133 18580 126
1269 20150 4199 1680 9894 29012 25241 946 2248 12836 3890 487 27043 10968 773 633 460 9150 2279
1270 13056 4142 8855 10438 6503 12160 4494 8989 4849 398 2070 4347 2034 2027 2741 2093 4853 19932 5884 6016 400 9037 9616 272 12103 1443 1293 8947 1263 98 2617 4827 5668 339 2062 2178 1393 4153 17256 11803 17255 14389 6052 2738 8857 30741 1374 2753 4156 17257 1264 131 11715 2794 25565 2095 9324 267 7112 19966 693 3078 2067 252 248 15507 2805 6523 18709 3077 25582 5873 247 2108 8960 19930 1410 711 12141 15711 28568 8853 359 12946 8849 4862 4840 447 2757 2069 6125 11710 26692 680 1249 4497 12068 151 5482 4472 4682 15246 9532 3193 15249 14789 4547 4548 4444 15567 4438 11218 19967 2678 476 30937 4823 7111 25591 27705 221 9599 2265 8974 4158 142 1924 1438 28246 1294 6488 3374 150 27706 14548 13083 22237 2024 28141 305 15733 2241 6608 6131 329 25587 1373 1376 161 1415 17656 15629 1285 16897 19960 13561 20831 25126 147 152 20955 2612 10096 10491 10581 6046 2740 446 10100 2793
1271 1635 28053 2109 8348 7634 22890 5672 2024 6493 2230 2800 331 7741 448 7474 2069 2745 306 156 2807 5004 32593 2178 17381 335 476 116 624
1272 453 2039 5163 8264 12189 4153 2065 2779 5891 2748 12066 8361 21933 28089 1186 2805 7111 3346 14441 2802 26449 7535 8897 13976 32760 12118 2789 7650 2265
1273 31109 20966 3234 29 18797 18151 28221 22376 30848 20175 18921 17747 22783 20200 19147 20252 19150 20067 18817 20373
1274 29957 31255 26409 29348 22822 19383 32523 19548 24487 24089 22847 19593 20980 19586 25110 20050 22328 26035
1275 26180 25927 22373 21114 14778 22330 21233 7756
1276 19170 31575 9764 8722 4907 4906 8800 4984 15880 8806 9313 9462 9315
1277 9480 9488 9492 9538 10293 27718 30107 5373 82
1278 26424 1039 13950 8226 5599 5438 8423 21331 1141 1071
1279 5674 30858 4165 7745 2028 10468 7111 12577 706 11683 2807 2094 8941 3999 2127 17011 25556 7232 27015 7743 8510 2092 2038 16296 2095 2083 2065 27709 8112 19963 27303 8377 28995 1410 139 28013 15733 2109 14430 28728 24455 156 6478 4153 10477 6126 28925 4112 154 29622 6127 12177 14016 17494 8546 5957 15016 7235 29283 2105 476 2265 14185 25772 14387 1438 2017 17012 2789 9796
1280 6189 11392 6181 6187 2678 6186 6188 6182 6183
1281 26844 1647 814 7305 11466 909 2515 2279 600 23840 567 871 12818 8642 3618 32518 3031 810 32797 1021 17575 11618 11631 6074
1282 3925 12282 27493 9912 13174 9913 1025 16570 28625 28050 15607 439
1283 5195 1037 3287 11644 15016 6522 2321 29284 5170 23204 7868 3169 5603
1284 3087 28451 9160 8173 11723 735 28047 28048 3086 11859 3085 8172
1285 32800 30561 31088 22601 24606 27429 7419 747 12719 4253
1286 18805 18781 19258 18978 18926 19768 27144 14713 22204
1287 17722 20547 20634 22148 22639 18979 19049 27624 30437
1288 10320 10319 19433 2403 4635 220 4643 1284 4875 13891 15515 30756 6572 1334 2872 2873 30890 29465 7826 7825 15891 7822 7823 9338 3827 19846 894 15294 22727 4723 4724 4725 4727 15602 4728 2398 4726 15603 3206 3216
1289 8150 28254 25221 12505 16452 18185 233 157 4853 5874 2727 258 259 260 20812 5910 8361 28436 22717 4668 10055 6636 8541 2343 2344 453 706 244 20819 5047 26706 158 235 140 470 245 267 2734 1438 2731 4886 11662 17120 7476 18526 18527 14300 14232 26062 27256 7899 1245 1203 29410 1213 1205 1204 1199 1212 1215 1206 7665 3938 1214 7666 1209 1202 1201 1208 1210 1211 7667 7669 1224 1223 7668 1246 1198 1222 1221 24326 1220 1219 1217 1218 1200 20824 2072 3352 7646 10581 2070 397 2028 2752 6497 1604 1635 12134 2771 4861 261 11882 25557 4029 2722 4848 249 248 265 16469 30399 325 5249 2728 10474 6129 443 1924 1863 340 17223 13102 7554 12093 2033 17457 10054 661 2751 6471 667 23915 23268 15713 1403 15122 15796 9809 5162 28140 7614 2318 89 5157 1434 5158 5159 4140 1421 243 5155 7613 400 2224 7612 365 2242 1901 4496 305 16291 6128 7497 1937 6026 457 6028 42 27494 1996 15891 9338 213 211 192 193 210 6531 4879 208 207 8303 8305 215 189 2765 31388 13252 194 3874 15293 6275 7687 1347 203 1334 204 1346 1348 14464 14637 202 28863 12617 11567 1330 32500 29601 9465 14476 6450 4635 1025 21942 16756 2124 11286 8958 5891 11710 5673 8503 4491 3396 7520 2026 10597 10591 6476 449 695 5106 659 13480 2127 8448 304 396 13974 25768 8374 10594 2788 27249 1436 255 5868 254 263 262 17023 257 256 11875 11892 12088 31190 4864 8369 6052 2831 9608 306 236 307 4060 8117 12143 2112 7639 7617 7616 6142 15732 8830 7618 7615 9637 9636 7611 7602 302 1899 3373 266 5885 252 28570 25354 1445 665 253 14184 13505 2760 10808 232 476 5381 1404 26483 466 10100 27704 8934 24422 1290 2074 8928 7730 221 327 32207 666 371 341 337 11269 370 369 9599 7600 10805 16585 7226 3400 150 2401 8142 17839 32422 25748 14215 6522 11873 4991 7459 5958 29531 4131 8342 7460 4130 4990 4989 24119 8129 9630 238 31530 1905 246 1915 711 1935 4134 10489 5046 23287 464 1599 2792 4177 3164 20115 7472 17637 31128 8372 8334 7478 7474 28847 7647 11879 11830 7573 5836 14381 2317 10472 1929 17012 8929 7522 10441 12198 15818 7660 4033 2786 5837 13995 1399 28929 156 4823 357 2774 1422 9631 19971 6475 27707 1859 27708 20811 16296 17492 1256 31584 7603 398 13101 534 4836 21173 9811 8143 1925 2748 30765 4490 703 21938 10099 25760 2732 676 2266 1271 7658 674 11433 4054 32805 7566 27694 8362 2040 2079 7538 2087 2724 12162 2607 2265 131 7663 4489 9790 368 30920 2240 6131 9639 11896 151 31182
1290 27033 8491 23890 11455 10532 10407 6744 6812 6811 8460
1291 27727 14500 7397 14691 14514 25966 25979 14563 4871 4812 14623 1321 7310 1119 1323 10740 10876 202 29601 1350 11568 11567 14569 1330 1329 28541 12617 14460 3408 29602 28863 1347 4645 4646 28544 4647 4644 27003 17816 14562 27002 203 14637 9465 14461 14464 14462 7686 14463 23881 26996 14466 1348 22950 17820 14467 30584 15899 1349 17817 23882 10868 14468 14469 11571 30676 7308 204 14465 17818 23889 7307 12447 32495 30678 1342 7687 1341 10750 14493 10751 32501 23868 10754 10753 1343 18188 10749 7929 10752 30619 10748 32452 1336 30828 11576 11546 1340 17622 11575 28540 14482 17628 11574 5433 4649 29303 11559 1345 32161 32196 30771 30770 26554 31132 22937 1338 30712 14626 30799 4654 22939 4656 4655 6275 16541 25077 22940 10888 31131 10889 30769 30767 30768 15293 1335 17621 25078 1334 1358 11262 628 3425 1314 1313 1153 4633 14644 11556 16542 3066 14472 31904 29469 12794 14524 4478 26138 27630 6450 6229 10222 4707 4509 4551 16189 11223 3190
1292 6319 22883 26576 21370 7365 1284 22225 14984 14500 14700 6310 6300 2823 17813 2472 15466 10957 15662 19796 15058 16637 4574 22881 16672 16002 22885 26575 5136
1293 27969 226 11383 7456 26515 220 7348 17316 12683 14502 1358 2401
1294 117 20153 20154 9086 4801 417 18656 19616 416 418 12653 9052 9056 9057 9049 9058 422 9046 9087 415 414 10853
1295 2070 2741 1297 4348 1298 1966 26432 5536 4862 249 6143 2724 10597 709 12061 1636 1392 234 1906 158 2083 2034 257 256 1250 3078 2777 366 2231 12116 23876 668 243 710 238 2757 3346 11278 6125 305 682 4054 4864 1856 3392 442 2801 4166 150 247 27066 15738
1296 1813 2287 1801 8017 735 2412 10127 4617 7927 3965 13473 15636 13486 11643 19130 16961
1297 2336 23720 2259 174 5028 2262 2258 3914 7149 1227 1954 2370 2238 3384 2255 26062 14232 2290 16201 5457 624 13068 15401 1141 2369 3526 1731 539 9896 2279 4172 19937 29281 16024 2331 2328 24677 1146 7118 3291 32816 5037 29009 3180 2356 5554 2220 32539 138 15400 375 11729
1298 16240 27537 6904 11961 16505 7422 32817 11150 7419 2105 16963 27862 27022 32818 1819
1299 14034 4253 31536 26101 31909 6575 27905 5021 10429
1300 27964 17398 27597 23590 19591 30745 19201 21595 21043 20090 21095 23034 25160 31702 25461 22133 32821 31143 18049 20494 23484 24840 24841 19548 20982 25252 19630 28723 17890 18110 21111 21971 23468 23472 24473 7701 19058 19187 23029 18856 31032 18065 24136 21430
1301 14092 14095 3243 30521 29391 27026 8071 13025 6003 30451 3248 4278 4325 6001 8625 8627
1302 133 15409 135 2371 2307 9225 1103 2360 27817 3319 5564 2245 1139 1226 5554 5543 19073 4203 25723 8575
1303 735 13357 2287 3978 12734 26747 858 1616 18172
1304 20621 23214 31006 24859 23057 18403 27874 27077 30955 18047 28902 24871 32406 32121 29636 32830 31501 24030 18051
1305 10684 18670 14964 25708 28920 17846 24200 14959
1306 13244 116 1089 16483 6712 10226 6042 26805 29558 11217 4424 12974 17499 7583 10779 10912 7061 16414 22007 9233 15437
1307 1790 15618 566 604 13586 12435 3035 1783 13769 6786 3511 3697 1567 29331 17136 872 871 15464 786 17528 500 16368 12809 2672 13862 7175 3660 581 539 831 3696 16588 936 508 3890 21291 3054 16986 2637 3897
1308 25592 778 9233 5755 9873 22229 3785 1359 2279 460 10991 20948 42 897 898 7202
1309 168 7223 2235 135 1359 7363 32076 1103 173 6244 8529 5083 6140 1160 1106 1130 16266 29139 32833 17665 23847 13205 1616 11127
1310 19091 19655 19089 14172 8584 27009 15989 17476 8585
1311 735 723 1189 11136 17201 3784 7179 3798 7107 10620 21526 3766 25075 10617 10074
1312 12631 17824 1723 7755 17812 32063 3593 3890 28074 16090 32692
1313 17772 21249 19728 26657 24364 22360 20225 18923 19909 18407 28406 18412
1314 9566 10876 14456 10883 16760 25267 11542 17817 14451 2390 1769 11298 3744 765 3435 22752
1315 16523 28510 19643 22041 28618 7699 6627 22052 17249 7719 6629 21688 14155 22050 16076 16069
1316 25038 11454 27680 14756 14752 16299 27559 28882 2951 4635 26115 26443 16887 14458 1323 1501 1321 14703 1128 624 6527 218 210 15220 189 10046 2297 27472 3847 14755 12559 24900 28058 552 26093 24898 32170 21787
1317 15608 440 441 795 126 10856 432 434 411 4801 422 219
1318 25179 17422 32129 32345 17719 17718 21516 26339 17733 17413 18075 18062 17418 32139 17769 25139 24808 19148 24800 25890 19376 22829 23311 23312
1319 3302 5027 1457 3293 3304 2192 1186 3306
1320 10337 18673 16124 32798 4691 4463 17196 4453 19353 20458 16131
1321 24407 24145 24159 27262 17276 25290 13733 15943 92 93 7840 95 32471
1322 17153 8569 882 226 11834 26162 4469 4470 25233 815 14448 29050 898 31583 899 10776 8657 18418 19579 16215 22441 906 9230 1647 8996 3016 750 21297 11527 15771 8662 21358 17310 484 10978 10154 14292 9377 8218 3893 8667 835 12512 10954 17178 31345 624 15570 2712 23499 13912 29181 956 2679 17161
1323 14713 18781 20623 21880 23392 19899 18335 25309 21608 18863 22087
1324 202 203 204 1334 1347 24150 4606 3875 16475 1358 15553 8485 14458
1325 3337 27261 3338 20427 9230 24138 14416 5466 4438 16186 10669 19967
1326 1367 19539 7410 4632 26083 17955 11262 11166 25966 25710 11868 8303 219 191 193 25203 2708
1327 9816 5558 1481 3293 1000 21178 5561 17967 1138 2243 13070 3301 3306 1162 3298 3297 5723 7160 9641
1328 6267 6265 26630 13588 14041 9926 16850 12829 17305 12835 9927 11137
1329 2678 31059 14451 7344 188 28910 3071 2910 32242 13263 17488 28061 12339 14236 1367 14627 14559 32111 16222 5422 21287 32572 899 1430 13242 32869 10836
1330 18420 23804 10077 31435 18907 31139 30471 10079 10085 29590 31198 31936
1331 3124 704 5732 12140 12120 31095 30226 3400 1638 1268 16291 2034 13561 29281 7745 10486 272 11903 5162 14433 12122 2112 9776 2829 7146 28236 6724 5390 8059 6466 11715 24932 10591 12183 3354 1437 463 4863 4845 23918 16834 2723 29793 2280 2109 25912 2753 22896 2941 4155 5471 7467
1332 11939 7756 26517 30657 3843 15553 4871 28105 1319 10764 1330 7107 1358
1333 5155 1635 531 7229 2941 2741 2745 532 13896 13898 8128 19706 1258 14006 1262 2229 1285 1375 1427 7735
1334 24715 13408 7753 13405 9211 13435 23496 24147 13747 1336 7820 1370
1335 25693 19391 21117 20310 19247 28959 25103 24856 19910 10495 18065
1336 4141 533 5859 658 704 341 449 5844 10088 15879 4198 4199 22031 1256 1392 258 5873 1884 10438 14396 16292 476 10049 9628 8248 5864 5254 3304 5531 5449 2807 2222
1337 3847 27811 32725 3830 218 31843 1359 14656 15217 1616 5389 2847
1338 4707 8295 30889 26797 19671 27866 226 8575 8574 6515 8565 16016 17117 22709 25905 11663 4027 8542 17457 9520 8416 987 1955 23266 22707 25774 25775 6138 26802 16450 12195 8576 8532 6242 11660 17460 19670 27301 17456 17458 8563 8579 17630 10054 32251 2269 1044 1195 4668 8519 26557 31344 23544
1339 11183 15848 7756 7103 19 26534 10069 7080 12287 12 9202
1340 9926 26135 909 26224 12330 15476 17137 30554 16850 5781 10168 10158 2418
1341 16879 23489 860 624 26542 23724 291 2412 2403 552 13722 23461 16100
1342 30056 31862 22305 26498 17769 17392 19387 24280
1343 28582 20835 6488 7654 1923 2087 447 4179 15323 2037
1344 17644 1446 3325 1132 2309 7197 7198 1089 6264 180 999 2181 2331 1063 1996 4808 7321 7438 22228 7202 7203 7204 1083 7832 5086 2206 3130 5438 29139 18525 7129 1457 976 1020 1086 2275 6276 5550 985 2226 23719 7875 1490 6733 1955 185 26527 1006 5572 3144 2313 1105 135 1139 169 32875 17106 22058 7211 624 1979 2252 29615 5076 28240 5552 21817 7220 7737 13109 5454 1017 23204 2257 6709 3384 16262 3269 5112 5097 2128 2368 5080 15148 2129 31899 2215 1051 1082 1010 997 23897 7200 3049 5798 7199 12832 3936 5104 1095 2375 27240 5558 7155 27339 1616 23121 15401 16473 1093 1075 2183 1492 2280 4171 8608 476 1186 7813 138 7217 31662 4128
1345 6685 11609 18632 6122 32171 11608 23244 4275 22972 6983 28344 28342 25395 29861 12468
1346 6487 1956 12910 15922 86 1106 174 12255 29595 4570 16638 15057 6371 32876 10957 26147 2431 18175 6296 2593 548
1347 11774 9736 9119 17788 9720 9138 9837 9745 9427 9712 9113 8883 9254 9742 17793 8818 30132 9145 9725 4978
1348 23744 26527 3138 7121 3106 5193 362 11948 2102 15039 17030 16214 11621 852 6894 5938 24915 822 3751 10172 2983 2250 1089 5576 4007 7732 4614 24738 7021 27948 3165 16444 1279 27256 7912 23738
1349 24349 20934 21194 26003 21015 25923 31825 18050 22164 19596 32211 19586 19605 30306 19768 19004 19000 19585 8324 24237 32880 31450 32872 32522 22121
1350 19058 7701 22665 20584 18095 20036 22167 20305 18372 27613 19641 17413 32885 20505 19585 19053
1351 19279 31856 18852 18797 20618 18976 18064 22097 20311 20591 22314
1352 1144 7160 3302 5437 7198 706 261 4172 8944 6243 3304 10687
1353 19136 17120 10128 15002 27321 2412 226 1821 4941 6975 4381 1546 3954 98 11834 11381
1354 12821 961 2141 480 942 9932 492 958 9945 2418 494 1655 3453 860
1355 7118 3262 16472 135 10121 6096 2290 16483 1132 6101
1356 27334 16272 8651 10036 12612 12872 10023 8650 8027 894 18195 4722 4727 15602 19661 4726 13614 8653 3216 2398 12873 29656 892 2394 15692 26888 12876 8644 4735 11398 29657 8215 8548 10109
1357 8143 23512 8415 8902 6126 10481 23695 8144 7027 4158 29934 15735 3346 143 11273 16264 10599 2027 14384 9788 8915 8540 8131 1966 7660 4130 8916 1415 11862 8896 26486 7544 9811 10562 21680 8504
1358 9276 19681 1613 9681 9433 17448 9864 8729 25571 14997 8019 28526
1359 4425 32907 8473 18681 16150 16194 1616 2250 2678 4694 31686 903 15531 16374 2715 9573 10160 9928 6265 1705 15464 8590 12343 10516 28244 840 13718 1647 1683 2967 9941 22626 2517 11520 14028 9926 13277 13666 934 8105 1679 870 973 941 8104 8102 8103 3562 3649 3710 19772 12329 610 772 3644 29781 8062 15528 1544 8034 2697 11490 9572 758 5931
1360 11352 7419 4927 11991 13886 6873 30528 15288
1361 15764 10698 6918 1359 799 20900 124 20842 9069 437 10046
1362 29327 24943 29328 28531 1108 22536 4393 14350
1363 7762 7094 21982 9177 9178 25509 21531 29902 13392 18028 18018 13391 11176 13389 17872 23016 18017 29822 19421 21900 21901 27508 26398 19649 21989 31173 21983 12 25 16596 21537 32865 7081 18016 15972 21925 32155 25621 10072 6 7 34 13372
1364 27167 20641 27122 21493 20295 28907 31839 21051 18994 25190 19919 28939 25212 20336 21465 21077 17725 18335 21063 20746 19888 19768 31249 20195 19248 20739 18873 20172 18802 23600 24827 18340 21731 18926 19241 18839 20389 20535 20296 18962 20633 20580 18047 23055 20322 21203 23037 19383 18051 19068 19070 18775 24367 25506 24825 19245 18390 22072 18963 18889 19496 23001 22203 18747 25147 19883 19489 22363 23578 23224 20068 21052 20065 20650 21097 14713 19010 32147 20774 20579
1365 20043 18977 18110 19067 18095 26653 21602 25786 23141 26299 19201 31317 19853 18885 18875 19233 26312 26274 18065 19548 25159 26777 19544 19392 22102 25315 21097 21214 20512 20314 20360 20032
1366 26343 30299 27716 895 1325 10033 12314 10027 12611 894
1367 13585 32063 14723 7181 12630 9026 27370 29583
1368 1614 1022 2346 133 1129 2295 1953 5065 2214 12710 1086 1165 28034 16828 3093 3911 3105 1055 1084 5466 4438 10669 4700 15994 11218 4448 3190 8475 10258 5457 1182 1099 12714 2299 2210 12622 2356 1460 15453 22458 5548 8292 20100 1005 2344 4886 8543 4025 2128 31927 7001 3355 12624 4797 23713 3320 10689 29837 1064 7292 1190 21827 16629 734 1450 731 8071 30198 8001 735 16471 13708 3319 1036 31899 26243 2328 1132 6547 4128 18659 9553 375 21651 18680 4682 15564 7275 16422 8714 18679 15557 16188 16423 17146 11167 4678 17195 4508 25589 624 10054 3391 28033 8240 12711 21166 3908 986 2337 8243 26383 1141 3333 5554 2259 5063 5571 12708 6239 17643 2212 5553 138 1458 26084 899 11235 2213 32019 19501 4790 32910 5532 14227 2342 18489 2372 32911 5567 5566 15457 20110 29748 15449 25032 7818 1956 31103 12712 1103 30590 2360 15923 32912 5040 5541 1962 32248 2258 3404 5573 6270 15445 32539 11258 27564 16265 4146 18511 16485 2312 2244 15403 179 165 4048 2363 2371 31813 21332 9750 2308 9751 32085 31662 2322 163 2307 27340 14242 4006 6257 8925 1998 14241 5956 6853 11871 5957 7462 14216 6971 7459 5958 4130 2412 1999 20564 30220 17646 5543 2326 18513 23455 30200 5062 4072 15456 5529 3328 5518 3280 5520 5506 5513 5514 5515 5968 32294 5507 5512 5509 5511 3273 5516 5517 3271 3282 3270 32303 314 3279 5510 3281 32299 5508 313 3274 3283 13059 32833 2361 2354 2205 32913 18505 5564 2181 2305 1043 1089 8583 30856 30855 32357 22388 22390 31084 29988 93 7211 116 25031 17776 2129 32341 17357 1980 32654 3317 29405
1369 11091 904 16017 12802 591 20165 9906 10145 17544 2894 2837 16983
1370 25354 7496 24422 7594 5887 4110 5255 27467
1371 2198 13142 2196 13937 628 4644 4645 4871 10761 7448 7309 14511 14619 29686 14378 2640 1325
1372 1132 2309 18659 3331 165 1037 15922 4073 1030 6245 7739 1464 5098 1044 7128 23847 4046 4128 5078 2274 3318 5530 5555 2269 3364 977 30804 13060 2259 7197 6405 21778 6422
1373 447 10094 1520 2075 12177 12154 8106 9616 272 7632 12103 2772 12066 27782 26360 20812 258 1272 442 11423 9037 6128 8596 2782
1374 1832 7000 1704 5794 8067 3717 2132 10834 782 1522 563 8683 1633 2159 7267
1375 9735 9845 15374 9309 9729 17439 10719 9460 8819 9313 30682 8785 9764 4891 4896 1979 8807 8813 9118 9743
1376 18425 18908 30833 18423 18453 10085 30343 31430
1377 10634 32629 29038 15975 18558 23316 24803 19628 23328 32916 32917 21155 23400 19153 7701 19648 30912 31567 12455 31708 32802 26605 26595 31297 32231 32918 12459 10645 26943 30271 28196 28198 10643 26604 32919 10660 13325
1378 16721 431 16700 16720 10856 20853 15628 29147 434 436 5946 412 9071 117 4802 9086 4800 417 12654 12655 9087 9048 9058 9049 413 9046
1379 32791 31669 32834 32439 31223 21255 26609 30376
1380 12881 3174 8646 16604 16603 13612 13613 13593 899 4735 3638 12309
1381 9558 5367 8155 24023 14536 44 2874 2875 5368 25572
1382 22229 2713 2712 624 11217 6912 10954 13237
1383 8385 13161 2523 31559 12329 23127 4397 6860 10232 4395 6569 4393 15182 4396 11607 2875
1384 17246 17478 16079 2681 14782 8587 32413 24835 14788 25807 24875 13733 28391 3760 21669 32653 26663 31865 19642 25854 25336 26175 28726 16508 7719 2471 13782 2499 2476 2400
1385 24808 31369 23405 18380 24529 22193 27956 29296 29297 29379 23965 30488
1386 14714 25216 18755 17747 14713 30904 21602 18333 18931 24671
1387 25867 29965 32764 29766 25872 25873 29974 29816 23271 32696 32736 29960
1388 28151 18531 16749 16753 16746 25238 21641 20906
1389 3810 29866 30116 29517 26673 12663 27573 27568 27567 16180 889 30902 16011 15293 26145 12758 195 18092 18091 13934 24448 24442 11869 32502 18090 13254 13255 13252 24440 20459 24439 11868 24438 25270 15450 32479 23704 15761 10041 6891 26142 26139 727 1805 1449 1448 17360 4934 8001 15701 1821 1450 6346 7292 7998 1188 13029 20168 725 6342 4945 14310 14311 1190 17930 1816 6454 11013 723 24548 14326 1819 30405 16259 729 24559 734 7293
1390 6712 4071 6092 86 7021 5454 375 6843 12593 4410 17203 26251 11255 17838 2105 116 2708 1500 2993
1391 25301 20986 31047 9202 11761 13395 13372 13452 9204 23969 25075 13114 9200 29083 13408 7761 21985 11 29 16 31 30 32168
1392 3034 3623 11490 3622 3629 12769 7799 13151 1683 3548 9152 7110
1393 12746 14783 15461 14953 16345 4077 13873 14933 28173 11979 10677 6864
1394 21792 5368 27333 7291 4193 73 23441 10398 26896 9540 4194 21795 26855
1395 5136 16665 2430 16667 2552 26959 4096 30939
1396 23273 24113 12503 16452 7019 7018 16251 98 2846 4322 4308 6965 25749 6522 3970 6853 4130 25907 2128 27692 14993 3369 17839 25750 32422 25748 16447 226 2279 3798 23873 4886 8541 26128 26801 25489 4614
1397 5227 3771 192 193 214 211 3823 6535 16564 6054 3774 206 3827 10044 26204 189 8165 17939 627 25653 15515 10301 5945 20879 20936 434 20877 30193 792 796 14413 441 440 795 794 403 16788 16786 9082 20866 432 10854 422 9051 420 8468 4801 419 9042 20885 9059 9045 16281 490 15291 210 213 218 6531 4879 4880 3847 15707 5547 15492 2574 2472 2425 4579 14056 24194 26949 4573 2445 2432 2499 15283 2480 13782 16677 2430 2560 552 16278 889 9233 28284 2938 120 22553 423 22552 16282 425 16283 117 3223 9081 16285 121 21950 20898 25940 19615 26427
1398 12165 15717 2092 17124 27936 6144 4491 12181 30858 2777 14015
1399 28806 26700 28085 17215 26701 28804 30099 26787
1400 13123 840 16329 31531 30502 12917 3697 15618 9925
1401 15961 8193 1645 7105 2137 14265 4250 4520 4279 2903 3243 4325 7332 4498 15645 30521 5992 14282 10421 10420 7334 31503 7335 7331 7333 4332 10419 15644 4528 3249 4521 4374 6005 4280 10433 14275 13017 4334 4299 4311 5997 4283 5995 5993 4239 4327 4336 14281 4337 4254 4256 4326 4247 4297 4278 25957 2908 2130 9601 17138 11476 28083 13725 15587 10516 11471 11538 27688 12352 6692 2279 8062
1402 25566 30395 17209 28313 7145 11451 25573 6721 22392 6651 6725 22393 22394 19524 6713 6718 14790 8481 2840 15173 19525 6661 10212 2854 2847
1403 539 8180 26843 11503 516 2878 27774 2173 3586 3583 3591 2148 16239
1404 4793 12169 1023 2342 8409 4063 7156 3404 6547 23803 2376 5460 7223 1040
1405 22187 20589 18065 18372 31453 18095 20036 19314 18755 18335 27876 19919 21857 21251 20632
1406 10655 32790 27739 30773 26943 27204 30862 27601
1407 20603 22996 28508 19185 21591 21058 19640 21097 22648 18739 23085 21574 20256
1408 18614 18599 24277 19012 18977 18802 21043 18920 22689
1409 24285 24281 17909 21160 22665 27953 24464 19067 17902 17886 17890 18108 32950 18110 24909 20584 23591
1410 4970 4971 218 6054 6526 210 3822 15762 215 214 193
1411 1433 1374 1639 12063 8897 2874 1997 1186
1412 1330 1329 10746 10742 14623 1323 30647 26681 201 14535 1119 14459 1317 12409
1413 9510 7884 4016 25442 5625 15346 32355 3144 32952 3132
1414 24853 24382 31351 25407 22741 28876 21876 31352
1415 29458 23965 19605 26923 20178 19548 32953 24269 22777 17772 21158 19180 15756 19595 22849 19544
1416 17753 17895 21971 17719 17879 17402 17404 17718 7701 17767 22475 19316 17713 21155 17714 23824 18553 22350
1417 32629 32271 29461 15967 26586 32768 10643 7756 39 21531 7766 11193 11378 10654 26589 12459 21204 30271 28198 31570 26607 30125 31942
1418 4738 1132 5437 1133 15456 7864 28981 3167 13518 7804 3110 1461 17591 3328 3287 12167 12620 1050 1074 22887 2342 86 31973 18489 13105 1238 32642 1000 5553 1139 20565 18509 2311
1419 19987 19683 22256 2403 2846 5739 4922 10608 861 21964 19988 16771
1420 247 2723 2725 2772 10064 20444 12504 17463 7168 224 25906 12429 18721
1421 32368 25304 10078 10083 18453 18458 10085 23804 18450 32662 29605
1422 7701 25252 31855 28965 19593 19548 28713 25140
1423 26619 27959 18910 23342 28635 24626 21030 24826 19392 19005 28063 19050 8583 24675 18978 20250 18942 19009 20970 20971 17763 21255 7709 19000 7695 21221 19302 23640 21260 18950 24868 22376 31252 21057 19768 24789 19640 26393 21460 18774 18817 23386 19224 18786 22642 21202 28479 18779 26721 21431 22693 18991 23390 18994 27960 21433 22651 21265 27733 21203
1424 25875 32764 30598 29975 32687 22468 29966 29816 30309 32956 22466 22467 29961 23270 32689
1425 3234 7766 18956 14887 12 21985 13374 9207 10 14137 17586 7787 21888 11757 20538 14896 13442 13117 8 13423 13422
1426 15848 40 13387 6991 6990 12 7764 9196 25206 11185 11204 12285 7750
1427 1362 6687 16055 4776 18226 4778 6690 9230 9353 21698 13781 12209 4635 28099 29067 8474 17146 18689 15262 15254 29539 11368 4691 735 1793 1821 9477 98 24182 16957 8249 24183 11705 8142 6855 2678 15997 11654 32494 14789 11225 32963 29108 13787
1428 23239 31505 14588 10471 28898 19169 1186 4961 19542 25670 14585 25668 18324
1429 23116 19886 18665 19383 23963 19585 28182 9181 19897
1430 20093 22194 18401 22196 21186 19208 31541 19179 20643 21587 19768 22634 31777 27160 21571 18890 17367 6175 28360 7716 26327 22339 16080 15990 19915 18873 28635 18999 21072 19261 19008 19210 18813 29149 23886 19306 19227 22129 24502 32128 31483 21512 17763 27546 21073 20267 7701 17406 28482 24389 18911 21491 21490 19010 28190 20581 30261 18886 21556 20766
1431 2401 2321 10127 16038 2773 10166 27349 29495 19130 16954 19135 5955 16867 31228 14547 11699 27561 2412 116 27802 5864 28558 22900 6493 26054 3965 14446
1432 32073 30348 10724 17579 22013 14951 28371 14948 7068 6972 6672 12898 11463 22012 17572 23702 25504 17583 31304 6671 17584 21960 12897 17569 17577 11462 17435 7062 28647 17571 17570 11461 29995 23519 25503
1433 621 11984 31165 20010 1723 12635 9028 6778
1434 24000 29218 2678 98 26418 4580 11777 12494 3059 6202 12474 8393 13807 6225 3247 9230 25293 32492 24728 11776 28643 3975 226 8578 26056
1435 15684 6262 19498 8231 7850 8406 3908 16265 1134 1036 1416 8485 402 1464 31726 2846 552 6328 6422 7977 12260 16225 1089 4565 1084 135 553 224 15003 374 2403 1129 1102
1436 19365 27836 20272 10496 30084 32460 22196 18894 21426 18415 23004 18944 14714 21192 28936 25507 20186 20533 28613 21873 21067 20691 21565 21210
1437 24086 31649 21010 30027 22856 21424 19595 19068 25177 19586 31661 19897
1438 18502 2251 18679 4688 15304 11901 11915 2834 3262 3269 16237 15070
1439 24880 24285 7702 28957 20492 32066 22121 23042 24043 27597 24233 25251 24015 22124 26727 19897 20036 25111 24048 21520 21194 18052 29830 8320 31500 31827 25923 21891 24234 26933 31450 31828 28493 18665 29877 18065 28636 32576 32966 19049 22661 22485 24238 19180 32967 25624 23578 19548 24245 24246 22843 24081 32376
1440 6971 1256 25028 30206 29528 32612 28238 30801 32691 19126 23721 16880 8249 27802 14446
1441 29309 29876 7235 9815 10601 21804 8347 2737 3077 27700 16298 2229 5668 1918 267 4862 14446 15016 1158 7111 15120 15710 703 226 16840 3225 4864 305 13561 26472 4348 238 22032 6464 12502 13059 26385 31921 2783 474 23741 19723 10596 249 140 8848 247 1849 27747 15907 25524 1923 4060 157 1415 7683 1441 12144 10104 15727
1442 26922 18563 31030 18562 22665 23588 19272 27750 20389 18064 31542 18383 20252 31031 21043 20064 26612 18560 32970 21612 18556 22687 24879 32156 28227 31792 24814 18994
1443 30969 21661 30474 27376 27652 27379 26156 28594 13688 13716 16083 25541
1444 2678 10757 897 3418 27042 3028 1649 2980 4080 628 2878 722 4810 1116 1319 23440 7266 539 19351 2130 32973 3420 23900
1445 25572 9421 9118 9855 8783 32974 9687 22405 19542 4959 9841 10205 8767 10190 8745 9365 10199 16334 8822 9115 14833 9233 17009 25564 899 860 9316 9416
1446 10631 26609 15965 32808 32832 10638 31684 31296 10659 32975 32976 31774 26607 31773 31980 29707
1447 1108 116 23708 7156 180 1278 5964 12307 899 5396 375 1129 5737
1448 30236 21683 12954 14280 4310 4299 4283 4311 16932 5997 4300 4301 4302 4337 14277 4498 4326 4325 10421 6005 4312 4244 4373 17005 4938 1812 30197 21820 727 1807 1810 11562 27354 17201 24540 22269
1449 8257 116 2315 5104 2311 17266 17494 5702 6172 9637 2086 10603 4153 10591 1256 7514 2242 4110 14401 19709 26691 2771 5574 4180 28239 335 306 158 10493 18708 28246 530 10486 7522 5381 5033 14437 11415 24534 2730 6494 10477 9803 1289 2723 2777 4112 2537 2455 15662 19798 21404 2105 2022 2791 447 14379 9802 1287 16835 7023 5536 15401 6254 6502 14385 8504 15120 6045 2091 1290 9801 10555 4054 238 147 1923 10491 12231 3392 27706 10587 14436 7478 5844 4864 12931 235 2044 12098 4841 17493 8060 13959 8111 8478 161 1422 11413 8110 373 25198 17072 5829 14404 5732 12851 15824 16589 17657 11425 2083 2034 8119 2126 5873 16551 17104 3228 32964 28412 16014
1450 1028 26823 15437 28051 2836 899 10782 18671 18672
1451 21730 4384 8472 11236 1616 4684 1119 11536 1327 26998 1330 23871 12927 21728 3559 6955 15199 13343 10348 15251 16131 16167 8708 4892 10282 28139 28881 624
1452 2027 1520 534 2771 3078 1918 3346 302 1872
1453 6785 2999 905 516 14114 10838 7264 11032 4304 17982 22503 23171 539 28332 13668 11082 8426 3793 2817 1757
1454 7485 12761 30210 27934 6515 1287 1392 8832 3968 15630 26371 19039 26486 26366 15541 3378 476 552 2499 5142 2425 2427 16652
1455 26976 20036 19479 19050 18065 21743 23580 31269
1456 6863 4278 26210 4945 14328 1448 1190 6975 734 8004
1457 13976 28339 13503 11819 27747 26435 31795 32573 12184 13177 1855 20809 5255 1434 10466
1458 25105 24134 19897 32457 31144 24005 23942 24132 24133 21010 22807 24231 32372 26464
1459 30358 28076 29879 18953 26401 24376 27111 24860 23085 14713 24791
1460 30214 6282 12242 16644 28007 4095 6323 21778 6306 2497 16652 2547 10403 6319 14208 7980 23344 11639 10280 32993 29289 7132 2934 2536 6308 2544 2560 2561 2400 2499 2480 13633 15023 14188 2472
1461 2768 29498 28160 3826 3830 2767 30580 219 11194 628 3845 11201 30578 30294 10762 7317 188 16890 6443 27324 16570 624 1996 2763 3847 2279 23440 3846 10698
1462 2858 10214 10869 3407 11915 1358 1025 15438 12645 15051 14414
1463 23114 24600 23113 32099 23168 24616 23155 31441 22612 31959 22588 22584 24612 28948 24594
1464 8062 12570 930 10622 8084 23796 15890 11037 932 21521
1465 21378 6197 6198 8615 21382 5808 28036 11786 7140
1466 4532 3916 17562 16460 1132 21931 5195 16441 15312 3128 1612 14722 4669 29913 4615 12365 5604 17661 32430 7966 7910 19668 29997 7907 5705 4542 3112 3151 274
1467 8587 22039 22053 16507 17830 15990 14711 13688 22334 24708 16083 7699 24720 28171 25807 17852 26663 24715 8 14904 16065
1468 29978 32699 25868 32701 30599 25106 25869 32696 29973 29766 32995 22471 32688
1469 26606 30525 1314 4870 25968 6275 17192 12225 14623 10745 10892 4871 3070 7340 14501 4814 1336 204 4635 11378 23981 10631 31980 10662 31945 29742 32781 29701 26607 32738 29708 31801 30555
1470 7749 31458 28312 23166 24607 24598 27426 31472 30388 27398 22615 23152
1471 22852 18333 19050 22830 18665 19768 21243 28870 17406 23400 31114 32999 18075 23472 18415 20526
1472 26406 22819 28252 31828 24058 22840 19383 30846 20089
1473 4812 10745 1321 17090 11134 29476 21923 29834
1474 19448 31668 26607 27081 22358 17723 31719 9399 20966 10499
1475 15906 14089 28520 14081 21312 19819 30394 10516 10845
1476 13478 26839 2085 447 23694 704 2783 706 17384 10475 9324 11274 2317 10579 14379 12172 7568 21173 1287 16615 6494 23278 11887 6495
1477 24162 9231 24163 17285 1616 12633 539 2105 624 2712 10954 31602 24304 24305 25737 19617 27258 32965 24404 27259 24159
1478 12206 3871 27230 3860 9321 3804 3837 15675 15223 22429 21766 6445 24778 3869 17649 3859 28160 28159 10375 28233 11139 14656
1479 1097 1490 3302 3308 5098 3360 15343 5449 32656 18492 5045 16813 3306 3298 15384 1165 1141 16487 3262 9749 18514 33002 1074 3304 18501 18504
1480 5302 15492 10124 8163 12668 10295 5295 12677 30714 27323 5232 29383 5546 22946 12673
1481 8397 30111 2279 27370 12637 29583 6779 32107 3247
1482 1268 5846 2774 7645 10095 22229 6910 476 1438 251 13503 2018 252
1483 25646 1753 621 2883 1731 10931 5938 2279
1484 12460 29040 15967 30557 15966 12449 32178 27209 13323 29698 28068 26942 15978 10664 29716
1485 2248 10812 8068 15370 1821 11026 8071 732 728 11723 1810 14420 1809 727 1800 4940 735 8033 10929 9894 2136 1765 621 9955 495 14803 6892 8088 3608 17304 1647 8996 15464 1688 2161 3686 13149 7190 1543 16399 607 764 765 766 1677 1710 1680 6937 3890 482 771 15201 24565 2924 3607 786 13124 10155 9911 3483 32401 2170 1525 559
1486 533 4883 23542 10522 16213 814 815 459 633 9941 10931 807 10241 487 1570 1569 24745 2279 30699 12458
1487 7122 19662 3202 29658 3204 12313 12889 12878 30728
1488 1106 1084 3417 1323 1119 199 1325 204 1957 2371
1489 4783 6430 6431 22000 6433 10086 15763 14302 24437 11203 735 8071 18476 6346 17353 4941 1359 2279
1490 116 476 1855 7744 10665 12135 1384 7746 13976 3392 2229 4029 13177 628 25761 1186 5886 4845 2789 4489 2829 1373 8947 25760 2763 3821 2018 2023 2720 1265 4098 8948 9324 13965 359 17680 28570 1374 22499 12761
1491 12209 13583 11166 11834 2568 15035 16937 31851 6814
1492 21732 21040 22989 27764 32124 29294 29691 32125 32122 18369 21027
1493 18730 22188 19884 18810 20187 28599 19210 20041 18889 18865 23348 20629 20739 28208 27842 19881 30537 24291 20039 20036 18379 21123 19479 20766 33010 28549 19468 19424 19261 19310 27750 20207 20235 20241 19257 18375 20046 20546 29541 31226 25172 20034 20218 18373 10500 18732 18401 20336 20172 26004 19770 18939 22495 24476 24376 23965 27112 24843 24860 31044 31788 24373 19009 18765 18881 19184 18791 19902 20293 20579 19556 18870 19558 21429 19262 18746 18744 19266 19551 22345 18775 22167 20305 20331 30853 31775 19008 19312 18998 19423 21463 21453 30918 25420 24842 24382 29378 24852 24850 28656 22741 19469 21016 19383 24007 18372 22831 21614 23606 21869 22618 27141 26017 20184 19212 28202 20654 10497 17722 20589 23617 19298 20700 25886 32175 20304 20051 30736 22168 22771 18370 22668 18847 19313 28906 19489 27626 18755 20370 19299 30947 18995 18200 18969 23574 9403 9397
1494 3171 7860 4028 7889 7866 3108 3145 7951 32217 5606
1495 19731 9399 26462 24498 20511 19448 18781 24824 22075 18749 24362 32788 29063 21200 18920 18071 31618 18858 18975 18928 18802 19146 18773 18998 20342 22203 19768 24635 25932 19371 18963 18965 20065 25189 18875 25157 27750 21055 19751 18065 21054 23641 19290 19264 23675 19739 18979 28878 22198 21854 18967 18737 20363 21444 20672 21046 18766 20332 21709 19147 19256 21063 22782 23129
1496 23717 1005 2322 1036 2179 7183 3316 15371 2255 32470 1089 3315 30318 6116 8240 28124 1954 5532 31573
1497 25444 24896 1358 4666 1327 1330 14636 10214 203 1347 1334 204 202 7445 4639 7368 4812 1321 1317 22751 1126 3067 3417 30187 26835 3219 1150 14680 14575 28580 22232 30713 7364 12794 2994 17608 4642 19996
1498 447 1054 3105 6608 2771 2725 13978 4142 4174 10095 396 2790 8330 11791 8059 1998
1499 25446 15537 13575 2958 193 210 3847 22406 15538 26103 27689 12913 14303 6923 1359 15228 2934 26093
1500 1701 8688 10506 2660 9577 1760 15620 17312 20663 3891 583 2827 14079 25634 17363 2134 13284 4289 4288 1658 3635 504 3477 6934 6936 9908 1646 496 501 3028 29243 519 3666 2167 807 10817 1577 772 10155 8677 17078 3462 1618 13769 9584 487 389 18483 505 4291 17365 9950 2157 2174 1548 6941 19412 495 29177 585 27217 13146 11469 3716 1759 2051 12804
1501 3477 1659 12960 14065 28701 1771 6936 1728 1761 1530 9577 15472
1502 20607 20510 24826 20180 17721 22776 19392 18790 18388 20199 26408 20067 18387 23348 21001
1503 12 32151 4 14884 13043 30543 7756 11566 1330 14246 1126 1314 4636 1502 7439 4657 628 25 11186 13583
1504 19068 32991 28379 25502 20624 25695 24392 23385 19295 30695
1505 29750 13429 9196 7750 10 15353 11204 3225 14 13 7103 3231 9203
1506 19008 26950 18852 19893 21059 19423 20183 20182 18415 23085 18746 18979
1507 13686 24709 17830 28877 16083 24705 28590 17828
1508 8246 26997 13712 23511 12477 8255 15606 8485 5708 1800 15458 4941 802 14257 13030 11723 29591
1509 4179 9810 470 7647 10481 335 5536 2770 11799 4141 337 4347 29281 10532 7035 15729 9811 1059 3380 2805 2018 2110 10590 7147 5672 7231 463 6271 22263 7491 1403 11433 4104 2798 4864 11272 2760 2102 6844 2105 4054 4103 1287 326 476 116 7401 29685 1121 1119 220 11548 1314 22226 29911 628
1510 335 10555 5049 10584 238 8848 2753 8361 2127 12144 7481 705 680 1392
1511 12675 8296 15706 5236 12691 5293 5218 5285 23124 27232 15488 12006 5269 5278 12026 22421 5279 5223 27323 17857 5241 5299 15485 5243 12052 4064 14591 17313 15837 28974 24436 24433 15836 15838 12020 12021 15492 5301 12051 12053 12679 12008 12013 16103 12036 12668 28935 28729 22917 12042 12040 22918 12041 22916 12014 5295 29221 21978 5265 22907 5296 28794 12044 20460 12009 12016 5286 5287 5240 28933 12015 22946 12035 29992 22914 28010 32864 4628 4629 22927 20118
1512 12727 30502 16574 12468 23849 29106 22093 12994 17802 26386 32105
1513 19650 27922 30060 16508 31382 23555 19023 19025 25681
1514 16067 16068 19436 16073 14788 14174 21702 16069
1515 26923 32374 24489 28066 9403 22855 19180 22484 31332 23953 19383 29186 28646 32997 31837 31033 17770
1516 15244 21052 19925 23422 17763 22637 10497 4204 20966 22715 18199 28704
1517 31388 3835 2764 11201 21767 15770 3845 16565
1518 27894 32868 32223 31565 24401 31696 30124 31012 31944 26943 33027 26598 32947 31671 10643 26605
1519 1210 1211 1208 1201 1200 1198 1206 1209 1202 7666 1214 1213 3938 1207 1245 1216 1212 1205 7665 1215 1199 1204 1203 1220 1246 32217 11586 5832 3141 5821
1520 23729 15460 13024 4941 1805 4938 23730 8071 1818 16621 729 8074 723
1521 13840 6753 6754 6725 6697 11448 2866 112 3032 3033 29585 1554 14100 16988 2279 1616 6651
1522 5627 7740 15149 18474 12648 9051 117 9086 420 20882 5018 4802 3415 30195 121 22403 33030
1523 28830 12995 14611 6868 23249 2845 12857 2105 28749 15061 6880 21682 14614 27276 14604 14945 12855 25249 14919 17963 31642 21295 6703 14345 3239 10420 16574 11141 11956 27521 6876 6979 17978 27283 4297 27214 6983 23859 4390 3578 11487
1524 31259 31323 31356 17781 31018 32752 32753 31264 31246 31950 31324
1525 5192 18478 24184 2617 6573 12849 3247 1616 4920 2412 17780 11116 7020 3916 3170 6090 10410 4545 7920 5028 136 12169 5199 7937 28287 2179 86 5601 3384 5081 5080 12174 2280 7934 13537 5643 7914 13952 1129 3943 5400 32988 11235 7795 12202 116 4751 4759 17778 1099 3088 30508 87 17017 7119 1490 2339 3108 25386 7022 30023
1526 5005 12993 32108 6771 28989 24222 11537 6843
1527 25372 16731 26821 15438 9087 22258 10914 26517
1528 18270 30568 9988 18257 20439 19155 21343 18307 18305 27790 19806 18295 18300 18290 18271 3008 25781 32220 18269 18268 25780
1529 539 3526 2159 12378 11471 3016 22271 1567 10241 12351 1539 807 28701 781 12353 3613 3677 3515
1530 3690 19999 6512 14653 3975 32980 624 1021 6224
1531 3847 206 207 188 16541 1334 16171 4657 17111 23904 1314 25124 4480 4735 13616 6176 899 12001
1532 11991 4363 28983 11081 11037 17135 14292 12004
1533 24791 3216 19324 22655 20656 8587 19053 14778
1534 490 7069 2874 1108 24943 4547 8705 25451 27582 32396 27795
1535 13646 13635 4879 6531 3827 24139 20151 13647 13648 24157 24151
1536 24336 15548 5784 590 3625 14809 5987 2380 15550 12627 28447 11091 10810 947 3246 1710 12633 3626 7295 6345 24951 27371 13138 595 1647 2650 21800 13137 6570 3247 13775 20104 2845 28263 12737 24775 6888
1537 1059 8911 27346 27247 226 4805 11631 11618
1538 26074 32575 31824 30511 27834 19908 25885 33025 26020 26021 31821 19590
1539 29717 27199 10633 32801 30696 32629 24485 30526 31871 26943 30917 10635 31260
1540 8459 6727 6651 13841 6729 19525 23382 2862 31848 1616 16959
1541 17128 11378 25818 2105 15581 10996 7339 1322
1542 26289 238 1928 2037 2069 735 1447 723 10441 447 476
1543 26291 5365 12550 13711 15259 29076 21726 10289 4787 4881 4785 15272 4551 4786 4508 11368 10331 17144 5466
1544 8552 6256 28255 12504 8526 11657 22245 20806 19036 6515 4668 17116 2128 4027 23722 7176 25905 22719 4635 4478 1330 3907 7366 28143 1153 11915 1358 11658 6258 20450 25771 6138 6962 20453 25220 19672 12503 5259 5886 7571 4157 13977 2024 25902 11682 8550 4883 4886 8539 23527
1545 10954 10232 15183 14481 25967 10288 16132 10712
1546 22759 5385 2678 17005 2617 1996 10234 10233 28852 3244 22430
1547 7281 1 15033 7059 9166 5368 9034 7931 9533 8706 14418
1548 7298 17972 13794 4386 18226 22964 10954 553 26476 21417 13238 26805 15047 10820 624 899 10776 1359 3785 4576 16821 226 1156 882 25544 10547 42 6907 12389 1430 2934 2617 19520
1549 31751 30630 20244 18747 31487 33026 27744 23985 33039 24506 21626 29450 25825 27735 31809 26908
1550 19292 19215 19216 20243 19314 28968 28663 21567 10499
1551 13394 13440 14904 8 6 13448 6998 21984
1552 5849 1891 6032 5685 5687 13090 5699 10474 31188 31133 20834 32511
1553 11378 31007 11197 90 32894 32887 32896 31706
1554 11896 1415 8878 5895 1917 15633 1377 4344 1600 8364 4348 156 668 9229 17780
1555 11517 1089 458 16506 15962 10437 17982 25946 29497 1084 9868 4594 13775
1556 21609 19912 27758 19272 22489 19479 18982 19544 20301 19886 22298 10499 31317
1557 13402 12 6989 7787 11 15695 7783 8 39 24402 4215 13375 9181 24 6 15351 30072 7750 13379 11191 17587 2938 429 22547 16721 16700 20865 14411 20154 4801 117 12650 12654 436 20936 15628 20937 3415 121 8262 796 797 798 125 16788 794 440 403 29165 26517 22259 127 30136 29134 31903 29133 29132 27531 30012 32008 32010 31303 32009 32748 33055 33056 30657 32006 28426 4421 10706 4419 18224 410 20841 9082 20866 20867 16284 16717 120 16282 16283 425 18231 417 22556 418 18656 12655 414 413 9058 415 9046 419 422 9056 9052 26431 29147 30818 20950 26426 30218 19615 433 30217 22540 25319 26741 26740 9062 26739 8467 5946 9063 15608 16558 9061 9065 439 20131 126
1558 24094 24269 29275 25107 24892 21013 18051 22861 22856 24268 26328 32882 8313 24493 27516 27593 31951 26035 25109 29881 19068 19071 19069 30173 19072 19070 21750 30253 33032 30264 21307 19548 21897 31150 23481 17398 32309 25791 21842 29274 31900 25253 23303 23301 25697 17901 18106 25502 18069 17765 31925 25612 19383 23041 31993 27518 32376 21891 19586 24030 30322 24054 32579 23143 30689 22813 22824 24247 21836 22849 22835 19384 20090 24641 26320 22838 21424 26777 29478 26393 21460 30610 20241 20215
1559 9400 9403 9397 23130 22668 29619 26403 23006 30618 25817 26633 23655 19558 18065 20187 20997 19050 20961 19560 31312
1560 5236 17252 4627 5281 5325 5288 5306 22945 5295 12015 4064 5283 24107
1561 27202 15967 26588 13315 10657 30943 31262 93 7840 7210 22390 92 32976 31774 10638 13320 27208 13321 13322 31892 10659 32753 11378 31329 31323 31818 30870 26607 31266
1562 20979 25507 23631 19323 25610 20626 18942 20198
1563 19799 28319 21779 22019 2545 28321 2540 15021 4573 16668 6310 12245 12260 15390
1564 1731 13333 4555 6293 22882 6314 25665 12251 15021 15052 16639 32876 25721 32419 17335 16434 33064 6327 14204 16681 22020 6377 12237 13462
1565 4626 12625 375 3593 822 1647 11301 13775 9748
1566 20310 28717 28912 21218 19268 19008 20802 19899 21261 17724 18847 27554 29105 18875 20738 17763 18982 19312 21544 22188 19912 20994
1567 25605 26465 25191 19855 18114 30968 24515 25168 26389 21082 26000 22110 18359 27226 8583
1568 27479 22546 20476 20477 19685 22802 28281 22249 23415
1569 24820 20535 30267 26016 9400 24817 17742 22165 31894 19550 31349 24672 24476 25884 24851 23965 18093 17128 14714
1570 28815 22414 6784 15334 15003 5708 98 21647 16329 16212 10709
1571 19143 21193 20514 18065 21207 29946 19004 22634 18748 18200 19276 19183
1572 29243 770 6942 8561 772 14044 2877 583 16980 12540 1829 13286 3655 9965
1573 20642 24655 24363 25997 25192 20624 25178 24230
1574 4359 4356 2105 2128 32587 25220 1636 335 12109 12497 19672 26559 29563 4024 29800
1575 22108 18897 18416 18865 19545 20299 21556 30836 21873 18390 19222 18734 20070 22675 20301 20281 20065 19248 18967 18976 22791 21450 18802 19150 20653 19766 30314 18975 33078 30539 24824
1576 11369 3386 85 3977 23204 7889 3104 7850 3169 4021 7022 7131 32634 30936 7923
1577 3078 1849 3394 267 3077 1966 248 5156 11824 676 147 8973 1397
1578 22674 32404 28489 24072 17398 19897 14788 25317 20090 30739 19548 19286 22172 22874 29271 24085 30051 31450 19586 28251 23212 25114 32989 15046 22855
1579 15239 29155 27610 12203 1802 1803 8001 11026 16626 11027 23733 13025 13901 29599 27024 4577 735 16261 29594 32002 30452 24749 15812 19845 19837 15809 28259 25053
1580 14848 14165 28475 21665 19027 14850 27008 25952
1581 9003 841 639 460 739 778 814 7305 906
1582 6863 17555 9534 10333 13 17560 25770 9376 14945
1583 25796 18392 23396 18873 31682 24825 28731 25175
1584 19571 16530 5343 1068 6657 5336 14539 2876 6604 6667 4193 71 7301 23441 5342 5368 18153 5360 60 5366
1585 2575 2559 2504 2499 2576 4327 4498 16932 2846 2279 12437 18175
1586 6367 6300 6305 13720 6314 6374 15071 21371 6362 6299 6319 15672 2430 2552 16665 26578 6403 15025 4573 25465 6424 16928 5988 4080
1587 6280 15063 24194 16019 2438 17335 6371 26139 1189 1192 723 13030 30405 1816 11025 1813
1588 13503 15711 20112 1249 4825 17676 2774 13894 8059 272 9776 251 20834 1900
1589 20047 32926 20065 28348 19910 25610 30254 24263 23939 29955 29832 23565 19497 19912
1590 15971 32215 30759 32036 17587 11204 4204 13 4208 25206 26182 7090 6996 7750 9197 13429 7766 40 3234 21527 41 13425 13428 3231 25075 6995 24634 6 29 21986 33 9209 6998 19 18955 34 3233 14135 6992 30798 29905 6988 6993 14897 21988 28530 13388 9185 9211
1591 8340 26114 8361 7741 24188 17839 28121 8512
1592 5483 5488 14617 5886 7572 12156 32428 7618 7616 7617 7615 7614 4496 7613 7612 7611 7602 1256 1422 28248 254 255 263 236 233 307 305 17124 29645 7234 16846 2280 5665 12181 12158 8106 12067 6471
1593 6040 10274 16421 16303 10912 24658 7061 735
1594 861 860 2893 2892 30128 219 3872 10476 6445 15895 30897 32515 28233 33038 32493
1595 22004 14061 9021 6943 14036 2050 9019 13052 1655 1656 1654 1657 1652 1651 1659 1653 1661 1649 1650
1596 31663 29368 18151 22830 19053 17713 19316 29739 24880 25121 17370 27593 24085 28962 19383 24492 23041 32882 29954 18082 19387 17430
1597 27590 10775 7359 10898 1353 26538 3419 3418 20021 1323 201 10894 4654 28861 24941 1153 14458 7342 18697 4631 10882 14565 15594 8215 8648 8649 894 891 16091 9565 14507 17188 116 2000 1063 2293 16809 5107 16253 1129 4635 1321 199 7435 7212 9948 1528 2134 2878 597 1531 7254 2279 1500 18189 14517 7444 30449 14735 14633 27572 14499 1126 7380 4871 5302 10249 14590 861 8210 10897 11544 4817 26512 27018 24171 11103 27275 2105 14732 10761 14686 1367 16273 13183 14524 26676 1111 22755 3771 10301 7434 3888 14532
1598 17714 17420 18055 17369 25399 21155 17881 17429 32132 20920
1599 11069 906 9169 3016 12322 10622 812 12568 23125 13308 8428 10961
1600 25182 25997 18409 25999 25181 18359 25893 25193 22821 21344 25174 20579 21512 21611 18823 25183 29306 21348 25184 27462 28617 21349 26069 26926 26719 27100 28656 24850 24384 24853 29064 32173 22288 25523 30740 29455 23965 25194 21306 23628 22190 20264 23379 17763 24250 23389 20624 21914 26077 26924 20554 22148 20993 21104 20065 19247
1601 33096 10640 31277 31912 31018 10654 31696 10655 32558 22390 93 7840 31085 7211 3766
1602 18730 25794 19384 19383 26510 28067 22795 29199
1603 15244 12285 11751 4204 30271 26607 29713 29701 30489 26589 13321 32036 30762 11378
1604 6653 1069 14241 1186 18478 20836 7779 12549 5365
1605 11046 11045 10988 11039 11080 10989 10990 20948 2378 3229 2279 2884 870 3706 1625 1731
1606 29411 18630 6521 2192 21805 2678 899 12889 22211 892 2394 2392 2393 2395 13608 2397 13607 10112 2396 10111 27478 229 12886 17332 898 3210 12307 14593 14594 860 30015 30336 15707 29043 2499 15076 2589 21830 2536 15063 2433 2542 552 116 7061 16004 553 13646 9233
1607 27653 26572 12399 12395 12403 14776 27777 12421
1608 17128 8544 16083 17925 28393 27379 29201 16508
1609 10493 28554 2032 2031 6016 2749 4838 4108 14377 2044 2028 7640 10093 26114 28638 8140 3946 16924 2783 17601 6478 252 676 12162 1265 10600 24534 14387 20810 291 8864 5860 13101 14400 7660 2083 4180 5906 2771 17639 6130 4102 4158 5803 12565 23936 5807 8613 2279 25655 2732 2229 2067 31638 2092 10491 151 6127 7478 3121 16835 5873 4823 1855 5886 7533 7577 1374 10489
1610 20067 21853 22097 19140 20283 14714 8544 19050 22383 23085 26193 18396 21250 24376 19479 10497 21731 23388 22359 22491 21860 21260 21613 20971 22566 18802 19248 19298 19880 23656 21251 18810 18911 18977 19455 18065 24374 20065 19179 27110 19551 27102 20035 20543 23649 21707 32214
1611 20132 377 12165 1250 258 8145 13971 4110 1414 32588 30896 2779 20820 8577 235 4162 3346 7485 21678 4863 184 30496 29793 4103 26659 4166 27942 2751 11436 7533 23512 17671 328 5381 7634 15635 28292 26363 3351 15791
1612 19277 18379 18341 19544 18744 19214 23065 32142 31043 21067
1613 9516 29102 57 23660 7286 9469 6605 5333 72 6597 6595 10309 6622 1 14243 5352 7299 5331 47 6655 3 71 73 5371 7284 7302 2874 7263
1614 20123 7101 15940 10620 26847 21619 32041 15942 7756 15756 11187 3234
1615 4633 12796 14640 7691 22232 14676 20021 14523 27713 13209 7370 2640 11262 15553 16170 17187 16219 14502 32563 11834 4635 12209 30651 4478 1367 29300 1321 23976 7345 31914 17955 32160 32158 32159 1372 29640 628 1025 20837 14014 1024 9916 21945 25021 20482 21944 21943 21941 21942 21940 22538 22539 26815 5017 21639 27037 25941 31122 13745 29145 22546 19606 27150 20893 20894 32504 439 20896 438 9065 22220 27157 23119 26741 11931 19607 17289 31748 32503 26817 26819 31456 27152 21958 27153 26611 8466 21959 25940 21956 21955 26818 21952 9064 9066 18238 8465 27154 16558 27155 22218 21954 21640 27156 29144 9063 5946 18237 15608 21951 20852 126 9074 121 27527 16579 20846 29165 33059 33058 29142 3415 8262 18224 21643 20879 17996 23181 30024 27526 20880 20854 19608 20895 8463 21953 20131 18652 20897 17433 15607 30140 30139 31552 31174 27495 30137 30138 27180 9080 8259 9061 26830 13754 1026 14950 15439 26821 28429 26827 28428 4422 26826 18537 28426 27529
1616 18205 23472 23814 23468 28215 28214 23328 19141
1617 32320 28381 26975 22740 17406 29879 18992 17405 25991 22105
1618 31981 32782 30547 15967 32788 27208 30865 13320
1619 20539 28187 27288 18407 21152 19888 23672 18942 19915 19744 19056 18944 32274 23965 33046 24368 22564 30488 25219 27549 18998 32145 19222 21246 21449 30143 19735
1620 21511 16012 899 1616 1821 33103 13030 735 2852
1621 30788 25908 31640 2829 2091 8963 476 24953 2046 8504
1622 25687 15009 4505 12722 4308 2846 3664 1569 17514 12728 8623 16048 23901
1623 29007 2425 2430 2442 2464 6332 2586 2530 2400 2573
1624 21231 18814 24248 32415 21748 26214 18051 19383 27514 27516 24883 28496 24858 19223 20075 20977 18987 31593 30244 29738 19728 28394 29373 28945 19484 23939 22765 22766
1625 15967 29746 27209 32328 26597 32703 32790 30870 30871 32754 30872 32636 30941
1626 3453 22375 387 4827 4173 531 2221 4347 1600 2769 2725 10096
1627 12888 15297 15295 11398 7202 12885 10241 17030
1628 4959 15885 16567 13207 11215 4961 16353 9406 11770 16354 9260 1613 9733 8822 21763 9728 16334 9288 882 226 25363 3238 4253 2875 116 9708 9373 9461 1979 9233 20652 23867 4478
1629 26065 5947 26063 2349 7899 86 3258 28831 5579 10901 1610
1630 25865 29972 29963 32734 29817 29959 25403 22470 25870 29979 32701 29967 25873 32688 29968 29977 29964 32698 29976 22471
1631 2284 8691 589 12432 2145 2674 15746 2165
1632 27853 19209 18336 20344 18994 23965 24861 27159 32706 20035
1633 31119 19453 23140 19283 26919 27744 22066 30621 32263 19548 22186 25517 23083 20621 25520 204 1348 203 1284 14570 27000 30257 19050 30616 10498 25950 21616 18065 32205 29459
1634 23317 23817 17717 17372 31987 26394 22560 25853
1635 20403 26401 19275 19185 29946 18383 18393 24637 23146 27094 29689 21069 19765
1636 20363 25794 10080 17724 30907 25606 23196 20051 31810
1637 2783 474 2109 7683 8964 2789 8508 1441 159 2793 25771 6500 16467 24431 26484 10563 1061 11824 11436 13894 12479 4581 13331 26621 8382
1638 7375 6776 6393 3577 2121 518 6057 3461 20006
1639 3042 1571 539 8665 642 931 8062 10161 2632 873 14535 7367 11834 969 3054 2279 1616 2146 2984 2418 12951 844 2679
1640 4094 10577 2558 2537 552 14863 1759 2279 15393 15068 15020 6421 29302 5146 26416 550 6396 13600 15388 11900
1641 5431 1304 24941 14639 3771 29028 3417 1369
1642 784 26131 11059 24919 2418 11047 11063 26990 1616 5389 2679 16052 16586 11489 15419 10984 16054 28922 3793 30779 19505 26135 33116 2378
1643 4584 8397 21967 27309 7974 26877 2499 12474 29565 30158 9149 11777 29566 13816 3975 6190 628 7434 4478 30884 30464 32350 3877 11625 23863 26540 16973 12340 5421 32162
1644 19453 18911 17763 19305 32157 7701 18065 20065 31932 20292
1645 28731 19451 20989 21065 19479 28388 19450 20183 18979 19000 21038 20706 21554 21548 23590 30742 29128 18117 25894 19384 22806 19383 21092 21549 19481 28595 20756 21578 20059 27179 23140 22370 19731 27836 21556
1646 21192 26936 21109 19648 25491 22649 14778 25927 30480 25677
1647 2678 4508 4691 7274 4892 10326 15248 624 14471 4871 3426 1128 4654
1648 2561 27895 6305 15053 6314 6425 13720 2472
1649 26685 727 14318 19950 726 19951 1799 7994 16624 728 7995 7992 5407 7292 29591 8075 7806 5408 12865 1190 31815
1650 17111 14570 1284 14498 628 1372 4654 22939 18177 32352 193 15766 196 10551 30884 4478 2870 3875 30890 2872 29579 13257 13256 2873 5424 1321 6275 1330
1651 30691 18003 20124 18005 12580 15940 20128 20127
1652 19448 29549 10499 20791 23844 20188 19275 19768 19914 18384 23146 28385
1653 3819 188 3847 5708 11697 6720 22406 6891 32571 27013 14666
1654 981 5599 1464 3382 17667 3916 24328 2187 16462 1160 13205 7962 1043
1655 22734 23075 25519 22129 32193 29732 23375 29459 32984 26975 23070 28732 30630 23081 33120 21626 29730 19050 27005 31782 24506 27745 23078 29079 30625 30622 17772 14714 22490 21213 22067 22493 26655 23088 28071
1656 8570 8571 9342 2713 628 14854 3582 11520 637 6892 4230 3741 2878 511 2279 15140
1657 26874 13751 30987 23771 12755 14571 1119 32606
1658 19073 25299 21922 18353 18346 18349 18347 16295 17587 13040 11173 17876 18028 15699 15697 11850 11853 15245 11849 30441
1659 9118 9441 8726 9683 1081 138 25235 2196 2177 9652 9646 27534 9365 4961 9315
1660 1918 8477 1902 5702 8373 447 5678 27698 1388
1661 16439 14218 377 5570 4668 4614 20808 226 9642
1662 25797 22846 18051 24654 19494 18065 25794 21023 22736 22576 18817 27120 24851 29456 22785 27550 24861 29882 27101 31352 31351 26720
1663 21810 26580 29106 27809 29153 25125 3242 7426 22505 27330 24215 11347 2845 11898 10730 6346
1664 11561 12225 14012 19660 9340 5234 21772 8553 23104 224 1130 668 2127 4363 14351 6267 1762 3059 6213 735 6228
1665 4631 202 203 1347 204 1334 896 628 15179
1666 27454 32553 28306 27452 27391 27416 26348 31467 27427 31577 27404 27390 31462 26104 27973 22757 2649 30429 27395 27428 33063 27398 31457 32548 33050 26352 27385 32730 32713 32546 33051 31482 31438 26346 27387 30386 30433 27383 31465 32712 32902 27400 32941 27408 33052 30389 26353 26355 27435 32524
1667 2740 17266 8849 8327 2613 8877 8595 4854 1410 23597 326 8368 11715 4853 4818 3394 8939 12188 5893 8860 4112 8373 2217 24118 5689 11406 17387 8861
1668 10730 17691 14953 11105 32314 11349 4393 14233 14368 16503 9379 747 24760 28044 4390 4503 12335 11314 13182 24214 26251 2103 7425 7426 15644 4334 3239 4336 5995 14287 4327 4239
1669 25865 25870 32701 29979 29816 32699 25869 30655 25868 25878 32677 29967 25873 29964
1670 9214 21140 16600 7092 15242 11193 25205 27508
1671 32703 23938 31404 31235 32721 31017 15967 29707 32771 32026 24485
1672 33086 20603 21472 28598 20290 20313 20312 32614 20236 28384 18730 24126 19247 18379 24131 20188 18403 20608 25812 27311 20220 18987 18974 19489 18866 24655 18150 19860 19857 19854 18570 22569 24914 27916 24913 27891 30946 10499 21483 31540 20076 33072 24125 30853 24129 24130 19553
1673 20586 18805 19754 21616 18922 20536 18733 19150 29920 18902 18778 21571 20059 23136 19223 19143 19256 27750 20748 21220 17763 18734 18335 23558 20348 21611 18769 19186 18994 21243 20579 18336 18942 28346 18979 23085 19146 19147
1674 18379 20643 18382 18201 20402 19189 19190 28421 20311 18200 19255 23374 10497 20390 27160
1675 23815 20992 18065 18754 18095 27843 32990 21616 18930
1676 12713 1466 5574 1133 12714 13110 28981 30333 22448 1487 15453 5063 6269 1050 1074 1490 86 402 18215 15865 12902 4928 8799 8798 9848 9276 9279 8797 9368 8800 2315 20102 6248 10904 12621 8243 12084 12622 12626 28229 12057 2290 1134 4896 4917 1166 1001 9876 9700 9417 9092 9825 9755 19948 32596 9313 9660 9844 9290 4963 28331 11695 9374 10204 9752 8726 9707 8634 9357 9317 30965 9849 8821 8818 13203 9096 26883 9438 13948 19696 4979 16101 9657 11228 9416 9427 9143 13208 9431 29914 19543 29916 8765 9108 14832 1167 9375 8829 9246 9424 33125 17789 4953 9440 8630 9433 9139 9855 4972 4978 11210 9862 10180 8729 9459 13200 8772 13199 14720 15378 10195 9271 9371 8762 32218 9101 9447 8767 4897 9273 9696 14721
1677 19067 23202 18401 20055 21429 18065 19065 17738 17428 19377 17752 22742 27159 18595 17743 23547 19057 17372 17734 7701 20935 32319 21561 17409 19636 18617 27311 10499 31384 25172 22110 21424 17769 32418 32917 21516
1678 7078 25 7091 21538 9180 4220 7092 25210 6 7771 16597 24258 14154 30074 26534
1679 11169 21671 25429 29293 21666 26002 18911 19768
1680 28271 22067 27737 29452 27740 30365 20382 20525 24624 23376 25926 9403 22073 20718 18805 22878 29459 31153 28269 24017 18734 19147 31219 20667 18885 23089 18840 22290 18994 22642 26910 19548 19593 31984 24042 22855 21845 18050 21520 24044 22987 22202 20370 19640 22732 25522 27469 27110 21598 19280 21086 28469 18382 19765 28479 18800 32144 32163 24392 24386 24393 27890 27780 28348 29705 31276 26607 21204 30372 26609 26941 28743 31684 32680 31615 23377 19238 22767 23885 21079 28961 24395 17773 21080 21082 9399 26396 21550 22463 22574 19918 20403
1681 2317 242 249 2240 147 2722 357 703 9324 453 11825 1288 7508 2124 4109 29757 7640 12502 10446 2744 7735 22235 152 8987 28560 10795 10449 2724 339 2792 247 248 328 8118 9633 366 30723 7507 10443 4162 7488 20822 10489 10459 26440 4108 20441 11294 21677 10448 7480 5033 2739 5906 4864 2037 1923 9629
1682 13474 19131 10127 16873 27802 12100 15633 11700 16879 10162 1025 16746 20154 120 9081 9087
1683 18777 22203 18866 19146 19547 18881 28470 18810 18375 21097 29510 18387 22198 24646 26213 30256 18200 33089 27093 27094 24790 31600 24664 20299 19283 18379 31598 28719
1684 21664 28351 19022 24798 28350 26318 19026 26317 7712 28369 29202 19442 16073 16070 16068 26332 16072 16071 16069 23806 29179 32310 15984 17883 16516 16514 7717 33129 25413 19093 14158 8584 14166 28370 7713 26172 26177 22788 25412 14171 14172 27463 14163 8587 24877 31613 26174 26178 26179 26175
1685 5362 6613 5389 11596 18465 2403 1616 11468
1686 24238 22822 31495 24041 26325 30685 32047 18984 19008 18051 17758 25611 31685 20085 20908 20495 22165 22847 32872 21432 24656 31302 31894 28875 8311 22849 29831 29256 29082 19588 19548 21895
1687 12555 14763 12559 14757 15535 25471 21387 14770 14761 14754 13294 27011 2875 15167 4396 15178 4393 18633 4221 14364 21390 1025 24682 18717 29620 12552 1358 33130
1688 2596 11084 9166 7975 7976 15059 2499 6410 2547 16339
1689 7478 12143 2084 10584 10488 2753 2070 5858 9646 9643 6563 6789 10061 30225 11278 7509 10481 20941 680 9637 157 1294 16844 1374 9633 2723 17657 329 706
1690 1245 4614 1247 3902 274 32106 8918 5209
1691 30237 25082 4297 4305 25686 27905 6831 4362 23856 10220 6706 12954 30236 23861 13874 12468 5025 4408 10175 3802 6889 6888 9391 13880 9386 29941 10432 16966 27520 6863 28890 2100 2105 2138 16153 7430 4269 31644 4267 14261 17204 4410 13921 26645 33131 27644 31063 6830 4260 14578 22215 4392 21682
1692 9324 11276 12548 373 306 9797 9629 243 10486 7524 7526 11715
1693 13041 13396 10067 6 26342 10619 21982 15244
1694 18865 21465 19922 19918 19912 23987 30179 19448
1695 23335 20205 9399 24622 22766 17772 20577 20175 18921 18920 20389 31314 31313 20349 18818 28766 18389 20520 30746 26717 20680 19223 18786 28720 25698 22621 19907 23118 24664 19207 24676 9398 18730 25842 21275 19054 26921 25998 26082 30352 20642 26738 21476 26394 20602 28797 20714 32337 18387 20643 18889 18375 23629 18691 18755 20374 19013 18852 17722 18826 24856 18911 31932 24948 31218 19008 31710 18383 18923 32389 20310 30311 20188 18399 21495 19729 19188 19217 19314 20235 19454 20192 18200 18382 19765 24858 18825 20306 18381 25606 22668 18065 18064 18992 27872 32577 19479 27551 19423 18047 18401 21607 23475 18198 26298 20298 22077 30766 24857 27310 22560 22990 24839 20396 18898 19150 18975 22878 19010 28387 31549 31550 19761 21491 21490 21240 19472 28710 20542 25436 26907 30571 20709 18880 29104 20252 22640 23227 20388 19371 23006 18998 23622 19140 31315 23645 20195 19240 20793 20708 20245 21583 32014 21468 31714 19281 19184 18927 20377 22382
1696 22879 20186 20363 17739 19640 19283 18333 29377
1697 6054 210 213 211 6533 3822 3821 3818 3817 11138 15221 19076 25276 3869
1698 15838 32133 13858 2060 1625 7190 1728 2665 1731 1626 507 27640 6559 2105 459 9871 511 1645 3497 539 1621 15198 3625 1574 1673 2279
1699 11631 18084 10131 5390 1616 13286 1622 17363 25634 14079 10959 735 26639
1700 20311 32256 26755 32022 9401 19272 22991 19209 20320 20176 24469 21210 19213 20679 25190 19258 21061 19768 21857 20345 19259 19283 27291 24649 21431 18857 20774 24127 20235 21451 20369 20577 21032 18393 19766 19210 28709 18383 19899 23118 31083 26773 23452 33137 24646 32188 18396 32337 19222 19724 24664 20643
1701 19183 19283 26185 19743 26393 20258 27752 18987 20076 25995 9400 18417 31350 30848 21251 30847 24621 24263 23446 20065 31693 21097 20187 21067 31384 22170 22169 22168 28111 24376 24378 25406 26720 30918 32645 27513 22736 24655 25693 18911 24856 18827 23637 19885 33139 25847 22161 9397 22689 30168 23948 32399 30911 22563 33073 20061 18737 19312 20650 29416 19248 21261 22573 19558 19185 22159 21058 22693 26502 18765 17722 20363 20370 24826 23619 18401 22156 24650 20333 18999 26188 19479 20640 20041 27197 23015 19560 21222 18995 19423 32115 19255 27871 33031 19207 21467 18064 33140 23218 20996 20195 14714 31545 33045 22383 23657 23656 21589 27289 20315 23673 28138 21468 33141 18877 18379 28202 19244
1702 20090 22321 17758 19598 31825 18983 24051 24834 24410 24882
1703 4702 1021 1430 21654 4892 2678 1028 4691
1704 3869 20465 2766 28685 15665 26832 6305 16398 2572 2563 2431 32325
1705 17945 19576 21435 14930 21993 14110 4336 2902 24766 11137 13886 7420
1706 23160 31448 31441 22589 30957 29810 22615 22612 22588 28312 23166 32021 29423 23159 22610 24594 29805 29815 22578 24616
1707 24868 31394 19758 28937 19639 20279 22340 19759 21454 17763 21583 23372 18740 19450 24904 21274 21551 31783
1708 1268 2019 1600 2753 23529 265 6484 9328
1709 24081 23037 32012 31495 22165 25612 23019 21835 27840 29082 19548 27597 8314 33147 24070 22860 27519 25832 24083 27819 22816 24911 26208 21897 29795 24065 20050 21520 19383 24518 27821 21158 32412 28493 30722 23035 21891 26328 8313 32376 8311 24007 22324 24025 31446 28500 31140 25619 29633 22855 31512 24024 20505 26661 24077 24255 25791 21844 21842 28182 32049 23098 32069 32667 24885 22836 24090 19586 24029 32370 24092 31501 24091 24059 32384 32286 24066 30419 22843 24038 24030 32915 23488 28252 20503 32579 28490 31144 25111 23143 28958
1710 9489 9468 6622 18156 6664 12976 26896 7143 1996 1358 14493 1334 1314 4657 14702 4478 10740 31690 15898 2678
1711 31204 33149 29746 31672 10654 32992 32824 29706
1712 19897 23393 19392 18765 24868 18065 18415 19220 24262 30844 25183 24042 21896 18051 19824 19628 24823 20647 20060 25175 19912 14714 23987 22491 20517 18865 18992 33150 27958 20312 18873 30732 32407 23228 19551 22567 24887 19495 18799 8200 19914 26462 26460 19423 23219 22868 17722 24486 30059 23130 21187 21097 17724
1713 9451 9429 9450 1977 1979 18464 15874 10317 10863
1714 30485 24655 24656 20504 23398 32070 23035 23957 31855 19586 19056 33151
1715 7091 3225 7787 25 11181 15698 11848 11850 11853
1716 24525 24527 17632 29339 17635 23343 17634 29338 14529
1717 6631 8583 28505 13684 21525 24701 13673 30277 24702 24713 28514
1718 23194 23197 23979 27932 28209 26479 28904 18095 22845 30347 28396 26195 23188
1719 30696 32819 13322 31802 11378 28744 30869 31684 30444 15966 21204 13314 30565 31945 29038 12460 28743 26605 32223 31195
1720 21193 19256 19639 24652 24653 22854 22205 20511 18065 22736 18861 18875 19143
1721 11703 27245 6843 6842 20003 7240 2060 1728 1731 807 917 2051 1710 16372 13866 6999 2250 2279 22557 29683 4644 1348 204 1347 1345 11574 32161 203 7687 7307 1327 17111 4636 4871 3407 11195 1319 1321 14492 13264 1119 1323 1324 1325 1121 25651 1314 1313 11549 18691 19928 18065 9399 20651 19050 14714 23142 25071 7761 9191 39 23355 7756 14778 19864 19648 12209 12389 22508 42 11445 10283 11646 32610 8265 1359 5533 3255 1174 2301 3181 3253 4047 6486 5650 1079
1722 23678 5646 2346 2011 12714 15410 1494 3263 6248 5651 5652 22960 13516 1463 5495 10693
1723 18626 7107 17111 4478 12598 1284 12798 3066 7771 13431 25075 11182 15353 27104 29211 7092 18958 19548 23037 20923 31332 7756 7777
1724 19635 20561 18613 19365 17769 21280 24470 23308 31863 17889 18144 18695 19854 18605 30485 28498 33022 22829 19386 18571 31402 21156 21751 28888 32460 20556 18572 24516 18598 31022 32448 18595 14714 21858 20651 30745 28201 20998 20065 28607 32531 20655 17722 19855 31026 30417 31420 18610 23592 26108 7701 31028 18594 30423 26927 32125 26460 25606 32121 32069
1725 30489 32215 10647 26591 26598 32947 32809 28977 29719 20057 23681 18858
1726 18714 23459 4083 1146 6547 4041 2196 18660 14537 3318 14538 5530 2269 4020 7671 30022 2199 1041 18663 2349 1963 2213 7728 2246
1727 19467 21092 19383 30743 28252 24655 30945 14714
1728 8544 7840 92 7209 31085 93 7842 7210 91 7211
1729 12617 17605 22233 10874 22940 14512 32778 10049
1730 23583 19918 28189 14713 22738 28469 18840 20345 19640 24624 19050 14714 20029 26976 19223 18385 30175 18832 25838 19483 22646 21097 18823 19185 18951 24839 31455 17724 28937 30852 20525 19558 26188 21272 25172 22099 29839 10501 21086 19765 21598 17736 24392 24386 24393 30781 27779 19188 21550 18383 9399 9402 21868 31590 21738 26969 26022 22159 21061 19258 10497 27544 22693 20370 32856 20346 18402 29429
1731 26726 24060 23020 23021 24255 24228 24021 24492 26461 23041 21891 24655 26323 24063 29953 28501 30906 22819 29796 19586 21856 21755
1732 9405 18899 28609 21193 32486 32531 25189 20650 19267 19205 20630 19250
1733 14541 19521 19346 10334 10335 17156 19355 17149 19329
1734 29700 27202 13314 11378 31799 32644 29694 31225 30555
1735 27311 27077 20220 29190 32193 19457 20722 29344 25224 31737 22127 27851 22118 19214 18582 23322 19152 30708 29949 17912 7701 20225 20747 22616 30534 21608 18924 18923 23056 23789 30617 19050 22097 19449 20551 24124 18797 18938
1736 1089 1585 27250 16091 25030 32041 19371 7107 15872 30010 552
1737 6765 6743 9029 6647 24566 2840 16172 19332 4707 21653 14418 4892 4718 29516 21657 4462 2678 27533 8266 24300 8252 12550 15872 27944 31419
1738 5082 21818 2358 1134 5439 7184 1044 23762
1739 16251 4744 1952 375 734 731 735 5067 6277 2179 4613 1084 2279 10512 13585 1549 1647 539 10813 24334 967 2250 116 7879 86
1740 27101 22741 24850 29947 24853 30750 24802 24801 17750 31564 24230 18125 32970 28876 22289 29882 23965 26719 25152 18874 18869 24507 18805 22869 7697 19150 19240 25155
1741 15626 22801 6891 13354 1359 3843 11617 1996 25275 15768 16855 2871
1742 28957 19851 24060 21159 24492 31829 31830 20496 21892 27607 8308 8320
1743 27439 27399 26345 27436 26352 27425 33053 27403 27423 27424 27422 27393 32715
1744 5166 28239 11876 29754 28555 28833 533 13503 30924 8117 9772 2022 9815 12124 8058 6167 6475 20132 476 30981 10807 9631 12180 20134 7635 5536 26707
1745 6845 6699 4924 28702 4366 735 3978 4080 26987
1746 4530 3646 563 971 6936 562 3895 2645 3496 28321 2532 13721 6373 2822 23240 7238 769 1523 2828 543 8590 2996 8180 2144 770 2663
1747 19316 20235 18774 26312 20728 27888 20577 19008 18810 19312 20730 19895 19489 20369 18744 32280 19494 24374 18383 31589 20677 18813 18730 25606 26215 30536 19735 23635 18949 20613 22089 20267 18337 20788 32147 18788 20569 23335 27091 19210 20612 10495 26717 25788 18939 18886 20396 21064 20567 20678 23422 10497 20370 20998 19286 21247 30733 22174 20779 20777 19460 25172 31493 32198 24655 17424 29545 31402 19300 18881 18401 25101 21546 20401 29734 20651 14714 19915 20525 23368
1748 3229 11807 27341 6078 32964 14659 16041 28163 29593 25366 1189 18226 13835 4773 7204 20168 1996 25730 3834 31546 2846
1749 15939 31948 20125 30265 23968 20128 12581 31949 12582 30692 20127
1750 26492 8 14151 11749 6 18957 30540 21534
1751 20186 20214 19010 19240 8200 14713 19909 18953 18994 20202 21611 22158 25506 20065 19383 30743 27824 32201 32590
1752 5663 5671 445 15711 1422 25353 6128 11896 16431 685 29141 4864 476 1900 7505 7478 4054
1753 180 1513 1132 18524 17967 5437 7873 22958 1975 3262 13710 7833 32076 17505 6278 28216 1010
1754 11644 4158 5890 24455 11819 17236 5680 1249 16897 466 131 159 6499 31934 11876 30683 26437 26434 11424 4162 270 463 6125 8577 16290 9638 2031 2111 8849 20423 10602 32608 32468 13563 4053 1872 139 4157 31134 1438 2222 5033 11433 6480 5891 21939 8618 5044 26693 8374 21935 1374
1755 17206 23172 6003 30522 28988 14092 4520 6015 14286 14285 4335 4336 4334 4283 4525 3241 4278 11104 11998 17629 11985 30730 6686 24768 23170 17201 14716 12986 10400 27809 11809
1756 1630 1677 4319 16235 12935 487 25464 28336 16215
1757 7303 17555 25259 30673 24551 16618 21828 7296 1820
1758 20134 17654 17784 15728 27818 7651 10599 8139 30210 8505 8140 7026 31934
1759 10972 13287 11152 11046 14082 28921 10959 16211 814 28467 25066 21355 16054
1760 20090 18665 28551 19547 19496 30085 18854 22854 21047 23546 25502 22083 18875 24376 22786 25421 32173 24385 19448
1761 3884 13756 17140 28125 29865 193 4879 3866
1762 3793 2679 5390 3403 8880 32746 15731 29308 13561 13963 4115
1763 17649 16686 10695 24778 24522 1359 15104 24224 15222 16886 26671 1367 3875 15103 16853 3852 25326 42 33164 6445 10049 13107 624 628 29787 1996
1764 21352 18053 1314 10870 28583 7588 18160 15705 7701 10620 18415 17909
1765 21112 30356 21517 23832 24274 20931 23818 18846 21573 19255 18047 23006 17410 17911 18070 25608 17769 28637 18911 17722 28184 18975 18992 19223 23681 19479 18411 19628 18205 20510 25891 18415 20311
1766 18803 26187 23426 20189 27732 20278 20392 20386 18739 19250 21206 20646 18961 24619 18987 28481 20188 20053 23051 18379 19314 26380 24483 19010 20602 20341 21218 22736 31485 20780 28552 20267 19560 18951 19472 26297 21202 27827 30113 25188 27097 7093 13372 3225 26 7783 15244 20966 19234 19899
1767 2231 5048 672 7747 13088 4825 5854 1268 13976 366 2111 258 2748 16613 328 28414 8851 26659 12189 27816 2792 8850 2607 1520 710 1918 1913 1915 711 470 27782 1434 2077 3349 12131 10442
1768 1021 116 374 30087 30134 15334 15333 29889
1769 18109 26340 23814 17397 19319 18057 23465 20920 23472 21997 32132 18550 14714 22765 30956 22766 19394 17879 17401 23324 17714 17726 21971 18549 18554 17767 24795 17759 28961 21080 32331 20926 17729 17409 33105 19823 18098 21884 17375
1770 32945 28185 31685 24655 21061 18923 20907 32957 22481 21117
1771 19187 19050 25147 21061 19560 20258 20603 19320 27546 20328 26188 28912 33171 32115
1772 7773 14143 7777 16909 4 29901 10072 9180 14141 28518 11191 13435 19421
1773 513 3683 2414 1783 3596 13718 721 12987 1694 1766 6060 19034 2052 2685 28123 3200 7469 2221 238 142 1918 303 1264 703 476 5488 2105 16263 26859 2151 20156 1620
1774 26551 728 1808 23381 8072 27900 31645 6728 6818 14919 4221 16501 16997 4505 22973 14369
1775 31392 29734 27884 21547 25311 32052 23011 29690 29688 22071 30623 19878 22384 22341 24267
1776 13322 27201 29707 12451 27204 30549 29694 32769 32918 12455 32866 32127 10655 29708 31979
1777 31358 31235 33066 32802 31945 11374 11378 10654
1778 21313 30344 17862 903 13668 929 3738 9023 21299 1712 29025 7201 13667 11514 2418 969
1779 16183 14252 17102 12880 628 604 7190 2919 4763 760 5797 765 6393 2279 19660 19659 19395 12879 12877 12280 4077 14945 16971 6874 2105 31360 4169 12893 12872 8549 31756 32572 898 10030 891 227 14565 32044 1430 899 7690 10887 22141 1148 11530 7691 1114 12321 22753 22750 7688 32234
1780 23851 23243 10846 9395 15069 28795 11964 16572 6850 4363 30998 23850 10685 4078 23786 24222 802 479 1281 6618 22705 8255 12550 13711 4781 15260 16001 4892 12425 8702 15564 4436 8704 16141 4446 4694 11221 4691 16273 7438 14524 19529 23871 30603 4635 12209 2105 28164 16493 22503 27056 11945 29569 8616 4584 4581
1781 28290 10364 15175 4327 10380 3249 14115 24786 14957 28262 10433 4498 14119 14275 16932 14281 4336 5994 14284 4281 10423 4513 14290 30521 18317 3239 5992 4256 10420 7336 4372 19518 15813 2861 2851 2841 6737 1025 33007 17581 121 440 20841 20936 20864 8468 9087 801 9057 18231 9071
1782 6335 13502 7643 2232 1445 2777 464 19045 15507 1413 2318 369 10105 2805 680 7465 4109 4103 14432 33020 14962 13959 10102 27935 4101 14444 5381 238 476 4054 9789 17228 10603 32761 31601 27255 9802 20954 10802 10583
1783 20534 21873 31317 21581 20175 30164 30437 24472 24278 31374 20984 9399 33176 31596 18623 18877 29167 20203 27853 20213 21443 21064 21604 24839
1784 20370 9399 28943 19887 18810 21191 24475 19910 29546 32448 21245 25419 18595 30146 21185 19010 18401 20966 19150 19423 19548 26320 19384 20237 32998 18881 19912 20414 26393 33156
1785 1438 27345 2748 7650 20955 5886 1289 98 116 4717 2678 1616
1786 14330 14331 4943 14332 30576 30198 8011 17361 732 5012 30103 13027 32483 1192 16849 24539 2129 17357 1186 8926 735 13024 27355 731 8001 7811 29391 7292 728 1819 16622 16621 8010 29507 5408 7293 1189 27279 17930 4936 17355 27608 25229 29392 6346 33006 29792 1808 27984 23247 4948 4947 8009 8008 1190 27996
1787 11783 6214 23205 14823 25718 10577 24584 18707 6217 7138 25733 26159 16903 8207 6211 12488 14828 12496 23936 23937 12565 11778 32870 6230 12484 12481 6209 19164
1788 31240 31243 10642 31233 31237 25678 17719 23031 21204 23364 29716 33178
1789 8732 8720 19171 13208 8881 9273 4906 4907 9847 9848 8797 4984 13202 27317 8738 9296 11213 9819 20483 13191
1790 22868 24887 22683 30621 20712 25787 18387 18396 32337 18388
1791 5956 15016 4989 4988 6522 4993 4130 3970 1955 174 1032 5554 5082 7739 21166 3908 5182 1186 18485 2129 17357 2289 32910 13109
1792 12719 4365 26386 10419 14261 11252 30575 17202 14932 18429
1793 3689 12533 1723 14089 2995 1625 1735 737 11550 1620 14702 11475 11560 2641 3066 11474 5092 12225 20009 16327 9568 1330 1314 1153 11383 7380 628 1833 3661 2817 2050 772 583 1647 3528 946 7243 2051 870 2976 385 13493 507 2173 3686 18332 29587 487 2171 11081 10845 1659 581 646 12820 3499 12922 6775 6590 24208 21814 513 3441 8591 518 2115 1736
1794 11556 11606 1325 30886 4810 4809 11549 4635 26400 24564 4189 5372 8158 15703 32814 29046
1795 25342 25343 25318 25855 32731 25345 7699 6627
1796 21682 13921 29680 4375 5991 4526 4257 5994 4242 10419 3249 3239
1797 27430 32717 27419 27398 27420 27397 27396 27395 32552 31472 28308 28307 28306 26353 30388 26348 28305 25980 196
1798 19827 21345 24271 24270 22567 18410 17767 25896 17878 17372 23190 26480 21523 23328 19316 18617 18121 17768 18619 21112 17769 24800 18098 21884 26498 19874
1799 23303 17767 17733 23812 17413 17893 17408 19823 23323 23468 23312
1800 2943 28403 1108 6346 727 27994 22537 27983 15084 15425 1190 5408 23246 28926 16940 4944 723 26087 5014 735 1616 1321 10884 25267 24442 3865 189 32082 190 10263 1989 6806 1996 5708 11468 2266
1801 24507 18731 21591 19228 19187 19198 22996 20623 20305 18744 20643 20381 19898 32043 19560 23670
1802 13976 7657 1271 15516 5680 13472 7490 1294 13996 8939 15733
1803 19231 9403 22479 20683 19759 23335 27158 14714 21055
1804 6731 1422 9815 476 23439 19846 6448 24755 193 6531 4879 3827 1359 1360 1616 5389 2279 542 1731 14069
1805 447 12370 13128 7261 722 6874 2105 1249 13856 105 8620 2740 2846 585 3450 387 2472 2229 4507 112 16654 332 2613 1413 2093 98 2403 359 2018 1256 4141 1374 2280
1806 518 5786 11310 471 786 719 646 520 10676 10152 2642 1680 2633 3534
1807 9631 25546 11819 21401 7636 20111 252 22891 14442 11822 8905 13501 4845 11881 2794 13894 32057 6463 28438 8976 10795 28833 2112 20830 11436 14379 10103 25353 2319 5159 4054 7577 16895 2723 13897 15125 19675 31519 17463 26126 20806 703 4033
1808 25142 18048 19383 23651 21607 25919 18150 18104 31420 25143 19855
1809 29766 22469 23270 17090 17091 29958 32696 29820
1810 29295 26215 30752 31371 28904 23546 22771 22668 18367 18358 20584 26410 22569 22122 18380 32126 32406 28205
1811 1129 5181 4989 8342 31425 296 315 3151 29160 30936 7867 8025
1812 154 2792 151 1923 28054 473 2748 8954
1813 1566 1731 10931 1659 584 585 586 587 1647 8996 11583 1657 599 6892 621 1656 1719 1710 2980
1814 25456 722 11805 26246 3843 2279 3463 1622 4288 1666 11522 9967 3594
1815 8209 3064 3400 3352 9798 5950 1390 4609 7225 2722 1395 11430 3396 2079 2024 9813
1816 27080 31018 11378 28136 14714 14778 7701 21246 18732 20915 33003
1817 22384 20188 23653 19050 21459 20236 20570 26313
1818 17726 20926 22206 22734 21121 20979 21597 23116 24047 24832 22668 22798 14904 18054 19824 22083
1819 31090 31473 23158 24589 29844 29847 22579 22597 22578 24612 23113 23166 23163 22615 28303 23156 23153 24593 31449 23161 24618 31478 24607 29812
1820 12454 7430 29402 29696 31672 11378 13318 10635 30868 33184
1821 32491 19383 24882 30249 20305 19899 24137 33185 30587 19593 21100 21838
1822 23833 18110 17406 22037 18602 19826 23825 19152 30170 23310 27613 24655 22828 31154 23024 18198
1823 4158 5675 13469 5839 29311 25392 8366 2105 5856 5697 5699 8358 23494 8939 32324 5671 5913 2265 7497 26519 13100 31188 32607
1824 902 9613 2982 2279 899 27573 27567 12304 12299
1825 24222 11255 19577 7809 30103 6863 17802 2903 24765 14932 6820 22397 12814 4360 4503 11809 3239 5992 4247 15644 3249 25079 11096 3801 14922 2129 1551 460
1826 23049 30715 22152 17724 18383 18389 21436 18865 19918 19264 23046 21481 21048 30202 20345 20248 21086 21458 19912 27287 33097 23050 19184 19768 29381 20192 18064 21542 23053 30020 22370 20250 21544 30147
1827 20584 24790 18393 20643 18379 18065 30959 19383 24490 32387 28936 28888 31299 26410 32198 30249 23399 18205
1828 33005 32455 29723 30379 10636 32871 30696 32845 31571 31206 19052 11378 19852 15756 12389 29568 24729 21361 6572 25653 19830
1829 1116 11541 197 15302 15304 11901 4636 1316 14858 4661 7690 23908 14495 7010 11533 10871 17316 29323 3425 4479 16539 18189 4810 30827 1498 5313 22893 29931
1830 19193 20514 32954 20065 20236 19640 18862 18744 18839 19870 18962 23085 20206 29920 19472 22108
1831 12310 28676 12878 16272 30029 12874 898 15597
1832 29765 1096 23717 138 26242 3332 1080 5082 5497 27666 2185 1983 19503 1446 7143 25451 1108 1109 1362 116 16483 2255 26062
1833 6527 3074 19399 1996 11429 26841 9629 8529 2874 9441 1979 7233 2748 23527 9615 7730 7505 2727 2195 13612
1834 860 15873 29204 4551 8494 7289 2678 6182 1025 22539 22550 27663
1835 4314 4242 21808 19693 15338 6821 6820 6863 11951 11837 1187 1812 19994 22905 9033 10530 4305 21413 11107 17201 11537 14924 3249
1836 160 2772 624 16164 11219 5695 22709 28147 4885 30704 17653 25774 17461 30288 8555 4668
1837 432 10854 26820 1025 9070 117 16797 24453
1838 22019 2552 12258 6387 2456 4570 12260 16678 2105 3239 4325 23245 6121
1839 4347 2874 9488 487 19964 6131 398 116 6785 385 2176 3473 17524 7190 1543 383 1625 5373 5370 12144 4487 113 2223 530 2092 2773 4541 676 2799 5376 474 13560 6464 2095 2083 13067 1616 1264 2109 7654 2229 2805 1859 3374 1374 157 2159 600 718 9613 765 1646 2279 476 447 131 2723 10494 1600 6492 10103 140 158 252 9692 16332 1282 55 6597 5364 7287 72 479 6173 4141 2807 5375 2113 1438 4056 26054 29642 332 3121 5672 7321 1314 1500 1126 5092 14683 11475
1840 13688 17830 3766 19073 18348 13681 22203 14714
1841 5906 397 24533 2027 8118 8112 13481 9792 2771 8988 12144 6130 2727 2775 5165 306 3078 463 2782 13477 158 703 10478 2725 22264 16897 13487 31995 2231 2612 1294 305 7745 9590 28845
1842 21520 24655 32404 21842 21092 18051 28183 26035 31555 19383 29954 31702 25110 25109 31554 30845 24029 19586 30841 8314 30843 27754 29265 30322 32579 29956 23099 32457 29554 21839
1843 17251 487 3025 3521 3510 539 2279 15497 860 5328 5273
1844 27206 31803 30556 32992 33094 32271 30866 29707
1845 30385 2649 28306 27390 27382 27422 32940 27412 27393 32547 32526 31482 31438 26346
1846 27398 26359 26358 27405 31853 27447 27382 26357 30433 27454 32713 32547 28305 31469 31468 27460 26346 23160 29843 29813 22589 28307 25499 28306 27433 30435 27416 27421 27456 32720 27285 32551 32708 30380 32288 26349 27395 26354 27387 26356 27415 33051 32550 30436 27453
1847 15035 1471 18439 19787 22238 18313 3006 17686 17684 9990 32678 18283 19155 17685
1848 2748 5949 30859 13205 3200 23491 530 29906 2124 303 665 658
1849 15010 7956 19430 24726 29999 25274 11113 1996 1084 11782 7172 1011 116 27163 3856 219
1850 15072 15660 840 10958 3036 460 932 2378 15015 551 2436 32604
1851 9578 493 6849 30151 15440 19408 6847 13879 16277 11256 15701 1808 30104 15417 725 729 6346 727 728 11248 7433 49 12981 12972 11961 11962 22980 12935 14965 27910 16156 3471 4499 12739 30718 22977 10361 21995 11361 10734 12530 807 1524 3634
1852 14243 31365 7143 16257 3771 6674 5336 4193
1853 3249 30522 3239 11104 4273 6686 17201 14716
1854 8014 13357 17264 29988 17826 30319 16295 628 11554 1367
1855 30219 22230 28448 19537 12918 26849 13581 9024 27366 13579
1856 18727 11211 16594 13942 1983 9692 3930 1146 1492 6105 1141 5447 5097 7960 9370 4974 8766 17794 15889 10521 8796 17787 12908 15886 9313 15883 1168 24293 9825 8744 4949 9142 9655 4957 9701 4907 8786 8733 25758 9315 11691 17793 13955 9116
1857 15362 29174 2168 9013 9018 27149 2478 2400 2482 2460 2544 2425 2430
1858 3624 25468 3683 1693 8591 763 607 3194 8180 3197 2976 1832
1859 25105 28641 28497 8307 21897 24245 8308 21845 32101 25833 23350 20178 24269 24238 23959 31445 21102 25612 30510 33099 19585 24349 24009 21520 24235 26001 31332 21194 31500 31143 19593 23957 22849 32048 19602 25161 18415 22189 32878 24379 25420 30749 24853 27111 24842 25405 24384 25421 24850 25407 29065 22786 24377 27159 24383 24385 22742 26745 8314 32371 22874 22836 33165 33170 29351 22845 31855 28965 20490 26777 26778 32212 22164 24019 21103 21080 24395 28961 21081 29479 17773 33121 23966 18143 26326 25602 22686 31896 31661 31650 29633 31825 28500 19596 24834 22875 27595 19600 24237 21015 28228 19185 19002 20352 22879 23345 18734 19302 22783 21152 18065 19548 26010 21838 21019 32381 23026 21891 20090 24043 21911 8316
1860 19467 14714 25847 22128 23947 30361 25989 18664 18665
1861 30181 2562 2499 2431 26947 4579 4573 7977 25720 6681 16680 6413 26149 31107 16636 6417 10957 6296 12267 2477 2400 6308 4562 548 32617 26574 17319 2425 2430 2542 2544 28683 2536 2560 8641 16342 28118 16341 735 13551
1862 10998 11051 641 10624 11037 10993 17824 723 7293 727 802 3249 3250 4304 13765 10424 4331 14115 4327 4256 3239 4336 4373 13022 5992 6008 14286 4334
1863 19668 374 12267 4092 14054 16397 14779 11597 552 2923 624 32694 17175 4185 542 2982 539 1567 5938 14613
1864 11701 27971 27224 10442 27968 19133 27801 22711 2128
1865 30807 22984 24655 24316 22793 31785 28722 18122
1866 25829 25828 28407 32728 28410 23195 22202 21579 20065 18200 19495 19207 18881 20643 22770 18862 20623 18382 18383 18401 19184 20370 19423 20235 19242 20612 20799 18813 19210 19008 18744 18730 18379
1867 20802 26915 20961 20199 21142 29727 18866 21272 24468 19238 31682 27955 31599 19977 25330 19265 20727 18335 18383 31483 19008 31447 30863 21860 10495 25190 20322 19205 20039 20756 19267 19489 20250 21557 22997
1868 2875 19507 899 10735 14347 10365 15183 735 2845 10357 8625 10363
1869 22074 18875 18802 20927 20511 31201 18065 22736 22815 24621 18817 19010 23379 18922
1870 21825 1129 1194 22453 2243 1032 7742 25033
1871 3302 2214 30333 1444 5446 26046 15342 32516 10121 32833 23764 23800 24741 27584
1872 860 10953 12975 624 375 22407 7061 29000 6970 1362 1084 8210 4609 4871 4485
1873 32825 23364 10639 31990 10634 12458 30950 28742 31288 32844
1874 26590 13321 31297 12458 26587 33167 31912 33182 32756 30866 32843 30489 32837 29695 26605 30696 31943 30450 11378
1875 2195 5071 2193 18660 5260 2196 27032 4165 27709 16875 13204 6271 29281 16024 15710 19126 8891 10122 2412 12798 22575 3907 7322 204 4875 4657 20652
1876 22292 21925 19421 4204 7761 9205 21983 6 4214 13415 4212 4213
1877 14788 4218 27833 18636 19648 18026 11170 8 28171 13112 17587 13583 16579 117 7754 13376 14904 15698 11849 18029 11850 21504 11853 11174 11847 11851 6996
1878 888 860 6702 22531 14936 6706 6700 11988 16971 12889 10023 5737 10032 32561 624 14354 11395 11394 13722 2540 21830 2537 16396 2430 2499 15283 552 2105 42 33130
1879 1308 3066 14511 10879 15898 22755 23880 28579 25617 11261 1148 20159 26153 30017 628 11533 7012 11647 1111
1880 5708 1449 21822 14326 11402 14323 17337 12884 23247 2117 5023 14861
1881 9761 19809 9440 16331 11234 9727 31861 9135 9315
1882 21812 31686 16966 27520 14707 22437 28075 3239 3249 4515 4327 32061
1883 4654 28443 14568 32033 10705 42 4635 23906
1884 2472 14959 2403 2439 3973 26421 1321 22922 10876 202 203 1334 204 1347 1332 1330 22893 23870 628 18705 7140 33198 4573 6306 2430 552
1885 32861 10654 15974 32365 31943 11378 8314 32397 31018
1886 18146 17909 18565 18620 26109 21353 19370 17890 28525 7701 25404 21279 17899 18128 12464 16295 16294 23027 32739 32427 19385 21304 19887 22682
1887 22144 19401 15297 10782 13618 11379 16280 12301 8215 15594 16359 10028 12312 22015 4723 8184 18325 18186 228 16249 897 11395 11394 13617 10769 15598 14554 15692 222 4736 13609
1888 16471 3315 2356 291 24677 1032 2330 4027 5575 15408 7120 24333 17843 11368 4551 11223
1889 20703 18802 21602 19147 18799 22631 14713 18962 28206
1890 24410 24642 8319 29261 24072 22132 22855 25110 23143
1891 7711 31316 19915 19903 20656 27089 18394 20611
1892 10663 15967 28744 29695 29039 26940 32838 26600 28743 33108
1893 406 23120 16753 412 9073 9081 16285 19988 126 3415 25068 436 434 13179 16710 25043 16711 27481 17289 28022 20472 21563 16757 29008 26731 32493 24781 10046 23439
1894 1430 12549 7204 2678 29503 29393 24442 10705 9233 8454 20459 22893 22755 11383 19996 20652 31690 18083 1321 1324 1327 6275 29931 32187 27868
1895 14539 5337 5389 2874 2137 2130 539 28931 27035 31177 1430 15037
1896 30878 28781 19208 20802 19300 18813 19768 18065 18875 18822 19479 30178 21033 18765
1897 21864 17745 17377 23379 20926 21346 17713 25134 24889 32309 31556 18070 17731 17412
1898 26678 25092 12603 13917 17083 17081 27070 17085
1899 27348 13205 12925 26122 8029 28779 20564 308 7875
1900 13573 32062 26044 30089 28816 22415 22409 22413 15334 26045 26664 32291 26043 29888 2292 374 4120 3916 23758 22521 2221 2809 2240
1901 2745 4158 4865 2773 3350 10105 400 2112 7464 27220 7563 243 1429 8958 2223 534 1258 4174 2760 251 1257 2792 9324 2231 9599 238 157 6131 359 474 1853 131 25768 1249 4152 447 20440 2829 7111 15711 2083 330 1264 8264 4852
1902 9781 7835 9782 17859 12978 1616 267 1249 27302 2231 158 13503 1441 4477 3573 604 528 10612 11160 1736 22622 2995 769 10833 3434 17510 3642 3534 578 112 12260 2593 6297 2430 29474 2529 6400 6401 10957 16676 6423 6422 32601 15466 16636 6296 2472 7975 7976
1903 27681 12868 30672 9160 22529 29414 28452 28855
1904 29818 25871 22471 29969 29962 29245 23270 22468 32735 32695 29978 32700
1905 32212 19548 20199 17747 28782 28389 22106 20639 20065 14713 22344 14714 29628 13583 18065 27964 22131 31454 22489 24655 10495 19758 21285 18399 32979 30744 30246 18052 21102 19897 11187 14778 21731 22159 20671 32447 18922 29254 20080 19454 20214 33187 18742 23422
1906 31967 31235 30943 31265 32364 32862 31242 31240 31261 31236 31018 31966
1907 24820 31870 27746 22179 26066 25886 25887 32983 24819
1908 20322 21047 29920 19640 30669 18737 23612 20743
1909 4304 14104 7332 14107 4375 14092 13765 15646 3243 4516 4373 4325 14118 14119 4498 14289 10433 14290 4278 4528 3250 10424 4520 14288 10426 4333 14286 4310 4327 4247 4297 6002 10437 4298 3249 28075 3248 11713 2879 8078 17533 2173 2980 1717 10831 12835 17305 2975 1671 12789 2250 1616 4902 8493 26651 2279 808 17519 27372 3048 3039 3480 3547 13292 11498 13577 24744 3520 3692 15134
1910 6671 11462 17577 17570 28258 28373 12896 15608 5946 26742 17572 17582 11617 15298
1911 17854 22559 20070 22634 19728 17724 21470 19010 21260 24393 22376 24386 22683 28595 20612 19221 10499 19185 17763 18813 22628 19300 18999 22658 19899 25156 18865 18065 9399 21080 25172 19423
1912 18280 19778 15657 5134 25784 24579 26280 18313 1470
1913 4801 20887 9086 117 9050 421 119 20891 5018
1914 23013 18920 19766 20649 21613 19877 29511 18802
1915 25877 23270 25864 32696 32701 25870 25106 22471 29965 29958 25875 29817 25868 30598 29973 29816 22469 32698
1916 15580 16984 3600 5763 11042 16504 13310 8657
1917 6577 4319 4318 12990 29630 12852 22213 24772 14261 4410 25087 14925 26646 10387 10386 10389 11093 29533 27172 24766 6557 10429 12471 24764 32395 12767 4298 4305 3249 15644 4297 4314 26386 24762 16490 3239 4299 4334 13019 14277 4283 10425 10426 14281 4333 4336 4335
1918 20914 20624 21094 31447 18622 25419 29546 22845 24085 23350 31829 27606
1919 7124 490 126 10854 432 117 417 801 9046 20895 11459 15624 129 22259 436 27180
1920 28672 10059 10060 10061 19031 10062 10063 10064 26423 16457 10054 19028 226 1979 9418 9419 4953 8785 10066 4909 4910 4908 4955 9448 4957 10720 9315 8020 4916
1921 3793 2279 14114 14127 10998 21293 1706 16504 7261 3964 8426 10962 2105 1025 1616 2378
1922 20423 2091 4497 14377 29098 5381 15120 2222 13961 373 11887 5886 2037 331
1923 30546 30867 32824 29692 30489 27203 31672 11378 31891 11197 21322 28741 33107 32948 27200 7209 7211 28744 15980 32853
1924 7761 9200 2472 4588 25361 14945 6700 6706 4579 11598 15063
1925 4440 19354 5466 8714 4457 4881 19967 22519 5658 16178 18687 4681 4453 29909 15997 4433 13234
1926 27661 13074 12397 12417 30674 12395 12398 23798 28788 27662 23797 26875 12396 12389 22508 32323
1927 16211 29524 9168 2685 2818 31739 10433 2279 2637 16042 11070 2917 814 22441 7201 14080 24355
1928 3827 3831 15766 15891 7822 7826 7825 29769 210 27126 189 191 6426 8301 4879 4880
1929 22962 22961 1052 23712 4759 29525 1276 22958 1173 12083 5040 6095 982 1459 476 17603 1511 1467 7832 15369 27348 31506 27968 2412 6855 1997 32095 21330 2005 5461 15404 1490 2214 1186 14241 1998 14014 1024 2938 3415 16579 30024 117 9087 9044 415 121 30014 403 20865 16284 20867 14413 19608 1025 14237 31806 1486 13539 1971 32985 5723 4738 17865 1000 1040 1008 9523 13060 2219 32654 1193 2385 1045 344 1137 1508 22446 7821 7803 7814 25280 5090 5638 12168 3363 8031 8888 26152 23846
1930 8514 4892 16117 14541 10707 15248 4451 16199 18680 15564
1931 31243 31257 31422 17367 30870 30871 31245 31378 32862 31261 31265 30943 15976 27210 15970 13314 10638 31672 11378 31018 31013 32863 31263
1932 13390 21134 17871 11176 18043 18041 1334 11850
1933 32832 30905 29698 27195 33196 29695 32644 32843 29706 31224 31801 31911
1934 1084 1175 3977 27316 1025 27038 425 117 20841 795 126 22547 16783 20936 434 422 20890 417 3926 16784 2192 1186 7909 6091 4742 8408 6112 1481 6641 25439 15927 18498 1459 12133
1935 12520 11470 2915 3623 21412 16095 18285 6844 2105 4080 11528 957
1936 32738 18081 31563 27602 10869 12278 10895 4814
1937 32945 25794 19247 20065 25189 27959 19010 18734
1938 12386 16025 32562 7530 8360 27322 10097 17784
1939 6522 4131 19428 9239 15882 2403 13954 860 2891 1481 5814 1487 1616 1979 9825 24293
1940 20149 13646 17208 29015 11641 24144 24149 13648 24150 28916 19991
1941 32782 11197 11378 32811 28741 30376 31945 27208 31221 30696
1942 34 13450 12286 4205 13372 26111 10072 21137
1943 26201 23874 6153 3370 2128 2678 6184 15217 1359 3848 6544 28827 33203 860 3847 6891 17140 24753 10271 3866
1944 17974 13298 28815 22415 10208 374 11672 17502 30041 17460 225 224 7168 26045 30089 15330
1945 21203 18788 18775 18866 31776 25102 22299 24851 31905 24377 24844 24385 24670 19765 18987 10499 32011 21235 30312 18940 20202
1946 21518 17392 22355 23832 21245 25419 21281 19374
1947 31621 26073 19383 19851 26070 31700 30484 19548
1948 29691 25843 31654 20599 18390 20192 32680 24030 32070 22669 25694
1949 1914 4158 1520 12230 4130 4990 13488 6047 5192 19029 5191 11693 6719 32087 28699 5708 7779
1950 17612 8292 20099 87 26116 8404 3094 27564 30275 30930 3347 29942 7901 5723 12057 13709
1951 12046 12662 13643 20151 21623 860 26780 14210 28105 18088
1952 4840 2808 7486 2792 19930 1813 27985 10484 7811 14324 476 2230
1953 4181 23259 27930 4182 28017 14600 31048 24562
1954 9652 17294 25585 29330 12628 18166 22534 5073 2196 26217 30494 15358 25934 5260 15359 14960 14961 18168 29085 6924 29088 6563 5071 2193 29887 25235 27776 6520 25936 4041 5261 31123 2197 29089 25937 18495 6793 6518 6516 19940 13937 2195 23535 23536 28155 18167 21333 5262 21334 4195 6788 6789 11702 21335 5074 18171 18169 6794 28417 29087 13141 6517 18172 18173 6790 9337 9336 9551 9650 9649 32783 9646 12833 24450 22920 20116 27669 7797 26806 28454 25284 22930 10299 859 12692 10297 17500 24451 9545 29394 10296 31517 30832 29924 22943 861 2889 10298 9547 6720 10303 31420 31026 31411 26784 3771 860 32092 11689 8275 29997 23501 32104 19666 19667 17434 32291 9645 9644 18494 12499 9653 2377 15861 2263 9560 8423 7914 1039 28241 3932 7938 5593 4616 4617 7680 8918 16802 3161 26953 7681 3977 15661 6644 5625 28154 7883 7885 1225
1955 30064 20676 20783 31751 21542 31208 26635 18065 32686 21238 19489 22968
1956 19557 21857 19143 23046 19925 21570 19146 30609 18942 21047 19909 26380 27750 19558 21043 28959 19768 19553 18920 27627 18390 21096 19287 32123 30751
1957 14749 6326 552 624 9230 5692 16964 13459 6366 628 10767 3218
1958 476 42 3847 4179 28796 8922 15114 11269 7032 131 161 5046 14377 7536 12578
1959 6178 13614 28468 27868 11384 23229 32044 11387
1960 2908 3244 5994 15644 4242 3239 10419 12279 4390
1961 9899 2882 3890 1625 25246 11118 6785 2279 854 3239 4527 4250 4369 4389 24787 4221 12547 10416 19177 10358 15282 15019 552 10508 12545 10217 9390 10976
1962 19903 20656 21187 18095 18358 24273 19388 19380 17713 19826 17397 18602 19389 21351 21120 17370 17882 19368 33215 18065 18139 17428 23305 17907 24272 32131 24804 18142
1963 11799 28845 2231 377 1604 1374 4112 11894 9606 1294 9615 131 235 1923 13499 2028 1419 17122 6458 1941 7475 396 1855 2769 7528 10103 1285 26447 7735 2222 10491 9621 6131 2218 252 2027 5849 152 270 140 244 8328 6127 359
1964 1108 1119 1321 1323 4639 1317 1367 4634 11383 10609 16538 14506 3407 3888 6275
1965 21313 1763 10511 11001 13024 5408 1190 13332 608 2378 1359 1616 602
1966 20382 20026 21452 19918 30809 28409 21881 20309 20547 20540 30835 22358 22176 20628 18382 23053 21465 18863 18201 18383 19314 20412 20027 19899 22126 21479 30113 31454 32163 26497 23657 22149 33216 21224 27227 31986 21544 19192 20286 20402 19193 21542 21545 30243 19187 13317 19190 28481 29136 31593 19188 33217 17724 22564 21543 22383
1967 28253 31180 522 481 10812 11839 30190 1757 1758 9940 19536 6685 4221
1968 22934 23975 4811 1321 1334 199 6275 10214 202 14461 23881 204 1347
1969 32644 32362 12455 10634 32843 29041 30372 10661 30870 30873 30871 32754 30872 31978 31979 31672 32893 32888 33084 32889 28069 10640 32844 10659 32781 26588 29743 11374 30950 29747 7702 14778 31016 31018 31278 33082 32842 33079 31225 11378 10654 10643 32741 10631
1970 31568 31977 31279 31800 30867 30857 12453 31192 19051 31011 27893 29038 30870 30871
1971 28994 16882 24180 28535 11704 17229 27321 28122 15776 27222 19125 29528 16865 24182 24110 16872 11401 4892 16172 19345 5466 4438 15246 8475 4475 4467 4469 29210 2678 2412 24184 6522 13486 30493 3965 5954 16874 17840 5699 2807
1972 2834 131 235 161 710 142 13562 2110 14435 2280 272 264 28575 5050 21176 31186 5052 12130 5051 12128 12157 12129 12062 12064 12150 27783 25029 27782 12073 12108 29203 12107 12187 12127 17020 12070 21174 21175 12152 1636 1928 29906 17225 14428 28997 7645 735 1450
1973 6275 7342 23772 7396 26285 26286 11383 220 6272 23908 11536 30188 3412 1316 7355 1321 30456 29234
1974 22660 20058 18065 20603 18064 18774 18975 19558
1975 28492 30165 19383 19585 24077 25602 19587 22806
1976 32502 13252 13250 13935 15904 10263 1995 16856 13219 13220 12379 1994 30464 10019 14011 25285 1990 11640 16855 28851 28162 32568 1989 32423 8496 9882 1992 13218 22523 13215 1987 6805 6807 13214 1991 13217 10261
1977 15694 10232 24204 13509 15155 14358 15157 18633 15183 14233 12798 14524 4478 7437 7324 7394 30579 31864 145 8943 29097 4056 233 4057 11291 4059 5827 5873 5864 5854 10438 10108 702 15505 13410 31173 21531 39 2147 642 13162 5428 33159 16220 1496 21813 10869 16854 16973 26540 31847 21622 12406 31617 4210 23 14141 7750 14152 13 11172 16 33 41 30542 3234 10 7766 13415 40 4200 25075 25074 36 29 28 30 13381 3231 12 6 12468 4269 3764 29436 3760 22513 30292 30290 23892 29445 17624 30291 3763 15433 15432 30566 17693 17694 1477 15434 27789 18287 17995 12794 28580 10872 11568 11567 14456 14513 4390 4297 3239 3249 14282 30521 14290 10421 13766 15645 7335 4325 14289 2105 17159 7433 14528 121 20872 20868 405 16788 20869 9082 795 794 122 20904 28677 32757 17621 21474 14496 3409 1334 25078 7929 14493 459 9871 754 632 739 639 773 460 633 779 613 631 9193 28380 7790 11755 9194 13043 21138
1978 20549 23374 18921 22312 18779 18383 19454 28208
1979 24491 21117 31391 22362 20064 19185 18379 22691
1980 27028 29392 8016 27975 860 1025 29131 735
1981 4047 2005 1012 15400 2187 11592 4098 5109 14429 14436 8891 26893 12179 8028 5461 1482 29327 1108 26675 26112 10692 17598 13521 20102 3988 2320 7154 14223 2335 1494 5026 22961 10687 1141 2370 29139 1133 2334 13554 9230 735 2105 4080 25714 2925 6560 967 722 2279 13943
1982 5202 3360 2376 3262 8401 7796 1132 992 5520 993 3280 5516 5515 5517 5513 5514 5507 5508 5509
1983 19709 15637 2105 27813 476 17255 16024 16877 8339 17012 10808 26564 14185
1984 1464 173 5528 4067 18659 2235 13059 9625 7221 2269 17014 7114 14537 14538 1157 1165 1141 3331 1457 5100
1985 22921 13749 17126 27236 10253 5736 12372 15840 24434 11719 9347 9346 12465 10133 28413 3842 788 11807 17543 6075 5924 26638 10211 29226 1141 1164 17642 6240 26639 17449 1490 5641 1074 1050 5459 7158 116 14261 12590 32928 24527 17633 29338 10545 9559 24526 24525 17634 14529 2105 16263 16570 26261 25284 15810 11243 30102 12010 12018 29043
1986 22845 27295 19181 20195 18730 19472 18923 31983 29955 19586 32523 32476 32477 32489 33165 26928 24090 32372 28962 24054 32412 32376 31836 27519 25110 26070 26073 24655 20581 18379 23421 24033 20028 19010 28721 28482 26191 19383
1987 33136 28187 27954 25214 19147 20322 20072 20746 31483 18942 18849 20065 30654 21581 19916 18965 21611 32962 21200 30854 27779 21868 22879 30144 18875 21074 21595 22107
1988 29845 23152 31441 24614 24594 22589 15612 10545 30570 21979 17635 14529 29803 22578 24598 31893 31086 22580 28948 24603 22588 22599 3861 15769
1989 16275 11765 28737 8602 16267 1414 16026 12148 3116 713 1599 4058 691 12606
1990 13518 4013 3098 9509 116 1056 3937 2279 1661 5581
1991 10183 4966 4955 8634 4907 9095 9288 10199 10202 14587 9135 8887 9657 7917 1141 32775 1036 9687 9309 9269 9317 9146 10196 9765 9822 9119 9440 15908 9293 4894 9663 9129 10186 9264 4952 9113 9696 14831 8734 9271 9315 10200 17131 9365
1992 7587 8284 12549 6720 9552 16287 7590 7579 19621 17498 17931 17565 17269 18329 28584
1993 30121 3176 6672 27968 1321 7351 16220 29470 27001 7328 10745 4598 6275 10550 1330 1329 1331 16761 16035 189 192 193 10046 15036 19617 24151 24140 553 5953 5954 29027 16805 28122 2401 24183 8142 31424 16957 19710 2908 26250 1084
1994 7200 3712 21798 743 4296 1620 769 505 3034 3488 480 26166 12466 21292 21303 6589 3706 28474 9966 26757 15139 1698 3566 1667 3710 768 3050 8088 1674 6065 15195 3654 1710 507 646 3538 508 497 13286 28990 610 33193 1692 3649 1675
1995 9203 7759 13437 39 9186 24399 21539 23605 3225 10619 34 21984
1996 18065 18998 24624 28704 31172 7081 19232 21589 30848 21616 19287 28984 19768 23448 18691 18920 20288 21469 20241 20999 20034
1997 32875 12686 10826 7265 6568 30367 10392 18632 2875 17191 1325 1330 3220 12225 15598
1998 19383 30743 22859 21014 31142 20934 29828 20504 27601 22426 20908 19585
1999 29738 29737 27889 29838 24248 19472 20968 19383 31498 20090 19548 24391 20217
2000 31285 22867 22876 22840 19548 21223 17741 19056 22662 22661 29552 19586 22850 32598 24030
2001 22216 6678 11990 28775 27276 6555 29777 11953 30118 11582 11946 4127 5023 6559 26863 12468 12471 6981 25640 10729 16241 16404 11992 11956 10427 15577
2002 13548 17936 27691 19619 6017 17932 9085 9077 19990 29998 485 28012
2003 16298 9587 26481 7564 11895 27346 23790 25199
2004 4945 14328 14330 14329 18704 8080 11049 2510 28335 25044 29569 15037 4410 2098 16237 11137 2105 2138 11604 13249 21829 112 2818 6780 1647 822 9956 3955 27024 6346 7809 1808 4944 27029 31436 22888 14296 736 20433 24785 3433 32935 585 3755 8993 583 582 587 584 586 10172 3754 3227 581 10813 13135 16392 1717 12772 30346 6577 2137 6562 4221 12546 2875 4080
2005 22497 735 21821 15084 1616 11468 226 4778 32963 11358 15310 21407 22260 11096 11252 4391 29332 13839 18226 2279 3697
2006 13778 6328 4590 21366 16663 4588 2450 2922
2007 31775 18962 18979 18847 22066 23088 29732 20732 20775 20582 18911 24856 28482 27744 31487 25839
2008 30205 21152 19188 22381 20183 18417 18065 20350 18969 32117 21198 18911 26181 31676 17896 23296 23833 19365 19059 32982 19050
2009 18875 18931 22126 18756 30050 25606 21745 24800 7696 19316
2010 19718 31580 29287 19929 13047 29645 10555 11876 12081 15125 265 5875
2011 2486 2499 2400 2430 2938 12650 18653 119 8263 126 552 116
2012 461 8540 11896 2970 9788 4115 4116 8890 8899 8118 3403 27586 8139 13091 7513 32658 15122 7630 8898 2280 9808 17657 7034 19015 12065 10599 27247 24099 12480
2013 2879 3606 599 1582 11577 3478 511 2247 8189 543 577 3747 8077 2659 25123 2642 2651 562 10841 30045 4296 948 7267 12944 16519 15471 3443 392 12442 1697 495 3462 6938 9949 1723 3573 2995 1722 26859 17533 12436 23502 1690 4321 4315 6832 17099 11508 11256 23921 2105 10415 10418 4393 4395 6858 10364 15176 6568 13844 17969 12741 6856 18317 4249 24462 4223 3593 2380 5987 9956 3955 3690 3610 12638 11505 2921 1571 3609 935 585 9014 1677 3466 1670 1731 1687 9006 2936 9015 9016 9018 2050 870 618 783 12840 2166 1744
2014 11526 16159 17106 7211 624 98 2279 15549 3038 3585 28931 508
2015 4598 1317 4601 628 25232 553 1616 13236 32258 1358 11041 2378 27532 21645 4438 10669 29075 8714 2105 16918 27181 5022 2846 12550 10975 459 460 16590 2279 5456 7204 26676 6712 116 2958 24558 2934
2016 29284 8128 16863 8381 14580 4583 5810 26803 20451 29567 28148
2017 13360 628 1372 7357 15826 20652 1119 11259
2018 33026 20356 30811 23081 26908 30775 30777 31118 27740 29078 23076 23075 26910 27734 32521 23073 26396 31809 27468 30351 24506 29727 29735 21547 20667 28071 22065 30362 24013 21626 20636 22985
2019 17372 26303 30355 18695 20931 23831 19627 17769 24805 17877 17420
2020 28117 28675 21776 6306 2456 2430 2552 2400 15671 13782 26284 11900 10957 6296 2593 15056
2021 20938 8552 10065 31899 1032 9314 17776 7183 1143 12610 10054 3390 23527 20453
2022 30877 25709 14090 14089 14126 29148 24931 12512
2023 19010 20584 23399 28637 22692 22691 17896 20965 28421 18665 26391
2024 19394 24629 24796 18343 23468 17370 25419 29546 18621 17726 18205 17372 18060 31828 29545 25502 21113 25500 17409 18075 18100 17733 26333 17403 23328 31785 29366 17744 18061 21515 23549 18602 11197 21277 32319 21309
2025 4647 12616 27003 27002 14562 28544 4646 201 4654 4656 10741 14505 14486 25070 11560 14702 29470 10738
2026 244 19930 4158 14427 11413 5050 12061 1440 1422
2027 19740 21033 28228 20206 21144 31254 28186 24949 27824 31320 24893 32132 30486
2028 1108 3847 32630 3815 193 24755 210 192 214 217 8305 8304 6546 207 211 29617
2029 8155 27333 5349 1281 4194 5346 13744 9481 1358 2678
2030 20679 21043 18755 19194 19744 21006 23402 20650 17724 19880
2031 9272 29220 11774 9365 4978 1167 1944 5814 4930 13207 9711
2032 1146 10906 15372 7459 4130 5063 6095 10690 5572
2033 16039 4777 22260 98 2678 9230 7204 26651 13817 13839 29333 4772 22498 10187 6690 25732 16047 23262 18216 4774 4775 4780 4779 6687 13837 17971 14987 114 2908
2034 1392 1941 11864 1376 20955 2723 11800 247
2035 10875 5429 9233 1358 30831 25641 3417 12615 26833 26834 1367 3416 12218 12217 27660 29170
2036 17539 7699 25700 25338 29872 23557 25955 6628 6629 17245
2037 8907 14393 28559 143 7512 10488 17637 29281 31640 13091 14377 5905 8901 8911 26841 5536 4848 12759 18185 11431 15546 11278 28014 19127 6030 703 19029 20836 476 24425 11895 7026 10571 8148 8057 7559 7041 7039 357 1638 8106 366 8415 27569 7028 7634 17657 7561 26220 5166 11426 8119 7544 15114 7486 14401 11825 4114 15716 7027 4864
2038 19143 24620 23142 31557 33102 30772 21731 10641 23364 12462 17314 11187 18379 21867 10634 30861 32529 29702 32892 11374 10654 11378 33040 20507
2039 18296 20438 19805 10014 30568 17992 25596 17697 17985 27788 26280 19787 29783
2040 21305 27824 25460 33224 32153 29353 21351 19366
2041 20670 23132 20643 14714 17763 27546 22298 22101 20186 23614 21611 20206
2042 17548 4152 23916 706 267 664 11267 12088 12098 11854 7554 7521 7565 11800 6155 15722 16027 32467 5488 8257 11448 15172 16156 1616 5046 7577 26688 16024 16952 7531 8139 32603 14379 10469 5886 14396 7573 2026 25579 1290 26367 25393 13960 15818 30683 11863 30269 12801 10252 860 32092 10578 24333 30495 4864 15629 27709 335 2085 10491 16468 13959 3394 242 15726 19709 15816 8132 17638 33146 8505 7533 8140 13961 29756 24520 7178 31559 15429 15612 3798
2043 1068 2683 2678 2874 5336 5352 15852 7301
2044 3525 5990 2105 3696 15551 722 646 28456 7087 7214
2045 17217 42 116 10720 9704 8764 8769 226 9233 1979 8640 860 27014 5656 13568 9532
2046 24013 20667 24411 30881 31876 19383 21098 31758
2047 18744 18383 19423 32353 19250 19314 18337 19749 18739
2048 25478 5764 2958 21786 24557 29076 4707 14766 624 2279 646 1731 2159 387 1735 6071 16690 2667 1732 460 11516 2139
2049 19316 30185 23571 19481 30636 20576 21733 32618
2050 30893 2107 15108 12864 11833 2279 26162 17154 2818 15094 16432 6396 6363 6282 2536 2544 2560 30272 2561
2051 13282 380 17530 6937 5987 9956 3955 16053 8101 2908 2130 23537 226 2412 624 32434 860 16257 15361 655 899 16107 17379 8485 30972 16159 30133 8472 16391 6940 1530 1629 2279 1676 3450 2050 1647 15362 15142 13590 2055 15139 1582 8034 3453 3594 1607 10830 974 1622 654 15757 11143 1731 3712 616 11564 28082 3044 3544
2052 25073 7766 14139 27634 14898 10 40 25234 13384 18957 25074 11185 21526 35 14904 13415 9188
2053 116 3152 3149 7870 26117 32078 464 1258
2054 116 375 2679 2378 773 16388 2379 12482 18326 32459 22143 13615 899 10776
2055 20624 26322 20494 24487 21891 20087 30420 22856 29581 23033 19383 21897 27593 21102 32749 19595
2056 12783 10502 10404 1616 1620 743 3654 12527 14024 1714 646 584 586 587 588 589 590 3625 591 592 593 594 1647
2057 18026 13038 21501 21141 11178 18030 17874 13392 18037 18033 9187 16599 13441 39 21139 18034 18036 17870 18038 11850 15699 11852 18032 11851 15245 18042 22064 21502 17871 18043 18044 13044 11173 11187 7107 7756 18046 3520 646 1736 7190 387 1530 1728 582 15203 1735 6922 3627 11965 10924 1731 807 508 2279 2875 17001
2058 1647 12943 3514 582 822 14613 870 1731 2102 13885 23786 6000 6863
2059 10386 10385 624 17182 14568 5092 14510 16538 4598 23867 7351 1358 14662 1025 9054 419 9052 5018 8468 5945 439 126
2060 13786 100 29333 13826 10379 10368 28457 13831 13839 17970
2061 20912 17738 18549 17726 29366 17754 20926 8200 20203 29993 32960 22692 29449
2062 13542 1195 8239 12707 1506 8026 116 4685
2063 1330 10742 1321 19897 24487 25104 24247 24892 21836 19585 32211 19548 23039 33004 20496 22843 18051 22813 18050 22855 22849 21897 24243 29199 24233 28645 33238 8325 26001 20088 23143
2064 289 290 9790 17070 14187 11896 28014 11271 25197 143 27337 31881 15729 15794 4102 32658 7653 15656 9789 33009 29281 6271 5886 13091 7552
2065 11825 20441 7663 305 11714 4109 7480 11426 11277 30196 2796 11419 8504 12227 26519 14390 2242 7525 12158 7542 27346 2760 8059 16615 12064 339 340 10491 2739 10598 302 15719 252 10454 338 2280 12147 10465
2066 18758 20514 18786 21195 21266 7696 32144 19640 14713
2067 166 310 17669 347 5214 5582 5625 12366 5800 1177 23735 15325 1245
2068 21223 32209 19489 18383 30147 22159 19762 17406
2069 14548 9607 8939 704 4482 1374 2018 4054 680 2218 534
2070 31405 17939 19667 2678 4447 15249 6182 9353
2071 9263 9741 9699 9461 9249 9436 9413 9412 14584 23756 32596 9425 8743 8818 8722 4907 15380 4968 9723 9240 9109 9743 32974 4984 9824 8822 9319 8745 17007 12902 16101 9705 17447 9365 4961 7889
2072 32107 8680 11472 25243 26860 585 1525 870 9583 16982 11158
2073 1099 16483 17491 20168 14805 31074 985 2227 33199 1227 7149 1229 3181 2299 25035 4598 11263 21361
2074 19541 20158 6512 20157 4410 10546 11986 10417 4367 25648 2845 14959
2075 28653 24853 20996 28136 21468 28202 22696 7696 19558 32626 24128 20543 19300 28111 22168 18383 28969 27794 18809 21097 18065 23083 33037 20981 19548 19292 22994 19178 20257 26506 19423 31781 29091 20412 26231 20305 22083 30852 21275 21271
2076 9038 12647 1025 628 23428 12643 27664 6275
2077 18065 19465 7756 17314 14714 20702 30625 17772
2078 33240 4347 1390 1445 11286 13978 4054 13895 13650 6522 14446 2749 2265 7570 2319 476 16613 8897 4824 4746 8531 17388 4864 2218 5664 5031 8830 10794 2232 2024 1374 447 10096 14375 366 11436 1635 5849 11819 1258 4491 663 5049 1639 27304 3126 19930 1422
2079 14212 23679 20807 7567 356 30710 3398 5575 992 5520 5518 32298 32297 993 3282 5507 5508 87 116 375
2080 26346 32527 27395 27444 32709 27443 32710 27409 25862 25863 22513
2081 5788 837 2622 571 565 4603 7240 13588 13301 12965 870 10614 1567 16361 1731 25675 830 930 952 3043 3566 955 8668 844 866 8660 646 3486 10148 26165 26860 916 7253 499 975 8673 836 960 13348 489 487 2166 3512 914 28445 5936 6943 10964
2082 12744 14926 11359 14925 24766 29662 6863 8626 10386 10389 10385 32395
2083 24787 11897 13339 24334 24456 26647 27720 23533
2084 9399 25194 18409 30551 20036 31322 21157 20642 27462
2085 7204 16863 8399 13905 4584 12549 8266 8255
2086 1158 10460 10095 8605 6161 2192 8606 1855 14381 14396 5048 12106 13498 4864 8530 2231 4413 98 4576 476 13062 2748 12575 11422 251 365 5875 6464 21401 2784 7746 8147 2802 131 13998 2722 11799 10604 2280 3354 2789
2087 21075 19204 20065 19146 27826 21246 19489 19147 23011
2088 1186 2075 2017 2037 15122 4116 476 4635
2089 2836 29564 29522 5023 7433 22921 14641 6275 1125 16976 14683
2090 31476 28301 25495 25149 21282 24615 31961 32289 28305 26346 31440 22589 31938 29850 24598 23113 22596 32100 22581 22585 23152 24599 25496 23151
2091 20695 21158 20195 32123 21860 22107 18065 23293 19184 18383 32766 28220 23675
2092 32375 31667 30640 30444 30875 30870 26943 33172
2093 30954 10641 30564 27199 32271 30953 15970 33173 30444 32883 28069 27200 30950 10658 10662 10635 26598 31802 31194 26592 33158 31945 31019 29700 26607 27203
2094 24685 25539 13675 17828 24704 25540 13715 13693 13678 27525 13698 29055
2095 30134 26044 22416 22409 30088 22417 2292 26043 28818 18327 10328 8246 8269 12550 13726 8267 8266 22700 15850 27118 17974 15003 32694 30660 22415 29651 30659 17976 26042
2096 17716 18100 21885 17743 17369 18054 18049 20090 26510 28641 19600 21112
2097 20182 7696 25610 19640 18926 31701 18150 24320 7697
2098 32846 32792 32439 32855 32897 32888 28070 32890 32793 32895 29745 11374
2099 4489 1422 19930 10554 8134 2792 10450 7111 31095 11425 1392 7507 2795 1860 4347 4158
2100 24834 26322 30743 24489 24068 24247 28965 22845 7701
2101 27596 19603 19383 32882 31407 22569 31679 25458 31691 20091 23020 22121 30906 23963
2102 24489 30743 19383 26388 31148 23397 19628 31636 23143
2103 30853 20402 21222 19558 20579 19472 30612 21581 20065
2104 32240 32255 26410 31391 21121 29417 32336 19010 31300 23548
2105 4202 9180 39 25512 4218 6 32151 13413 12 9192 11182 14895
2106 8195 3659 19167 3651 3653 5919 1731 487 2142 2726 32468 30858 17672 704 1294 1258 5869 161 20942 476 2105 1749 1736 3013 6554 12344 154 4483
2107 15016 288 291 293 4984 4882 26952 13543 13525 1014 10850 1146 3963 16464 24953 9253 17794 9689 4980
2108 6494 12502 4103 1287 10805 6168 10475 14401 32313 5435 7543 28796 7511
2109 32526 27434 32715 27415 27390 27401 33050 24594 31475 22580 22606 28304 22589 28307
2110 991 1140 16819 3384 3327 1457 5084 1955 3269 185 5550 16818 5168 2280 8106 12189 4166 8970 1896 12183 5086 1132 7793 2291 3261 30317 1489 16262 7813 1084 116 26242 7116 26235 8239 1037 169 5203 26239 25975 10054 175 32095 1141
2111 12356 3107 5368 27118 25566 31883 8266 31850 32981 29032
2112 2085 3378 31974 30927 9791 4144 29109 30825 6957 4624 28576 3979 8113 5001
2113 14679 14458 27119 14507 17316 10049 1358 3426 17675 4871
2114 375 17168 10247 21637 624 116 1063 1611 24120 15401 17505 1982 3397 1107 32985 31074 9816 20105 22515 1165 2254 1090 5651 2251 18501 3304 5100 2323 33209 15956 32517 3302 1137 172 1051 6278 163 31075 5449 16473 15343 8242 1134 2309 4128 26239 1141 16253 1453
2115 6706 23785 11355 14973 11980 15156 14361 15160 15155 24203 4393 4396 4397 14357 13121 26580 12279 24765 11992 14925 12989 7426 749 10361 6874 15577 22398 4410 14261 26711 11507 22975 27282 13129 5015 21810 5023
2116 25518 22316 26655 18831 18411 25145 23094 18935 21756 20741 20035 26909 28108 26910 23073 25929 27742 26908 30777 31808 27743 20999 20569 31742 21626
2117 1330 14535 6275 862 624 1859 2024 2750 4141 447 2738 398 235 2030 252 14548 2783 2095 2378 3058 4583 5805 21714 8048 6205 6203 3975 2403 2083 4054
2118 7267 3607 3199 2176 3716 3725 2817 3719 8067 1572 771 10611 12380 26897 2828 539 6928 22005 2161 3520 12854 646 17526 3198 3734 2633 8105
2119 1441 2752 252 5729 8264 329 711 3319 1130 981 476 16038 7730 5032 12144 447
2120 16396 735 30104 1808 734 2279 12526 4595
2121 6599 5351 5352 5336 9491 9468 9540 29870 14539 6580 7299 10313
2122 23163 24589 24607 24608 32099 22612 31444 24614
2123 30530 24070 31407 23020 21908 23565 25605 25168
2124 17484 17884 17485 6630 15986 15989 28618 28365 19972 16077
2125 24184 17230 27800 25973 22009 23535 2198 2193 18174 2196 98 2925 1647 582 6900 1654 1649 14122 1659 4593 581 9869 28170 10340 937 2130 26618 1021
2126 20452 226 28990 2279 28672 30230 25915 30212
2127 2934 3406 230 16480 9233 11285 15681 4080 2105 10237 15150 10406 8484 21770 8460 10537 1616
2128 13406 39 7760 3231 13382 21538 13442 6998 29213
2129 1819 731 23263 13901 4942 17234 4941 33134 26567 17338 14328
2130 15525 24173 12567 2667 15476 15588 1788 11309 8691 14023 7195 3792 3978 734 735 2285 5130
2131 11741 10014 17706 27674 27679 18239 15431 30892 18272 18249 18279 19776 18278 3009 9990 30091 15657 17993 2159 2702 3516 938 492 27051 1470
2132 32844 32930 30549 29716 29721 15943 30867 29039 31912 31706 11374 3636 22619 10399 843 11037 1448 460 459 12345 2279 1430 32513 11378 31225
2133 13915 29638 25151 26677 17957 29246 12601 13928 17095 17960 13917 11134 13918 13931 13927 17084 17086 17088 17085 17080 17082 17959 27069 13916 13920
2134 23359 23360 628 5919 7190 621 3013 2060 5758 9613 1731
2135 6527 32352 29871 189 188 15891 3847 552 2593 10957 2430 2499 2480 2472 4573 624
2136 19588 24347 24911 26468 22806 22849 23032 22822 22121 23954 32763 22818 22863 21010 21023 31500 26208 31498 27819 22842 19598
2137 2208 1446 1086 1077 5709 5644 9704 278 3920 4005 1487 1943 343 354 13940 7673 300 15328 1106 2035
2138 31725 10294 6614 6615 5336 5339 6580 6543 23874 19846 6432 210 193 4879 6531 206 3827 16480 4654 6450 25966 11868 219 15219 30922 213
2139 11104 2102 11137 17981 6888 17845 2105 9233
2140 16353 8752 9835 31099 4907 8748 4895 9697 9440 4978 9713 4898 4976 16356
2141 31686 2947 2962 1616 5389 4576 9476 2617 1192 13189 12785 4938 25977 735 1791 98
2142 860 5311 32029 32028 18468 2130 8080 11048 641 11049 10994 10997 5403
2143 7696 20186 17714 25138 23813 17376 29366 18150 18935 19223 18797 18065 20044 24646 27089 23578 23579 21467 21191 23670 19208 20359 18095 19220 18829
2144 21017 24040 20077 32944 32308 32986 24075 32101 20050 20554 18095 26661 21092 22865 19383 19592 23305 17898 33095 19593 22797 32538 22845 32371 28963 32488 32477 31286 32523 30910 22838 26035 24640 21893
2145 19958 29031 29336 6040 8162 31168 31166 8156 16935 26295
2146 21424 21010 25623 24039 24881 24030 29340 20179 19595
2147 29573 29574 33225 28394 25821 26404 29571 30694 21050 20604 30794
2148 19448 21092 19383 30146 18415 19222 31146 19897 20703 18875 19143
2149 18987 26393 21441 20394 31653 28111 20047 28115 24627 20035 22170 22168 22167 22169 24263 24621
2150 735 22938 4478 1358 860 4130 6522 3971 2412 4635 6450 4631 628 16330 3239 7332 16377
2151 8802 17452 31099 9729 10719 9459 8829 4983 9850 9862 13948 13200 9746 4913 8791 13195 4978 11215 9829
2152 6438 32335 24440 13252 11869 25272 7829 3830 3837 3884 3803 3866 16852
2153 22907 5299 12051 17251 22419 12007 12037 15490 12052 12030 22423 29285 5295 22941 4064 2202 5300 15495 5321 5293 5280 12026 27323
2154 22278 19862 3762 22277 11376 29367 26011 32361 15977 31009 30696 31222 31018 27004 31274
2155 18200 20097 18979 18769 14713 19924 19050 18415 18400 14714
2156 25047 24221 4382 15232 4393 4397 16242 24917 14337 10391 2875 19507 15642 17940 26960 12547 3238
2157 14994 15887 16357 11775 14995 4957 8738 9315
2158 9499 1068 6614 10314 7843 5367 7956 1430 15300 4970 4971
2159 31357 21305 18051 25797 25795 24652 17740 24654 20090 32376 23959 23035 30909
2160 23036 23967 26725 18051 29639 8317 19548 22875 24063 24064 21897 32967 24068 25459 24241 22833
2161 2001 8889 6096 1467 1050 12201 28018 15383 2005 5459 13525 8026
2162 26605 13315 7208 31225 29707 32629 31295 32786 26589 12457 33048 30547 32637 13324 32936 32937 29700 30558 32835 10636
2163 19762 19909 18774 18333 22741 32447 20059 18926 18779 17747 33187
2164 1315 1325 7446 188 2872 2873 18089 10261 1988 13214 13213 29358 6807 13218
2165 24832 18208 28213 31923 19857 18150 32461 29375
2166 12758 1148 4870 9567 5429 12615 14628 23922 32234 18088
2167 28745 32843 10659 31324 31238 31243 30872 31225 31774 30869 30970 15967 28740
2168 8904 475 7660 12196 5255 7032 4166 11791
2169 3879 6153 28235 15767 217 193 8304 8303 207 8305 6546 15891 7822 7823 7824 7826 7825 30989 213 210 11201 3804 7827 13352
2170 6178 13593 15604 13624 3203 8184 12304 21830 13460 21831 2537 12869 552 899 228 12893 10769
2171 8533 11680 8515 8519 20443 32149 28523 8551 28639 11657 25745 4024 22728 16244 30042 8518 6962 7003 8564 17455 7654 1412 1927 2905 139 1925 1863 1922 31096 7113 8977 1929 1928 1931 140 1924 8982 1930 1942 1936 8152 141 1933 704
2172 24323 19047 957 24928 19819 8080 25269 11078 17862 10845 10624 26897 11062 27044 11081 24925 14088 14089 13910 1661 1654 1657 1655 1659 1653 1649 1652 1651 1656 1650 10630 755 10998 15428 13907 24927 15181
2173 1470 18265 25595 19158 18284 9998 14867 18266 15420 17686 18240 19777 22240 30568 19154 21340 27788 29783 18290
2174 20405 29374 23093 26393 18739 23446 18401 22194 18882 18883 20640 21569 21602 23014 25312 30684 20226 32426 19247 20065 28664 31780 30488 24847 24853 24850 24380 24844 23965 20404 18911 19921 20290 23065 19050 22490
2175 18051 22327 19548 20980 19630 23350 30906 33099
2176 24312 17853 28761 21669 26716 15987 1330 4641 1321 12615 14501 10742 3216 19397 30988 7123 28861 5431 1498 30017 13356 1325 20652 4635 17884 16507 25431 32425 16508 22052 21667 23553
2177 17451 15868 1481 182 5602 28832 1002 29030
2178 13745 16754 16752 31271 16750 16748 31065 18531 24897 3925 15595 16697 25347 24895 10225 29492 13233 22516 30222 29071
2179 7472 32593 7636 11660 15934 4886 26558 1256 11896 336 5163 252 2108 8331 2723 7137 2829 17010 30801 9803 7473 13467 13489 10804 447 8941 7650 5536 8424 10483 5686 29836 10478 361 10097 13483 156 4347 2043
2180 4414 6868 11996 12717 31846 1430 98 2846 4392 5762 27814 24456
2181 10227 10909 30515 16156 624 13707 1021 3229
2182 25075 18844 32438 24399 12 11 6990 10618 11761 4 9180 6985 14135 3234 14151 14904 17539 6629 23461 21830
2183 11577 15135 6785 487 12961 543 2279 10177 12969 8189 13166 4075 10848 2966 3173 23754 6929 25676 24462 521 3510 3428 26169 518 26168 2631
2184 11730 19816 29043 5221 15494 5240 5293 14801
2185 12389 32443 13072 1358 7368 16538 7444 14557 14703 3888 7362 1502 31176 4664 22244 9233
2186 7633 2801 328 235 2230 2805 15815 8908 9615 4497 8057 11278 13466 3350 26372 22744 12100 24112 7007 24111 13093 17548 5044 31096 24350 15728 7151 12801 8896 17656 470 1872 2105 3802 4924 8830 26363 7531 6160 10704 5858 2739 8132 15731 2723 238 15730 13164 30370 17545 7032 5031 2280 9629 11800 2037 24421 2033 30986 11890 2222 8618 1915
2187 13477 1849 10491 2727 1249 2218 2773 476 13061 11221 4466 15567 8475 624 25052 140 1061 7735 1414 3077 2079 6131 6608 1285 14386 4153 4154 463 8601 2941 8957 267 2772 4155 8938 3395 6475 2792 5860 29110 4864 2788 2231 26690 704 7745 2757 1423
2188 21671 28765 19647 25955 28763 14850 14788 33145 16066 19444 16513 16068 15990 16507
2189 29103 3358 18725 29217 24729 27119 15708 9085 9084 18494 8295 7177 16823 27032 11613 21625
2190 32528 17062 16300 32751 15844 32611 17213 33262 16306 15833
2191 10562 25556 9629 17547 9805 11280 9790 9795 28055 534 25756 667 6128 2040 31189 7234 366 2319 9798 26840 26220 8989 7497 8372 19042 11433 30227 447 12605 26240 24120 16439 26705 17553 19016 7472 6506 2749 2036 10481 10449 4481 25532 6461 32110 23596 8234 28553 21760
2192 32048 31399 22328 22164 24028 23953 25159 30743 27597 18051 23350 25118 19595 23039 19383 31673 20913 20050 27819 24066 25623 22877 8324 31636 18077 25620 31827
2193 14540 4892 17157 3188 7075 32396 27795 16055 98 101
2194 10431 11961 16905 8166 26455 860 2105 26580 11959 12468 11943 5007 3239 3249
2195 5830 11408 27818 5381 5888 6168 27940 27350
2196 18436 21341 27785 6783 18309 5123 17986 27791 23687 19158 14866 3002 3010 21342 25599
2197 31159 18057 17731 23329 21111 17881 19053 17769
2198 20723 20575 25219 18765 20356 21097 19185 18979 19468 19766 20520
2199 11462 11463 9038 16736 15607 7163 10724 17578
2200 18352 21922 29476 29835 21916 18348 18349 28738 23602
2201 4583 29567 28148 6962 226 2943 4419 121 20131 9087 9047 9046 8468 420 419 9050 422 9058 117 3223
2202 5950 5886 32639 25657 17122 26458 27246 29225
2203 32241 4459 10288 7297 9472 5332 12775 16106 32080 33257 15896 12751 32572 32242 27239 4970 226 5695 12190 20451 23761 17456 20448 23517 2128 1430 8454 29873 13212 13261 17487 26537 29241 16854 2870 13259
2204 2231 12066 3349 12112 3392 140 447 2792 2725 27747 4150 7746
2205 20225 27871 18889 18942 19147 24856 22376 27830 18200 20070 22783 19766 17421 23470 18056 17718 24800 25890 23320 26505 19305 18751 18065 20184
2206 30173 19071 19070 19072 21750 30253 19068 28936 18082 19048 18621 31661 30418
2207 28500 25161 26725 24071 21891 32872 25160 19222 29376 20504
2208 1358 116 476 6155 7650 4112 13048 20423 9632 695 9635 1249 11715 13652 1258 338 17676 11799 15919 1414 5858 4177 13488 5864 7658 31928 3400 6172 5681 16296 2941 2074 23241 1422 252 30120 10491 5906 2720 2745 2787 4854 5376 15711 239 7112 3078 3077 9611 2024 3396 6162 5837 3124 470 17388 2834 2793 3126 2738 2760 1918 4886 31521 6959 20452 23760 8563 8557 6960 139 14379 366 8111 30937 2735 4846 26811 26220 6481 2040 8234 1636 3121 2829 10591 12144 2064 10459 24429 10478 7472 20115 10453 2223 4156 7236 1855 2770 4487 2724 151 2781 4180 2789 5159 3996 13992 23285 2722 10443 147 2805 6464 2613 16275 6463 7496 5536 13501 4347 13995 706 396 2067 2078 14001 249 8478 267 10096 6335 1635 4864 1859 4054 13653 8117 31414 131 21414
2209 33113 31891 26586 31944 32127 32733 10654 32768 31772 31018 31594 31245 32752 31359
2210 23431 1464 3335 6234 2199 116 11581 29239 2105 18470 9542 1856 2062 142 5106 145 244 2024 32650
2211 31402 23143 32925 20624 18990 18047 21191 18336 20514 31805 18987 25172 15046 31498 32013 28492 24055 32621 21844 28252
2212 8408 13108 7802 2009 27348 15016 5911 6522 4130 8342 2401 9630 19704 131 706 16266 2227 1465 3988 1462 1615 18509 9343 8026 8242 1141 1006 3333 87 5605 4614 1097 16487 6107 3131 1446 1071 1950 12201 1458 15372 8031 19169 22405 17645 1172 27974 17612 6109 6118 1515 2001 13554 17611 5560 15367 7821 12170 4626 10054 6101 17505 2338 1484 21167 10860 13528 17642 6240 6095 10690 7182 1173 25740 5640
2213 14373 899 19399 2398 894 10782 4721 8913 896 11400 10757 897 25444 32003 21656
2214 8509 247 13477 11824 6476 8264 1434 682 7113 1918 5158 27700 2792
2215 30653 30911 24873 19185 30148 28349 22301 20206 19640 17763
2216 7202 4720 24535 29657 25685 10780 223 3216 3208 3206 2398 4728 4726 4729 4727 4721 4722 4723 4724 4725 3214 12315 6452 14449 15826 15827 1321 18318 25377 7329 12797 29360 25684 19398 18178 10110
2217 20990 18387 18886 18388 25790 25789 19489 30186
2218 14778 20985 26586 26591 13324 28480 29693 26607 32629 14788 26392 22339 16073 32271 27201 13322 33094
2219 21986 16 14141 7792 30797 23338 7758 11182 6 32785 21503 4207 11185 3236 9205 18637 13400 16602 14152 13373 13040 17587 9196
2220 3484 24573 10950 16215 950 920 5932 18464 2403 2279
2221 646 869 11579 11142 7247 14060 3437 870 737 906 9901 3742
2222 5427 7401 1317 3407 23771 1358 116 5644 1947 5542 23711 9220 30079
2223 18735 24888 18739 20221 21464 20552 20352 20242 20237 19423 20370 19184 18387 18817 30258 20677 20065
2224 16 25075 14141 7092 13425 24399 7782 7775
2225 28172 21540 9206 16596 31117 11755 28380 7765 9194 14896 13423 14151 9177 26489 11758 8 25072 7774 9192 19418 9210 11172 27 32346 11751 39 9199 13435 13431 13111 24718 41 6 21539 6990 21985 12 29903 7790 7789 29 30 21987 34 4210 7788 9196 11171 9180 9182 7786 29211 21527 25511 29214 7762 27104 24717 15 26495 11754
2226 28501 25604 25168 25107 26001 19851 24278 19138 19391 22351 18112 23589 19586 21844 30843 23565 25146 22110 24880 25605 30845 22832 22164 18051
2227 19262 18772 20293 21611 22203 22190 20632 18983 18962 22303 18979 10499 20295 18665 20671 27547 22831 23365 18065
2228 16268 16482 33199 4133 2327 17967 1196 13104 1063 1141 1036 2236
2229 1321 27001 25980 17605 6275 5431 16236 25981 30755 30142 27630 26138 10215
2230 20114 668 28884 16343 14255 13758 15131 8469 5895 23913 24425 31128 7664 1415 8907 5047 359 10439 7575 2178 10562 11273 17782 15808 33250 11290 2786 8337 17639 11650 10481 2083 15715 7640 4109 12800 29225 463 10586 29856 19719 27337 15797 8118 15507 2771 4153 8957
2231 21729 18689 5466 4440 4537 17145 4551 4682 4508 15564 11222 7278 4681 18676 4434 3189 16422 3192 3190 5468 4438 4439
2232 12400 12419 26570 26571 13073 4402 28788 28787 26994 12418
2233 31501 31722 27600 19548 19586 22842 20502 25117 24487 8 6998 13372 19432 7769 8314 30240 20499 26662 23143 20504 25146 19552 29266 20492 24038
2234 32867 31237 31358 31323 31261 32363 31241 31245 31325 31262
2235 23465 25890 19820 21350 26303 23816 23022 24866 20035 17769 25494
2236 19851 30605 8319 23481 22809 28181 24642 25619 29269 31451 20504 19383
2237 22864 28181 31450 19595 29884 31597 29128 31273 19383 22164 20923
2238 624 10247 2678 31040 1359 13349 860 2934 1108
2239 899 27573 897 31339 6451 18180 18181 12874 12882 12830 10110 2846 4275 10355 4393 4395 4397 4394 4396 24204 18633 15230 15180 4392 9390 15423 6557 3249 4370 28042 16581 244 2239 706 470 710 234 306 266 2318 261 257 258 260 259 256 263 12636 2834 233 145 1861 447 1436 6506 251 28839 31525 28846 28838 28844 28836 28842 475
2240 14714 29178 17773 20415 31483 21285 23420 18595 20560 20207 32143
2241 28360 14788 16071 16068 16067 26491 16516 28367 6174 25785 19326 14173 27658
2242 23875 28438 2788 5828 25546 2027 10450 4487 14441 16897 147 154 22901 28995 2760 1294 6476 699 22891 32615 2780
2243 735 18477 728 11354 1820 30991 4939 17342 16258 27981 6343 1812
2244 27224 2017 29027 1415 15795 28535 10979 10978 2378 1616 2412 20148 23726
2245 32602 25044 28344 12542 30994 6121 28164 27177 28462 507 2878 29154 16572 12998 12996 14971 3801 26987 1677 11798 25636 14604 16574 5024 3051 20662 1567 614 33204 12995 15337 26710 2911 6978 29152 4289 508 1666 1631
2246 28200 21454 21550 32093 18390 30848 17406 22764 18817 14713 24650
2247 19222 25419 23093 21488 19635 31023 18333 22566 28724
2248 8582 6476 5004 476 1374 14542 29536 226 5034 2830 340 31537 664 8975 1440 4864
2249 31152 28607 30020 22775 20597 24873 19223 29609 30147 23987 20185 19916 19731 21187 27287 30106 19147 22107 27958 23884 29305 29125 18773 18903 17747 19256 19912 21263 19909 20511 18799 22301 20190 20704 18049 29250 20913 18865 19325 20344
2250 10048 32770 16107 17379 8485 22432 32247 9230
2251 7914 1245 1199 1205 1203 1204 1198 1206 1202 1215 1212 1214 1209 1211 1224 1222 1220 1219
2252 21897 24269 22838 27824 33046 25996 26661 26035 31154 19383 24492 19548 21836 19586 19897 20081
2253 2262 3251 28033 4163 11230 13193 23718 5505 116 23720 23765 2356 1005 31573 1490 6735
2254 5154 7925 4618 5594 7680 26953 3161 7681 20821 7905 9334 87
2255 6314 15021 16637 6293 6422 14208 16638 14206 16639 15015 16648 4573 16924 31686 4413 2378 552 28319 6368
2256 13488 8850 11715 4054 1264 13503 26360 10097 447 6047 6481 10772
2257 28652 21608 28611 19555 25601 20344 19150 19143 21193 30492
2258 22129 14904 7095 20519 27877 19883 20065 29378 28876 29457 28657
2259 4183 8715 21629 30627 4551 4678 4703 4702 4707 4687 8221 8494 4787 4784 15564 19338 17173 16422 15277 19352 4444 7931 13568 29068 29320 31106 15265 15270 4508 15268 33161 4781 4682 16188 16922 16140 16921 4892 9592 3357
2260 26504 19640 22088 20746 23379 28969 31349 23570 22693 31770 30611 18665 18333
2261 375 2990 32283 646 648 1731 3507 11343 2279 2250 26694 116 8420 7153 28217 3348 2227 22958 6634 18214 26152 4070 2005 8888 8413 32154 5580 6638 7832
2262 2001 7223 20109 18507 15993 6244 1095 986 15917 2262 1504 17647 21817
2263 18559 18887 25188 20996 25787 33047 18333 30618
2264 32589 882 24455 5699 7596 9808 10599 7483 7551 28789 6495 16837 7741 23512 4105 11420 9802 26486 4116 2065 10554 11421 21171 26450 8911 7035 7660 23284 7552 27016 447 150 6172 4103 11281 306 1061 32535 4818 2024 30683
2265 31752 30694 23195 28408 19010 26310 30426 31659 22777 8324 24068 30977 32718 23199 31753 20077
2266 11610 25632 4393 4397 19409 11612 2875 16925 15168 30529 10381 1807 728 8075 3978 731 5013 16626 11004 1793 1816
2267 16087 8643 32674 2382 870 968 5760 8062 816 12324 8661 3030 10022 10630 909 518 2828 514 501 569 871 1633 840 14729 19020 12836 576 8051 15588 3767 22970 8440 2514 8084 2672 5769
2268 21479 20236 22107 20370 31711 31336 20397 19768 32144 31170 31784 28725 24825 32380 26502 27091
2269 25431 28765 16523 17539 25338 25955 26002 14850
2270 26405 18108 25419 21245 29545 18138 17769 18623 18127 28955 30738 19383 27515 27514 30145
2271 18692 2619 8583 14850 6175 26851 25330 2649 22045 16508 628 220 10898 11556 202 203 204 1347 1334 1335 1336 26554 1337 4657 10215 30295 14492 4478 10882 1367 4635 459 633 6560 378 3773 11838 21299 12802 511 2620 33060 631 632 7252 2405 822 1655 1652 1651 1661 1649 1650 1653 1656 1654 460 1730 646 507 5938 1659 1657 28465 9871 773 9394 613 779 754 739 30133 3758 3638 495 11297 946 581 15435 3528 487 618 870 9959 12538 501 3458 939 4296 807 1719 583 585 584 582 586 587 588 589 590 591 592 593 594 1647 595 596 1548 11930 11497 2134 17363 2878 14113 10959 3503
2272 2916 12748 2912 6943 17364 634 1668 30527 10106 2975 505 11151 13305 27685 2174 507 11512
2273 22374 17724 31783 18865 21084 19901 21187 20065 18065 30606 20214 21257 27110 21077 21086 28987 33229
2274 1146 5631 3131 29291 31167 31168 4184 28826 4182 79 71 1067 5368 29292
2275 32358 10229 17198 6514 6512 13011 29401 10682 26249 18465 14861 24199 31858 28546 5981 13886 5005 16905 11111 19576 12588 4410 17962 14947 6773 9395 11842 13873 19175 11110 17206 1608 16402 24759 11810 31042 15802 11345 11095 30117 17945 17951 24452
2276 19423 18402 28657 24385 27879 22742 18415 20645 19013 31665 28961 21080 23029 27898 21086 22107 20569 20235 21152 21442 21575 22620 19232 20527
2277 4068 4752 12368 31916 5603 137 1236 322 5644 347 343 5195 5194 276 2045 277 2181 33069 16460 5719 1084 13726 7204 5215 4766 16455 11586 4758 354 28503 278 32291 29997 8274
2278 897 27478 30902 29936 12613 32031 20468 4732 3216 3208 22145 3210 10025 29360 4642 11383 26682 220 1314 4636 1321 14622 10740 11195 10742 6450 22726 12830 13621 10782 18518 10781 14566 15297 27117 12302
2279 22923 12222 28442 14980 12319 27896 31368 24939 9555 14235 7280 2874 1358 14757 13571 15535 2934 26676 32234 32563 25454
2280 2539 19799 26419 4583 14054 6283 15592 2432 16100 2455 22019 17489 2540 13460 14048 12659 10863 27011 12764 21396 12552 13295 28810 31538 2958 13572 14753 14768 12559 30031 14756 14757 32631 2934 15047 552 2537 23461 13632 2469 2400 14202 27021 3790 2547 32745 16651 7975 16684 14744 15593 19834 15147 32617 2434 2533 21776 30037 6408 6208 6207 12472 11684 2536 29473 15075 2452 2473 14203 26949 2484 2541 2542 32906 2538 19570 21832 2471 6679 2472 21368 14343 4569 16098 2457 4579 12245 21777 32233 25713 22221 21779 29023 10231 29024 12267 14749 27523 26158 2525 27907 27906 14193 29370 16097 11766 16679 2470 6368 16340 2526 21830 2561 7974 29472 2544 6407 2573 2546 2445 2446 4589 4573 14188 4592 6288 11088 6289 11087 16641 11086 6290 23530 31744
2281 28630 28774 27996 17355 16470 6259 27608 1813 16474 13357 16939 7989 23247
2282 11449 12283 2864 19525 17207 6649 10236 8491 8499 29753 23890 6650
2283 2493 4091 4093 551 4568 6325 16637 16663 22020 8380 8386 31051 8615 4583 23460 15021 6321 6384 5137 15067 6330 15392 4560 6422 33213
2284 860 226 12428 20940 22719 17502 22237 6137 31519
2285 10232 24207 4395 4396 4397 4393 16328 31165 2878 13140 30466 6678
2286 20740 31592 20076 10499 19313 19489 20039 20342 18873 23379 25219 22376 19222 19919 9403 19050
2287 3259 18722 5080 23736 16473 4045 6234 1042 1950 12624 2309 24741 135 1056 12933 2376 32654 13059 168 7913 23713 24740 5576 1036 1141 16486 2328 2262 1085 2361 3365 3317 1077 28287 3171 3331
2288 4426 12536 10225 16151 4892 4456 19566 4707
2289 31882 6863 11949 20170 14915 4396 4393 4397 13510 5009 6555 23666 11987 11993 14976 24759
2290 16300 29987 16303 16301 16302 16304 42 24783 32508 32330 26199 11868 20459 4606 8453 26833 1365 4635 1366 4478 26671 5314 1367 1314 4871 1323 25377 1119 30583 7351 14535 3407 628 7434 1321 10742 202 203 1347 204 6275 1334 1499 1284 11536
2291 18138 18589 18591 18129 19386 18136 18573 25502 31968 24884 18575 18130 30427 31156 23144 19863 19860 23145 18149 30737 18616 18601 24893 18569 18104 29561 30415 18567 18625 18576 18574 18103 30424 31791 18131 32445 18141 25313 30417 31411 31026 30421 31022 18608 29562 31157 30413 18600 31302 18605 18604 31000 18606 19048 18594 18611 18612 18597 30416 22191 18119 18134 18120 18613 18115 24514 31027 18593 25142 24515 28955 18595 24800 19138 22351 22305 22357 31844 18985 18082 30248 25697 18114 18623 18577 31794 17423 18142 33012 18132 31025 31029 19855 30414 18588 18596 20563 18146 18145 18615 30422 18620 18598 18150 18570 18592
2292 3866 23871 1321 7449 6275 15892 1358 6539
2293 29637 23324 19053 14778 23192 17751 29576 20985
2294 12697 3908 14221 15930 16472 2244 15447 23801 402 116 624 31367 4793 15995 29073 6262 6261 6278
2295 18942 31527 28388 21488 18877 20070 29920 24496 32960 19202 21077 19910 18961 20310 29542 20022 20039 29543 18875 20252 18817 30536 21043 32409 24867 20188 19050 14714 26188 22487 23649 18987 10499 18382 20202 21251 31719 20379 18821 21067 22661 22662 18969 20320
2296 23371 27886 21742 18984 30945 24655 19383 31299 18410 18360 10499 9400 19472 23072 27744 23012 22378 19544 22066 27745
2297 19069 19071 21245 25419 18621 25690 19383 24891 20984 18415 14713 18065
2298 28973 23817 17370 31595 17726 21353 23466 18063 17429
2299 31334 23317 26035 25109 25110 19603 23481 32369 28492 26009 22138 22819 24058 24231 24883 31140 26208 25107 26320 24085 19180 31333 24007 29186
2300 5635 16818 5446 4013 29486 5600 86 87 16820 1132 27671 5578 5634 347 17016 2000 181 7934 32600 2186 116 26855 6346 15424 27611 3978 6549 6547 6098 13537 401 6238
2301 21409 17206 11252 15081 16391 7430 30447 1616 8493 2105 16583 4271 11100 28586 11506 10505 6838 32794 29629 16929 9027
2302 13688 24906 13682 30473 31248 24686 27186 24699 29057
2303 15304 15303 11901 15300 624 15514 5457 15649 32922 12741 10391 14337 24917 11363 31955 4253 31953 17303 15652 26096 31909 31957 26095 28025 31954 26100 31907 26099 26101 26098 26097 31536 31906 31908 31910 31956 2875 19507 116 375 25616 11834 4810 15572
2304 4689 15253 16149 4707 624 552 6405 12257 27861 6319 6321 28601
2305 6236 11664 28639 19679 11682 17120 23521 4764 19030 21673
2306 32804 12881 31339 12891 22147 19660 4170 899 226 476 2023 1411 161 1256 4845 152 624 901 1430
2307 23956 31561 31888 23481 19595 24227 22322 21010 28497 21102 26736 21094 21020 19588 24053 22850 19602 28965 33200 28964 32474 18051 30162 20980 21282 19897 20500 24055 31210 32405 19593 19548
2308 31761 31627 31626 31633 24313 20230 32219 31763 31635 31629 31819 24314
2309 31126 31003 28381 29838 25115 26018 27760 20420 27764 20174 19728 29373
2310 8584 27463 14171 28369 7712 19099 28476 14161 14169 25410 19092 14165 19096 14159 33129 19100 15101 25614 19093 17472 19102 19090 8585 19110 14851 14846 14847 28468 3922 3924 15298 8276 25626 3923 11617 17286 25545 19571 19989 29998 16553 30785 28256 29462 9038 15607 30119 30139 30140 27495 30137 30138 31552 26826 28429 27528 28428 32005 30136 30302 31903 29134 31303 33055 29133 32009 30012 4421 32008 30657 32010 33056 28127 18533 4419 4420 28423 26823 26248 23411 22545 15438 29242 26247 30135 29900 129 28323 130 4417 128 15439
2311 4790 5571 1040 1459 1132 5108 18714 1457 1037 9816 2269 3105 5619 5589 985 3162 999 7725 2371 18500 32911 1135 3298 2225 1418 164 2342 18491 5027 1162 22887 6242 7813 4035 1036 1098 5081 2256 7172 20119 2807 23490 2023 3350 7570 29643 531 12901 668 2829 1415 2308 1142 32912 1090 1981 1051 25631 163 5038 2349 3308 1034 5659 3304 32517 3307 33002
2312 29490 98 13798 2875 13511 10418 15231 15230 10232 14280 4299 3249 4528 4297 6002 4336 4334 4246
2313 7756 13 6995 9211 6998 32039 17 27807 13115 25 24715 13408 13406 7786 3234 14882 14136 7752 7750 9197 4 7107 30574 23359 8587 1314 1330 1325
2314 9657 9662 9367 30967 4960 9428 9656 9826
2315 25341 19643 22046 21668 22052 7700 28484 17852 22043 25699 31887 24311 26970 23551 22037
2316 26776 30838 33037 30837 26011 29956 31919 32967 19180 31333 21897 29952 29881
2317 27475 21446 22107 24376 18865 21479 20787 23015 28200 27512 28482 28596 21443 21475 21440 20634
2318 24217 22758 4631 11388 21771 31728 490 16480 28285
2319 4113 7644 7654 150 19970 1923 5875 8264 10491 10555 4153 26807 26812 26808 17260 10592 2801 32747 25555 10103 5031 29643 29646 153 14443 7466 11409 11436 7683 13501 11425
2320 32186 5724 12900 860 10296 1430 18089 490
2321 8318 29955 32955 28645 19383 24655 21908 19185
2322 1146 8028 4146 18510 1070 10858 2339 1490 5460 30333 1226 1133 18509 5439 3909 8410 17652 1182 8026 87 1227 3251 16808 16472 1461 6252 2335 5030 12715 1131 7818 7118 1466 22453 1132 7171 28152
2323 14540 28404 27796 28531 30297 27795 4654 24447 30755 7447 32072 1330 11567 14569 6275 202 203 204 1347 1334
2324 23441 28412 32964 7061 2874 11807 3843 7204 4193 5329 5350 2897 4194
2325 17985 1470 24536 1475 22983 1476 21341 25594 18280 19154 19783 18259 18260 19777 17986 27791 17700 11743
2326 16108 2875 8457 15011 552 30149 6647 1616
2327 2917 22441 17317 16994 28669 10158 2282 8217
2328 14847 32020 16063 25330 25328 22339 19975 22056 15985 14854 23561 6175 15990 15983 14176 28133 23562 16076 23563 16080
2329 20087 19762 29610 19188 18817 22106 19740 18994 21596 18763 23988
2330 4871 13183 1330 12215 14485 14619 14505 628
2331 11567 10214 23882 33144 1345 4657 14488 29400 18083 7326 12598 1313 10761 32499 5431 28418 1498 14492 32449 24444 5974 7369 14670
2332 11710 705 1520 2834 232 2792 4054 12931 235 26690 335 6047 131 5049 663 4856 238 2745 4853 1861 1599
2333 13185 23704 9347 22000 24781 3826 3847 23474 30116 16036 27062
2334 6997 7785 31689 21528 11187 7092 18038 21539 21527 4205
2335 28637 22569 19068 8583 4635 24008 3766 9233
2336 33119 24883 22817 19548 18759 33078 24241 19897
2337 23391 30262 19762 19763 28653 19053 14778 23386
2338 19474 32830 30249 31768 20039 20355 28665 20188
2339 12124 6481 5886 8235 5732 23596 2040 2033 15907 249 3078 1847 13488 7464 463 31603 7641 446 31998 1384 6494 2723 7644 17641 710
2340 265 6271 1440 628 11629 4428 15567 476 1186 235 15518 29674
2341 18646 26212 2099 28705 6889 10685 23857 23862 13848 4390 6976 11135 2105 23249 23667 19993 19172
2342 30504 28307 28305 26346 25499 24596 24608 29846 23166 33160
2343 1021 4635 12209 11834 9233 7132 6272 4643
2344 27004 29741 31290 26605 13321 26595 31289 28198 27603 10643 11378
2345 9932 10842 3593 2635 527 7108 12749 3644 15463 2982 1752 1731 3755 5944 13052 6950 11466 26167 13128 16860 2685 2279 1667 28992 3479 10515 777 8681
2346 8553 3366 4351 20444 12503 23523 32261 2024 2829 13086 24111 22237 7137 15521 8542 11667 22535 25774 26126 8551 8543 6965 10055 11680 20445
2347 10634 29747 10644 32842 26598 31293 30123 11378
2348 18308 9992 32924 1471 15035 17707 27791 17986 18244 14869 33205 15421 27192 24579 14868 30398 17698 24572
2349 24655 20504 24512 32050 23565 29724 25605 19586 23488 28962 32042 24084 32017 32268 19897 1753 646
2350 22600 22586 31089 31442 24604 24586 23112 29845 23152 25495 31439 25499 22599 23151 23108 24607 22583 24600 22580 23166 33013 33138 22587 24608
2351 4253 18317 10355 14358 12742 4393 25127 4397 15160 13638 30410 4280 3249 4331 32905
2352 5575 15457 1075 3333 9237 132 33181 30318 5543
2353 15954 9185 16599 7761 6990 7080 32151 11193
2354 4402 4393 16501 10232 4397 4394 4396 28864 22947 14687 29686 13360 1321 16220 18086 4812 14623 10740 10746 16171 23904 1317 11206 14688 17111 31409 28143 3417 7396 14561 1316 4478 26671 10897 4605 7340 1500 1153 1313 4871 28829 10763 17316 4877 14691 7009 29944 10504 14515 14638 14500 23974 25651 7445 14533 23495 22932 9518 4636 3407 1126 14487 1330 1329 10869 14675 22234 1323 1119 16379 6274 7320 31308 25642 18085 4632 14690 13337 1314 31176 23905 7362 12218 14670 14522 7328 7310 4598 1284 7399 26287 14669 32779 20009 14671 14698
2355 18739 20381 20347 19765 19247 31878 23480 20065 32408 21471 31121
2356 31620 29824 24832 18920 19479 22631 28348 23949 25170 25186 26925 26924 27462 29540 18409 25999 26076 18402 26078
2357 22203 33176 28968 20239 30632 18960 28608 17736 20260 20252 22494 31656 20554 32821 24067 20487 19585 32048 19215 31709 22108 27091 18065 20966 22365 19224 20065 21000 21471 18865
2358 4402 15155 4393 2875 624 4892 17194 16150
2359 25007 25006 25553 25002 26744 33271 430 22547 1025 16570
2360 30061 16652 27011 4579 2934 5708 25487 16287
2361 402 8406 2003 2010 4797 6269 26120 2374 6552 1184 1508 1983 1195 24330 1278 22960 18663
2362 1471 17985 17707 27791 30520 17703 29404 33205 18274 20437 25595 11745 10005 20434 15430 25598 17695 25594 9990 18276 17995 19784 29395 18267 17698 15421 22240 26281 32978 5130 1472
2363 1741 15620 500 501 495 6560 10627 8643
2364 14036 15089 460 8561 11520 2279 2875 16048 25082
2365 19448 27751 90 18850 20065 21566 28095 32265
2366 4551 15258 19335 17177 17183 26804 19349 29210 4433 19336 29069 16169 9525 32798 17174 10714 16218 16202 19356 4549 3188 21729 8715 11367 16000
2367 10804 13468 2232 7225 1436 17021 305 2730 11294 25525 10566 12148 13092 28087 5869 11802 2794 10604 7743 10805 7479 5111 11292 2091 8117 700 1445 11819
2368 29194 11378 26586 31670 31979 33065 21204 27205 30548 30912 30696 12456 30697 31283 26599 32836 28745 10644 21253 29722 31707 26589 32834 30491
2369 19062 19058 30790 23648 33043 28980 25152 27749 17901 28185 24655 24893 18138 30553
2370 26483 26435 10567 1440 8235 17387 7505 29641 4864 31686 18704 29483 27030 14256 14257 97 802 28971 14260 19949 27574 29836 13476 10473 2065 29016 6150 20834 31975 5678 244 2318 263 4341 32096 453 255 254 1436 307
2371 14370 28038 12741 10355 4393 4395 4396 4397 13510 2875 12548 2105 7433 25778 8527
2372 4141 356 2094 8372 6494 5859 12098 8114 11830 10441 7515 470 17072 10488 32467 8990 15789 31187 2030 8968 25393 14407 8129 7741 11277 10103 4105 14379 10494 2723 11425 27016 4117 12156 7521 2126 7537 10587 14430 14436 9809 5536 16615 7478 2807 2087 9806 12576 2022 9797 1855 13652 373 2265 11896 26288 7545 26054
2373 15444 5607 2310 2376 1458 1000 86 2244 30334 4790 17780 15930 32857 20835 5680 157
2374 2760 1438 10603 10587 17460 8552 7176 8557 19935 4110 6472 1374 8348 2771 11266 2218 7568 14386 4109 2126 7040 2788 2752 4098 7639 9586 15063 2557 2484 4572 2440 2433 2548 2542 552 5665 6476 531 29851 25764 4153 5381 25036 10465 1858 252
2375 9365 9109 8816 9865 4907 9142 25668 28755 18723 14995 11775 19948 11694 9260 4963 9114 17443 7158 490 23411 13745 15607 30139 33271 18717 16533 9038 20473
2376 13004 13005 4068 5525 19514 5527 5526 25236 4565 16050 1816 731 8071 1448 1616 3961 13557 4904 2129 30498 17357 98 13798 2617 1430 13242 5396 23439 32335 11728 32652 211 6440 213 192 6531 210 218 6426 4879 206 3825 4880
2377 22582 29418 23163 22583 24613 24600 22584 24604 30957 24602 32594
2378 7278 16527 33054 4691 25483 24557 21394 13569 25480 2958 21786 21386 25040
2379 17726 17421 20702 23789 18810 24805 18415 9400 17772 17406
2380 26372 26519 11795 29644 2265 12502 21679 4116
2381 30800 19038 5457 10248 19075 624 25630 8830 6971 6969 29396 5911 7459 5958 3991 10091 32968 7486 26831 7600 269 1084 3843 11804
2382 3357 5494 9284 1146 1484 13108 1084 1359 116 21161 1515 7833
2383 8485 15606 27568 4733 4734 10026 32030 3208 3216 16182 31387 24140 13640 553 26476 28149 14731 10760 23173 439 15050 23119 15608 9062 9063 5946 1025 8462
2384 29884 23962 20504 30479 22838 26035 32490 28185 31637 29354 32474 28957 8319 32309 25608 20177 22845 32437 31515 23957 19593 31334 26613 32953 32383 22867 19586 26388 24093 23399 29345 24655 27115 28508 19639 18415 27597 32272 32385 22819 30159 21897 23034 30903 27605 23021 32374 20085 8311 24236 30305 32211 23032 25104 25108 24087 22863 24031 24238 27593 32386 31829 30245 22322 24055 32955 23398 21010 30322
2385 31364 2722 331 8902 7540 4158 7034 23695 5888 15795 28930 15123 8540 15797 10568 7634 7661 9811 8143 7033
2386 20652 14562 22893 10876 12616 27002 202 1347 203 204 4647 6275 4646 1334 11572 2389 11558 29931 25254 14564
2387 8234 8916 33153 6493 6498 4153 27577 1061 5089 224 6258 2789 4066 5304 6126 15713 2126 8562 31995 2321 3184 19351 11336 17591 13066 993
2388 14382 5220 6180 1358 16278 9233 25563 9230 16413 17039 16480 8274 25711 628 11909 16257 899 116 1359 5795 3866 9550 27341 11807 1021 11692 20101 21774 10705 22800 10049 28677 7204
2389 4393 4396 4397 23899 10216 15159 10418 28457 25613 16925 16926 10370 14372 14371 11365 4222
2390 23546 22364 19869 22782 20373 18865 20743 31170
2391 30304 30852 22105 18748 22159 31231 18948 7696 26501 26511 21221 19283 17763
2392 12635 17812 12772 14724 27555 15962 27556 30190 28447 13576 27372 19535 14195 27367 26843
2393 27613 15943 19826 19387 32647 17899 26110 24807 23462 20925 7701 17404 28973 17767 21112 24890
2394 18308 30091 32977 3005 19785 23689 18263 23687 5124 5125 21341 19783 27786 19158 25597 17994 1470 19779 17687 30894 32262 32220 19157 19775 32344 29921 19803 5123 27793 18239 22240 18303 10016 18436 19777 29534 25598 18248 17990 18299 5118 5120 31646 5121
2395 19138 25697 18124 30058 24471 22305 24629 22351 20931 17769 18125 25152
2396 32398 1284 1358 1616 10526 6647 13465 20652 7358 27359 2527 7691 5092
2397 160 663 4061 3403 3967 20808 3779 8933 7486 145 16022 26842 16847 27709 1256 20828 262 1639 696 239 1862 2743 4611 8506 4616 176 177 3094 87 86 7121 3917 1160 2043 302 27017 29484 11896 31997 10599 7541 2065 15731 7478
2398 26036 17726 21558 22569 18693 17412 18342 19628
2399 42 4125 8405 274 277 1108 1327 7457
2400 4850 443 5536 4110 2736 476 12145 3121 8348 5047 28930 27166 10097
2401 14878 226 6515 9720 9243 15884 15882 4907 9239 9240 24293 9230
2402 14416 9529 17145 4680 5468 3193 3192 18687 7278 3188 17146 2678 29074 9353 2279
2403 23049 32163 25819 29880 19915 4203 4216 30533 20214
2404 7756 22292 23338 3231 9203 3233 6998 7750 11204 6 25723 7 29902 13392 13390 13389 28782 30252 32265 20410 20802 20962 19458 18793 28209 28731 18873 28191 32147 29196 14788 20053 19227 18949 30257 16508 22342 18872 30863 33278 20765
2405 6717 13840 15007 6709 2852 14789 624 1616 24189
2406 24008 24793 22322 24055 20487 19585 22880 22861 31330 22810
2407 27474 31746 19321 27476 27749 21865 21863 30486 27914
2408 30194 9082 29164 31079 125 798 20899 797 799 796
2409 4766 1196 1235 1455 25255 308 285 552
2410 32366 32364 32365 31267 31243 31240 31423 12450 15967 31707 26589 32796 31672 32232 11378
2411 860 16570 1359 2921 3593 2380 11621 3755 583 2279 539
2412 2536 10231 2453 6284 6403 14862 860 6672 226 552 12258 6357 13720
2413 4279 3249 29235 4313 4297 10437 3241 3239 14098 5998 4314 15644
2414 2301 31074 16265 4047 1164 1962 3315 22748 33181 17865 2383
2415 14457 30646 8297 28126 6446 24752 26930 12205 32033 10045 3845 32275 28032 9507 27325 24306 30127 24537 29893 31067
2416 26605 15977 30378 10640 33005 31296 29701 10632 32850 31222 15973 30372 33079 10656 31872 33048 30874 30444 33077 33182 12458 30377 28198 31281 30124 21204 10643 10639 31988 33183 31567 31976
2417 7868 1481 3134 116 3165 3151 5961 4013 976 5458 1141 31931 30934 3095 7871 3141
2418 27773 6904 3055 30009 17391 4499 17978 2845 2130 2133 2122 2134 28931 25463 28464 11488 14089 30324
2419 20624 25998 26914 22488 31161 25820 26404 25853 32719 25826 25954 24135 19383 31837 31697 25459 26208 23039 29060 21898 29061 32885 8311 23035 31446 19384 19897
2420 22664 29248 23220 23427 17763 21708 18770 23132 22284 23122 20319 19183
2421 23707 16973 26540 2870 20144 42 116 3847 899 13210 12340 30890 2872 2873 5424
2422 19017 8062 4635 7347 5426 4607 4598 3218
2423 18935 23582 18937 23581 19586 27597 24091 31286 24085 19383 19639 18415
2424 3804 188 31092 3882 2764 22700 17334 193 32648
2425 12407 12424 27390 3762 3760 22275 30289 22280 22281 26346 33227 30391 30432 31852
2426 3802 17964 23252 27521 22975 18094 6000 27537 4926 3249 14969 11316 4410 21295 11948 12281 27274 11946 31642
2427 32968 18482 4997 12625 12609 17776 1226 33210 5647 16471 2216 1038 1072 1146 7960 2290 8292 3300 29668 29669 10807 10566 25530 10482 5666 5679 475 5879 2021 398 8904 8893 8892 17655 10097 30400 11710 14186 7577 11830 2033 2037 9807 11893 30896 24430 1437 4858 28223 2735 32322 6470 28930 10091 4488 8954 1923 4487 447 30227 13467 27695 8332 5686 12233 22030 366 15318 2788 2800 25590 251 11267 25391 10559 7569 12091 1438 2731 10474 14387 5669 11282 10594 7490 29779 14405 2066 464 338 5897 2087 151 147 1635 28998 456 1604 339 2230 10491 1605 2785 28327 2222 7539 28845 17223 5905 10101 2746 6155 28437 10452 7489 11864 17386 1415 17385 10574 7519 7593 7486 6147 11432 10443 26440 5110 16311 29011 23714 2276 29010 29985 29984 33277 3180 979 29005 2359 5650 7793 15921 27338 17664 29003 17026 32451 1064 1956 4085 4038 2261 12910 1174 5042 26060 17017 13194 30803 29001 17018 16811 16255 16812 1079 29004 11712 11709 8331 5891 13489 10094 15324 12152 8935 12188 1272 12155 1636 12166 12115 2733 2218 4154 27578 1374 6016 2034 2095 2083 32458 20834 3403 8832 8830 15116 10564 8831 8833 11417 8834 13102 1258 4491 4848 8364 29313 17784 30210 25393 15655 16027 8505 15731 29929 32746 12578 24416 17640 2747 7637 6172 8504 28088 11828 11424 16466 25202 25196 25198 10556
2428 13646 9230 8216 6452 29890 899 1996 16257 13635 24731 13640 13645
2429 2772 6476 10091 5886 17495 10809 5854 28055 252 463 15792 341 1855 8849 6130 2221 251 470 7506 9796 31137 10493 9328 1996 25562 2678 4153 2069 31913 7152 10794 1268 328 26450 8856 2222 29071 15738 624 476 21760 2092 5033
2430 23085 24390 18995 19013 26723 19247 18817 21581 18383 26379 18379 21027 32969 19423 22108 31385 22374 20566 18402 20310 20497 31321 19056 18386 18387 26314 20074 27544 20346 33075 25793 33071 21464 19184 18401 22156 18883 22194 18201 20054 27732 22299 20304 32683 19548 18417 30347 28081 23186 23187 30163 19767 22680 32859 21456 20189 20278 22366 21471 20353 20570 20983
2431 32807 10761 32778 29170 17316 10872 1321 4657 1358 15606 553 28786 4635 7457 22893
2432 12512 1620 1619 27555 6570 13576 15875 13579 12638 24167 28036 32906
2433 26983 32631 21397 26093 24556 30727 21785 32170 25040
2434 11708 12063 2731 2109 2229 8364 1299 29313 2749 24430 2265 19706 1411 4862 4161 699 2079 396 2224 9615 13489 23267 7168 10097 6125 14439 330 2741 30801 4142 16896 20942 5849 2805 2039 2040 4864 5686 329 399 4152 13163 31102 376 1438 32469 147 131 8512 13069 2065 2787 3402 8968 9812 1859 154 252
2435 14844 9880 15912 9696 31062 9135 8732 11695 11694 9445 9360 11228 4911 4910 9687 9409 17806 21761 9109
2436 463 2754 7235 238 2968 9615 12155 28997 2775 2772 339 28845 10491 2745 151 5874 1440 159 2735 8128
2437 3341 3336 18472 32046 3338 3337 3340 17278
2438 15327 7870 7871 16444 3141 32217 3985 30933 7869 5612 116 13837 98 26061 17025 3092 14229
2439 807 11143 25241 17137 576 16429 17527 937 10171 23235 26226 9601 816 15906 865 3723 16206 14810 25675 539 853 14103 16688 2513 17711 2706 863 13309 8428 477 3756 2878 12544 19652 19579 32655 32107 10813 927 2279 21358 2155 12512 30679 19581 17134 32075 8670 757 8657 29181 867 8430 6894 5938 6898 33169 21600 6895 6897 6896 581 4593 852 10176 109 8062
2440 10805 4112 2740 16348 5990 15011 10228 3352
2441 10716 4451 16137 10327 6381 24581 14055 2436 6400
2442 15055 6296 12260 6419 2403 18466 26805 4704 4464 624 5457 552 6288 6287 15060 6280 16226 26577 7979 6306 12255
2443 4880 219 28678 3827 16563 32081 193 6531 3804
2444 18691 21033 21254 18832 30615 27045 19302 18870 18875 30745 18944 22381 20201 21592 24869 19188 18200 21493 19731 18335 22693 19639 19142 18333
2445 33083 25301 20624 20923 26509 22163 22777 23042 23964 25112 24020 22121 31650 19897 25151 17090 3766 29639 28492
2446 29772 2536 2455 2438 7973 15593 2582 26643 2430 6413 2465 2559 2461 2475 16002 6362 6368 6283 2453 116 19978 2580 2570 27861 29596 4563 7971 2439 2499 15031 2469
2447 4614 4613 3162 3134 9816 11763 29673 16608
2448 29096 4158 29097 4636 23879 6275 23772 7368 3423
2449 19998 25086 32138 4554 5136 4566 24198 26272
2450 7053 3344 2874 9547 860 22924 861 23514 5114 30666 555 788 3843 2678 1025 13938
2451 31769 21483 18884 30572 30795 21097 23637 18809 21028 19223
2452 20465 17956 27133 4476 9506 28297 6275 31178
2453 22471 17087 17091 18834 18774 21449 22694 19323 10499 18995 18376 18800 21149 14714 28985 22107 28904 30929 22302
2454 852 738 5770 13343 5771 3886 27859 26211 6122 26582
2455 12032 12674 15499 12675 28012 28019 5789 15411 11242 4630 5306 5272 12661 5302 14591 4064 12014 28972 5274 5217 15486 15487 12034
2456 22635 19640 18865 19010 29183 24467 21201 28969 21055 19493
2457 22352 22351 31159 22305 18616 18610 22674 18116 7701
2458 14614 15337 16573 14952 15061 11961 11956 17100 7427 29625 12843 17200 29107 10370 10685 23730
2459 8372 8989 1439 6476 29301 11790 25202 8512 2265 2040 7472 33020 5381 2037 8875 8058 12061 32908 8106 366 28563 3376 4153 25546 12113 8117 4103 5668 12132 30065 17021 4864 25528 13998 25657 33231 11889 8540 7558 10584 12199 1290 29857 15634 17868 7531 4844 2065 17223 28845 447 22897 8337 11290 27938 147 10559 16585 12123 6474 371 19965 8509 20130 19037 25766 30224 9789 30720 28833 7593 3346 7638 8842 238 1436 2318 453 4107 11427 10459 8577 8118 29019 6608 8059 2280 1638 23913 11415 2092 157 449 5854 2753 30211 13485 7643 6481 370 7631 8114 11794 5913 6161 26536 14617 5873
2460 19463 20668 21893 20087 28875 8316 26072 24832 29128
2461 32441 28378 18962 25898 20790 19010 21554 19450 18793 18873 28382 31655 32851 20691 19473 24482 20076 18990 21485 20629 24630 22372 28384 19640 23612 31683 20674 31152 23049 32209 19313 22993 19195 21871 18414 20681 31917 18934 18415 20768 18065 27294 21859 20745 21557 25810 19476
2462 28394 31752 29571 26404 21050 25822 20608 20604 30694 33268 33225 21076
2463 1347 203 1336 4636 1313 1153 33159 5428 628 1119 7440 22935 1323 1329 1330
2464 30614 11194 7764 3234 10 27380 40 8170 7756 18692
2465 27891 24913 29561 30742 32146 24278 24472 31272
2466 24655 21839 24015 19897 29257 29250 30321 31286 20504 19475 21542 22110
2467 1616 14815 8454 2943 226 9331 8920 2713
2468 18979 22084 30550 22683 21556 18883 28193 14713 18789 21260 19183 19049 22998 19012 22340 20963 19150 20400 18772 20638 18733
2469 13733 23359 7756 7107 31047 9197 7750 6996 25075 31376 22 23 35 21 20 21526 13 7760 14892 7777 29901 3236 7787 13375 13394 7762 13409 4206 7761 24715 30544 13372 6998 7788 28 15 14134 3225 18637 9205 18626 6
2470 14069 2652 3521 2934 13244 3766 7785 10620 7434 7436 1309 2279 10241 6935 1358 15738
2471 28974 15837 26699 30099 26794 26700 2892 10298 18649 13691 19649 28708 860 2889 10296 6720 28699 30341 26697 5295
2472 22020 18446 18443 10009 15421 6401 32419 12260 4580 16649 15389 15396 15020 4579 2478 2499 21376 17992 17995 25599 18240 6782 10015 24576 19781 11743 33018 18272 1475 24536 17700 11739 11740 17699 24574 9995 17683 27791
2473 25499 24616 32473 24596 22599 24612 22608 29807 29801 24592 23111
2474 4478 23871 1284 14564 1367 197 4598 1149
2475 23098 23099 29541 20624 28961 24395 21080 21081 33121 23966 17773 20553 32016 18984 25173 31372
2476 20065 20549 19313 21556 9399 18065 21557 23386
2477 18065 20526 30147 19489 21608 24863 21458 20363 21236 19199 18341 18900 30629 23095 19546 30106 27738 33097 21543 21187 33141 21145 25427 30365 28665 20330 20643 27091 18334 30734 30792 18915 11197 14714 17772 19915 29100 29460 19050 18992 22630 21468 27622 19233 22075 23026 19897 18415 33239 27099 18865 19911 20603 24837 32765 19746
2478 296 5952 31425 294 295 6163 32313 29857 4104 8902 3967 9631 19936 8138 1415 6156 8900 29312 15114 28846 28839 31525 28842 28844
2479 26997 8485 624 9868 583 380 2882 2990
2480 4229 2174 3551 3460 4225 3632 1731 3047 3498 1670 495 7755 6935 2817 2130 4080 2667 15091
2481 6961 28148 32260 22707 8515 2344 10054 8555 6959 17455 30043 20452
2482 23984 21212 29452 31812 20667 23076 32204 31004 26919 27740 29732 18830 21191 26908 23071 22493 31782 21058
2483 30837 24233 26208 29263 23954 21092 22138 8307 24829 27639 24821 20050 27838 20502
2484 29265 22867 24255 23020 21752 32579 31827 21010 31722 25104 32685 33284 30322 29199 24236
2485 2026 27706 5828 7633 23918 251 147 7660 22032 1923 7235 10489 2105 116 476 447 2033
2486 14714 18734 32052 20188 18947 20595 27923 18805 28986 22159 18967 22203 21097 14713 29733 20275 21030 19916 20711
2487 2399 16917 13853 16374 33131 33017 30469 14971 4080 29022 16506 12918
2488 31690 11383 4642 7456 14570 7362 23905 10745 1321 4871 17316 14507 13183 7446 10214 8213 1330 1329 3907 1325 14534 1120 1323 201 24147 4640 10760 26544 27001 10886 6275 4657 32071
2489 6665 16227 6673 2 5373 9467 84 7784 3762 22513 32471 32068 1430 5399 9329 1281
2490 15949 243 27346 15518 2178 17236 15712 2412 2102
2491 24549 23777 4946 16940 28772 25230 28003 28773 27982 8002 23774 27611 4948 9022 8014 27993 28116 13357 13358 24552 24543 27977 17351 17359 27991 2279 12690 741 12836 6060 2057 4225
2492 17722 18998 9399 30425 21080 23966 21203 21249 14713 19761
2493 27485 28277 19982 28280 23662 23661 27486 28022 22253 16775 20472 19688 16713 27480 21963
2494 19256 14713 19283 20599 18995 22091 33142 20389 18064 18200 18201 19314 32849 19008 22108 21210 19198 18731 21577 18786 18401 17393 17905 18110 20584 26506 32380 9398 32581 21467 19207 18335 18383 18881 18755 18065 19548 20795 28420
2495 5146 2556 2588 15028 7979 12263 2544 14054 2465 2462 12271 2499 2449 2450
2496 12384 1859 7495 24419 10481 9631 5161 4054 5672 4347 12177 8960 4864
2497 5462 8024 33098 12440 10691 12704 8023 12707
2498 3225 24399 11844 13038 17869 8 39 4204 11173 16294
2499 21248 24814 21117 27914 22569 19053 21114 21122 31031 20907 31792
2500 10660 32787 30549 31940 10646 31943 13321 12461 32637 13318 30940 21204 26606 26589 28744 32841 12459
2501 22350 17373 19321 23400 17404 21864 19638 18110
2502 31616 30639 22743 31164 22740 18065 24869 23370 19050 23082 27758 23369
2503 16198 4425 19343 16162 15565 15566 624 15273
2504 18065 20965 26380 22656 20346 23133 18806 18888 31710 19056 33208 22662 31678 22661 20051 31918 18967 18873 28191 18817
2505 21573 19304 18998 27121 22083 17771 18401 18755 20669 18778 24675 21859 18925
2506 4558 14208 2279 2824 16645 2846 4500 552 15059 6348 15021 12245 14198 15393 15022 2570 2448 16668 2589
2507 30234 4259 22533 4258 11955 12468 12280 22976 30516
2508 10900 26120 8024 12704 12705 8023 10691 4792 12440 12702 12706 5462 12703 19961 12707 26113 5064 15858 31798 3145 3977 3153 2263 3331 31103 1228 86 87 2347 1614 2002 5517 5516 5515 5506 992 3280
2509 32436 14312 27026 735 1470 21968 18243 14868 18254 19784 18312 22241
2510 30668 19585 23484 19210 20614 18949 19236 18854 20799 18744 20800 25213 27084 19481 23670
2511 21372 19801 6399 6359 6284 28686 22020 25465 16644 6304 6325 2822
2512 11704 32024 23721 26618 16869 26796 20453 32098 27032 23266 25777 30223 9642 27321 19124 16870 2401
2513 30773 13692 31890 31010 30201 3764 10620 11375
2514 23374 14714 20709 18847 22286 19915 20331 22156 19223 28208
2515 26731 4635 29768 16959 5377 13242 16505 15739
2516 18073 17726 23027 17392 33260 32999 7701 19316
2517 1670 2913 2130 607 11522 12844 1521 1624 6058 3197 1548 539 30527 3582 2105 5990 3239 2279 736 3038
2518 25262 27806 23699 24998 24980 3840 24999 26262 25096 25553 25095
2519 12468 14033 3242 27859 4510 6888 17845 9391 4501 27026 1793 731 734 5408 16623 729 14332 1192 13027 4938 1812 23246 6883
2520 15887 1979 116 1358 9842 30782 14721 9240 9459 27636 14844 23792 8639 10202 15378
2521 32702 28185 31637 32590 30910 32269 8325 26011 31666 31282 31012 29186 24286 19053 14778 31786 7702 19630 25252 20982 24086 21753 30160 21907 26035 20503 24233 8311
2522 23939 27753 22136 28735 30172 22115 22112 22117 22125 27852 22123 9397 29619 22771 28206 17741 21913 21889 24044 26010 31512 28712 19548 19593 25252 24655 19187 21587 21468 19247 18065
2523 255 307 12154 31835 17020 8840 2732 1872 3401 7486 27251 8364 1263 17238 4496 7614 158 10446 11794 13993 30499 16026 263 233 254 236 17638 23725 706 27071 8106 11415 30224 5886 8935 10806 7603 17492 20811 16296 27708 271 7645 20114 2792 21174 27707 1859 13996 1879 13999 708 1875 142 6336 9326 248 131 249 267 235 245 157 12079 21402 29019 12155 4746 14435 144 27218 9630 17225 2077 12109 1520 12113 23282 150 5665 8608 15324 13485 28265 1923 151 447 10491 28054 28575 2252 1186 476 8566 251
2524 6893 28091 11015 1813 15418 29648 1793 735 12389
2525 2083 20815 5953 26696 14406 19085 8264 2749 26430 14213 8359
2526 14125 3735 7193 952 16394 2279 1430 5708 5076 8030 1235 1957 350 278 1094 860 25739 3975 30935 17449 180 1505 4038 1963 9343 6276 2403 1186 4068 17198 2129 5029 5551
2527 22598 24615 28307 31443 32289 31961 25499 24594 32021
2528 31158 22859 24016 23484 21011 32997 24881 26319 20930 30165 31142 19552 31673 22836 21015 21909 30589 24349 32472 31416 21427 21019 26411 19589 29186 20908
2529 17438 29991 17212 17436 30094 30095 17437 13548 3413 28129 15290
2530 18875 24643 31083 18873 20761 22066 28276 28272 32848 29731 26904 29508 23091 18065 28271 9400
2531 23110 24604 23150 23167 22614 25495 24603 22588 31475 30958 23106 24610
2532 15685 8028 16472 8242 6261 164 21781 12169 5026 1482 1106 2004 87 4626 1277 4146 21782 33261 2294 26121 26118 9286 1464 1012 1480 993 3847 28233 7828 27135 213 207
2533 29806 31479 29424 29426 28946 32877 28308 31963
2534 8276 1027 1029 13549 27342 4419 26517 22259 4421 11459 12896 17436
2535 14396 1398 10445 5665 24534 30683 1374 7503 1059 6478 29857 2748 2065 4347 12066 13478
2536 24452 11101 11989 11967 3692 13292 12790 4595 3719 10241 22532 12468 4390 11969 11985 28225 4637 3407 26671 29640
2537 20677 32214 20320 21191 28184 17722 18865 20221 18383 19255 22365 32614 19423 28202 29104 18997 19311 20043 21487 22383 19912 21481 20033
2538 23563 25332 30707 32653 15983 28658 15988 16064 25316 29247 19526 16062 7714 25921 27917 19975 30503 33068 30411 16510 21700 19865 32619 16061 28367 16060 19866 21699 16059 25328 22339 14853 25327 25516 16076 14176 23562 21703 27078 16075 25333 28354 30054 6175 26851 32478 25330 15985 16068 16073 26332 16069 16058
2539 8904 17655 7660 6032 30269 8893 17551 1439 7498 10606 10568 6467 15808 19714 32588 27337 8907
2540 6557 5982 26548 552 2571 2501 12271 16099 2532 10424 4520 4325 9381 8623 2499 2400 22884 5142 2430 2472 6280 2582 7979 2580 14190 16668 16649 12257 6416 2822 12255 550 13784 2581
2541 24961 24983 25553 25002 26265 28625 30028 26263
2542 15615 29753 10409 23890 8456 6816 6747 10542
2543 22430 11124 3881 10045 22428 25703 28294 10784 28160 21765 3862
2544 32564 16109 3962 6917 1616 21967 19578 552 7982 28682 16924 3975
2545 22350 26037 18553 17748 23190 21519 17751 24479 23817 30356 29740
2546 3138 19807 19085 15016 8128 5951 29020 9461
2547 27955 21611 18821 20403 31683 18415 19302 19191 20346 20295 10499 20756
2548 21611 19222 26299 30550 21862 17367 18786 18994 18335 31731 18795 24645 9399 20966 14904 27957
2549 32057 1604 6482 2968 16846 11436 4864 2737 20135 3967 2725 14379 4054 8372
2550 20084 25808 20083 18051 22846 19897 29948 19895 20788 18065 19916 24624
2551 1090 1063 6764 6277 32776 7223 5066 2235 16811 17296 2863 32150 3797 4902 1162 6723 6647 7781 1132 16482
2552 669 1902 144 2829 8943 4842 29173 17238 233 254 8364 27251 1263 668 6338 2732 10492 8264 1860 1930 1268 9326 8848 147 27706 12068 29643 27708 28140 6474 9598 13205 31097 31507 5951 24119 12102 9630 22745 31098 9636 7538 15728 29141 1925 4862 4173 23740 3374 5354 4857 258 23741 13958 26365 28833 15519 27867 12932 247 2124 31096 473 658 31530 11430 234 8980 30196 32760 371 31413 22237 5435 12636 28088 29779 26441 5536 6482 1859 398 357 2774 6475 1422 26536 17492 20811 6493 16296 25766 2793 32180 29646 2027 17678 6125 8376 6336 1872 28434 7645 11423 4152 12144 5376 30753 25763 19963 29162 8968 5846 5847 1256 31584 17465 30801 5848 28053 19965 8506 4844 26050 2756 29527 20113 4134 1411 19930 1424 22904 1425 1441 1410 28785 15711 530 16275 27707 10772 2613 11824 27963 4855 267 470 4477 3078 6142 7616 23599 21415 26372 3402 13477 10801 1294 4058 716 1876 4059 1061 3372 3349 11896 7043 7042 7644 8144 15806 2781 1292 1373 153 1291 706 15516 1431 2778 2720 13500 13897 9632 1848 1910 11880 13564 29315 4157 272 7464 14845 24427 1258 10592 4108 7652 2217 13896 25762 30719 6161 23289 28416 19971 7465 28265 7617 28096 13485 4841 14432 25533 16846 1855 11407 8969 15321 5885 31998 2240 10579 6502 5873 396 2830 15507 32077 28556 7481 8860 31184 32468 31135 6031 25535 366 8337 5472 5481 5480 32615 4161 699 32723 4167 2772 5478 3898 467 244 5476 1413 15919 246 1409 8942 2606 1857 1921 2796 142 5665 255 8330 1374 8897 2280 2015 21414 26472 5668 10807 1900 5949 22744 11716 32574 33021 8130 31749 19127 32761 2017 7005 5699 27165 28339 13976 13973 27304 16898 23598 13977 1285 271 11864 5158 1407 1849 32609 7612 5889 4864 6155 5732 7463 31999 13496 19044 16549 341 1392 6129 11413 6485 1434 30224 4162 4102 270 7605 670 674 676 10454 31638 673 5861 1271 17235 667 447 7603 4160 33286 27712 8858 32541 476 26054 32482 5900 159 327 152 2241 14005 145 26051 1913 4848 2731 12114 8928 11335 2031 2777 4820 7602 8986 6143 11888 14405 5886 2037 8929 31190 28015 2026 2033 33114 13975 8944 17388 8478 2834 4825 6033 16267
2553 25327 21703 23467 16071 16059 16078 19326 21701 26491 33145 19977 28359 23336 27078 28364 11169 16513 16516 16062 30055 25330 6175 19866 31491 19439 28353 7718 16063 25408
2554 19214 26011 32667 21082 25959 20087 25168 26079 32035 25173 18409 18362 18359 19383 26080 21914
2555 23941 14904 14151 8 14136 3234 10 13448 13450 4204
2556 24233 20908 22849 30205 18756 28492 30510 32308 24032 22818 32784 28957 22850 27597 22807 20250 23202 21609 18065 19548 29261 21101 21837 21896 8308 32943 31765 32213 23034 21424 25607 19605
2557 12420 26571 21621 26572 26570 12419 12418 28788 26876 12413 12394 27662 12401 12402 12411 14408
2558 23946 22127 22112 27753 22113 19050 31694 18333
2559 8657 10977 21293 10622 950 10812 7269 16586 10985 10996 18456 2378 3739 13311 17133 556 18434 21299 3036 17534 1647 8658 12530 937 585 22375 1710 10983 11054 8080 906 8062
2560 7564 15114 5829 7024 1059 15632 4103 23695
2561 31443 23157 24615 32663 22600 31442 23152 33014 22595 24588 24609 24596 27286 31960 29807 30561 32473 29421
2562 16161 8710 17194 9525 16169 18674 16199 4451 15252 15569 10712 16139 16138 4454 15568 4455 4432 4430 4452 7276 19329 25233 4892 16218 16137 31106 29068 15275 4551 16173 16189 4707 8221 8514 16165 18685 13824 14789 4438 15564 4682 10707 19352 5657
2563 20380 20075 19223 19886 18982 14714 17128 21200 18947 22693
2564 25511 40 15 13 21526 3231 11 7776
2565 18201 19008 18110 18401 20311 27616 19223 18375 21037 25521 23069 21590 21568 20186 22365 21036 18742 30904 20218 20415 18065 19283
2566 32117 21565 20223 31231 31842 20245 19426 20093 20373 19479 19917 23219 21055 17724 18383 18065 18558 19826 19316 7701
2567 6998 3231 40 3234 10 25509 10071 13441 7762
2568 15777 15778 20957 15639 15640 20958 15781 20959 15785 15779 4827 356 5248 30227 4856 2087 20956 4653 5955 29382 8128 19126
2569 32897 31223 32886 32895 32888 11378 10654 31946 29707 29747 32439 32898 33084 32887 29744 32891
2570 27481 22550 27664 23663 19682 27479 27498 12282
2571 10331 21630 4787 15557 16228 17146 3190 10225 9333 32148 10222
2572 13726 8246 12550 15872 8266 22703 13713 8254 15850 7204 1025 24975 24994 24963 31362 25002 16570 1021
2573 30380 27428 27426 26346 24587 24608 31459 25499
2574 20514 18735 18755 19479 21036 21037 20059 20977 29747 28740 21204 33081 31221 13321 32769 32787 30379 31298 30373 30914 23981 26597 12451 29708 26011 30491 10663 24243 24064 31149 19383 21194 27964 8323 24074 15045 19593 19548 23025 18051 20981 31280 31982 12457 26609 31704 12458 26598 28977 32565 29709 19488 18911 23446 19372 33067 20225 20651 31989 32809 30378 30124 32637 30525
2575 21715 30158 11789 3975 3137 6191 2403 5392 13007
2576 11372 22272 22277 22282 29437 22512 29438 29439 11738 27305 29443 29442
2577 31451 22671 8323 22814 22813 22163 22806 23143 24084 19548 8311 23030 23952 27822 18051 21891 24246 28488 25251
2578 305 142 2941 2231 2723 5048 9587 14386
2579 2794 1435 10596 1415 15721 5048 16896 447 11292 5886 2037 2026 1637 6475 2733 1638 12091 16550 2083 12147 8985 11876 28416 25534 12076 1431 2111 12111 10588 4142 12131 9776 7489 28097 476 8106 9631 20115 252 397 238 12071 5381 249 2231 366 12116 5854 1422 2723 6464 7645 8840 1636 1384 1250 11803 2023 10104 11413 4054 19930 12143 31414 11436 29779 251 365 2224 400 1263 1264 13897 4864 12124 6498 12188 27466 30371 1160 5043 13708 993 992 32298 3278 5971 991 22449 26150 17967 2276 33277
2580 12896 9038 9912 17432 27296 121 123 20902 441 795 794 13550 15051 16729 13174 1025 24897 25347 25752
2581 8217 13864 23836 25064 10626 7101 29051 11187 4635 2403 22953 27047 16344 8218
2582 32996 29977 32689 25873 29958 29974 25872 25403 32734 22466 29979 32701
2583 2430 14051 12269 552 1482 6110 9284 5041 1981 1064 23720 3383 2300 23718 86
2584 18052 20683 18414 19383 19548 19875 31682 18065 32444 19586 23565 20177
2585 735 22803 15048 1616 8920 188 19847 5419 9331 31059 11534 13260 14453 2909
2586 5805 5806 31406 21378 16395 15060 29412 12252 16097 2476 15285 2564 2529 31744 2480 2562 2478 21376 5138 3058 14651 4584 4583 10322 13804 21381 3057 11492 24461 4581 14650 16863 8382 25963 2400 13782 2499 2431 26954 4579 6288 4573 6287 3155 29773 22529 12867 3083 28049 31605 32032 28821 16406 25984 4094 4095 17836 2445 6363 2455 2457 28807 15031 4090
2587 8722 9365 1612 13207 9408 8886 8732 32182 15855
2588 9796 17015 13995 42 860 6510 4066 12033 16845 12911 7111 27592 6130 993
2589 21575 22693 21455 22653 18749 26752 20638 18779
2590 30508 3977 7893 116 297 5714 15317 7925 16463 7907 5815 15328 4758
2591 10203 1612 4958 9142 9240 9291 993 28329 10051 10719 21268 5097 1492
2592 1025 423 22546 18716 439 5945 17211 12896 403 29164 27502 15622 26822 424 121 406 16788 31066 409 123 21947 14413 800 20860 20861 124 20857
2593 12693 5233 6510 13705 25728 30408 12480 17254 24099 24108 15496 8166 12032 18319 12014 4066 28972 12023 12687
2594 10582 706 1599 5106 4152 28266 6161 16466 15546 13478 7522 5886 1966 7486 6168 4103 23285 8977 29042 7533 21803 24185 1520 4166 142 10597 7566 6467 8618 13558 16615 1937 534
2595 19061 20651 14778 14714 18917 18784 20040 19480 24651 10501 22634 20196 22693 18825 18869 19224 23482 30631 21262 31842 25155 23447 19735 18782 19209 18377 19012 28719
2596 19965 27705 1858 12901 6501 8372 2607 32761 2017 27707 16296 27708 20811 19971 5536 2774 17492 693 26856 8927 695 4157 29930 8480 713 235 21937 32723 325 29315 31078 8897 8948 11708 32354 5664 8340 28120 23599 15793 17012 1599 28028 33240 8986 144 3400 17011 1438 8328 2127 147 1859 4054 663 27712 26054 2792 11291 531 31525 28844 28842 28838 28836 28840 28839 28846 451 8356 9631 6129 221 2091 13968 6134 12132 28783 16313 6339 27165 17388 13980 13977 2280 13983 5255 443 33146 8326 31136
2597 17124 1855 11422 22894 2280 272 12105 8334 11424 27466 12079 12117 12129 29203 8608 22237 7663 2037 9631 4115 15547 7634 12127 12140 9804 16895 10492 4490 19708 5255 5536 2079 19707 32059 4108 5161 15805 2318 267 26452 2112
2598 11604 21943 15051 17210 21771 4419 28428 30136 22259 26823 11460 11459 12642 130 129 21957 15050 438 9080 9065 21952 27154 9064 18238 5946 9063 26741 26742 21951 32504 9061 27150 20894 121 403 404 16787 20874 20868 406 795 794 9082 16788 441 8261 30011 797 20859 29143 125 20858 20862 20875 799 14412 124 20905 20855 20860
2599 21514 24806 24656 31256 25179 23818 17737 17767 19387 18207 19823 17878 18555 17755 17726 21108 23311 25696 21308 23314 24366 29199 28496 24270 17904 19370 23820 17399 17894 7701 18057 25132 23466 33249 23327 21885 18204 29949 19827
2600 14277 3239 13024 27730 4936 31366 19565 4278 4304
2601 28718 25991 19897 22139 30635 31005 29732 18378
2602 27689 25483 30032 21786 2958 25484 29156 25486 31528 32206 25485 12561 13575 26090 26092 32054 32053 32675 25476 26091 26093 2955 15532 14770 21390 2933 14757 2951 2927 25470 31120 26471 25067 26469 27857 15349 27759 25042
2603 17890 32167 17915 24287 32427 17895 19053 18602
2604 29272 32376 29797 19600 27819 32522 24235 33258
2605 18237 13754 15290 9081 27296 490 2192 2196
2606 2129 10927 7206 387 13127 2130 98 4390
2607 9470 11734 30107 5336 9329 73 10312 9475 9492 28688 5362 14527 5333 15703
2608 22393 8481 14790 19525 6713 19524 2840 6647 6718 6661 6663 15683 25664 15813 1616 28284 1025 15438 10706 26827 42
2609 10726 728 7991 8075 6876 14919 14261 26210 10389 10384
2610 447 30440 32707 7235 9324 16838 1431 30938
2611 2017 11708 22895 5708 3847 11727 473 1605 464 2069 1635 3076 2934 6476 447 359 21679 9812 28415 1256 10620 860 29280 13651 29150 18466 15230 14349
2612 2463 6406 27909 628 735 116 5451 552 2523 2105 2279 15091 2543
2613 26949 15023 2400 2476 2482 6313 13462 6317 2430 2506
2614 21076 30794 27312 32190 25953 25812 18404 18405 18406 23199 31841 20606 26013 23195 32236 25834 33043 25828 22200 21049 25830 33132 25820 22202 19488 13446 25075 13 21526 15 29 16 4214 41 6985 4200 13437
2615 32167 24805 22692 21970 24284 17372 28734 24474 17425 17726 24886 19824 7701 23328 17751 17370 17419 19829 17428 17896 17404 30357 18211 21518 18075 23816 17395 22350 18058 20918
2616 6522 23740 8364 6128 2777 17021 4174 8330 13466 243 4054 448 33292 18162 4166 2280 13062 28567 6045
2617 29182 20768 20802 20714 20635 28063 20093 19489 33278 33219 33275 29121 32267 27772 26974 29197 23351 31381 29898 27877 31778
2618 5305 29159 12662 12048 2204 12026 5288 5292 5296 30643 22649 15943 860 31796 5285
2619 25394 2403 10318 13738 624 7211 32513 17216 860 14529 21979 25952
2620 23974 1327 25651 12793 1325 14533 4871 2387 1119 1323 1321 1319 7351 10740 4812 14557 14623 27001 32779 7328 4665 4877 16379 1329 7321 10876 14702 32229 12664 31176 5431 7361 12225 32499 17113 32780 27568 27573 4654 22939 1330 7310 4478 1314 4636 3407 8583 28393 33177 28132 21684 17128 14788 28360 19440 16070 14854 19865 16060 16061 15990 16063 19441 14177 22339 6175 15988 25330
2621 1321 3407 25979 2279 822 583 1647 8996 15471 4595 821 31100
2622 5989 9298 16358 9304 9303 9301 9300 9297 9299 9364 17786 4164 23658 9785 9769 5361 16332 4908 19948 29981 8771 11694 9260 15884 9849 14839
2623 29388 2740 7486 10582 2413 140 7660 11714 373 12502 32497 8969 8112 21679 7137 12098 3324
2624 18983 19902 20966 18810 31162 19489 18065 21255 19372 18974 18911 18875 20651 19050
2625 19765 26407 24858 21097 25225 23657 24871 28228 21575 21230 31695 19213 19880 31790 14714 31486 29589 20612 18201 18817 20250 21152 18065 19548 24058 23468 31675
2626 31870 27845 24818 19590 26017 25886 27639 25694 24477 33220 24828 31834 32175
2627 15828 15834 17217 25323 16306 17216 25325 10126 18157 18651 15843 16302 16301 15844 27014
2628 15727 2798 1636 447 4864 27700 8838 265 8379 8372 2265 6464 3392 267
2629 28897 28449 4362 11507 7427 27061 10787 12843 16245 12992 20943 29778 30118 31859 11992 31643
2630 27750 18734 24620 20511 23093 22852 18821 20979
2631 11336 12186 2280 2319 8059 1923 2022 25656 5472 10589 12931 3935 7951 3144 13518 7902 3134 6242 12079 4153 2187
2632 22354 23307 31320 31373 30721 17748 17769 23328
2633 28731 19486 21852 9403 28137 19313 18873 20093 18872 33294 18866 19489 18968 30182 7704 18938
2634 31432 18458 25302 18908 7178 18454 16390 17096 13928 17084 13917
2635 31855 25609 32986 28073 33087 30368 25146 31496 23019 24247
2636 8227 18659 3262 1446 987 2331 6245 23748 991 33197 992 993 5517
2637 19333 10345 16167 12958 13822 12957 16118 21723 19522 27221 4454 32103 5656 16920 17180 4892 16554 25233 21652 554
2638 16505 4269 2279 738 1710 646 1731 621 808 2052 1574 1673 3497 582 30482 8993 3755 5938 21600 29489 6896 6899 3618 11073 5777 1570 3624 14124 947 948 13363 1706 28466 6695 946 13364 822 583 1566 3751 3750 3749 30996 32935 824 825 2404 599 807 5394 1728 1553 20659 3734 507 539 29026 23841 7241 487 9021 9008 6933 2877 11520 1647 3690 2937 3053 28464 3048 19582 15753 12520 11513 11528 13587 24459 13123 2156 19527 11152 10553 15960 2174 13276 2173 13275 21290 20164 13280 2057 15140 4231 19528 31179 8036 12839 4229 4230
2639 3403 1287 17552 17546 4054 1415 7634 28570
2640 13334 3980 12487 8046 16903 12481 12478 11494 29512 6230 24289 8612 16863 28643 19164 21714 6203 29513 3975 8047 14581 29772 31051 14651 33198 13808 8392 6206 13330 12486 32870 7139 3060
2641 8848 11283 1394 16275 131 4054 4862 5254
2642 2846 116 2187 2378 16269 1969 1480 1050
2643 25725 14261 2102 2481 2524 2455 4410 17945 16680 16033 226 2192
2644 27596 19897 22855 31320 24049 8316 31319 24067 19599 33255 33253 18052 19056 20051 18755 20057 29122 21424 24911 31657 33254 24410 24072 19548 19143 18805 21711 19287 8320 22805 19382 18051 23967 29639 21896 24071 31650
2645 23427 19479 19219 19459 18902 19877 18829 10495 31386 19184
2646 26392 24836 16065 26988 14788 8587 15990 19025
2647 2034 1432 7683 12062 2794 5162 5665 5668 5004 8264 2280 10584 2722 11436
2648 27200 15967 33149 15970 12459 12456 32826 32899 29717 30547 30565 31203
2649 13974 247 14001 12577 28266 4823 4054 25760 4862 2772 359 2018 8989 20114 140 2722 6052 23282 2745 8950 4864 235 11290 7111 2736 15546 13477
2650 1438 4864 5892 10465 2779 5381 11290 5854 7036 131 2753 30211 20834 31733
2651 23407 26298 33143 20715 18939 22080 31160 33031
2652 29362 13951 3263 1084 4635 7956 116 5558 1130 32400 2235 1101 28033 30276 3262 4073 3328 32292
2653 32511 13470 2792 2087 151 150 5688 2725 28997 2018 4626 33261 33175 29112 4625 8857 7603 7111 4345 8937 2749 8118 259 258 4339 31229 447 703 2023 9637 24187 9636 8553 4668 4843 5850 20826 8330 4152 2798 5683 31610 8364 2750
2654 20082 20504 28492 26001 32584 24009 18051 18410 26507 29199 19056
2655 17713 23306 22692 30170 20510 19010 32582 19311 19223 17744
2656 27307 2536 19813 15592 2468 21831 21830 12869 2452 6409 16647 8175 4587 2466 26884 14208 6357 2484 14196 17129 33213 16632 12251
2657 14158 19095 17368 11191 6998 3234 16065 25336 24836 14170 17239 16523 15989
2658 21153 17421 26037 21524 22354 17404 17732 26108 31862 7701 23823 17751 21516 29611 31717 17769 18067 23306 23328 32132 21884 18602 28212 23828 21999 24809 24471 30354 18209 17407 24808 26466 23817 17395 19873 17730 23314 17393 26459 18211 20911 17717 28615 32591
2659 563 765 23235 7755 653 646 499 32655 14076 3740 755 3724 539 22955 6902 8080 11049 10278 6058 8657
2660 33256 31673 22848 33254 24064 19382 17757 22671 33295 21911 29352 26725
2661 1268 1272 8332 4054 32607 1359 32356 624 530 335 8353 8968 28055 451 26054 1599 25911 2061 10578 860
2662 28058 2957 2950 2678 22759 218 213 13214 32423 1996 899 898
2663 3238 15641 15642 17940 15651 17942 15650 15643 17941 12546 11363 10394
2664 2085 2799 1635 1604 4625 4619 4621 4620 6956 4626 4623 2229 2087 476 116 12798 14246 14984 4192 14132 26232 15381 5432 3073 23175 22575 14681 6275 2390 203 7307 1334 16327 12618 7385 32152 31904 29469 3069 2630 32973 5092 12222 7384 14473 4660 7315 28504 2656 14498 12218 3218 3066 11540 1021 3843 32780 1153 3869 15894 6426 4880 32638 4783 3804 3815 218 193 210 192 213 211 10035 1359 14621 29686 14700 16156 3797 10590 16316 16315 23121 15170 26293 1616 899 1308 1151 10871 1284 7434 15310 30552 13045 28679 10608
2665 21430 33091 18051 24015 20504 32732 23488 19586 25175 32113 23367 29636
2666 32239 27754 24066 32943 22164 22813 18051 21424 22811 22866 21839 24074 24015 30419 26001 28181 24071 8320 24067 32388 29351 24092 26613 30483 24227 31451
2667 4955 8742 9851 8734 860 1358 23977 24446
2668 12721 12735 27990 28326 5983 29597 28546 5981 3242 31548 12730 5010 27277 25706 5011 14864 14974 11991 26863 21413 6825 5003 6824 6826 2105 33035 16376 15511
2669 23771 23772 4871 1314 1323 7310 4478 1119 29299 7400 10767 7339 14667 29300 3407 1317 1315 29323 11195 16220 28861 14858 14669 1321 10737 3425 7439 1154 30831 3416 1313 1153 16326 22935 1126 19109
2670 25959 22806 21897 31983 25461 19595 24064 20081
2671 32879 19470 19639 21236 19187 27854 30362 28347 20365 19264 23947 27851 22127 28735 26656 24661 23366 32960 18376 18065 9397
2672 32668 20066 22569 21117 18556 21612 22481 20907 26612
2673 27513 20624 26000 31699 23390 31656 31492 31655 31226 18360 25172 21733 26397 18969 20799 19207 28482 18065 19054 23594
2674 29288 735 2279 7270 19017 2130 98 476 10795 2781 4054 2111
2675 18975 33008 23373 19491 19496 18781 18948 20519
2676 18410 33254 23636 18390 20215 19287 33275 21602
2677 30003 1164 2359 2346 4790 15867 17967 5565 1036 1099 1444 10412 8414
2678 4152 7513 11281 9805 30710 14394 7552 5829 26704 17552 15805 6156 16256 9337 29088 6789 5260 2196
2679 22263 30206 16958 16957 18666 10442 7176 31927 19032 22728
2680 14222 21184 4618 15930 13545 1084 11081 5406 10961 2378 11032 116 15933 14228 29481 24553
2681 15295 32420 32421 22228 11386 11387 16180 16278 4735 7123 13619 23925
2682 18805 18940 18065 29295 25606 27746 28204 14714
2683 29034 14601 26399 29336 8156 26400 9627 19956
2684 30840 19586 30274 27635 20981 19548 20724 18065 22670 22661 29199 24066
2685 24069 23096 32383 30322 32669 29273 26465 28962 29951 22837 24366 24092
2686 22693 18341 23788 29859 19544 19010 26907 32447 17771 20579 18870 18733 18884 21583 17763 20331 21550 29738 27620 17722 19313 23451 18873 18793 20206 32766 18047 19283 18885 19255 22170 18371 25231 27552 20620 18755 21238 21270 20678 24263 18065 27617 27633 32441 18949 9396 20329 18970 10497 20709 21054 20244
2687 5953 31097 22008 15016 11644 19129 27224 27320 29396 7459 17237
2688 14494 4654 27727 24446 1330 1119 1321 10746 10740 13215 12914
2689 27522 15825 11068 11489 15902 25490 5754 22445 18459 30815 11046 14082 26136 26161 5915 2875 7264 14341 814 20947 31585 30090 11044 10973 15823 22956 29939
2690 3237 15953 15952 26625 21539 21540 6 9199 39 13451 18845 29213 35 14893 9175 27 4215 25075 10671 11753 11758 8 7762 13401
2691 86 4944 17353 4941 4945 23246 17233 8031 9222 17835 15000
2692 19743 22290 22105 19224 19479 18911 18341 18065 21044 28482
2693 26779 26836 3417 3416 7014 26838 6178 29657 12830
2694 6510 22918 17254 12480 4355 4179 32857 10560 1923 33114 20835 476 15926 882 870 6776 30046 2633 6928 621 807 9867 7246 2279 226 1156 42 5737 1996 6537 31110 32330 6798 3827
2695 24634 32785 31070 31071 31069 4207 18628 7792 16 29 30 15 7 21982 31 15847 15846 18 14892 41 6985 11756 13420 13421 13422 24716 13419 26573 30542 13427 13425 13428 24718 30541 21529 13423 13424 20538 11845 13418 13426 14138 4214 11751 13452 21530 7761 13409 13381 9176 31068 17 21533 13430 13369 38 32168 28669 1736 3013 7800 394 380 387 2881 11411 2886 621 384 4295 1728 807 2159 601 937 382 2885 386 2880 12919 2059 19412 8090 2882 25674 1735 30595 21617 618 22951 7190 1531 1529 17045 619 9955 539 392 30634 7254 9919 1655 102 1657 599 1656 1654 1652 1651 15435 1661 1653 1650 1649 1659 487 9891 1731 28474 3734 22623 393 27267 822 582 8995 15204 30996 2405 581 583 584 585 586 3522 3755 8993 3752 99 3625 30235 12935 19108 16240 16405 19564 26253 11256 30962 16968 29475 749 747 7419 7426 12731 7425 28890 11996 2105 24453 12999 16263 17689 15698 11847 11852 15699 13389 15245 11181 11850 11853 7756 31047 30573 18046 10620 11738 28602 29438 13347 29439 11373 29441 27305 22273 3760 22280 22281 22513 3762 14788 25317 11169 24835 13692 25337 15990 6175 17921 25680 28619 21685 25682 15988 16070 16071 23806 14854 13700 22057 32875 25512 19 30703 28 13417 9 13429 11753 21527 7766 3234 26535 29901 11191 6995 31376 22 23 6996 9196 7090 11171 21526 13385 26 9174 9175 13384 145 238 470 234 232 706 142 266 161 302 248 1392 2023 221 261 257 256 258 260 244 304 140 259 158 131 240 4134 241 243 29646 1604 1635 153 249 267 265 245 235 28783 7614 4496 27707 1859 263 255 236 233 254 307 89 2318 1436 29315 1912 31530 1886 246 6034 16313 1900 8107 7224 2087 19965 8506 8507 28299 19040 26629 8529 22891 13509 11945 4478 3425 7310 1314 1321 4636 23867 7392 29323 29300 27998 2392 2393 2394 892 10111 2396 10112 13607 2397 13608 2395 4735 32459 897
2696 14782 218 18429 731 24307 8584 211 213 192 220 32068 15500 12400 21622 12423 4508 25233 1647 4130 7461 16287 2196 1321 1314 802 24217 894 734 193 210 6531 189 15891 1334 203 1347 204 202 2872
2697 29021 23792 9827 10189 9455 13197 28919 29020 32182 17441 1171 1172 27244 22462 25975 12193
2698 5277 16233 28691 5290 4064 12661 4627 5734 29229 5735 22912 29158 12052 12036 12031 5274 22915 16229 23877 15481 15485 5237 5242 5293 12671 17857 12007 15480 5241 12050
2699 5132 21928 1472 10000 24578 18271 27588 15433 30566 15430 17695 13762 27787 9995 11746 15432 1477 31724 11747 18314 20437 18251 10009 17683 17697 24575 18299 18315 18279 31755 5131 18302 3007 17703 30462 17985 5116 24577 9991 18308 15657 17699 26989 18444 18266 9998 24572 27791 10008 22238 27789
2700 24361 11761 7750 14141 36 9198 25396 7765 15 29 30 7789 18627 9199
2701 2875 14372 98 2129 27998 13661 13662 25613 10371 21819 16924 3975 957 11612 23899 14371 14346 33251 10360 4222 11363 4253 10353 24917 3238 23901 11364 11365 27161 15163 14363 10216 4221 27575 14337 28001 13029 6346 8001 730
2702 5248 8945 27251 4054 6025 476 860 6040 7061 5708 1438 131 5853 5892
2703 19915 31569 31889 18336 31840 30376 30653 30633 30617 18065 33265 15045 19897 17772 29137 23981 27077 20023 33211 18387 27122 22361 30244 14714 28198 23137 19491 18379 18200
2704 21431 21062 21097 20603 26196 21589 26963 19202 23345
2705 32439 32855 32792 32889 33084 32791 32847 11374
2706 6985 13420 41 13421 14896 10067 19420 13040 15244 14165 25614 17587
2707 22810 20921 22818 24655 24832 29824 22823 33109 25160 18983
2708 4827 31604 27569 28014 3351 7560 10572 7512 25526 33179 7637 4112 10808 13653 143 15869 31934 25200 14401 7566 4864 10489 26440 8898 15796 19720 25197 10468 1268 15114 32535 238 7479 15119
2709 12219 7415 4631 10080 30523 18908 7178 11703
2710 23983 29878 19008 22994 31992 20615 24396 32960
2711 33282 23311 17375 27116 17767 17753 17765 25500 18075 17762 17376 19634
2712 33301 29124 20559 23636 19313 19195 14714 20039 18911
2713 6041 29290 9233 4707 4549 9536 17146 4680 3190 4433 4696 4683 11223 4551 10349 14550 21635 8475 23504 8714 4438 10669 15564 7275 4682 4508 29033 4439
2714 28920 31547 13357 1813 23730 12724 7812 3978 20168 7292 17348 8071 17361 16259 729 5983 28326 5982 12735 5980
2715 3802 14969 4277 22975 21994 735 2105 4357
2716 17095 17085 17958 31730 13916 13928 17086 17088 13920 26678 13931 13919
2717 18911 18755 20283 18900 21929 31805 19224 28959 18748
2718 28198 32361 23364 27207 29040 12450 28743 31945 32874 27209 13325 32826 33079 15967 30696 15969 27204 12449 26603 31978 32791 32894 29745
2719 19586 24092 22843 32385 19548 22164 8311 24345
2720 446 1440 7640 3996 335 10491 9594 4105 26841 1264 7472
2721 22597 28948 22614 22589 29418 24603 32822 23152 23162 22584 29802 628 7416 1330 23970 14636 11567
2722 25107 19897 25104 31144 21889 23143 28958 28957
2723 19314 19187 20623 18382 18379 18401 18200 14713 19247 20065 21581 29184 18383 21244 27546 33237 19237 19008 18911 18803 19298 18969 19448 18987 29138 19198
2724 19383 18051 22320 20934 29199 22859 20624 22485 22426 19605 22328
2725 19222 18785 18927 20332 18876 19910 24675 27142 19451 20374 28987
2726 11481 4242 4297 5998 3249 4375 10424 4327 3239 4299 14707 27367 6570
2727 26445 6275 10750 32450 10753 1343 1345 1347 11574 1346 14468 4649
2728 7905 7906 31931 30932 17024 5596 5606 32432 5168 21167 20120 11823
2729 25946 13921 12002 27815 27007 10678 4258 6879 6827 21418
2730 1698 1647 27687 7270 2165 7204 9233 7132
2731 32907 4689 16127 17178 18461 19345 4694 4699 17177 33054 4453 16177 4451 4456 15267 10332 15565
2732 14752 12559 29090 27717 12776 5329 15702 9766 28681 8160
2733 10867 628 2780 2798 6131 16585 2759 2789 10445 23918 11819 13501 6493 4863 26751 531 8963 2742 4489 3377 4853 2265 8976 26054 4054 1258 5873 2808 9324 1855 7235 2735 476 2317 2786 28844
2734 32312 15219 3815 3830 29895 3882 10699 29500 28032
2735 31168 8153 32814 28826 4188 29292 19941 19955 24562 31049 15871 8266 13713 8252 13714 8251 29291
2736 29590 31139 23805 31434 31433 31427 14772 31430 32368 30343 25305 18908 10078 18422 10079
2737 25818 14714 25186 24655 26465 26906 33039 22065
2738 24064 25115 28381 22360 28878 22303 19143 18829 18766 26402 27750 18733 21028 18755 20799 23009 30260 20597 20778 18778 18065 23135 19448 20683 18797 22097 28733
2739 22561 29891 21743 20044 23583 32018 21744 21738 25883 20303 20062 20063 31655 31492 18408 31348 31395 19868 31494
2740 32637 30641 32795 31213 15977 26605 29746 10663 29612 10639 32787 30124
2741 23095 14713 18374 30617 29664 32961 32765 24392
2742 23426 7107 18744 19769 18818 14778 20263 10495 19283 19915 10644 11378 20399 24630 23646 20386 20368 20176 20028 23391 31924 19921 32067 18150 31557 31786 10498
2743 30727 25067 12138 682 1402 12162 6503 28054 4345 6465 21414 30519 474 8937 16844 6479 1600 6490 6491 2015 5669 8340 25655 13047 12197 2733 12114 7230 334 16313 11287 532 8927 28028 11296 7227 17263 6036 13985 144 12095 1272 13482 4156
2744 17757 29199 32411 8325 28873 22329 8324 33284 25620 24076 23035
2745 20012 1473 2105 2874 5334 17860 6606 71
2746 20913 24068 17758 31142 24064 31416 30307 8307 32799 31141 31673 25223
2747 26208 18051 24071 19383 29352 32597 23143 18050
2748 2430 27861 15058 22884 2425 3887 6413 6330 6419 24937 6348 6349 6350 24195 6356 6352 6355 6354 30461 21376 3061 4581 11776 16246 11784 6388 11900 2532 16002 6305 2500 6333 2824
2749 20807 8552 10055 31735 12192 26800 23760 20448 20453 25025 23761 26562 6965 19028
2750 9354 9116 4917 9315 10206 9308 17441 4910 8882 9693 8881 9758 11215 8732 1979 17774 9359
2751 31218 21036 21037 18877 21097 25426 30050 19284 22684 32188 23118 23228 24317 18810 17724 24643 20541 18383 19000 18870 19758 21054 18741
2752 26327 23337 16068 16516 19442 28658 15988 25408 6175 25316 21701 33145 6174 30707 7714 23336 28365 28364 28363 25785 30315 16066 16513 31491 19437 19435 23332 25515 25332 32653 23563 15990
2753 32986 26209 20930 22662 19548 26507 26509 23143 20090 31445 31499 18051 33106 21237 22338 23584
2754 32720 31578 30380 27414 31854 32288 32551 27406 32711 26354
2755 7956 28995 2062 9590 4859 17601 14015 14379 26054 4054 4134 2796
2756 397 2017 13205 4056 142 1377 2229 252 32318 2043 2057 2224 2240 464 4054 2083 33292 5893 895 896 18521 10109 2398 10110 4729 26052 6176 12877 472 4735 2392 2393 2394 899 2678 339 4494 447 26054 2792 5002 7672 6637 7673 5821 3097 3090 16440 17564 3089 7863 1415 251 28835 13085 5704 17012 28836 31525 28839 28838 27697 28843 28840 28842 12068 1272 1374 6504 2223 2799 7231
2757 2780 3381 1061 4158 131 704 2732 10808 7617 13964 24333 32535 5728 33303 157
2758 2720 4846 28562 2229 1600 474 21414 28340 10094 11715 2231 32723
2759 6464 3392 2613 7535 2026 11888 10103 15720 464 476 457 16038 7467 11903 2074 1855 10489 7540 14377 2033 12088 326 33293 10589 248 19704 25060 26432
2760 21406 1635 147 4491 8954 158 5840 31609 11433 7654 2087 151 3350 2079 131 447 2240 1374 8364
2761 7652 20822 4108 8831 7577 7594 8930 3346 5886 2037 7037 4116
2762 25409 20400 18415 22849 19592 24268 18797 18783 20327 18665 21742 31649 32955 19377 22110 21253
2763 30322 32620 26406 32579 24033 32382 22872 32386 23488 24030 19586 33128 24091 32379 32378 20496 31838 24347 24348 31888 32066 18051 24239 22863 26727 32025 29199 22851 24066 31894 22867 21010 32367 29831 22426 24055 28957 31558 30247 25117
2764 26483 23233 7028 12382 1855 31096 8112 9789 4112 10459 19035 6143 680 11294 2079 29779 32587 7031 306 339 147 151 1294 11292 6163 6479 248 22957
2765 25631 29526 1106 2235 3302 3308 3293 987 15933 164 3298 5558 10054 1087 4073 7160
2766 9538 6601 9515 53 51 73 11735 9562
2767 5161 12106 28566 8358 30683 8059 12186 12107 12070 9789 10575 5665 29203 6125 993 5520 992 3280 19933 29283 9775
2768 26267 28624 24981 26261 25261 24982 24992 25005 27183 27806 4691 8494 4679 15554 8715 4423 15560 624 13238
2769 1576 12858 12943 487 505 1548 32602 11523 628 1343 7307 203 14477 1321 1314 10740 11543 31690 20652 29469 11383 10609 4598 10876 1336 204 1347 1342 1341 7929 1153 23495 1119 25377 14506 4636 4871 11556 1370 30188
2770 25960 19167 12515 3016 3656 1651 10884 20658 3655 15139 610 23126
2771 24281 25153 30791 19065 19633 18623 19067 33180 19548 27476 24464 27953 23589 33029 17769 18073
2772 18065 22126 24375 21542 20237 18383 20311 18392 23368 19002 32011 22206
2773 20196 24530 20771 19256 19888 23482 23035 24068 23955 26320 22674 24047 19548 23670 23671 19734 22379 19558 18930 21069 19301 21209 21265 24621 20181 18371
2774 1392 28247 9599 2280 447 2731 30702 6531 193 209 476 31535
2775 2846 2378 116 19042 13466 32640 1061 28419 8112 22903 9792 993
2776 11433 3401 1859 2092 10491 2240 5381 1441
2777 19223 18967 24620 18415 18612 17406 32506 20997 19496 18885 23132 19915
2778 18065 28482 17722 24789 23366 18852 18781 19240 21006 27298 17770
2779 4668 22721 16451 20939 18721 16605 31736 31735
2780 28372 12897 19434 22013 31306 6671 17577 17578 6447
2781 13492 11344 24759 25638 7420 14261 4410 4390 22977 10361 21434 17966
2782 5819 3147 5591 7130 32432 4016 3158 1279
2783 19005 23008 20205 21066 19767 22773 21073 33162 30550 19199
2784 18986 28377 22192 22347 27638 25918 20588 27089 32823 25402
2785 26607 23981 10643 31279 33066 10639 13315 33127
2786 24227 18065 18938 19548 33255 22135 33305 18050 31373 25462 18051 8311
2787 19595 31389 24024 24831 29199 31151 30688 33201
2788 21284 18983 19049 27295 23482 23615 20272 20206 21008 18904 23788 18873 23614 21873 10495
2789 27857 15532 27927 17511 15536 13077 30727 25452 21785 24899
2790 31263 32566 31356 31967 32901 32364 10654 10641 11378 31404 32643 31018 31423
2791 29350 22806 24033 24885 26719 23965 29064 29947 24381 29454 29458 26001 22847 21022 18051 24343 22808 20506 24089 33155 33095 29273 28491 32012 22867 31833 21023 26507 28494 32685 20496 20501 24347 21912 31495 22816 33170 22812 20050 22849 21021 25608 25175 23130 20553 22110 31677 22346 18986 29829 21024 31034 19593 24061 24090 23488 22843 25118 22818 19549 20086 22880 22842 24020 20487 21010 20505 21020 25612 19548 32384 33165 32386 24094 33265 22877 23019
2792 18665 18664 21422 21578 21602 18805 21929 17770
2793 29511 22204 29508 18876 22285 23069 27748 20683 18953 9402 19150 18809 22068 23378 29732 23376 27621 19547 22303 19272
2794 25341 31887 24311 23550 25339 19508 16507 27657 21669 22047 23551 23556
2795 3131 29764 4626 28414 27929 7954 32217 16831 16827 33080 5640 87
2796 12476 21381 17061 6195 7298 18700 14822 5985 2105 2378
2797 15696 21528 12 17587 121 795 20865 120 117 8468 9046 801 9087 10706 26827 11459 4206 13450 11182
2798 32194 5710 4062 6100 12168 32534 25628 116 4413 18704 7755 18702 6576 5506 993 5520 5514 992 5515
2799 20373 19423 20215 18814 18755 19311 7701 24649
2800 33270 18677 8715 15336 8699 16001 25589 29070 16134 14418 12974 8706 29067 8708 19522 8702 26804 8473
2801 28330 9830 9414 14720 15868 9831 11922 9366
2802 14394 8057 8990 11278 7634 4105 7536 7560 7028 15801 31934 373 15120
2803 10682 22500 2403 552 2441 4096 28674 5136 4567 17129 22035 32773 16664 14738 16032
2804 16204 25383 15336 17197 1284 7436 4598 1498
2805 7989 4948 735 29593 2279 16885 6692 539 581 28000 33273 28004 11403 24550 30443 17337 27984
2806 1658 9021 9020 12530 1553 11327 12342 805 28461 3053 3048 12748 30581 3605 1731 3700 9963 13588 10838 14211 9580 25742 824 2880 13167 9908 807 1661 12573 9909 1736 11158 3046 2887 6586 3013 18432
2807 16484 1473 1470 2279 2711 2174 13276 2173 13341 2627 15090
2808 28746 10639 29701 11372 11373 10620 11378 32850 32724
2809 20177 18370 18381 19548 22736 33044 25606 22771 28206 18358 20051
2810 11818 16838 10581 12139 22032 11817 8112 251 252 11708 29150 20825 7741 29836 8349 22899 20834 28557 8971 5686 13489
2811 24906 13679 13717 25952 31886 13674 13692 17828
2812 18833 20720 32903 23625 20028 21872 20756 18417 18413 30026 20973 18902 21571
2813 10283 31045 11738 31046 22513 3762 19862 22279 22276 22512 17833 29440 42 24435 17053 17067 17041 12375
2814 25904 19674 8552 8557 17653 20453 8581 140
2815 6784 374 9233 3847 860 26039 22411 22410
2816 24836 25345 19647 22039 31865 26395 33221 17485
2817 18415 21067 21478 26076 19912 22344 28469 21086 18665 18338
2818 8092 16215 13137 14725 9025 21800 9024 26161 24926 32029 6573 2105 17690 3247
2819 23143 20504 20082 21010 22817 29199 26613 32789 28957 32374 24053 25104
2820 12458 30950 28742 30942 32828 31278 32742 33222 33048 10639 32840 31202 26587
2821 5559 4133 3328 5507 5508 5518 992 3280 5520 5506
2822 28595 28551 30303 18665 33214 31492 20050 8313 28497 20929 25160 29259 19588 22849 22808
2823 31248 13692 11237 16583 6904 14924 10361 12935 735 723 2138 16928 1716 4594 1731 3517
2824 14498 1115 26837 12215 20652 7444 1154 20021 4871 2993 2858 628
2825 29356 24160 24296 25287 24163 24404 32480 5692 24295 27260 5693 17283 17273 17280 17282 23990 3336 23996
2826 1334 4814 7393 21497 20652 27583 23115 3426 16603 3206 3216 223 2398 4729 4726 4730 4728 10780 3212 4725 4724 4723 4722 894 4721 4727 13594 3208 32031 2392 2393 2394 892 10111 2396 10112 13607 2397 13608 2395 899 1359 218 188 3827 210 193 192 10620 22676 21068 29728 31978
2827 463 2317 2727 5381 33020 9586 1374 5874 1932 1941 8504 2070 20942 2280 8106 5665 21678 474 16841 5686 5959 2206 5520 31504 993 5458 4484
2828 6903 11130 22472 3076 2105 3239 3249 30342 6577
2829 213 211 193 219 207 23498 3847 7956 21829 12550 27118 27944 22705 7204 624 2708 1359 797 31066
2830 31721 24793 27076 21012 23057 30796 21463 28189
2831 22674 19897 32578 24893 24644 18756 19472 18065
2832 21709 30808 27505 18064 20694 18065 20304 22736 26505 31201 25843 22674
2833 31199 21524 19309 19300 20683 22161 19311 29737 25796 20740 25897 29738 18065 10499 32128 29735
2834 20607 26033 18847 29858 19205 26973 27882 9399
2835 27146 20898 9081 425 9087 16560 20906 22403 12648 20154 8260 9060 121 440 21950
2836 18138 19863 31659 18566 30426 25168 28194 23039 32381 19548 21231 33003
2837 1186 4024 226 10281 9233 17015 15095 5506
2838 2100 5999 8493 4191 624 2286 1616 4904
2839 18744 18999 33162 32442 23638 19423 19250 19188 20628 20286 20073 27827 20625 19208 18735 18730 32626 20788 20740 19215 23931 14713 26995 20412 20400 20093 31713 19216 24320 18383 19223 31170
2840 27563 18733 23140 18852 24626 19142 19556 18385 18813
2841 5818 16803 15326 6640 5623 7886 7861 3959 3168 25443 7891 3089 12933 32682 33191 26059
2842 9163 13737 3076 98 2412 4495 24111 16880 8249
2843 11259 14521 23871 1372 23431 11462 10718 12900 22013 12895 6672 1358 860 4912 29389 31560 2196 2192 628 19395 12874 14574 7312 26894 14132
2844 17706 17997 5133 18281 17700 11743 17702 24576 10004 17703 20436 18438 3009 18280 19154 10014 21341
2845 12934 4132 5183 5711 4007 7942 32544 10246 9232 13949 1185 5813 1232
2846 25656 1419 2280 32317 6466 5052 25060 28565 13894 18711 19704 14386 20818 2795 3392 4855
2847 2966 3547 10141 32401 6785 29243 28082 1539 546 1567 13127 32519 1551 614 1541 28908 559 384 9899 17048
2848 20252 20978 18383 28202 19223 20259 18982 22313 20261 18065 20591 23133 20075 18691 20403 29841 25610 21143 21145 20276 18979 18066 21251 23657 32626 28136 19448 23453
2849 19050 19488 14714 30186 18746 22559 33266 21929 27086 27954 24674 19053 27771 19386 33296 20967 19459
2850 31163 20675 26908 25928 23376 23074 29079 27884 25145 31699 19057 28714 28888 20034 29080 33039
2851 13020 13019 4302 13018 5997 4282 10425 4337 4281 14273 14276 10435 14281 14279 16932 14119 4256 14272 14270 4332 14289 4325 5992 4498 10433 14118 14120 10434 4247 4326 4244 32061 4523 4520 6005 3249 14115 4304 14095
2852 448 2061 8938 28266 8369 1438 2731 13479 11709 1415 8361 19963 2033 2791 7553 14396
2853 575 2697 11489 11046 8080 478 11037 25633 14111
2854 10965 8217 14036 29180 9173 3793 9165 16043 14125 28983 2279
2855 18065 19224 14714 32280 18815 20741 33237 33299
2856 18339 18368 28645 26633 24825 22652 19899 24827 27617
2857 19530 1498 12225 22233 6275 2890 12751 1616 5389 11037 8080 11058 28460 460 932 12333 2378 2679 5767
2858 21097 30535 18562 25890 32646 17416 25137 25121
2859 1491 17614 1146 2188 86 87 17025 5597 23738 6087 18662 14221 10906 1459
2860 29805 31086 23150 23149 24592 24591 23152 22597
2861 7201 27522 14125 14784 22956 14084 14083 26130 11048 21356
2862 30578 32652 15766 6426 2297 3808 193 6531 210 4879 3827 11115 189 4880 15219
2863 7103 13 6995 11171 25206 7750 7092 11193
2864 1084 27053 6833 13876 28894 15164 28585 16375 21407 12999 6843 16441 86 5079 5835 7939 993 5506 32295 992 3280 5520 5513 5514 5515 5517 5516 33228 3270 32301 32297 5507 5510 5971 32298 32302 32304 32305 32306 3282 5969 3273 5509 313 33242 5973 3264 3286 3285 3284 32627 3265 3328
2865 16753 18531 31065 16748 16749 23518 1025 16570
2866 25332 30707 32653 15988 14854 16069 28355 23336 16063 23563 15984 32310 19326 27078
2867 22858 18564 20082 29262 8325 28873 32437 22329
2868 23557 17484 20232 17485 28487 26395 33221 33000 16508 25431 27657 27656
2869 21431 30026 20997 10497 21218 19184 28595 20373 20389
2870 16027 12800 7101 31544 33246 33247 19089 11444 10620 21619 1021 116 10123 16817 16293 476 5485 23531 33263 5484 2972 8832 8830 3403 15808 15654 11863 32951 15730 30224 26365 15721 15116 27939 31641 7631 26370 23916 7467 11821 15520 26371 17656 7684
2871 11846 27833 33189 39 7761 13440 13415 13416 41 13420 11756 6985 7750 6995 23 25075 9174 26 21526 13 21985 12 14134 29
2872 7196 1037 172 26238 7164 3310 5629 1040
2873 26354 32716 32525 26345 26356 27450 32931 30391
2874 13222 3875 28060 17487 32242 117 414 413 8468 9051 9054 9052 9042 18657 9057 9050 9049 9058 422 801 9046 9087 22555 9056 3223 15050 20870 404 16284 20865 122 14413 20877 408 441 126 10856 20853 10854 20844 20845 432 22547 26666 16694 429 431 16700 25024 426 20849 9066 27155 5946 436 20936 30961 19614 20937 21642 434 15628
2875 15977 32837 26939 31223 31648 32439 32895 29745 32898 32793 32896 28069 11374 11378 31942
2876 18051 19548 25619 20050 23020 25118 23021 29252
2877 7926 7562 32857 10560 14617 20835 33114 2231
2878 26356 27388 33227 25860 32713 27454 27389 32711 32709 27390 26354 26355
2879 32666 29809 22586 31475 31473 24604 24602 29844 29422
2880 31073 15343 5086 32913 1009 1063 13063 6243
2881 8071 7990 13357 8013 13187 8010 27608 16622 15239 10726
2882 17690 23858 22974 2102 21809 2105 1616 2874 32246
2883 25419 17424 29544 24655 32637 32835 15968 31941 29712 31292 32223 31569
2884 5955 16880 20959 20958 15783 15784 15785 19125 27800
2885 33157 3764 29436 14690 7444 7443 2387 7448 7450 22443 7447 18892 7451 7441 14533 4639 4640 4641 9465 14470 4658 1321 10742 4638
2886 24255 33298 25119 21896 8311 33238 19548 7701
2887 21010 19595 26007 29581 21019 20209 29186 8314 33285 33256 33090 29249
2888 29707 32224 13322 27195 29038 31225 31565 32223
2889 23248 26141 24548 7999 14805 1820 11024 23734 23776 733 734 1447
2890 30310 8650 13623 29496 22726 16012 10110 13611 30029
2891 6074 860 10296 10297 17500 24451 10298 6720 2889 9545 10303 9548 31624 31632 31625 31761 16508 21669
2892 23218 18064 30810 19739 27090 19729 19223 19479 20406 28719 20537 21438 7707 7706 7697 28508 19870 18402 21207 19222 22618 20057 20586 18792 22678 18396 19742
2893 9160 13736 1616 4986 19930 244 5031 14443 1884 710 6047 23490 1865 3116 4161 8118 145 15512 699 32722 2772 32615 2280
2894 28495 18051 22164 21896 32522 18409 17742 19548 25689 18415 18065 20036
2895 31125 20420 29120 25821 20682 29121 22079 32267 29898 29119
2896 18057 28872 20510 17420 7701 23400 17896 17713 23304
2897 19303 19465 19457 14714 19458 22779 23443 22766 17772
2898 10154 2999 24929 13906 22627 9079 15616 13301
2899 4694 15554 4693 12408 31897 1021 16888 10042 3847 3888 1358
2900 17603 2376 1492 175 3314 7832 4155 330 251 13083 2760
2901 7693 750 2378 17076 860 6720 10296 9173 3793 13366
2902 9101 21268 11209 9856 14840 8639 9823 9270
2903 11381 17056 32509 32505 10551 4871 18189 1358
2904 26367 1386 1387 533 1390 19700 29560 16839 13958 21681 9788 4052 19931 15654
2905 15964 11718 11938 12564 25247 2921 11505 3885 2380 5987 2279
2906 2847 6721 11451 15173 10212 33130 7402 32759 7310 1317 4636 3407 3417 23905 7013 21807
2907 28644 22163 22185 33119 22164 22324 19595 26617
2908 899 888 901 10776 31517 32398 10705 17290 11381 861 30092 28052 17540 25686 9386 2902 4322 4506 21412 2105 30409 7432 24450 4975 860
2909 2999 9079 871 972 3672 3036 13302 26760
2910 30991 4945 14330 14328 4943 1821 16625 8071 28091 17361 30948 30680 1818 8012 30198 8011 13025 1817 1449 731 7991 723 11017 11004 7292 7998 24559 13029 730 6346 1816 32136 728 1190 31436 13901 17358 4321 16051 19581 12512 29278 11525 2279
2911 28431 423 21948 117 424 22551 16282 16717 419 33030 22553 21946 121
2912 25434 20221 10499 32015 19913 19895 25825 20074 19313 20188 20280 19249 18794 21609 30732 21472
2913 32377 32946 24255 20923 33151 27545 32315 19897 32017 33288 24081 33154 20966
2914 26614 21514 25136 17400 33260 21279 25134 28215 30174
2915 26628 3237 14894 25 10673 31617 3236 20798 26625 15952
2916 28612 32622 24626 18335 18835 30795 18967 33294 21221 19222 18333
2917 2105 30591 26550 4307 3239 2907 4369 4365
2918 16579 33059 17996 441 404 3869 209 3834 26931 4783 860 29651
2919 13365 33202 25042 29621 2934 2279 3584 781 508 2935 2415
2920 18691 32577 19140 31550 31549 20794 18998 27092 28420 32214 25315 17763 20310 19000 22697 27093 26401 22193 18810 23000 32253 23886 19227 22294 19298 18821 19305 30085 27109 9402 20627 22078 18911 33139 20302 30613 18842 20607 19905 9399 32966 32580 23015 28110 21602 27094 18992 27142 19496 21200 20372 19283
2921 31015 31238 32867 31261 31258 31965 31378 31014
2922 2873 2872 12340 13226 6648 2841 6652 6663
2923 30105 8246 22705 28915 15850 27118 19832 6580 6654
2924 16 33 9197 24256 10069 23338 14137 4205
2925 23166 23156 28308 22600 22613 28301 31473 24610 30561 31449 23113 29426 29425 31963
2926 18065 21891 22826 28499 24053 31831 26464 22324 19548 30638 30305 17398 8311 19384
2927 4168 15732 11408 20823 2030 16022 17382 32462 9813
2928 3346 8902 32083 7683 158 4105 10103 443 8359 8364 156 33263 5708 30999 16424 5451 8281
2929 18715 11076 14114 2378 16586 10983 2379 24173
2930 13917 11134 17957 13925 26678 13932 25091 25089
2931 30008 19165 16901 17849 4392 4234 4389 23250 4365 2846 226 476 5484 13489 251 2025 29280 7478 27818 2230 1258
2932 4054 26054 3352 11801 2792 3400 158 2807 131 6335 251 706 476 32737 1855 10771 1415 11715 1635 4180 1410 7662 1441 1249 26048 31183 256 257 258 259 260
2933 11909 5547 14657 26815 10049 624 8485 1359
2934 4433 15263 15264 8616 4581 11776 11496 5809 3061 6223 8048 21380 13490 3975
2935 25826 32719 31753 25827 28410 23195 30794 18832
2936 19371 22196 20639 19392 20182 32580 21731 21065 7698 14714 20310 19745
2937 18941 24655 22110 20036 18065 32933 9398 22574
2938 6500 2747 21680 29857 6144 15800 10453 11826
2939 11409 27304 4847 89 682 151 7735 9594 32650 1599 1932 32723
2940 18289 20434 17995 18313 18262 9989 18246 18265
2941 20980 26727 31896 20085 32189 22849 22164 32269
2942 20077 24064 30025 30588 20086 32485 23030 33109
2943 20580 17772 28179 19226 18962 18821 22084 18065 21004 20651 32409 20783
2944 4871 1323 1495 14562 1358 624 6744 6739 1616 8583 28393 33177
2945 157 2124 11436 8374 1438 4865 668 1901 3124 2218 27578 4154 31530 473 1918 706 24179 266 676 2732 2266 11433 14446 238 371 1268 2231 366 19706
2946 143 7542 23916 9788 15123 8908 7598 17784 15731 7597 7600 33308
2947 20929 29254 15045 24066 24092 19851 8317 32925
2948 33146 1263 8849 2265 30979 8372 8510 5893 8968 9812 361 2078 454 2797 1264 27579 1158 8370 12096 29009 3292 993 32297 3280 992 5520 32301 32302 5518 32304 33228 5506 5507 5508 5509 5510
2949 5795 7158 25629 10031 1021 490 27297 116
2950 22863 21021 31832 20500 32621 24638 19630 24656
2951 26263 28050 1025 18535 4419 9038 5946 18538 16771
2952 4711 4710 4715 4712 4713 4714 4709 4708
2953 7965 7897 980 277 5179 10906 12362 6091
2954 1130 134 1037 1519 6123 6109 29525 22456 6111 23678 12087 993 992 5520 3280 32300 5506 5513 5514
2955 31188 5680 8368 8897 8500 1294 251 5881
2956 23445 31299 18140 33046 29738 20681 29734 18379 29737 33074 20760 20759 26032 19186 30184
2957 9260 11694 29916 9839 9261 9130 4950 8735 8733 9593
2958 19223 29104 18402 22574 22559 19299 22207 19880 9399 19050 14714
2959 581 585 539 3529 487 17525 2654 27972
2960 30345 20752 20766 28549 33010 19468 20417 29550 19477 20776
2961 9899 14066 12968 3773 378 379 8062 5783 5738 2632 6560 21996 3770 2715 26230 874 2279 6938 7260 16864 10824 19080 13865 3532 3566
2962 32955 22674 21898 22841 19595 20923 21883 33092
2963 9790 28846 251 28836 21678 31525 28839 28840 28838 8115 27346 26840 17070 31996 20425 33153 20823 9799 30754 22265 476 30981
2964 24567 28268 13731 32150 24678 14816 18164 14817 14818 13557 18163 5389 12771 6815 4903 735 27731 16259 32657 24559 7292 7998 13029 6346 15701 734 1616
2965 8292 8293 28458 3300 29669 15415 15446 28109 5963 2347 10117 26241 25971 24120 12170 15685 8022 4739 7833 8031 6103 1050 20108 12620 2005 20107 15096 2294 17604 17616 2316 13528 13108 28153 19502 10692 15097 17615 14219 7020 15404 17611 21161 17593 21162 1515 1484 17031 7802 1459 3929 1969 5494 21182 2001 21181 1494 3930 31972 5493 22458 18503 1099 1035 2365 5569 9641 1076 18659 173 33209 1010 1228 8420 9640 11584 5964 8419 9225 18213 26233 20121 7879 4121 13944 13526 20122 1008 1040 982 983 15689 15687 6110 15403 13708 26116 5043 27231 5496 2373 30802 13531 28820 30332 29935 14230 4793 14225 14231 11328 26244 2011 22960 1141 32086 1081 7166 1165 1446 1157 976 5039 17028 5061 18501 3260 7780 21164 4037 7928 5083 17664 3263 15408 25965 6248 19501 6268 19504 1022 5063 26151 3360 6263 1132 1042 3266 33019 984 5562 3268 3271 3277 5517 5970 3365
2966 27871 21565 19223 27098 22313 22772 18747 21045
2967 4615 13949 9232 7946 300 13946 7896 28241 6641 3107 30131 3900
2968 899 4635 476 4158 10492 31183 10805 14398
2969 9140 9268 9270 9355 9357 8639 9356 9317 8634
2970 29355 24696 14712 13682 24686 13693 24707 24700 27767 22331 26584 13688 28512 24697 27755
2971 5399 5379 5396 13242 26609 32820 32825 32635 32927 33077 30874 31873 28198 10640 23981 33222 31277 30952 31875 31981 24484 31278 32923 31276 32992 31570 31279 27207 30916 27893 19051 32850 27210 30546 30378 31291 26593 31292 29461 30558 30915 26601 32224 29038 29710 27892 32976 31293
2972 20609 27312 33043 22202 20038 20052 9400 18065 18755 17772 30620 32510 24625 22766 14714 30907 18401 24538 23319 17719
2973 5287 5298 12679 5218 5263 12027 5271 22424 22913 12038 5268 24413 22912
2974 31436 7293 31787 1450 7809 7811 1449 723 1816 1189 4938 32230 1812 33272 1813 6344 5408 8071 731 13025 8011 1799
2975 10962 13587 11486 11510 11152 2156 11480 1764 460 739 11154
2976 28045 3239 3248 4278 4511 3249 14263 14264 33088 14115
2977 10347 6677 31345 624 6910 2250 1641 2279 226
2978 4853 31183 32342 2030 27698 5696 28024 24455 1438 14387 13134
2979 19117 17468 28511 19118 17481 31039 8583 16509 6628 21669
2980 26001 28646 22816 21010 26507 21016 32411 24056
2981 17968 3360 1016 1132 22222 7880 8241 5644
2982 32298 3272 5513 32295 32301 33228 3282 314 5509 32306 32299 5519 3273 5971 5511 32302
2983 9228 15414 5037 1186 1997 5004 6120 98 2617 2846 4369
2984 29105 22369 32556 20590 33310 21848 32409 22776 18821 33163 22568 20804 21605 19009 22166 20972 23615 24319 23631 20295 27624 19422 20296 22308 22153 22283 22084 18065 25147 20580 19271 23573 23620 23613
