org_id remap_id
0 0
2 1
3 2
4 3
5 4
6 5
7 6
8 7
9 8
10 9
11 10
12 11
13 12
14 13
15 14
16 15
17 16
18 17
19 18
20 19
21 20
22 21
24 22
25 23
26 24
27 25
28 26
29 27
30 28
31 29
32 30
33 31
34 32
36 33
37 34
38 35
39 36
40 37
41 38
42 39
45 40
46 41
47 42
48 43
49 44
50 45
51 46
52 47
53 48
55 49
56 50
57 51
58 52
59 53
60 54
61 55
62 56
63 57
65 58
66 59
67 60
68 61
69 62
71 63
72 64
73 65
75 66
76 67
77 68
78 69
79 70
80 71
81 72
82 73
83 74
84 75
85 76
86 77
87 78
88 79
89 80
90 81
91 82
92 83
93 84
94 85
95 86
96 87
97 88
98 89
100 90
102 91
103 92
104 93
105 94
106 95
107 96
108 97
109 98
110 99
111 100
112 101
113 102
114 103
115 104
116 105
117 106
118 107
120 108
121 109
122 110
123 111
125 112
128 113
130 114
131 115
132 116
133 117
134 118
135 119
136 120
139 121
140 122
141 123
142 124
143 125
144 126
145 127
146 128
147 129
148 130
149 131
150 132
151 133
152 134
153 135
154 136
155 137
156 138
157 139
158 140
160 141
162 142
164 143
165 144
167 145
168 146
169 147
170 148
171 149
174 150
175 151
176 152
177 153
178 154
180 155
181 156
183 157
184 158
186 159
189 160
190 161
191 162
192 163
194 164
195 165
198 166
199 167
200 168
201 169
202 170
204 171
205 172
206 173
208 174
210 175
211 176
213 177
214 178
215 179
216 180
217 181
218 182
219 183
220 184
221 185
222 186
223 187
225 188
226 189
227 190
228 191
229 192
230 193
231 194
232 195
233 196
234 197
236 198
238 199
239 200
240 201
241 202
242 203
243 204
244 205
245 206
247 207
248 208
249 209
251 210
252 211
253 212
255 213
256 214
257 215
258 216
259 217
260 218
261 219
262 220
266 221
267 222
268 223
269 224
270 225
271 226
272 227
273 228
274 229
275 230
276 231
277 232
278 233
279 234
280 235
281 236
282 237
283 238
284 239
286 240
289 241
290 242
291 243
292 244
293 245
294 246
295 247
296 248
297 249
298 250
299 251
300 252
302 253
303 254
304 255
305 256
306 257
307 258
308 259
309 260
310 261
311 262
312 263
313 264
314 265
315 266
318 267
319 268
322 269
323 270
324 271
325 272
326 273
327 274
328 275
329 276
330 277
333 278
334 279
335 280
336 281
337 282
338 283
339 284
340 285
341 286
343 287
344 288
345 289
347 290
348 291
349 292
351 293
352 294
353 295
354 296
355 297
356 298
357 299
359 300
361 301
362 302
363 303
364 304
365 305
366 306
367 307
368 308
369 309
370 310
372 311
373 312
374 313
375 314
376 315
377 316
378 317
379 318
380 319
381 320
382 321
383 322
384 323
386 324
387 325
388 326
390 327
392 328
393 329
394 330
395 331
396 332
398 333
399 334
400 335
401 336
402 337
403 338
404 339
406 340
407 341
408 342
409 343
410 344
411 345
414 346
415 347
416 348
417 349
418 350
419 351
420 352
421 353
422 354
423 355
424 356
425 357
426 358
427 359
428 360
429 361
430 362
431 363
432 364
434 365
435 366
436 367
437 368
438 369
439 370
440 371
441 372
443 373
444 374
445 375
447 376
448 377
449 378
450 379
451 380
452 381
453 382
456 383
457 384
458 385
459 386
460 387
461 388
463 389
464 390
465 391
466 392
467 393
468 394
469 395
470 396
471 397
472 398
473 399
474 400
475 401
476 402
477 403
479 404
480 405
481 406
484 407
485 408
486 409
487 410
490 411
491 412
495 413
496 414
497 415
498 416
499 417
500 418
501 419
503 420
504 421
505 422
506 423
507 424
508 425
509 426
510 427
511 428
512 429
513 430
514 431
515 432
516 433
517 434
518 435
520 436
521 437
526 438
528 439
529 440
530 441
531 442
532 443
534 444
535 445
536 446
537 447
538 448
539 449
541 450
542 451
543 452
545 453
546 454
548 455
549 456
551 457
552 458
553 459
554 460
555 461
556 462
557 463
558 464
560 465
561 466
562 467
563 468
565 469
566 470
567 471
568 472
569 473
570 474
571 475
572 476
573 477
574 478
575 479
576 480
577 481
578 482
579 483
580 484
581 485
582 486
583 487
585 488
586 489
587 490
588 491
589 492
590 493
591 494
592 495
593 496
594 497
595 498
596 499
597 500
598 501
600 502
601 503
602 504
603 505
604 506
606 507
607 508
608 509
609 510
610 511
612 512
613 513
614 514
615 515
616 516
617 517
618 518
619 519
620 520
621 521
622 522
623 523
624 524
625 525
626 526
628 527
629 528
630 529
631 530
632 531
633 532
635 533
636 534
637 535
638 536
639 537
640 538
641 539
642 540
643 541
644 542
645 543
646 544
647 545
648 546
649 547
650 548
651 549
652 550
653 551
654 552
655 553
656 554
657 555
658 556
659 557
660 558
661 559
662 560
663 561
664 562
665 563
666 564
667 565
668 566
669 567
670 568
671 569
672 570
673 571
674 572
675 573
676 574
678 575
679 576
681 577
683 578
684 579
685 580
687 581
688 582
689 583
690 584
691 585
692 586
693 587
694 588
695 589
696 590
697 591
698 592
699 593
700 594
701 595
703 596
704 597
705 598
706 599
707 600
708 601
709 602
710 603
711 604
712 605
713 606
714 607
715 608
716 609
717 610
718 611
719 612
720 613
721 614
722 615
723 616
724 617
725 618
726 619
727 620
728 621
729 622
730 623
731 624
732 625
733 626
734 627
735 628
736 629
737 630
738 631
739 632
740 633
741 634
742 635
743 636
744 637
745 638
746 639
748 640
749 641
750 642
751 643
752 644
753 645
754 646
755 647
756 648
757 649
758 650
759 651
760 652
761 653
762 654
763 655
764 656
765 657
766 658
767 659
768 660
769 661
770 662
771 663
772 664
773 665
774 666
775 667
776 668
777 669
778 670
779 671
780 672
781 673
782 674
783 675
784 676
785 677
786 678
787 679
788 680
789 681
790 682
791 683
792 684
793 685
794 686
795 687
796 688
797 689
798 690
799 691
800 692
801 693
802 694
803 695
804 696
805 697
806 698
807 699
809 700
810 701
811 702
812 703
813 704
814 705
815 706
816 707
817 708
818 709
819 710
820 711
821 712
822 713
823 714
824 715
825 716
826 717
827 718
828 719
829 720
830 721
831 722
834 723
835 724
836 725
837 726
838 727
839 728
840 729
841 730
842 731
843 732
844 733
845 734
846 735
847 736
848 737
849 738
850 739
851 740
852 741
853 742
854 743
855 744
857 745
858 746
859 747
860 748
861 749
862 750
863 751
865 752
866 753
867 754
868 755
869 756
870 757
871 758
872 759
873 760
874 761
875 762
876 763
877 764
878 765
879 766
880 767
881 768
882 769
883 770
884 771
885 772
886 773
887 774
888 775
890 776
891 777
892 778
893 779
894 780
895 781
896 782
897 783
898 784
899 785
900 786
901 787
902 788
903 789
904 790
905 791
906 792
907 793
908 794
909 795
910 796
911 797
912 798
913 799
914 800
915 801
917 802
918 803
919 804
920 805
921 806
922 807
923 808
924 809
925 810
926 811
927 812
928 813
929 814
930 815
931 816
932 817
936 818
938 819
940 820
941 821
943 822
944 823
946 824
947 825
948 826
949 827
951 828
952 829
953 830
954 831
955 832
956 833
957 834
958 835
959 836
960 837
962 838
965 839
966 840
967 841
968 842
969 843
970 844
971 845
972 846
973 847
974 848
975 849
976 850
977 851
978 852
979 853
980 854
981 855
982 856
983 857
984 858
985 859
986 860
987 861
988 862
989 863
990 864
991 865
992 866
993 867
994 868
995 869
996 870
997 871
998 872
999 873
1000 874
1001 875
1002 876
1003 877
1004 878
1005 879
1006 880
1007 881
1008 882
1009 883
1010 884
1011 885
1012 886
1013 887
1014 888
1015 889
1016 890
1017 891
1018 892
1019 893
1020 894
1021 895
1022 896
1023 897
1024 898
1025 899
1027 900
1028 901
1029 902
1030 903
1031 904
1032 905
1033 906
1034 907
1035 908
1036 909
1037 910
1038 911
1039 912
1040 913
1041 914
1042 915
1043 916
1044 917
1045 918
1046 919
1048 920
1049 921
1050 922
1051 923
1052 924
1053 925
1054 926
1055 927
1056 928
1057 929
1058 930
1059 931
1060 932
1061 933
1062 934
1063 935
1064 936
1065 937
1066 938
1067 939
1068 940
1069 941
1070 942
1071 943
1072 944
1073 945
1075 946
1076 947
1077 948
1078 949
1080 950
1083 951
1084 952
1085 953
1086 954
1087 955
1088 956
1089 957
1090 958
1091 959
1092 960
1093 961
1094 962
1095 963
1096 964
1097 965
1098 966
1099 967
1100 968
1101 969
1102 970
1103 971
1104 972
1105 973
1106 974
1107 975
1108 976
1109 977
1110 978
1111 979
1112 980
1113 981
1114 982
1115 983
1116 984
1117 985
1118 986
1119 987
1121 988
1122 989
1123 990
1124 991
1126 992
1127 993
1128 994
1129 995
1130 996
1132 997
1133 998
1134 999
1135 1000
1136 1001
1137 1002
1138 1003
1139 1004
1140 1005
1141 1006
1142 1007
1143 1008
1144 1009
1145 1010
1146 1011
1147 1012
1148 1013
1149 1014
1151 1015
1152 1016
1153 1017
1154 1018
1155 1019
1156 1020
1157 1021
1158 1022
1161 1023
1162 1024
1163 1025
1164 1026
1165 1027
1166 1028
1167 1029
1168 1030
1169 1031
1170 1032
1171 1033
1172 1034
1173 1035
1174 1036
1175 1037
1176 1038
1177 1039
1178 1040
1179 1041
1180 1042
1181 1043
1182 1044
1183 1045
1184 1046
1185 1047
1186 1048
1187 1049
1188 1050
1189 1051
1190 1052
1191 1053
1192 1054
1193 1055
1194 1056
1195 1057
1196 1058
1198 1059
1199 1060
1200 1061
1201 1062
1202 1063
1203 1064
1204 1065
1206 1066
1207 1067
1208 1068
1209 1069
1210 1070
1211 1071
1212 1072
1213 1073
1214 1074
1215 1075
1216 1076
1217 1077
1218 1078
1219 1079
1220 1080
1221 1081
1222 1082
1223 1083
1224 1084
1225 1085
1226 1086
1227 1087
1228 1088
1229 1089
1230 1090
1231 1091
1232 1092
1235 1093
1236 1094
1238 1095
1239 1096
1240 1097
1241 1098
1242 1099
1243 1100
1244 1101
1245 1102
1246 1103
1247 1104
1248 1105
1249 1106
1250 1107
1251 1108
1252 1109
1253 1110
1254 1111
1255 1112
1256 1113
1257 1114
1258 1115
1259 1116
1260 1117
1261 1118
1262 1119
1263 1120
1264 1121
1265 1122
1266 1123
1267 1124
1268 1125
1269 1126
1270 1127
1271 1128
1272 1129
1273 1130
1274 1131
1275 1132
1276 1133
1277 1134
1278 1135
1279 1136
1280 1137
1281 1138
1282 1139
1283 1140
1284 1141
1285 1142
1286 1143
1287 1144
1288 1145
1289 1146
1290 1147
1291 1148
1293 1149
1294 1150
1296 1151
1297 1152
1298 1153
1299 1154
1301 1155
1302 1156
1303 1157
1304 1158
1305 1159
1306 1160
1307 1161
1309 1162
1310 1163
1311 1164
1312 1165
1313 1166
1314 1167
1315 1168
1316 1169
1317 1170
1318 1171
1319 1172
1320 1173
1321 1174
1322 1175
1323 1176
1324 1177
1325 1178
1327 1179
1328 1180
1329 1181
1330 1182
1331 1183
1332 1184
1333 1185
1334 1186
1335 1187
1336 1188
1337 1189
1338 1190
1339 1191
1340 1192
1341 1193
1342 1194
1343 1195
1344 1196
1345 1197
1346 1198
1347 1199
1348 1200
1349 1201
1350 1202
1351 1203
1352 1204
1354 1205
1355 1206
1356 1207
1357 1208
1358 1209
1359 1210
1360 1211
1361 1212
1362 1213
1363 1214
1364 1215
1365 1216
1366 1217
1367 1218
1368 1219
1370 1220
1372 1221
1373 1222
1375 1223
1376 1224
1377 1225
1378 1226
1379 1227
1380 1228
1381 1229
1382 1230
1383 1231
1384 1232
1385 1233
1386 1234
1387 1235
1388 1236
1393 1237
1394 1238
1395 1239
1396 1240
1397 1241
1398 1242
1399 1243
1400 1244
1401 1245
1402 1246
1403 1247
1404 1248
1405 1249
1406 1250
1407 1251
1408 1252
1409 1253
1410 1254
1411 1255
1412 1256
1413 1257
1414 1258
1415 1259
1418 1260
1419 1261
1420 1262
1421 1263
1422 1264
1423 1265
1424 1266
1425 1267
1426 1268
1427 1269
1428 1270
1429 1271
1430 1272
1431 1273
1432 1274
1433 1275
1434 1276
1435 1277
1436 1278
1437 1279
1438 1280
1439 1281
1440 1282
1441 1283
1442 1284
1443 1285
1444 1286
1445 1287
1446 1288
1447 1289
1448 1290
1449 1291
1450 1292
1451 1293
1452 1294
1453 1295
1454 1296
1455 1297
1456 1298
1457 1299
1458 1300
1459 1301
1460 1302
1461 1303
1462 1304
1463 1305
1464 1306
1465 1307
1466 1308
1467 1309
1468 1310
1470 1311
1471 1312
1472 1313
1473 1314
1474 1315
1476 1316
1477 1317
1478 1318
1480 1319
1481 1320
1482 1321
1483 1322
1484 1323
1486 1324
1487 1325
1488 1326
1489 1327
1490 1328
1492 1329
1493 1330
1494 1331
1495 1332
1496 1333
1497 1334
1498 1335
1499 1336
1500 1337
1502 1338
1503 1339
1504 1340
1505 1341
1506 1342
1507 1343
1508 1344
1509 1345
1510 1346
1512 1347
1513 1348
1514 1349
1515 1350
1516 1351
1517 1352
1518 1353
1519 1354
1520 1355
1521 1356
1522 1357
1523 1358
1524 1359
1525 1360
1526 1361
1527 1362
1528 1363
1529 1364
1530 1365
1531 1366
1532 1367
1533 1368
1534 1369
1535 1370
1536 1371
1537 1372
1538 1373
1539 1374
1540 1375
1541 1376
1542 1377
1543 1378
1544 1379
1545 1380
1546 1381
1547 1382
1548 1383
1549 1384
1551 1385
1552 1386
1553 1387
1554 1388
1555 1389
1556 1390
1558 1391
1559 1392
1560 1393
1562 1394
1563 1395
1564 1396
1565 1397
1566 1398
1567 1399
1568 1400
1569 1401
1570 1402
1571 1403
1572 1404
1573 1405
1574 1406
1575 1407
1576 1408
1577 1409
1578 1410
1579 1411
1580 1412
1581 1413
1583 1414
1584 1415
1585 1416
1587 1417
1588 1418
1589 1419
1590 1420
1591 1421
1592 1422
1593 1423
1594 1424
1595 1425
1596 1426
1597 1427
1598 1428
1599 1429
1600 1430
1601 1431
1602 1432
1603 1433
1604 1434
1605 1435
1606 1436
1607 1437
1608 1438
1609 1439
1610 1440
1611 1441
1612 1442
1613 1443
1614 1444
1615 1445
1616 1446
1617 1447
1618 1448
1619 1449
1620 1450
1621 1451
1622 1452
1623 1453
1624 1454
1625 1455
1626 1456
1627 1457
1628 1458
1629 1459
1630 1460
1631 1461
1632 1462
1633 1463
1634 1464
1635 1465
1636 1466
1637 1467
1638 1468
1639 1469
1640 1470
1642 1471
1643 1472
1644 1473
1645 1474
1646 1475
1647 1476
1648 1477
1651 1478
1652 1479
1654 1480
1656 1481
1657 1482
1658 1483
1659 1484
1661 1485
1663 1486
1664 1487
1665 1488
1666 1489
1668 1490
1669 1491
1670 1492
1671 1493
1672 1494
1673 1495
1674 1496
1675 1497
1676 1498
1677 1499
1678 1500
1679 1501
1680 1502
1681 1503
1682 1504
1683 1505
1684 1506
1685 1507
1686 1508
1687 1509
1688 1510
1689 1511
1690 1512
1691 1513
1692 1514
1693 1515
1694 1516
1696 1517
1697 1518
1700 1519
1701 1520
1702 1521
1703 1522
1704 1523
1706 1524
1707 1525
1708 1526
1709 1527
1710 1528
1711 1529
1712 1530
1713 1531
1714 1532
1715 1533
1716 1534
1717 1535
1718 1536
1719 1537
1720 1538
1721 1539
1722 1540
1723 1541
1724 1542
1725 1543
1726 1544
1727 1545
1728 1546
1729 1547
1731 1548
1732 1549
1733 1550
1734 1551
1735 1552
1736 1553
1737 1554
1738 1555
1739 1556
1740 1557
1741 1558
1742 1559
1743 1560
1744 1561
1745 1562
1746 1563
1747 1564
1748 1565
1749 1566
1750 1567
1751 1568
1752 1569
1753 1570
1755 1571
1756 1572
1757 1573
1758 1574
1759 1575
1760 1576
1761 1577
1762 1578
1763 1579
1764 1580
1765 1581
1766 1582
1767 1583
1769 1584
1770 1585
1771 1586
1772 1587
1773 1588
1774 1589
1775 1590
1776 1591
1777 1592
1778 1593
1779 1594
1781 1595
1782 1596
1783 1597
1785 1598
1786 1599
1787 1600
1788 1601
1789 1602
1790 1603
1791 1604
1792 1605
1793 1606
1794 1607
1795 1608
1796 1609
1797 1610
1798 1611
1799 1612
1800 1613
1801 1614
1802 1615
1803 1616
1804 1617
1805 1618
1806 1619
1807 1620
1808 1621
1810 1622
1812 1623
1813 1624
1814 1625
1815 1626
1816 1627
1817 1628
1818 1629
1819 1630
1820 1631
1821 1632
1822 1633
1823 1634
1824 1635
1825 1636
1826 1637
1827 1638
1828 1639
1829 1640
1830 1641
1831 1642
1832 1643
1833 1644
1834 1645
1835 1646
1836 1647
1837 1648
1838 1649
1839 1650
1840 1651
1841 1652
1842 1653
1843 1654
1844 1655
1846 1656
1847 1657
1848 1658
1849 1659
1852 1660
1853 1661
1854 1662
1855 1663
1856 1664
1857 1665
1858 1666
1859 1667
1860 1668
1861 1669
1862 1670
1863 1671
1864 1672
1865 1673
1866 1674
1867 1675
1868 1676
1869 1677
1870 1678
1871 1679
1872 1680
1873 1681
1874 1682
1875 1683
1876 1684
1877 1685
1878 1686
1879 1687
1880 1688
1881 1689
1882 1690
1883 1691
1884 1692
1885 1693
1886 1694
1887 1695
1888 1696
1889 1697
1890 1698
1891 1699
1892 1700
1893 1701
1894 1702
1895 1703
1896 1704
1897 1705
1898 1706
1899 1707
1900 1708
1902 1709
1903 1710
1904 1711
1905 1712
1906 1713
1907 1714
1908 1715
1909 1716
1910 1717
1911 1718
1913 1719
1914 1720
1915 1721
1916 1722
1917 1723
1918 1724
1919 1725
1920 1726
1921 1727
1922 1728
1923 1729
1924 1730
1925 1731
1926 1732
1927 1733
1928 1734
1929 1735
1930 1736
1931 1737
1932 1738
1933 1739
1934 1740
1935 1741
1937 1742
1938 1743
1939 1744
1940 1745
1941 1746
1942 1747
1943 1748
1944 1749
1945 1750
1946 1751
1947 1752
1948 1753
1949 1754
1950 1755
1951 1756
1952 1757
1953 1758
1954 1759
1955 1760
1956 1761
1957 1762
1958 1763
1959 1764
1960 1765
1961 1766
1962 1767
1963 1768
1964 1769
1965 1770
1966 1771
1967 1772
1968 1773
1969 1774
1970 1775
1971 1776
1972 1777
1973 1778
1974 1779
1976 1780
1977 1781
1978 1782
1979 1783
1980 1784
1981 1785
1982 1786
1983 1787
1984 1788
1985 1789
1986 1790
1988 1791
1989 1792
1990 1793
1992 1794
1993 1795
1994 1796
1995 1797
1996 1798
1997 1799
1998 1800
1999 1801
2001 1802
2002 1803
2003 1804
2004 1805
2005 1806
2006 1807
2007 1808
2008 1809
2009 1810
2010 1811
2011 1812
2012 1813
2013 1814
2014 1815
2015 1816
2017 1817
2019 1818
2020 1819
2021 1820
2022 1821
2023 1822
2024 1823
2025 1824
2026 1825
2027 1826
2028 1827
2029 1828
2030 1829
2031 1830
2032 1831
2033 1832
2034 1833
2035 1834
2036 1835
2037 1836
2038 1837
2040 1838
2041 1839
2042 1840
2043 1841
2044 1842
2045 1843
2046 1844
2047 1845
2048 1846
2049 1847
2050 1848
2051 1849
2052 1850
2053 1851
2054 1852
2055 1853
2056 1854
2057 1855
2058 1856
2060 1857
2063 1858
2064 1859
2065 1860
2066 1861
2067 1862
2068 1863
2069 1864
2070 1865
2071 1866
2072 1867
2073 1868
2074 1869
2075 1870
2076 1871
2077 1872
2078 1873
2079 1874
2081 1875
2082 1876
2083 1877
2084 1878
2085 1879
2087 1880
2088 1881
2089 1882
2090 1883
2091 1884
2092 1885
2093 1886
2094 1887
2095 1888
2096 1889
2097 1890
2098 1891
2099 1892
2100 1893
2101 1894
2102 1895
2103 1896
2104 1897
2105 1898
2106 1899
2108 1900
2109 1901
2110 1902
2111 1903
2112 1904
2113 1905
2115 1906
2116 1907
2118 1908
2119 1909
2120 1910
2121 1911
2122 1912
2123 1913
2124 1914
2125 1915
2126 1916
2127 1917
2128 1918
2129 1919
2130 1920
2131 1921
2132 1922
2133 1923
2134 1924
2135 1925
2136 1926
2137 1927
2138 1928
2139 1929
2140 1930
2141 1931
2142 1932
2143 1933
2144 1934
2146 1935
2147 1936
2148 1937
2149 1938
2150 1939
2151 1940
2152 1941
2153 1942
2154 1943
2155 1944
2156 1945
2158 1946
2159 1947
2160 1948
2161 1949
2162 1950
2163 1951
2164 1952
2165 1953
2166 1954
2167 1955
2168 1956
2169 1957
2170 1958
2171 1959
2172 1960
2173 1961
2174 1962
2175 1963
2176 1964
2177 1965
2178 1966
2179 1967
2180 1968
2181 1969
2182 1970
2183 1971
2184 1972
2185 1973
2186 1974
2187 1975
2188 1976
2189 1977
2190 1978
2191 1979
2192 1980
2193 1981
2194 1982
2195 1983
2196 1984
2197 1985
2198 1986
2199 1987
2200 1988
2201 1989
2202 1990
2203 1991
2204 1992
2205 1993
2206 1994
2207 1995
2208 1996
2209 1997
2210 1998
2211 1999
2212 2000
2213 2001
2214 2002
2215 2003
2216 2004
2217 2005
2218 2006
2219 2007
2221 2008
2222 2009
2223 2010
2224 2011
2225 2012
2226 2013
2227 2014
2228 2015
2229 2016
2230 2017
2231 2018
2232 2019
2233 2020
2234 2021
2235 2022
2236 2023
2239 2024
2240 2025
2241 2026
2242 2027
2243 2028
2244 2029
2245 2030
2246 2031
2247 2032
2248 2033
2249 2034
2250 2035
2251 2036
2252 2037
2253 2038
2254 2039
2255 2040
2256 2041
2257 2042
2258 2043
2259 2044
2260 2045
2261 2046
2262 2047
2264 2048
2265 2049
2267 2050
2268 2051
2269 2052
2270 2053
2271 2054
2272 2055
2273 2056
2274 2057
2275 2058
2276 2059
2278 2060
2279 2061
2281 2062
2282 2063
2283 2064
2284 2065
2285 2066
2287 2067
2288 2068
2289 2069
2290 2070
2291 2071
2292 2072
2293 2073
2294 2074
2295 2075
2296 2076
2297 2077
2298 2078
2299 2079
2300 2080
2301 2081
2302 2082
2303 2083
2304 2084
2305 2085
2306 2086
2307 2087
2309 2088
2310 2089
2311 2090
2312 2091
2313 2092
2314 2093
2315 2094
2316 2095
2317 2096
2318 2097
2319 2098
2320 2099
2321 2100
2322 2101
2324 2102
2325 2103
2326 2104
2327 2105
2328 2106
2329 2107
2330 2108
2331 2109
2332 2110
2333 2111
2334 2112
2335 2113
2336 2114
2337 2115
2338 2116
2339 2117
2340 2118
2341 2119
2342 2120
2343 2121
2344 2122
2345 2123
2346 2124
2347 2125
2348 2126
2349 2127
2350 2128
2351 2129
2352 2130
2353 2131
2354 2132
2355 2133
2356 2134
2357 2135
2358 2136
2359 2137
2360 2138
2361 2139
2362 2140
2363 2141
2364 2142
2365 2143
2366 2144
2367 2145
2368 2146
2369 2147
2370 2148
2371 2149
2372 2150
2373 2151
2374 2152
2375 2153
2376 2154
2377 2155
2378 2156
2379 2157
2380 2158
2381 2159
2382 2160
2383 2161
2384 2162
2385 2163
2386 2164
2387 2165
2388 2166
2389 2167
2390 2168
2391 2169
2392 2170
2393 2171
2394 2172
2396 2173
2397 2174
2399 2175
2401 2176
2402 2177
2403 2178
2404 2179
2405 2180
2406 2181
2408 2182
2409 2183
2410 2184
2411 2185
2412 2186
2413 2187
2414 2188
2415 2189
2416 2190
2417 2191
2418 2192
2419 2193
2420 2194
2421 2195
2422 2196
2423 2197
2424 2198
2426 2199
2427 2200
2428 2201
2429 2202
2430 2203
2431 2204
2432 2205
2433 2206
2434 2207
2436 2208
2437 2209
2438 2210
2439 2211
2440 2212
2442 2213
2443 2214
2444 2215
2445 2216
2446 2217
2447 2218
2448 2219
2449 2220
2450 2221
2451 2222
2452 2223
2453 2224
2454 2225
2455 2226
2457 2227
2458 2228
2459 2229
2461 2230
2462 2231
2463 2232
2464 2233
2465 2234
2466 2235
2467 2236
2468 2237
2469 2238
2470 2239
2471 2240
2472 2241
2473 2242
2474 2243
2475 2244
2476 2245
2477 2246
2478 2247
2479 2248
2480 2249
2481 2250
2482 2251
2483 2252
2484 2253
2485 2254
2486 2255
2487 2256
2488 2257
2489 2258
2490 2259
2491 2260
2492 2261
2493 2262
2494 2263
2495 2264
2496 2265
2497 2266
2498 2267
2499 2268
2500 2269
2502 2270
2504 2271
2505 2272
2506 2273
2507 2274
2508 2275
2509 2276
2510 2277
2511 2278
2512 2279
2513 2280
2514 2281
2515 2282
2516 2283
2517 2284
2518 2285
2519 2286
2520 2287
2521 2288
2522 2289
2523 2290
2524 2291
2525 2292
2526 2293
2527 2294
2529 2295
2530 2296
2531 2297
2532 2298
2533 2299
2535 2300
2537 2301
2538 2302
2539 2303
2540 2304
2541 2305
2542 2306
2543 2307
2544 2308
2545 2309
2546 2310
2547 2311
2548 2312
2549 2313
2550 2314
2551 2315
2552 2316
2553 2317
2554 2318
2555 2319
2556 2320
2557 2321
2558 2322
2559 2323
2560 2324
2561 2325
2562 2326
2563 2327
2564 2328
2565 2329
2566 2330
2568 2331
2569 2332
2570 2333
2571 2334
2572 2335
2573 2336
2574 2337
2575 2338
2577 2339
2578 2340
2579 2341
2580 2342
2581 2343
2582 2344
2583 2345
2584 2346
2585 2347
2586 2348
2587 2349
2588 2350
2589 2351
2590 2352
2591 2353
2592 2354
2593 2355
2594 2356
2595 2357
2596 2358
2597 2359
2598 2360
2599 2361
2600 2362
2602 2363
2603 2364
2604 2365
2605 2366
2606 2367
2607 2368
2608 2369
2609 2370
2610 2371
2611 2372
2612 2373
2613 2374
2614 2375
2615 2376
2616 2377
2617 2378
2618 2379
2619 2380
2620 2381
2621 2382
2622 2383
2623 2384
2624 2385
2626 2386
2627 2387
2628 2388
2630 2389
2632 2390
2633 2391
2634 2392
2635 2393
2636 2394
2637 2395
2638 2396
2639 2397
2640 2398
2641 2399
2642 2400
2643 2401
2644 2402
2645 2403
2646 2404
2647 2405
2649 2406
2650 2407
2651 2408
2652 2409
2654 2410
2655 2411
2656 2412
2657 2413
2658 2414
2660 2415
2661 2416
2662 2417
2663 2418
2664 2419
2665 2420
2666 2421
2667 2422
2668 2423
2669 2424
2670 2425
2671 2426
2672 2427
2673 2428
2674 2429
2675 2430
2677 2431
2678 2432
2679 2433
2680 2434
2681 2435
2682 2436
2683 2437
2684 2438
2685 2439
2686 2440
2688 2441
2690 2442
2691 2443
2692 2444
2693 2445
2694 2446
2695 2447
2696 2448
2697 2449
2698 2450
2699 2451
2700 2452
2701 2453
2702 2454
2703 2455
2704 2456
2705 2457
2706 2458
2707 2459
2708 2460
2709 2461
2710 2462
2711 2463
2712 2464
2713 2465
2714 2466
2715 2467
2716 2468
2717 2469
2718 2470
2719 2471
2720 2472
2721 2473
2722 2474
2723 2475
2724 2476
2725 2477
2726 2478
2727 2479
2728 2480
2729 2481
2730 2482
2731 2483
2732 2484
2733 2485
2734 2486
2735 2487
2736 2488
2737 2489
2738 2490
2739 2491
2740 2492
2741 2493
2742 2494
2743 2495
2744 2496
2745 2497
2746 2498
2747 2499
2748 2500
2749 2501
2750 2502
2751 2503
2752 2504
2753 2505
2754 2506
2755 2507
2756 2508
2757 2509
2758 2510
2759 2511
2760 2512
2761 2513
2762 2514
2763 2515
2764 2516
2765 2517
2766 2518
2767 2519
2768 2520
2769 2521
2770 2522
2771 2523
2772 2524
2773 2525
2774 2526
2775 2527
2777 2528
2778 2529
2779 2530
2780 2531
2781 2532
2782 2533
2783 2534
2784 2535
2785 2536
2786 2537
2787 2538
2788 2539
2789 2540
2790 2541
2791 2542
2792 2543
2793 2544
2794 2545
2795 2546
2796 2547
2797 2548
2798 2549
2799 2550
2800 2551
2801 2552
2802 2553
2803 2554
2804 2555
2805 2556
2806 2557
2807 2558
2808 2559
2809 2560
2810 2561
2811 2562
2812 2563
2813 2564
2814 2565
2815 2566
2817 2567
2818 2568
2819 2569
2820 2570
2821 2571
2822 2572
2823 2573
2825 2574
2826 2575
2827 2576
2828 2577
2829 2578
2830 2579
2831 2580
2832 2581
2833 2582
2834 2583
2835 2584
2836 2585
2838 2586
2839 2587
2840 2588
2842 2589
2843 2590
2844 2591
2845 2592
2846 2593
2847 2594
2848 2595
2849 2596
2850 2597
2851 2598
2852 2599
2853 2600
2854 2601
2855 2602
2856 2603
2857 2604
2858 2605
2859 2606
2860 2607
2861 2608
2862 2609
2863 2610
2864 2611
2865 2612
2866 2613
2867 2614
2868 2615
2869 2616
2870 2617
2871 2618
2872 2619
2873 2620
2874 2621
2875 2622
2876 2623
2877 2624
2878 2625
2879 2626
2880 2627
2881 2628
2882 2629
2883 2630
2884 2631
2885 2632
2886 2633
2887 2634
2888 2635
2889 2636
2890 2637
2891 2638
2892 2639
2893 2640
2894 2641
2895 2642
2896 2643
2897 2644
2898 2645
2899 2646
2900 2647
2901 2648
2902 2649
2903 2650
2904 2651
2905 2652
2906 2653
2907 2654
2908 2655
2909 2656
2910 2657
2911 2658
2912 2659
2913 2660
2914 2661
2915 2662
2916 2663
2917 2664
2918 2665
2919 2666
2920 2667
2921 2668
2922 2669
2923 2670
2924 2671
2925 2672
2926 2673
2927 2674
2928 2675
2929 2676
2930 2677
2932 2678
2933 2679
2935 2680
2936 2681
2937 2682
2938 2683
2939 2684
2940 2685
2941 2686
2942 2687
2943 2688
2944 2689
2945 2690
2946 2691
2947 2692
2948 2693
2949 2694
2951 2695
2952 2696
2953 2697
2954 2698
2955 2699
2956 2700
2957 2701
2958 2702
2959 2703
2960 2704
2961 2705
2962 2706
2963 2707
2964 2708
2965 2709
2966 2710
2967 2711
2968 2712
2969 2713
2970 2714
2971 2715
2972 2716
2974 2717
2975 2718
2976 2719
2977 2720
2978 2721
2981 2722
2982 2723
2983 2724
2986 2725
2987 2726
2988 2727
2989 2728
2990 2729
2991 2730
2992 2731
2993 2732
2994 2733
2995 2734
2996 2735
2997 2736
2998 2737
2999 2738
3000 2739
3001 2740
3002 2741
3003 2742
3004 2743
3005 2744
3006 2745
3007 2746
3008 2747
3009 2748
3010 2749
3012 2750
3013 2751
3014 2752
3016 2753
3017 2754
3018 2755
3020 2756
3021 2757
3023 2758
3024 2759
3025 2760
3026 2761
3027 2762
3028 2763
3029 2764
3030 2765
3031 2766
3032 2767
3033 2768
3034 2769
3035 2770
3036 2771
3037 2772
3038 2773
3039 2774
3040 2775
3043 2776
3044 2777
3045 2778
3046 2779
3047 2780
3048 2781
3049 2782
3050 2783
3051 2784
3052 2785
3053 2786
3054 2787
3055 2788
3056 2789
3057 2790
3058 2791
3059 2792
3060 2793
3061 2794
3062 2795
3063 2796
3064 2797
3065 2798
3067 2799
3069 2800
3070 2801
3071 2802
3072 2803
3073 2804
3074 2805
3075 2806
3076 2807
3077 2808
3078 2809
3079 2810
3080 2811
3081 2812
3082 2813
3083 2814
3084 2815
3085 2816
3086 2817
3087 2818
3088 2819
3089 2820
3090 2821
3091 2822
3092 2823
3093 2824
3094 2825
3095 2826
3096 2827
3097 2828
3098 2829
3099 2830
3100 2831
3101 2832
3102 2833
3103 2834
3104 2835
3105 2836
3106 2837
3107 2838
3108 2839
3109 2840
3110 2841
3111 2842
3112 2843
3113 2844
3114 2845
3115 2846
3116 2847
3117 2848
3118 2849
3119 2850
3120 2851
3121 2852
3122 2853
3123 2854
3124 2855
3125 2856
3126 2857
3127 2858
3128 2859
3129 2860
3130 2861
3131 2862
3132 2863
3133 2864
3134 2865
3135 2866
3136 2867
3137 2868
3138 2869
3139 2870
3140 2871
3142 2872
3143 2873
3144 2874
3145 2875
3146 2876
3147 2877
3148 2878
3149 2879
3150 2880
3151 2881
3152 2882
3154 2883
3155 2884
3156 2885
3158 2886
3159 2887
3160 2888
3161 2889
3162 2890
3163 2891
3164 2892
3165 2893
3166 2894
3167 2895
3168 2896
3170 2897
3171 2898
3172 2899
3173 2900
3174 2901
3175 2902
3176 2903
3177 2904
3178 2905
3179 2906
3181 2907
3183 2908
3185 2909
3186 2910
3187 2911
3188 2912
3189 2913
3190 2914
3191 2915
3192 2916
3193 2917
3194 2918
3195 2919
3196 2920
3197 2921
3198 2922
3199 2923
3200 2924
3201 2925
3202 2926
3203 2927
3204 2928
3205 2929
3206 2930
3207 2931
3208 2932
3209 2933
3210 2934
3211 2935
3212 2936
3213 2937
3214 2938
3215 2939
3216 2940
3217 2941
3218 2942
3219 2943
3220 2944
3221 2945
3222 2946
3223 2947
3225 2948
3226 2949
3227 2950
3228 2951
3229 2952
3230 2953
3231 2954
3232 2955
3234 2956
3235 2957
3236 2958
3237 2959
3239 2960
3240 2961
3241 2962
3242 2963
3243 2964
3244 2965
3245 2966
3247 2967
3248 2968
3249 2969
3250 2970
3251 2971
3252 2972
3253 2973
3254 2974
3255 2975
3256 2976
3257 2977
3258 2978
3259 2979
3260 2980
3261 2981
3262 2982
3263 2983
3264 2984
3265 2985
3266 2986
3267 2987
3268 2988
3269 2989
3270 2990
3272 2991
3273 2992
3275 2993
3276 2994
3277 2995
3278 2996
3279 2997
3280 2998
3281 2999
3282 3000
3283 3001
3284 3002
3285 3003
3286 3004
3287 3005
3289 3006
3290 3007
3291 3008
3292 3009
3293 3010
3294 3011
3295 3012
3296 3013
3297 3014
3298 3015
3299 3016
3300 3017
3301 3018
3302 3019
3304 3020
3305 3021
3306 3022
3307 3023
3308 3024
3309 3025
3311 3026
3312 3027
3313 3028
3314 3029
3316 3030
3317 3031
3318 3032
3319 3033
3320 3034
3321 3035
3322 3036
3323 3037
3324 3038
3325 3039
3326 3040
3327 3041
3328 3042
3329 3043
3330 3044
3331 3045
3332 3046
3333 3047
3334 3048
3335 3049
3336 3050
3337 3051
3338 3052
3339 3053
3340 3054
3341 3055
3342 3056
3343 3057
3344 3058
3345 3059
3346 3060
3347 3061
3348 3062
3350 3063
3351 3064
3352 3065
3353 3066
3354 3067
3355 3068
3356 3069
3357 3070
3358 3071
3359 3072
3360 3073
3361 3074
3362 3075
3363 3076
3364 3077
3365 3078
3366 3079
3367 3080
3368 3081
3369 3082
3370 3083
3371 3084
3372 3085
3373 3086
3374 3087
3375 3088
3376 3089
3377 3090
3378 3091
3379 3092
3380 3093
3381 3094
3382 3095
3383 3096
3384 3097
3385 3098
3386 3099
3387 3100
3388 3101
3390 3102
3391 3103
3392 3104
3394 3105
3395 3106
3396 3107
3397 3108
3398 3109
3399 3110
3400 3111
3401 3112
3402 3113
3403 3114
3405 3115
3406 3116
3407 3117
3409 3118
3410 3119
3411 3120
3412 3121
3413 3122
3414 3123
3415 3124
3416 3125
3417 3126
3418 3127
3419 3128
3420 3129
3421 3130
3422 3131
3423 3132
3424 3133
3425 3134
3426 3135
3427 3136
3428 3137
3429 3138
3430 3139
3431 3140
3432 3141
3433 3142
3434 3143
3435 3144
3436 3145
3439 3146
3440 3147
3441 3148
3442 3149
3443 3150
3444 3151
3445 3152
3446 3153
3447 3154
3448 3155
3449 3156
3450 3157
3451 3158
3452 3159
3453 3160
3454 3161
3455 3162
3456 3163
3457 3164
3458 3165
3460 3166
3462 3167
3463 3168
3464 3169
3465 3170
3466 3171
3467 3172
3468 3173
3469 3174
3470 3175
3471 3176
3472 3177
3473 3178
3474 3179
3475 3180
3476 3181
3477 3182
3478 3183
3479 3184
3480 3185
3482 3186
3483 3187
3485 3188
3486 3189
3487 3190
3488 3191
3489 3192
3490 3193
3491 3194
3492 3195
3493 3196
3494 3197
3495 3198
3496 3199
3497 3200
3498 3201
3499 3202
3500 3203
3502 3204
3503 3205
3504 3206
3506 3207
3507 3208
3508 3209
3509 3210
3510 3211
3511 3212
3512 3213
3513 3214
3514 3215
3515 3216
3516 3217
3517 3218
3518 3219
3519 3220
3520 3221
3521 3222
3522 3223
3523 3224
3524 3225
3525 3226
3526 3227
3527 3228
3528 3229
3529 3230
3530 3231
3531 3232
3532 3233
3533 3234
3535 3235
3536 3236
3537 3237
3538 3238
3539 3239
3540 3240
3541 3241
3542 3242
3543 3243
3544 3244
3545 3245
3546 3246
3547 3247
3548 3248
3549 3249
3550 3250
3552 3251
3553 3252
3554 3253
3555 3254
3556 3255
3557 3256
3558 3257
3559 3258
3560 3259
3561 3260
3562 3261
3563 3262
3564 3263
3565 3264
3566 3265
3567 3266
3568 3267
3569 3268
3570 3269
3571 3270
3572 3271
3573 3272
3574 3273
3575 3274
3576 3275
3577 3276
3578 3277
3580 3278
3581 3279
3582 3280
3583 3281
3584 3282
3585 3283
3586 3284
3587 3285
3588 3286
3589 3287
3590 3288
3591 3289
3592 3290
3593 3291
3594 3292
3595 3293
3596 3294
3597 3295
3598 3296
3599 3297
3600 3298
3601 3299
3602 3300
3603 3301
3604 3302
3605 3303
3606 3304
3607 3305
3608 3306
3609 3307
3610 3308
3611 3309
3612 3310
3613 3311
3614 3312
3615 3313
3616 3314
3617 3315
3618 3316
3619 3317
3620 3318
3621 3319
3622 3320
3623 3321
3624 3322
3625 3323
3626 3324
3627 3325
3628 3326
3629 3327
3630 3328
3632 3329
3633 3330
3634 3331
3635 3332
3636 3333
3637 3334
3638 3335
3639 3336
3640 3337
3641 3338
3642 3339
3643 3340
3644 3341
3645 3342
3646 3343
3647 3344
3648 3345
3649 3346
3650 3347
3651 3348
3652 3349
3653 3350
3654 3351
3655 3352
3657 3353
3658 3354
3659 3355
3660 3356
3661 3357
3663 3358
3664 3359
3665 3360
3666 3361
3667 3362
3668 3363
3669 3364
3670 3365
3671 3366
3672 3367
3673 3368
3674 3369
3675 3370
3676 3371
3677 3372
3678 3373
3679 3374
3680 3375
3681 3376
3682 3377
3683 3378
3684 3379
3685 3380
3686 3381
3687 3382
3688 3383
3689 3384
3690 3385
3691 3386
3692 3387
3693 3388
3694 3389
3695 3390
3696 3391
3697 3392
3698 3393
3699 3394
3700 3395
3701 3396
3702 3397
3703 3398
3704 3399
3705 3400
3706 3401
3707 3402
3708 3403
3709 3404
3710 3405
3711 3406
3712 3407
3713 3408
3714 3409
3715 3410
3716 3411
3717 3412
3718 3413
3719 3414
3720 3415
3721 3416
3722 3417
3724 3418
3725 3419
3726 3420
3727 3421
3728 3422
3729 3423
3730 3424
3731 3425
3732 3426
3733 3427
3734 3428
3735 3429
3736 3430
3738 3431
3739 3432
3740 3433
3741 3434
3742 3435
3743 3436
3744 3437
3746 3438
3747 3439
3749 3440
3750 3441
3751 3442
3754 3443
3755 3444
3756 3445
3757 3446
3758 3447
3759 3448
3760 3449
3761 3450
3762 3451
3763 3452
3764 3453
3765 3454
3766 3455
3767 3456
3768 3457
3769 3458
3770 3459
3771 3460
3772 3461
3773 3462
3774 3463
3775 3464
3776 3465
3777 3466
3778 3467
3779 3468
3780 3469
3781 3470
3782 3471
3783 3472
3784 3473
3785 3474
3786 3475
3787 3476
3788 3477
3789 3478
3790 3479
3791 3480
3792 3481
3793 3482
3794 3483
3795 3484
3796 3485
3797 3486
3798 3487
3799 3488
3800 3489
3801 3490
3802 3491
3803 3492
3804 3493
3805 3494
3806 3495
3807 3496
3808 3497
3809 3498
3810 3499
3811 3500
3812 3501
3813 3502
3814 3503
3815 3504
3816 3505
3817 3506
3818 3507
3819 3508
3820 3509
3821 3510
3822 3511
3823 3512
3824 3513
3826 3514
3827 3515
3828 3516
3829 3517
3830 3518
3831 3519
3832 3520
3833 3521
3834 3522
3835 3523
3836 3524
3837 3525
3838 3526
3839 3527
3840 3528
3841 3529
3842 3530
3843 3531
3844 3532
3846 3533
3847 3534
3848 3535
3849 3536
3850 3537
3851 3538
3852 3539
3853 3540
3854 3541
3855 3542
3856 3543
3857 3544
3858 3545
3859 3546
3860 3547
3861 3548
3862 3549
3863 3550
3864 3551
3865 3552
3868 3553
3869 3554
3870 3555
3871 3556
3872 3557
3873 3558
3874 3559
3875 3560
3876 3561
3877 3562
3878 3563
3879 3564
3880 3565
3881 3566
3882 3567
3883 3568
3884 3569
3885 3570
3886 3571
3887 3572
3888 3573
3889 3574
3890 3575
3891 3576
3892 3577
3893 3578
3894 3579
3895 3580
3896 3581
3897 3582
3898 3583
3899 3584
3900 3585
3901 3586
3902 3587
3903 3588
3904 3589
3905 3590
3906 3591
3907 3592
3908 3593
3909 3594
3910 3595
3911 3596
3912 3597
3913 3598
3914 3599
3915 3600
3916 3601
3918 3602
3919 3603
3920 3604
3921 3605
3922 3606
3923 3607
3924 3608
3925 3609
3926 3610
3927 3611
3928 3612
3929 3613
3930 3614
3931 3615
3932 3616
3933 3617
3934 3618
3935 3619
3936 3620
3937 3621
3938 3622
3939 3623
3940 3624
3942 3625
3943 3626
3944 3627
3945 3628
3946 3629
3948 3630
3950 3631
3951 3632
3952 3633
3953 3634
3954 3635
3956 3636
3957 3637
3958 3638
3961 3639
3962 3640
3963 3641
3964 3642
3965 3643
3966 3644
3967 3645
3968 3646
3969 3647
3970 3648
3971 3649
3972 3650
3973 3651
3975 3652
3976 3653
3977 3654
3978 3655
3979 3656
3980 3657
3981 3658
3982 3659
3983 3660
3984 3661
3985 3662
3986 3663
3987 3664
3988 3665
3989 3666
3990 3667
3991 3668
3992 3669
3993 3670
3994 3671
3996 3672
3998 3673
3999 3674
4000 3675
4001 3676
4002 3677
4003 3678
4004 3679
4006 3680
4007 3681
4008 3682
4009 3683
4010 3684
4011 3685
4012 3686
4013 3687
4014 3688
4015 3689
4016 3690
4017 3691
4018 3692
4020 3693
4021 3694
4022 3695
4023 3696
4026 3697
4027 3698
4028 3699
4029 3700
4030 3701
4031 3702
4032 3703
4033 3704
4034 3705
4035 3706
4036 3707
4037 3708
4039 3709
4042 3710
4046 3711
4047 3712
4048 3713
4049 3714
4050 3715
4052 3716
4054 3717
4055 3718
4056 3719
4057 3720
4058 3721
4059 3722
4060 3723
4061 3724
4064 3725
4065 3726
4066 3727
4067 3728
4068 3729
4069 3730
4070 3731
4072 3732
4073 3733
4074 3734
4075 3735
4076 3736
4077 3737
4078 3738
4079 3739
4080 3740
4081 3741
4082 3742
4083 3743
4084 3744
4085 3745
4086 3746
4087 3747
4088 3748
4089 3749
4090 3750
4091 3751
4092 3752
4093 3753
4094 3754
4095 3755
4096 3756
4097 3757
4098 3758
4099 3759
4100 3760
4101 3761
4102 3762
4103 3763
4104 3764
4105 3765
4106 3766
4108 3767
4109 3768
4110 3769
4111 3770
4112 3771
4113 3772
4114 3773
4115 3774
4116 3775
4117 3776
4118 3777
4119 3778
4120 3779
4121 3780
4122 3781
4123 3782
4124 3783
4125 3784
4126 3785
4127 3786
4128 3787
4129 3788
4130 3789
4131 3790
4132 3791
4133 3792
4134 3793
4135 3794
4137 3795
4138 3796
4139 3797
4140 3798
4141 3799
4142 3800
4143 3801
4144 3802
4145 3803
4146 3804
4149 3805
4150 3806
4151 3807
4152 3808
4153 3809
4155 3810
4156 3811
4157 3812
4158 3813
4159 3814
4160 3815
4161 3816
4162 3817
4163 3818
4164 3819
4165 3820
4166 3821
4168 3822
4169 3823
4170 3824
4171 3825
4172 3826
4173 3827
4174 3828
4175 3829
4176 3830
4177 3831
4178 3832
4179 3833
4180 3834
4181 3835
4182 3836
4183 3837
4184 3838
4186 3839
4187 3840
4188 3841
4189 3842
4190 3843
4191 3844
4192 3845
4193 3846
4194 3847
4195 3848
4197 3849
4198 3850
4200 3851
4201 3852
4202 3853
4203 3854
4204 3855
4205 3856
4206 3857
4207 3858
4208 3859
4209 3860
4211 3861
4212 3862
4213 3863
4214 3864
4215 3865
4216 3866
4217 3867
4218 3868
4219 3869
4220 3870
4221 3871
4222 3872
4223 3873
4224 3874
4225 3875
4227 3876
4228 3877
4229 3878
4230 3879
4231 3880
4232 3881
4233 3882
4234 3883
4235 3884
4236 3885
4237 3886
4238 3887
4239 3888
4240 3889
4241 3890
4242 3891
4243 3892
4244 3893
4245 3894
4246 3895
4247 3896
4248 3897
4249 3898
4251 3899
4252 3900
4253 3901
4254 3902
4255 3903
4256 3904
4257 3905
4258 3906
4259 3907
4260 3908
4261 3909
4262 3910
4264 3911
4265 3912
4266 3913
4267 3914
4268 3915
4269 3916
4270 3917
4271 3918
4273 3919
4274 3920
4275 3921
4277 3922
4278 3923
4279 3924
4280 3925
4281 3926
4282 3927
4283 3928
4284 3929
4285 3930
4286 3931
4287 3932
4288 3933
4289 3934
4291 3935
4292 3936
4293 3937
4294 3938
4295 3939
4296 3940
4297 3941
4298 3942
4299 3943
4300 3944
4301 3945
4302 3946
4303 3947
4304 3948
4305 3949
4306 3950
4308 3951
4309 3952
4310 3953
4311 3954
4312 3955
4313 3956
4314 3957
4315 3958
4316 3959
4319 3960
4320 3961
4321 3962
4322 3963
4323 3964
4324 3965
4325 3966
4326 3967
4327 3968
4328 3969
4329 3970
4330 3971
4331 3972
4332 3973
4333 3974
4334 3975
4335 3976
4336 3977
4337 3978
4338 3979
4339 3980
4340 3981
4342 3982
4343 3983
4344 3984
4347 3985
4348 3986
4349 3987
4350 3988
4351 3989
4352 3990
4353 3991
4354 3992
4355 3993
4357 3994
4358 3995
4359 3996
4360 3997
4361 3998
4363 3999
4364 4000
4365 4001
4366 4002
4368 4003
4369 4004
4370 4005
4371 4006
4372 4007
4373 4008
4374 4009
4375 4010
4376 4011
4377 4012
4378 4013
4379 4014
4380 4015
4381 4016
4382 4017
4383 4018
4384 4019
4385 4020
4386 4021
4387 4022
4388 4023
4390 4024
4391 4025
4392 4026
4394 4027
4395 4028
4396 4029
4397 4030
4398 4031
4399 4032
4401 4033
4402 4034
4403 4035
4404 4036
4405 4037
4406 4038
4407 4039
4408 4040
4409 4041
4410 4042
4412 4043
4414 4044
4415 4045
4416 4046
4417 4047
4418 4048
4419 4049
4420 4050
4421 4051
4422 4052
4423 4053
4424 4054
4425 4055
4426 4056
4427 4057
4428 4058
4429 4059
4430 4060
4431 4061
4432 4062
4433 4063
4434 4064
4435 4065
4436 4066
4437 4067
4438 4068
4439 4069
4440 4070
4441 4071
4442 4072
4443 4073
4444 4074
4445 4075
4446 4076
4447 4077
4448 4078
4449 4079
4450 4080
4452 4081
4453 4082
4454 4083
4455 4084
4456 4085
4457 4086
4458 4087
4459 4088
4460 4089
4461 4090
4462 4091
4463 4092
4465 4093
4466 4094
4467 4095
4468 4096
4469 4097
4470 4098
4471 4099
4472 4100
4473 4101
4474 4102
4475 4103
4476 4104
4477 4105
4478 4106
4479 4107
4480 4108
4481 4109
4482 4110
4483 4111
4484 4112
4485 4113
4486 4114
4488 4115
4489 4116
4490 4117
4491 4118
4492 4119
4493 4120
4494 4121
4495 4122
4497 4123
4498 4124
4499 4125
4500 4126
4501 4127
4502 4128
4503 4129
4504 4130
4505 4131
4506 4132
4507 4133
4508 4134
4509 4135
4510 4136
4511 4137
4512 4138
4513 4139
4514 4140
4515 4141
4516 4142
4517 4143
4519 4144
4520 4145
4521 4146
4522 4147
4523 4148
4524 4149
4526 4150
4527 4151
4528 4152
4529 4153
4530 4154
4531 4155
4532 4156
4533 4157
4534 4158
4535 4159
4536 4160
4537 4161
4538 4162
4539 4163
4540 4164
4541 4165
4543 4166
4544 4167
4545 4168
4546 4169
4547 4170
4548 4171
4549 4172
4550 4173
4551 4174
4552 4175
4553 4176
4554 4177
4555 4178
4557 4179
4558 4180
4559 4181
4560 4182
4561 4183
4562 4184
4564 4185
4565 4186
4567 4187
4569 4188
4570 4189
4571 4190
4572 4191
4573 4192
4574 4193
4575 4194
4576 4195
4577 4196
4578 4197
4580 4198
4581 4199
4582 4200
4583 4201
4585 4202
4586 4203
4587 4204
4588 4205
4589 4206
4590 4207
4591 4208
4592 4209
4593 4210
4594 4211
4595 4212
4596 4213
4597 4214
4598 4215
4599 4216
4600 4217
4601 4218
4602 4219
4603 4220
4604 4221
4605 4222
4606 4223
4607 4224
4608 4225
4609 4226
4610 4227
4611 4228
4612 4229
4613 4230
4615 4231
4616 4232
4617 4233
4618 4234
4619 4235
4621 4236
4622 4237
4623 4238
4625 4239
4626 4240
4627 4241
4628 4242
4629 4243
4630 4244
4631 4245
4632 4246
4633 4247
4634 4248
4635 4249
4636 4250
4637 4251
4638 4252
4639 4253
4640 4254
4641 4255
4642 4256
4643 4257
4644 4258
4645 4259
4646 4260
4647 4261
4648 4262
4649 4263
4650 4264
4651 4265
4652 4266
4653 4267
4654 4268
4655 4269
4656 4270
4657 4271
4658 4272
4659 4273
4660 4274
4661 4275
4662 4276
4663 4277
4664 4278
4665 4279
4666 4280
4667 4281
4668 4282
4669 4283
4670 4284
4671 4285
4673 4286
4674 4287
4675 4288
4676 4289
4677 4290
4678 4291
4679 4292
4680 4293
4681 4294
4682 4295
4683 4296
4684 4297
4685 4298
4686 4299
4687 4300
4688 4301
4689 4302
4690 4303
4691 4304
4692 4305
4693 4306
4694 4307
4695 4308
4696 4309
4697 4310
4698 4311
4699 4312
4700 4313
4701 4314
4702 4315
4703 4316
4704 4317
4705 4318
4706 4319
4707 4320
4708 4321
4709 4322
4710 4323
4711 4324
4713 4325
4714 4326
4715 4327
4716 4328
4718 4329
4720 4330
4721 4331
4722 4332
4723 4333
4724 4334
4725 4335
4726 4336
4727 4337
4728 4338
4729 4339
4730 4340
4731 4341
4732 4342
4733 4343
4734 4344
4735 4345
4736 4346
4737 4347
4739 4348
4740 4349
4742 4350
4743 4351
4744 4352
4745 4353
4746 4354
4747 4355
4748 4356
4749 4357
4750 4358
4751 4359
4755 4360
4756 4361
4758 4362
4759 4363
4760 4364
4761 4365
4762 4366
4764 4367
4765 4368
4766 4369
4767 4370
4768 4371
4769 4372
4770 4373
4771 4374
4772 4375
4773 4376
4774 4377
4775 4378
4776 4379
4777 4380
4778 4381
4779 4382
4780 4383
4781 4384
4782 4385
4783 4386
4784 4387
4785 4388
4786 4389
4787 4390
4788 4391
4789 4392
4790 4393
4791 4394
4792 4395
4794 4396
4795 4397
4796 4398
4797 4399
4798 4400
4800 4401
4801 4402
4802 4403
4803 4404
4804 4405
4805 4406
4806 4407
4807 4408
4808 4409
4809 4410
4810 4411
4811 4412
4812 4413
4813 4414
4814 4415
4815 4416
4816 4417
4817 4418
4818 4419
4819 4420
4820 4421
4821 4422
4822 4423
4823 4424
4824 4425
4825 4426
4826 4427
4828 4428
4830 4429
4831 4430
4832 4431
4833 4432
4834 4433
4836 4434
4838 4435
4839 4436
4840 4437
4841 4438
4842 4439
4843 4440
4845 4441
4846 4442
4847 4443
4848 4444
4849 4445
4850 4446
4851 4447
4852 4448
4853 4449
4854 4450
4855 4451
4857 4452
4858 4453
4859 4454
4860 4455
4861 4456
4862 4457
4863 4458
4864 4459
4865 4460
4866 4461
4867 4462
4868 4463
4871 4464
4872 4465
4873 4466
4874 4467
4876 4468
4877 4469
4878 4470
4879 4471
4880 4472
4881 4473
4882 4474
4883 4475
4884 4476
4885 4477
4886 4478
4887 4479
4888 4480
4889 4481
4890 4482
4891 4483
4892 4484
4893 4485
4894 4486
4895 4487
4896 4488
4897 4489
4898 4490
4899 4491
4900 4492
4901 4493
4903 4494
4904 4495
4905 4496
4907 4497
4908 4498
4909 4499
4910 4500
4911 4501
4912 4502
4913 4503
4914 4504
4915 4505
4916 4506
4917 4507
4918 4508
4919 4509
4920 4510
4921 4511
4922 4512
4924 4513
4925 4514
4927 4515
4928 4516
4929 4517
4931 4518
4932 4519
4933 4520
4934 4521
4935 4522
4936 4523
4937 4524
4938 4525
4939 4526
4940 4527
4941 4528
4942 4529
4943 4530
4944 4531
4945 4532
4946 4533
4947 4534
4948 4535
4949 4536
4951 4537
4952 4538
4953 4539
4955 4540
4956 4541
4957 4542
4958 4543
4959 4544
4960 4545
4961 4546
4962 4547
4963 4548
4964 4549
4965 4550
4966 4551
4967 4552
4968 4553
4970 4554
4971 4555
4972 4556
4974 4557
4975 4558
4976 4559
4977 4560
4978 4561
4979 4562
4980 4563
4981 4564
4982 4565
4983 4566
4984 4567
4986 4568
4988 4569
4989 4570
4990 4571
4991 4572
4992 4573
4993 4574
4994 4575
4995 4576
4996 4577
4997 4578
4998 4579
4999 4580
5000 4581
5001 4582
5002 4583
5003 4584
5005 4585
5006 4586
5007 4587
5008 4588
5009 4589
5010 4590
5011 4591
5012 4592
5013 4593
5014 4594
5015 4595
5016 4596
5017 4597
5018 4598
5020 4599
5021 4600
5022 4601
5023 4602
5024 4603
5025 4604
5026 4605
5027 4606
5029 4607
5030 4608
5031 4609
5032 4610
5033 4611
5034 4612
5035 4613
5036 4614
5037 4615
5038 4616
5040 4617
5042 4618
5043 4619
5044 4620
5046 4621
5047 4622
5048 4623
5049 4624
5050 4625
5051 4626
5052 4627
5053 4628
5054 4629
5055 4630
5056 4631
5057 4632
5058 4633
5059 4634
5060 4635
5061 4636
5062 4637
5063 4638
5064 4639
5065 4640
5066 4641
5067 4642
5068 4643
5069 4644
5070 4645
5071 4646
5072 4647
5073 4648
5074 4649
5076 4650
5077 4651
5078 4652
5079 4653
5081 4654
5082 4655
5083 4656
5084 4657
5085 4658
5086 4659
5088 4660
5090 4661
5091 4662
5092 4663
5093 4664
5094 4665
5097 4666
5099 4667
5100 4668
5101 4669
5102 4670
5104 4671
5105 4672
5106 4673
5107 4674
5108 4675
5109 4676
5110 4677
5111 4678
5112 4679
5113 4680
5114 4681
5115 4682
5116 4683
5117 4684
5118 4685
5119 4686
5120 4687
5121 4688
5125 4689
5127 4690
5128 4691
5131 4692
5132 4693
5133 4694
5134 4695
5135 4696
5136 4697
5137 4698
5138 4699
5139 4700
5140 4701
5141 4702
5142 4703
5143 4704
5145 4705
5146 4706
5147 4707
5148 4708
5149 4709
5150 4710
5151 4711
5152 4712
5153 4713
5155 4714
5156 4715
5157 4716
5158 4717
5159 4718
5160 4719
5161 4720
5162 4721
5163 4722
5164 4723
5165 4724
5166 4725
5167 4726
5168 4727
5169 4728
5171 4729
5172 4730
5173 4731
5174 4732
5175 4733
5176 4734
5177 4735
5178 4736
5180 4737
5181 4738
5182 4739
5184 4740
5185 4741
5186 4742
5187 4743
5188 4744
5189 4745
5190 4746
5191 4747
5192 4748
5193 4749
5194 4750
5195 4751
5196 4752
5197 4753
5198 4754
5199 4755
5200 4756
5201 4757
5202 4758
5203 4759
5205 4760
5206 4761
5207 4762
5208 4763
5209 4764
5210 4765
5211 4766
5212 4767
5213 4768
5214 4769
5215 4770
5216 4771
5217 4772
5218 4773
5219 4774
5220 4775
5221 4776
5222 4777
5223 4778
5224 4779
5225 4780
5227 4781
5228 4782
5229 4783
5230 4784
5231 4785
5232 4786
5233 4787
5234 4788
5235 4789
5236 4790
5237 4791
5239 4792
5241 4793
5242 4794
5243 4795
5244 4796
5245 4797
5246 4798
5247 4799
5248 4800
5249 4801
5250 4802
5251 4803
5252 4804
5253 4805
5255 4806
5256 4807
5257 4808
5258 4809
5259 4810
5260 4811
5261 4812
5263 4813
5264 4814
5265 4815
5266 4816
5267 4817
5268 4818
5269 4819
5270 4820
5271 4821
5272 4822
5273 4823
5274 4824
5275 4825
5276 4826
5277 4827
5278 4828
5279 4829
5280 4830
5281 4831
5282 4832
5284 4833
5285 4834
5286 4835
5287 4836
5288 4837
5289 4838
5290 4839
5291 4840
5292 4841
5293 4842
5294 4843
5295 4844
5296 4845
5297 4846
5298 4847
5299 4848
5300 4849
5301 4850
5302 4851
5303 4852
5304 4853
5305 4854
5306 4855
5307 4856
5308 4857
5309 4858
5310 4859
5311 4860
5312 4861
5313 4862
5314 4863
5315 4864
5316 4865
5317 4866
5318 4867
5319 4868
5320 4869
5321 4870
5322 4871
5323 4872
5324 4873
5325 4874
5326 4875
5327 4876
5328 4877
5330 4878
5331 4879
5332 4880
5333 4881
5334 4882
5336 4883
5337 4884
5338 4885
5339 4886
5340 4887
5341 4888
5342 4889
5343 4890
5344 4891
5345 4892
5346 4893
5347 4894
5348 4895
5349 4896
5350 4897
5351 4898
5352 4899
5353 4900
5354 4901
5355 4902
5356 4903
5357 4904
5358 4905
5359 4906
5361 4907
5362 4908
5363 4909
5364 4910
5365 4911
5366 4912
5367 4913
5370 4914
5371 4915
5372 4916
5373 4917
5374 4918
5375 4919
5376 4920
5377 4921
5378 4922
5379 4923
5380 4924
5381 4925
5382 4926
5383 4927
5384 4928
5385 4929
5386 4930
5387 4931
5388 4932
5389 4933
5390 4934
5391 4935
5392 4936
5393 4937
5394 4938
5395 4939
5396 4940
5397 4941
5398 4942
5399 4943
5400 4944
5401 4945
5402 4946
5403 4947
5404 4948
5405 4949
5406 4950
5407 4951
5408 4952
5409 4953
5410 4954
5411 4955
5412 4956
5413 4957
5414 4958
5415 4959
5416 4960
5417 4961
5418 4962
5419 4963
5420 4964
5421 4965
5422 4966
5423 4967
5424 4968
5425 4969
5426 4970
5427 4971
5428 4972
5429 4973
5430 4974
5431 4975
5432 4976
5433 4977
5434 4978
5435 4979
5436 4980
5437 4981
5438 4982
5439 4983
5440 4984
5441 4985
5442 4986
5443 4987
5444 4988
5445 4989
5446 4990
5447 4991
5448 4992
5449 4993
5450 4994
5451 4995
5452 4996
5453 4997
5454 4998
5455 4999
5456 5000
5457 5001
5458 5002
5459 5003
5460 5004
5461 5005
5462 5006
5463 5007
5464 5008
5465 5009
5466 5010
5467 5011
5468 5012
5469 5013
5470 5014
5471 5015
5472 5016
5473 5017
5474 5018
5475 5019
5477 5020
5478 5021
5480 5022
5482 5023
5483 5024
5484 5025
5485 5026
5486 5027
5487 5028
5488 5029
5489 5030
5490 5031
5491 5032
5492 5033
5493 5034
5494 5035
5496 5036
5497 5037
5498 5038
5499 5039
5500 5040
5501 5041
5502 5042
5503 5043
5504 5044
5505 5045
5506 5046
5507 5047
5509 5048
5510 5049
5511 5050
5512 5051
5514 5052
5515 5053
5516 5054
5517 5055
5518 5056
5519 5057
5520 5058
5521 5059
5522 5060
5523 5061
5524 5062
5527 5063
5528 5064
5529 5065
5530 5066
5531 5067
5532 5068
5533 5069
5534 5070
5535 5071
5536 5072
5537 5073
5538 5074
5539 5075
5540 5076
5542 5077
5543 5078
5544 5079
5545 5080
5546 5081
5547 5082
5548 5083
5550 5084
5551 5085
5553 5086
5554 5087
5555 5088
5556 5089
5557 5090
5558 5091
5559 5092
5560 5093
5561 5094
5562 5095
5563 5096
5564 5097
5565 5098
5567 5099
5568 5100
5569 5101
5571 5102
5572 5103
5574 5104
5575 5105
5576 5106
5577 5107
5578 5108
5579 5109
5580 5110
5581 5111
5582 5112
5583 5113
5584 5114
5585 5115
5588 5116
5589 5117
5590 5118
5591 5119
5592 5120
5593 5121
5594 5122
5595 5123
5596 5124
5597 5125
5598 5126
5599 5127
5600 5128
5601 5129
5602 5130
5603 5131
5604 5132
5605 5133
5606 5134
5607 5135
5608 5136
5609 5137
5610 5138
5611 5139
5612 5140
5613 5141
5614 5142
5615 5143
5616 5144
5617 5145
5618 5146
5619 5147
5620 5148
5621 5149
5622 5150
5623 5151
5624 5152
5625 5153
5626 5154
5627 5155
5629 5156
5630 5157
5632 5158
5633 5159
5634 5160
5635 5161
5637 5162
5639 5163
5640 5164
5641 5165
5642 5166
5644 5167
5645 5168
5646 5169
5647 5170
5648 5171
5649 5172
5650 5173
5651 5174
5652 5175
5653 5176
5654 5177
5655 5178
5656 5179
5657 5180
5658 5181
5659 5182
5660 5183
5661 5184
5663 5185
5664 5186
5665 5187
5666 5188
5667 5189
5669 5190
5670 5191
5671 5192
5672 5193
5673 5194
5674 5195
5677 5196
5678 5197
5679 5198
5680 5199
5681 5200
5682 5201
5683 5202
5684 5203
5685 5204
5686 5205
5687 5206
5688 5207
5690 5208
5691 5209
5692 5210
5693 5211
5694 5212
5695 5213
5696 5214
5697 5215
5698 5216
5699 5217
5701 5218
5702 5219
5703 5220
5704 5221
5705 5222
5706 5223
5707 5224
5708 5225
5709 5226
5710 5227
5711 5228
5712 5229
5713 5230
5714 5231
5715 5232
5716 5233
5717 5234
5718 5235
5719 5236
5720 5237
5721 5238
5723 5239
5724 5240
5725 5241
5726 5242
5727 5243
5728 5244
5730 5245
5731 5246
5733 5247
5734 5248
5735 5249
5736 5250
5737 5251
5738 5252
5739 5253
5740 5254
5741 5255
5742 5256
5743 5257
5744 5258
5745 5259
5747 5260
5748 5261
5749 5262
5750 5263
5751 5264
5752 5265
5753 5266
5756 5267
5757 5268
5758 5269
5759 5270
5760 5271
5761 5272
5763 5273
5764 5274
5766 5275
5767 5276
5768 5277
5769 5278
5770 5279
5771 5280
5772 5281
5773 5282
5774 5283
5775 5284
5776 5285
5777 5286
5778 5287
5779 5288
5780 5289
5781 5290
5783 5291
5784 5292
5785 5293
5786 5294
5787 5295
5788 5296
5789 5297
5790 5298
5791 5299
5792 5300
5793 5301
5794 5302
5795 5303
5796 5304
5798 5305
5799 5306
5800 5307
5801 5308
5802 5309
5803 5310
5804 5311
5805 5312
5806 5313
5807 5314
5808 5315
5809 5316
5810 5317
5811 5318
5812 5319
5814 5320
5816 5321
5817 5322
5818 5323
5819 5324
5820 5325
5821 5326
5822 5327
5824 5328
5825 5329
5826 5330
5828 5331
5829 5332
5830 5333
5831 5334
5833 5335
5834 5336
5836 5337
5838 5338
5840 5339
5841 5340
5842 5341
5843 5342
5844 5343
5845 5344
5846 5345
5847 5346
5848 5347
5849 5348
5851 5349
5852 5350
5853 5351
5854 5352
5855 5353
5856 5354
5857 5355
5858 5356
5859 5357
5860 5358
5861 5359
5862 5360
5863 5361
5864 5362
5865 5363
5866 5364
5867 5365
5868 5366
5869 5367
5870 5368
5871 5369
5872 5370
5873 5371
5874 5372
5875 5373
5876 5374
5877 5375
5878 5376
5879 5377
5880 5378
5881 5379
5882 5380
5883 5381
5884 5382
5885 5383
5886 5384
5887 5385
5888 5386
5889 5387
5890 5388
5891 5389
5892 5390
5894 5391
5895 5392
5896 5393
5897 5394
5898 5395
5899 5396
5900 5397
5901 5398
5902 5399
5903 5400
5904 5401
5905 5402
5906 5403
5907 5404
5910 5405
5912 5406
5913 5407
5914 5408
5916 5409
5917 5410
5918 5411
5919 5412
5921 5413
5922 5414
5923 5415
5924 5416
5925 5417
5926 5418
5927 5419
5928 5420
5929 5421
5931 5422
5932 5423
5933 5424
5934 5425
5935 5426
5936 5427
5937 5428
5938 5429
5939 5430
5940 5431
5941 5432
5942 5433
5943 5434
5944 5435
5945 5436
5946 5437
5947 5438
5948 5439
5949 5440
5951 5441
5952 5442
5953 5443
5954 5444
5955 5445
5956 5446
5958 5447
5959 5448
5961 5449
5962 5450
5963 5451
5964 5452
5966 5453
5967 5454
5968 5455
5969 5456
5971 5457
5974 5458
5976 5459
5977 5460
5978 5461
5979 5462
5980 5463
5982 5464
5983 5465
5984 5466
5985 5467
5986 5468
5987 5469
5988 5470
5989 5471
5990 5472
5992 5473
5993 5474
5994 5475
5995 5476
5996 5477
5997 5478
5998 5479
5999 5480
6000 5481
6002 5482
6003 5483
6004 5484
6005 5485
6006 5486
6007 5487
6009 5488
6010 5489
6011 5490
6012 5491
6013 5492
6014 5493
6015 5494
6016 5495
6017 5496
6018 5497
6019 5498
6020 5499
6021 5500
6022 5501
6023 5502
6024 5503
6025 5504
6026 5505
6027 5506
6028 5507
6029 5508
6030 5509
6033 5510
6034 5511
6035 5512
6036 5513
6037 5514
6038 5515
6039 5516
6040 5517
6041 5518
6042 5519
6043 5520
6044 5521
6045 5522
6046 5523
6047 5524
6048 5525
6049 5526
6050 5527
6051 5528
6052 5529
6053 5530
6054 5531
6055 5532
6056 5533
6057 5534
6058 5535
6059 5536
6060 5537
6061 5538
6062 5539
6063 5540
6064 5541
6065 5542
6066 5543
6067 5544
6069 5545
6070 5546
6071 5547
6072 5548
6073 5549
6074 5550
6075 5551
6076 5552
6077 5553
6078 5554
6079 5555
6080 5556
6081 5557
6083 5558
6084 5559
6087 5560
6088 5561
6089 5562
6090 5563
6092 5564
6093 5565
6094 5566
6095 5567
6096 5568
6097 5569
6098 5570
6099 5571
6100 5572
6101 5573
6102 5574
6103 5575
6104 5576
6105 5577
6106 5578
6108 5579
6109 5580
6110 5581
6111 5582
6112 5583
6113 5584
6114 5585
6115 5586
6116 5587
6117 5588
6118 5589
6119 5590
6120 5591
6121 5592
6122 5593
6123 5594
6124 5595
6126 5596
6127 5597
6128 5598
6129 5599
6130 5600
6131 5601
6133 5602
6134 5603
6135 5604
6136 5605
6137 5606
6138 5607
6140 5608
6141 5609
6142 5610
6143 5611
6144 5612
6145 5613
6146 5614
6147 5615
6148 5616
6149 5617
6150 5618
6151 5619
6152 5620
6153 5621
6154 5622
6155 5623
6156 5624
6157 5625
6158 5626
6159 5627
6160 5628
6162 5629
6163 5630
6164 5631
6165 5632
6166 5633
6167 5634
6168 5635
6170 5636
6171 5637
6172 5638
6173 5639
6174 5640
6175 5641
6176 5642
6179 5643
6180 5644
6181 5645
6182 5646
6183 5647
6184 5648
6185 5649
6187 5650
6188 5651
6189 5652
6190 5653
6192 5654
6194 5655
6197 5656
6198 5657
6199 5658
6200 5659
6201 5660
6202 5661
6203 5662
6204 5663
6205 5664
6207 5665
6208 5666
6209 5667
6210 5668
6211 5669
6212 5670
6214 5671
6215 5672
6216 5673
6217 5674
6218 5675
6219 5676
6220 5677
6221 5678
6223 5679
6224 5680
6225 5681
6226 5682
6227 5683
6228 5684
6229 5685
6230 5686
6231 5687
6232 5688
6233 5689
6234 5690
6235 5691
6236 5692
6237 5693
6238 5694
6239 5695
6240 5696
6241 5697
6242 5698
6244 5699
6245 5700
6246 5701
6247 5702
6248 5703
6249 5704
6250 5705
6251 5706
6252 5707
6253 5708
6254 5709
6255 5710
6256 5711
6257 5712
6258 5713
6259 5714
6260 5715
6261 5716
6262 5717
6263 5718
6264 5719
6265 5720
6266 5721
6267 5722
6268 5723
6269 5724
6270 5725
6271 5726
6272 5727
6273 5728
6274 5729
6275 5730
6277 5731
6278 5732
6279 5733
6280 5734
6281 5735
6282 5736
6283 5737
6284 5738
6285 5739
6286 5740
6287 5741
6288 5742
6289 5743
6290 5744
6291 5745
6292 5746
6293 5747
6294 5748
6296 5749
6297 5750
6298 5751
6300 5752
6301 5753
6302 5754
6303 5755
6305 5756
6306 5757
6307 5758
6308 5759
6309 5760
6310 5761
6311 5762
6312 5763
6313 5764
6314 5765
6315 5766
6316 5767
6317 5768
6318 5769
6319 5770
6320 5771
6321 5772
6322 5773
6323 5774
6324 5775
6325 5776
6326 5777
6327 5778
6328 5779
6329 5780
6330 5781
6331 5782
6332 5783
6333 5784
6334 5785
6335 5786
6336 5787
6337 5788
6338 5789
6339 5790
6340 5791
6341 5792
6342 5793
6343 5794
6344 5795
6345 5796
6346 5797
6347 5798
6348 5799
6349 5800
6350 5801
6351 5802
6352 5803
6353 5804
6354 5805
6355 5806
6356 5807
6357 5808
6359 5809
6360 5810
6361 5811
6362 5812
6363 5813
6364 5814
6365 5815
6366 5816
6367 5817
6368 5818
6369 5819
6370 5820
6371 5821
6372 5822
6373 5823
6374 5824
6375 5825
6376 5826
6378 5827
6379 5828
6380 5829
6381 5830
6382 5831
6383 5832
6384 5833
6385 5834
6386 5835
6387 5836
6388 5837
6389 5838
6390 5839
6391 5840
6392 5841
6393 5842
6394 5843
6395 5844
6396 5845
6397 5846
6398 5847
6399 5848
6400 5849
6401 5850
6402 5851
6403 5852
6404 5853
6405 5854
6406 5855
6407 5856
6408 5857
6409 5858
6410 5859
6411 5860
6412 5861
6413 5862
6414 5863
6415 5864
6416 5865
6417 5866
6418 5867
6419 5868
6420 5869
6421 5870
6422 5871
6423 5872
6424 5873
6425 5874
6426 5875
6427 5876
6428 5877
6429 5878
6430 5879
6431 5880
6432 5881
6433 5882
6434 5883
6435 5884
6436 5885
6437 5886
6438 5887
6439 5888
6440 5889
6441 5890
6442 5891
6443 5892
6444 5893
6445 5894
6446 5895
6447 5896
6448 5897
6449 5898
6450 5899
6451 5900
6452 5901
6453 5902
6454 5903
6455 5904
6456 5905
6457 5906
6458 5907
6459 5908
6460 5909
6461 5910
6462 5911
6463 5912
6464 5913
6465 5914
6467 5915
6468 5916
6469 5917
6470 5918
6471 5919
6472 5920
6473 5921
6474 5922
6475 5923
6476 5924
6477 5925
6478 5926
6479 5927
6480 5928
6481 5929
6482 5930
6484 5931
6485 5932
6486 5933
6487 5934
6488 5935
6489 5936
6490 5937
6491 5938
6492 5939
6493 5940
6494 5941
6495 5942
6496 5943
6497 5944
6498 5945
6499 5946
6500 5947
6501 5948
6502 5949
6503 5950
6504 5951
6505 5952
6506 5953
6507 5954
6508 5955
6509 5956
6510 5957
6511 5958
6512 5959
6513 5960
6514 5961
6515 5962
6516 5963
6517 5964
6518 5965
6522 5966
6523 5967
6525 5968
6526 5969
6527 5970
6528 5971
6529 5972
6530 5973
6531 5974
6532 5975
6533 5976
6534 5977
6535 5978
6536 5979
6537 5980
6538 5981
6539 5982
6540 5983
6541 5984
6542 5985
6543 5986
6544 5987
6545 5988
6546 5989
6547 5990
6548 5991
6549 5992
6550 5993
6551 5994
6552 5995
6553 5996
6554 5997
6555 5998
6556 5999
6557 6000
6558 6001
6559 6002
6560 6003
6561 6004
6562 6005
6563 6006
6564 6007
6565 6008
6566 6009
6568 6010
6569 6011
6570 6012
6571 6013
6572 6014
6573 6015
6574 6016
6575 6017
6576 6018
6577 6019
6578 6020
6579 6021
6580 6022
6581 6023
6582 6024
6583 6025
6584 6026
6585 6027
6586 6028
6587 6029
6588 6030
6589 6031
6590 6032
6591 6033
6592 6034
6593 6035
6594 6036
6595 6037
6596 6038
6597 6039
6598 6040
6599 6041
6600 6042
6601 6043
6602 6044
6603 6045
6604 6046
6605 6047
6606 6048
6608 6049
6609 6050
6610 6051
6611 6052
6612 6053
6613 6054
6614 6055
6615 6056
6616 6057
6617 6058
6618 6059
6619 6060
6620 6061
6621 6062
6622 6063
6624 6064
6625 6065
6627 6066
6628 6067
6629 6068
6630 6069
6631 6070
6632 6071
6633 6072
6634 6073
6635 6074
6636 6075
6637 6076
6638 6077
6639 6078
6640 6079
6641 6080
6642 6081
6643 6082
6644 6083
6645 6084
6646 6085
6647 6086
6648 6087
6649 6088
6650 6089
6651 6090
6652 6091
6653 6092
6654 6093
6655 6094
6656 6095
6657 6096
6658 6097
6659 6098
6660 6099
6661 6100
6662 6101
6663 6102
6666 6103
6667 6104
6669 6105
6670 6106
6671 6107
6672 6108
6673 6109
6674 6110
6675 6111
6676 6112
6677 6113
6678 6114
6679 6115
6680 6116
6681 6117
6682 6118
6683 6119
6684 6120
6686 6121
6687 6122
6688 6123
6689 6124
6690 6125
6691 6126
6692 6127
6693 6128
6694 6129
6695 6130
6697 6131
6698 6132
6699 6133
6700 6134
6701 6135
6702 6136
6703 6137
6704 6138
6705 6139
6706 6140
6707 6141
6708 6142
6709 6143
6710 6144
6711 6145
6712 6146
6713 6147
6714 6148
6715 6149
6716 6150
6717 6151
6718 6152
6719 6153
6720 6154
6722 6155
6723 6156
6724 6157
6726 6158
6727 6159
6728 6160
6729 6161
6730 6162
6731 6163
6732 6164
6733 6165
6734 6166
6735 6167
6737 6168
6738 6169
6739 6170
6740 6171
6742 6172
6743 6173
6744 6174
6745 6175
6746 6176
6747 6177
6748 6178
6749 6179
6750 6180
6751 6181
6752 6182
6753 6183
6755 6184
6756 6185
6757 6186
6758 6187
6759 6188
6760 6189
6761 6190
6763 6191
6764 6192
6765 6193
6766 6194
6767 6195
6768 6196
6769 6197
6770 6198
6771 6199
6772 6200
6773 6201
6774 6202
6777 6203
6778 6204
6779 6205
6780 6206
6781 6207
6782 6208
6783 6209
6784 6210
6785 6211
6787 6212
6788 6213
6789 6214
6790 6215
6791 6216
6792 6217
6793 6218
6794 6219
6795 6220
6796 6221
6797 6222
6798 6223
6799 6224
6800 6225
6801 6226
6802 6227
6803 6228
6804 6229
6805 6230
6806 6231
6807 6232
6808 6233
6809 6234
6810 6235
6811 6236
6812 6237
6813 6238
6815 6239
6816 6240
6817 6241
6818 6242
6819 6243
6820 6244
6821 6245
6822 6246
6823 6247
6824 6248
6825 6249
6826 6250
6827 6251
6828 6252
6830 6253
6831 6254
6832 6255
6834 6256
6835 6257
6836 6258
6837 6259
6838 6260
6839 6261
6840 6262
6841 6263
6842 6264
6843 6265
6844 6266
6845 6267
6846 6268
6847 6269
6848 6270
6849 6271
6850 6272
6851 6273
6852 6274
6853 6275
6855 6276
6856 6277
6857 6278
6858 6279
6859 6280
6860 6281
6861 6282
6862 6283
6863 6284
6864 6285
6865 6286
6866 6287
6867 6288
6868 6289
6869 6290
6870 6291
6872 6292
6873 6293
6874 6294
6877 6295
6878 6296
6879 6297
6880 6298
6881 6299
6882 6300
6883 6301
6885 6302
6886 6303
6887 6304
6888 6305
6889 6306
6890 6307
6891 6308
6892 6309
6893 6310
6894 6311
6895 6312
6896 6313
6897 6314
6898 6315
6899 6316
6900 6317
6901 6318
6902 6319
6903 6320
6904 6321
6905 6322
6906 6323
6908 6324
6909 6325
6910 6326
6911 6327
6912 6328
6913 6329
6914 6330
6915 6331
6916 6332
6917 6333
6918 6334
6919 6335
6920 6336
6921 6337
6922 6338
6923 6339
6924 6340
6925 6341
6926 6342
6927 6343
6928 6344
6929 6345
6930 6346
6931 6347
6932 6348
6933 6349
6934 6350
6935 6351
6936 6352
6937 6353
6938 6354
6939 6355
6940 6356
6941 6357
6942 6358
6943 6359
6944 6360
6945 6361
6946 6362
6947 6363
6948 6364
6949 6365
6950 6366
6951 6367
6952 6368
6953 6369
6954 6370
6955 6371
6956 6372
6958 6373
6959 6374
6960 6375
6961 6376
6962 6377
6963 6378
6965 6379
6966 6380
6967 6381
6969 6382
6970 6383
6971 6384
6972 6385
6973 6386
6974 6387
6975 6388
6976 6389
6977 6390
6978 6391
6979 6392
6980 6393
6981 6394
6982 6395
6984 6396
6985 6397
6986 6398
6987 6399
6988 6400
6990 6401
6991 6402
6992 6403
6994 6404
6996 6405
6997 6406
6998 6407
6999 6408
7000 6409
7001 6410
7002 6411
7003 6412
7005 6413
7008 6414
7009 6415
7010 6416
7011 6417
7012 6418
7013 6419
7014 6420
7015 6421
7016 6422
7017 6423
7018 6424
7019 6425
7021 6426
7022 6427
7023 6428
7024 6429
7025 6430
7026 6431
7027 6432
7028 6433
7029 6434
7030 6435
7031 6436
7032 6437
7033 6438
7034 6439
7035 6440
7036 6441
7037 6442
7038 6443
7039 6444
7041 6445
7042 6446
7043 6447
7045 6448
7046 6449
7047 6450
7048 6451
7049 6452
7050 6453
7051 6454
7052 6455
7053 6456
7054 6457
7055 6458
7056 6459
7057 6460
7058 6461
7059 6462
7060 6463
7061 6464
7062 6465
7063 6466
7064 6467
7065 6468
7066 6469
7067 6470
7068 6471
7069 6472
7070 6473
7071 6474
7072 6475
7073 6476
7074 6477
7075 6478
7076 6479
7077 6480
7079 6481
7082 6482
7084 6483
7085 6484
7086 6485
7088 6486
7089 6487
7090 6488
7092 6489
7093 6490
7094 6491
7096 6492
7097 6493
7098 6494
7099 6495
7100 6496
7101 6497
7102 6498
7103 6499
7104 6500
7105 6501
7106 6502
7107 6503
7108 6504
7109 6505
7110 6506
7111 6507
7112 6508
7113 6509
7114 6510
7115 6511
7116 6512
7117 6513
7118 6514
7119 6515
7120 6516
7121 6517
7122 6518
7123 6519
7124 6520
7125 6521
7126 6522
7127 6523
7128 6524
7129 6525
7130 6526
7131 6527
7132 6528
7133 6529
7134 6530
7135 6531
7136 6532
7137 6533
7138 6534
7139 6535
7140 6536
7142 6537
7143 6538
7144 6539
7145 6540
7146 6541
7147 6542
7148 6543
7149 6544
7150 6545
7151 6546
7152 6547
7153 6548
7154 6549
7155 6550
7156 6551
7157 6552
7158 6553
7159 6554
7160 6555
7161 6556
7162 6557
7163 6558
7164 6559
7166 6560
7167 6561
7168 6562
7169 6563
7170 6564
7174 6565
7175 6566
7176 6567
7177 6568
7178 6569
7179 6570
7180 6571
7181 6572
7182 6573
7183 6574
7184 6575
7185 6576
7186 6577
7187 6578
7188 6579
7189 6580
7190 6581
7191 6582
7192 6583
7193 6584
7194 6585
7195 6586
7197 6587
7198 6588
7199 6589
7200 6590
7202 6591
7203 6592
7204 6593
7205 6594
7207 6595
7208 6596
7210 6597
7211 6598
7212 6599
7213 6600
7215 6601
7216 6602
7217 6603
7218 6604
7219 6605
7220 6606
7221 6607
7222 6608
7223 6609
7224 6610
7225 6611
7226 6612
7227 6613
7228 6614
7229 6615
7230 6616
7231 6617
7232 6618
7233 6619
7234 6620
7235 6621
7236 6622
7237 6623
7238 6624
7239 6625
7240 6626
7242 6627
7243 6628
7244 6629
7245 6630
7246 6631
7247 6632
7248 6633
7249 6634
7250 6635
7252 6636
7253 6637
7254 6638
7255 6639
7256 6640
7257 6641
7259 6642
7260 6643
7261 6644
7262 6645
7263 6646
7264 6647
7265 6648
7266 6649
7267 6650
7270 6651
7271 6652
7272 6653
7273 6654
7274 6655
7276 6656
7277 6657
7278 6658
7279 6659
7280 6660
7281 6661
7282 6662
7283 6663
7285 6664
7286 6665
7287 6666
7288 6667
7289 6668
7290 6669
7291 6670
7292 6671
7293 6672
7295 6673
7296 6674
7297 6675
7298 6676
7299 6677
7300 6678
7301 6679
7302 6680
7303 6681
7304 6682
7305 6683
7306 6684
7307 6685
7308 6686
7309 6687
7310 6688
7311 6689
7312 6690
7313 6691
7314 6692
7315 6693
7316 6694
7317 6695
7318 6696
7319 6697
7320 6698
7321 6699
7322 6700
7323 6701
7324 6702
7325 6703
7326 6704
7327 6705
7328 6706
7329 6707
7330 6708
7331 6709
7332 6710
7333 6711
7334 6712
7335 6713
7336 6714
7337 6715
7338 6716
7339 6717
7341 6718
7342 6719
7343 6720
7346 6721
7347 6722
7348 6723
7349 6724
7350 6725
7351 6726
7352 6727
7353 6728
7354 6729
7355 6730
7356 6731
7357 6732
7358 6733
7359 6734
7360 6735
7361 6736
7362 6737
7363 6738
7364 6739
7365 6740
7366 6741
7367 6742
7368 6743
7369 6744
7370 6745
7371 6746
7372 6747
7373 6748
7374 6749
7375 6750
7376 6751
7377 6752
7378 6753
7379 6754
7380 6755
7381 6756
7382 6757
7383 6758
7384 6759
7385 6760
7386 6761
7387 6762
7389 6763
7391 6764
7392 6765
7393 6766
7394 6767
7395 6768
7396 6769
7397 6770
7398 6771
7399 6772
7400 6773
7401 6774
7402 6775
7403 6776
7404 6777
7405 6778
7406 6779
7407 6780
7409 6781
7410 6782
7411 6783
7412 6784
7413 6785
7414 6786
7415 6787
7416 6788
7417 6789
7418 6790
7419 6791
7422 6792
7423 6793
7424 6794
7425 6795
7426 6796
7427 6797
7428 6798
7429 6799
7430 6800
7431 6801
7432 6802
7433 6803
7434 6804
7435 6805
7436 6806
7437 6807
7438 6808
7440 6809
7441 6810
7442 6811
7443 6812
7444 6813
7445 6814
7446 6815
7447 6816
7448 6817
7449 6818
7450 6819
7451 6820
7452 6821
7453 6822
7454 6823
7455 6824
7456 6825
7457 6826
7458 6827
7459 6828
7460 6829
7461 6830
7462 6831
7463 6832
7464 6833
7465 6834
7466 6835
7467 6836
7468 6837
7469 6838
7470 6839
7471 6840
7472 6841
7473 6842
7474 6843
7475 6844
7476 6845
7477 6846
7478 6847
7479 6848
7480 6849
7481 6850
7482 6851
7483 6852
7484 6853
7485 6854
7486 6855
7487 6856
7488 6857
7489 6858
7490 6859
7491 6860
7492 6861
7493 6862
7494 6863
7495 6864
7496 6865
7497 6866
7498 6867
7500 6868
7501 6869
7502 6870
7503 6871
7504 6872
7505 6873
7506 6874
7507 6875
7508 6876
7509 6877
7510 6878
7511 6879
7512 6880
7513 6881
7514 6882
7515 6883
7516 6884
7517 6885
7518 6886
7519 6887
7520 6888
7521 6889
7522 6890
7523 6891
7524 6892
7525 6893
7526 6894
7527 6895
7528 6896
7529 6897
7530 6898
7531 6899
7532 6900
7533 6901
7534 6902
7535 6903
7536 6904
7538 6905
7539 6906
7540 6907
7541 6908
7542 6909
7543 6910
7544 6911
7545 6912
7546 6913
7547 6914
7548 6915
7549 6916
7550 6917
7551 6918
7552 6919
7553 6920
7554 6921
7555 6922
7556 6923
7557 6924
7558 6925
7559 6926
7560 6927
7561 6928
7562 6929
7563 6930
7564 6931
7565 6932
7566 6933
7567 6934
7568 6935
7569 6936
7570 6937
7571 6938
7572 6939
7573 6940
7574 6941
7575 6942
7578 6943
7579 6944
7580 6945
7581 6946
7582 6947
7583 6948
7584 6949
7585 6950
7586 6951
7587 6952
7588 6953
7589 6954
7590 6955
7591 6956
7592 6957
7593 6958
7594 6959
7595 6960
7596 6961
7597 6962
7598 6963
7600 6964
7601 6965
7602 6966
7603 6967
7604 6968
7605 6969
7606 6970
7607 6971
7608 6972
7609 6973
7610 6974
7611 6975
7612 6976
7613 6977
7614 6978
7616 6979
7618 6980
7619 6981
7620 6982
7621 6983
7622 6984
7623 6985
7624 6986
7625 6987
7626 6988
7627 6989
7628 6990
7629 6991
7630 6992
7631 6993
7632 6994
7633 6995
7634 6996
7635 6997
7636 6998
7638 6999
7639 7000
7640 7001
7641 7002
7642 7003
7643 7004
7644 7005
7645 7006
7646 7007
7647 7008
7648 7009
7649 7010
7650 7011
7651 7012
7652 7013
7653 7014
7654 7015
7655 7016
7656 7017
7657 7018
7658 7019
7659 7020
7660 7021
7661 7022
7662 7023
7663 7024
7664 7025
7666 7026
7667 7027
7668 7028
7669 7029
7670 7030
7671 7031
7672 7032
7673 7033
7674 7034
7676 7035
7679 7036
7680 7037
7681 7038
7682 7039
7685 7040
7686 7041
7687 7042
7688 7043
7689 7044
7692 7045
7693 7046
7694 7047
7695 7048
7696 7049
7697 7050
7698 7051
7699 7052
7700 7053
7701 7054
7702 7055
7703 7056
7704 7057
7705 7058
7706 7059
7707 7060
7709 7061
7710 7062
7711 7063
7712 7064
7713 7065
7714 7066
7715 7067
7717 7068
7718 7069
7719 7070
7720 7071
7721 7072
7722 7073
7725 7074
7726 7075
7727 7076
7728 7077
7729 7078
7730 7079
7731 7080
7732 7081
7733 7082
7734 7083
7735 7084
7736 7085
7737 7086
7738 7087
7739 7088
7740 7089
7741 7090
7742 7091
7743 7092
7745 7093
7746 7094
7749 7095
7750 7096
7751 7097
7752 7098
7753 7099
7755 7100
7756 7101
7757 7102
7758 7103
7759 7104
7760 7105
7761 7106
7762 7107
7763 7108
7764 7109
7765 7110
7766 7111
7767 7112
7768 7113
7769 7114
7770 7115
7771 7116
7772 7117
7773 7118
7775 7119
7776 7120
7777 7121
7779 7122
7780 7123
7782 7124
7783 7125
7784 7126
7785 7127
7786 7128
7787 7129
7788 7130
7789 7131
7790 7132
7792 7133
7793 7134
7794 7135
7795 7136
7796 7137
7797 7138
7798 7139
7799 7140
7800 7141
7802 7142
7803 7143
7804 7144
7805 7145
7806 7146
7807 7147
7808 7148
7810 7149
7811 7150
7812 7151
7813 7152
7814 7153
7815 7154
7816 7155
7817 7156
7818 7157
7819 7158
7820 7159
7821 7160
7822 7161
7823 7162
7824 7163
7825 7164
7826 7165
7827 7166
7828 7167
7829 7168
7830 7169
7832 7170
7833 7171
7835 7172
7836 7173
7837 7174
7838 7175
7839 7176
7840 7177
7841 7178
7842 7179
7843 7180
7844 7181
7845 7182
7846 7183
7847 7184
7848 7185
7849 7186
7850 7187
7851 7188
7852 7189
7853 7190
7854 7191
7855 7192
7857 7193
7858 7194
7859 7195
7860 7196
7861 7197
7862 7198
7863 7199
7864 7200
7865 7201
7867 7202
7868 7203
7869 7204
7870 7205
7871 7206
7872 7207
7873 7208
7874 7209
7875 7210
7877 7211
7878 7212
7879 7213
7880 7214
7881 7215
7882 7216
7883 7217
7884 7218
7885 7219
7886 7220
7887 7221
7888 7222
7889 7223
7890 7224
7891 7225
7892 7226
7893 7227
7894 7228
7895 7229
7896 7230
7897 7231
7899 7232
7900 7233
7901 7234
7902 7235
7903 7236
7904 7237
7906 7238
7907 7239
7908 7240
7909 7241
7910 7242
7911 7243
7913 7244
7914 7245
7915 7246
7916 7247
7917 7248
7918 7249
7919 7250
7920 7251
7921 7252
7922 7253
7925 7254
7926 7255
7927 7256
7928 7257
7929 7258
7930 7259
7931 7260
7932 7261
7933 7262
7934 7263
7935 7264
7936 7265
7937 7266
7938 7267
7939 7268
7941 7269
7942 7270
7943 7271
7944 7272
7946 7273
7947 7274
7948 7275
7949 7276
7950 7277
7952 7278
7953 7279
7954 7280
7955 7281
7956 7282
7957 7283
7958 7284
7959 7285
7960 7286
7961 7287
7962 7288
7963 7289
7964 7290
7965 7291
7966 7292
7967 7293
7968 7294
7969 7295
7970 7296
7971 7297
7972 7298
7973 7299
7975 7300
7976 7301
7977 7302
7978 7303
7979 7304
7980 7305
7981 7306
7982 7307
7983 7308
7984 7309
7985 7310
7986 7311
7989 7312
7990 7313
7991 7314
7992 7315
7994 7316
7995 7317
7997 7318
7998 7319
7999 7320
8000 7321
8001 7322
8002 7323
8003 7324
8004 7325
8005 7326
8006 7327
8007 7328
8008 7329
8009 7330
8010 7331
8011 7332
8012 7333
8013 7334
8014 7335
8015 7336
8016 7337
8017 7338
8018 7339
8019 7340
8020 7341
8021 7342
8022 7343
8023 7344
8024 7345
8025 7346
8026 7347
8027 7348
8028 7349
8029 7350
8030 7351
8031 7352
8032 7353
8034 7354
8036 7355
8037 7356
8038 7357
8039 7358
8040 7359
8041 7360
8043 7361
8044 7362
8045 7363
8046 7364
8047 7365
8048 7366
8049 7367
8050 7368
8051 7369
8052 7370
8053 7371
8054 7372
8056 7373
8057 7374
8058 7375
8059 7376
8062 7377
8063 7378
8064 7379
8066 7380
8067 7381
8068 7382
8069 7383
8070 7384
8071 7385
8072 7386
8073 7387
8074 7388
8075 7389
8076 7390
8077 7391
8078 7392
8079 7393
8080 7394
8081 7395
8082 7396
8083 7397
8084 7398
8085 7399
8086 7400
8088 7401
8089 7402
8090 7403
8091 7404
8092 7405
8093 7406
8094 7407
8095 7408
8096 7409
8097 7410
8098 7411
8099 7412
8100 7413
8101 7414
8103 7415
8104 7416
8106 7417
8107 7418
8108 7419
8109 7420
8110 7421
8111 7422
8112 7423
8113 7424
8114 7425
8115 7426
8116 7427
8117 7428
8118 7429
8119 7430
8120 7431
8121 7432
8122 7433
8123 7434
8124 7435
8126 7436
8128 7437
8129 7438
8130 7439
8131 7440
8132 7441
8133 7442
8134 7443
8135 7444
8136 7445
8137 7446
8139 7447
8140 7448
8141 7449
8142 7450
8143 7451
8144 7452
8145 7453
8147 7454
8148 7455
8149 7456
8150 7457
8151 7458
8152 7459
8153 7460
8154 7461
8156 7462
8157 7463
8158 7464
8159 7465
8160 7466
8161 7467
8162 7468
8163 7469
8164 7470
8165 7471
8167 7472
8168 7473
8169 7474
8170 7475
8171 7476
8172 7477
8173 7478
8174 7479
8175 7480
8176 7481
8177 7482
8178 7483
8179 7484
8180 7485
8181 7486
8182 7487
8183 7488
8184 7489
8185 7490
8186 7491
8187 7492
8188 7493
8189 7494
8191 7495
8192 7496
8193 7497
8194 7498
8195 7499
8196 7500
8197 7501
8198 7502
8199 7503
8200 7504
8201 7505
8202 7506
8203 7507
8204 7508
8205 7509
8206 7510
8207 7511
8208 7512
8209 7513
8213 7514
8214 7515
8215 7516
8216 7517
8217 7518
8218 7519
8219 7520
8220 7521
8221 7522
8223 7523
8224 7524
8225 7525
8226 7526
8227 7527
8228 7528
8229 7529
8230 7530
8231 7531
8232 7532
8233 7533
8234 7534
8235 7535
8236 7536
8238 7537
8239 7538
8240 7539
8242 7540
8243 7541
8244 7542
8245 7543
8246 7544
8247 7545
8249 7546
8250 7547
8251 7548
8252 7549
8253 7550
8254 7551
8257 7552
8258 7553
8259 7554
8260 7555
8261 7556
8262 7557
8263 7558
8264 7559
8265 7560
8266 7561
8267 7562
8269 7563
8270 7564
8271 7565
8272 7566
8273 7567
8274 7568
8275 7569
8276 7570
8277 7571
8278 7572
8279 7573
8280 7574
8281 7575
8283 7576
8284 7577
8285 7578
8286 7579
8287 7580
8288 7581
8289 7582
8290 7583
8292 7584
8293 7585
8294 7586
8295 7587
8296 7588
8298 7589
8299 7590
8300 7591
8301 7592
8302 7593
8303 7594
8305 7595
8306 7596
8307 7597
8308 7598
8309 7599
8310 7600
8311 7601
8312 7602
8313 7603
8314 7604
8315 7605
8316 7606
8317 7607
8318 7608
8319 7609
8320 7610
8321 7611
8323 7612
8324 7613
8325 7614
8326 7615
8327 7616
8328 7617
8329 7618
8330 7619
8331 7620
8332 7621
8333 7622
8334 7623
8335 7624
8336 7625
8337 7626
8339 7627
8340 7628
8341 7629
8342 7630
8343 7631
8344 7632
8345 7633
8346 7634
8347 7635
8348 7636
8349 7637
8350 7638
8351 7639
8352 7640
8354 7641
8355 7642
8356 7643
8358 7644
8359 7645
8360 7646
8361 7647
8363 7648
8364 7649
8365 7650
8366 7651
8367 7652
8368 7653
8369 7654
8370 7655
8371 7656
8372 7657
8373 7658
8374 7659
8375 7660
8376 7661
8377 7662
8378 7663
8379 7664
8380 7665
8381 7666
8384 7667
8385 7668
8386 7669
8387 7670
8388 7671
8389 7672
8390 7673
8391 7674
8392 7675
8393 7676
8394 7677
8395 7678
8396 7679
8397 7680
8398 7681
8399 7682
8400 7683
8402 7684
8403 7685
8404 7686
8405 7687
8406 7688
8407 7689
8408 7690
8409 7691
8410 7692
8411 7693
8412 7694
8413 7695
8414 7696
8415 7697
8416 7698
8417 7699
8418 7700
8419 7701
8420 7702
8421 7703
8423 7704
8424 7705
8425 7706
8427 7707
8428 7708
8429 7709
8430 7710
8431 7711
8432 7712
8433 7713
8434 7714
8435 7715
8436 7716
8437 7717
8439 7718
8440 7719
8441 7720
8443 7721
8444 7722
8445 7723
8446 7724
8447 7725
8449 7726
8450 7727
8451 7728
8452 7729
8453 7730
8454 7731
8456 7732
8457 7733
8458 7734
8459 7735
8460 7736
8461 7737
8462 7738
8463 7739
8464 7740
8465 7741
8466 7742
8467 7743
8468 7744
8469 7745
8470 7746
8471 7747
8472 7748
8473 7749
8474 7750
8475 7751
8477 7752
8478 7753
8479 7754
8480 7755
8482 7756
8483 7757
8485 7758
8486 7759
8487 7760
8488 7761
8489 7762
8490 7763
8491 7764
8492 7765
8493 7766
8494 7767
8495 7768
8496 7769
8497 7770
8498 7771
8499 7772
8500 7773
8501 7774
8502 7775
8503 7776
8504 7777
8505 7778
8506 7779
8508 7780
8509 7781
8510 7782
8511 7783
8513 7784
8514 7785
8515 7786
8516 7787
8517 7788
8518 7789
8519 7790
8520 7791
8521 7792
8522 7793
8523 7794
8524 7795
8525 7796
8526 7797
8527 7798
8528 7799
8529 7800
8530 7801
8531 7802
8533 7803
8534 7804
8535 7805
8536 7806
8537 7807
8538 7808
8540 7809
8541 7810
8542 7811
8543 7812
8544 7813
8545 7814
8546 7815
8547 7816
8548 7817
8549 7818
8550 7819
8551 7820
8552 7821
8553 7822
8554 7823
8555 7824
8556 7825
8557 7826
8558 7827
8559 7828
8560 7829
8561 7830
8562 7831
8563 7832
8564 7833
8565 7834
8566 7835
8567 7836
8568 7837
8569 7838
8570 7839
8571 7840
8572 7841
8573 7842
8574 7843
8575 7844
8576 7845
8577 7846
8578 7847
8579 7848
8580 7849
8581 7850
8582 7851
8583 7852
8584 7853
8585 7854
8586 7855
8588 7856
8590 7857
8592 7858
8594 7859
8595 7860
8596 7861
8597 7862
8598 7863
8599 7864
8600 7865
8601 7866
8602 7867
8603 7868
8604 7869
8605 7870
8606 7871
8607 7872
8608 7873
8609 7874
8610 7875
8611 7876
8612 7877
8613 7878
8615 7879
8616 7880
8617 7881
8618 7882
8619 7883
8620 7884
8621 7885
8622 7886
8623 7887
8624 7888
8625 7889
8626 7890
8628 7891
8629 7892
8631 7893
8632 7894
8633 7895
8634 7896
8635 7897
8636 7898
8637 7899
8639 7900
8640 7901
8641 7902
8642 7903
8643 7904
8644 7905
8645 7906
8646 7907
8647 7908
8649 7909
8650 7910
8651 7911
8652 7912
8653 7913
8654 7914
8655 7915
8656 7916
8657 7917
8658 7918
8659 7919
8660 7920
8661 7921
8662 7922
8663 7923
8664 7924
8665 7925
8666 7926
8667 7927
8668 7928
8669 7929
8670 7930
8671 7931
8672 7932
8673 7933
8674 7934
8675 7935
8676 7936
8677 7937
8678 7938
8679 7939
8680 7940
8681 7941
8683 7942
8684 7943
8685 7944
8686 7945
8687 7946
8688 7947
8689 7948
8690 7949
8691 7950
8692 7951
8693 7952
8694 7953
8695 7954
8696 7955
8697 7956
8698 7957
8699 7958
8700 7959
8701 7960
8702 7961
8703 7962
8704 7963
8705 7964
8706 7965
8707 7966
8708 7967
8709 7968
8710 7969
8711 7970
8713 7971
8714 7972
8715 7973
8716 7974
8717 7975
8718 7976
8719 7977
8720 7978
8721 7979
8722 7980
8724 7981
8725 7982
8726 7983
8727 7984
8728 7985
8729 7986
8730 7987
8731 7988
8733 7989
8734 7990
8735 7991
8736 7992
8737 7993
8740 7994
8741 7995
8742 7996
8744 7997
8746 7998
8747 7999
8748 8000
8749 8001
8750 8002
8751 8003
8752 8004
8753 8005
8754 8006
8755 8007
8756 8008
8757 8009
8758 8010
8759 8011
8760 8012
8761 8013
8762 8014
8763 8015
8764 8016
8765 8017
8766 8018
8767 8019
8768 8020
8769 8021
8770 8022
8772 8023
8773 8024
8774 8025
8776 8026
8777 8027
8778 8028
8779 8029
8780 8030
8781 8031
8782 8032
8783 8033
8784 8034
8785 8035
8786 8036
8787 8037
8788 8038
8789 8039
8790 8040
8791 8041
8792 8042
8793 8043
8794 8044
8795 8045
8796 8046
8797 8047
8799 8048
8801 8049
8802 8050
8803 8051
8804 8052
8806 8053
8807 8054
8808 8055
8809 8056
8810 8057
8811 8058
8812 8059
8813 8060
8814 8061
8815 8062
8816 8063
8817 8064
8818 8065
8820 8066
8821 8067
8822 8068
8823 8069
8824 8070
8825 8071
8826 8072
8827 8073
8828 8074
8830 8075
8831 8076
8832 8077
8833 8078
8834 8079
8835 8080
8836 8081
8837 8082
8838 8083
8839 8084
8841 8085
8842 8086
8843 8087
8844 8088
8845 8089
8846 8090
8847 8091
8848 8092
8849 8093
8850 8094
8851 8095
8853 8096
8854 8097
8855 8098
8857 8099
8858 8100
8859 8101
8860 8102
8861 8103
8862 8104
8863 8105
8864 8106
8865 8107
8866 8108
8867 8109
8868 8110
8869 8111
8870 8112
8871 8113
8872 8114
8873 8115
8874 8116
8875 8117
8876 8118
8877 8119
8878 8120
8879 8121
8880 8122
8881 8123
8882 8124
8883 8125
8884 8126
8885 8127
8886 8128
8887 8129
8888 8130
8889 8131
8890 8132
8891 8133
8893 8134
8894 8135
8895 8136
8897 8137
8898 8138
8899 8139
8900 8140
8901 8141
8903 8142
8904 8143
8905 8144
8907 8145
8908 8146
8909 8147
8910 8148
8911 8149
8912 8150
8913 8151
8914 8152
8915 8153
8916 8154
8917 8155
8918 8156
8919 8157
8920 8158
8921 8159
8922 8160
8923 8161
8924 8162
8925 8163
8926 8164
8927 8165
8928 8166
8929 8167
8931 8168
8932 8169
8933 8170
8934 8171
8935 8172
8936 8173
8937 8174
8938 8175
8939 8176
8940 8177
8941 8178
8943 8179
8944 8180
8945 8181
8946 8182
8947 8183
8948 8184
8949 8185
8950 8186
8951 8187
8952 8188
8953 8189
8954 8190
8956 8191
8957 8192
8958 8193
8959 8194
8960 8195
8961 8196
8962 8197
8963 8198
8964 8199
8965 8200
8966 8201
8968 8202
8969 8203
8970 8204
8971 8205
8972 8206
8973 8207
8974 8208
8975 8209
8976 8210
8977 8211
8978 8212
8979 8213
8980 8214
8981 8215
8983 8216
8984 8217
8985 8218
8986 8219
8987 8220
8988 8221
8990 8222
8991 8223
8994 8224
8995 8225
8996 8226
8997 8227
8998 8228
8999 8229
9000 8230
9001 8231
9002 8232
9003 8233
9004 8234
9005 8235
9006 8236
9007 8237
9008 8238
9009 8239
9010 8240
9011 8241
9012 8242
9013 8243
9014 8244
9015 8245
9016 8246
9017 8247
9018 8248
9019 8249
9020 8250
9021 8251
9022 8252
9023 8253
9024 8254
9025 8255
9026 8256
9027 8257
9028 8258
9029 8259
9030 8260
9031 8261
9033 8262
9034 8263
9035 8264
9036 8265
9037 8266
9038 8267
9039 8268
9040 8269
9041 8270
9042 8271
9043 8272
9044 8273
9045 8274
9046 8275
9047 8276
9048 8277
9049 8278
9050 8279
9051 8280
9052 8281
9054 8282
9055 8283
9056 8284
9057 8285
9058 8286
9059 8287
9060 8288
9061 8289
9062 8290
9064 8291
9065 8292
9066 8293
9067 8294
9068 8295
9069 8296
9070 8297
9071 8298
9072 8299
9073 8300
9074 8301
9075 8302
9076 8303
9077 8304
9078 8305
9079 8306
9080 8307
9081 8308
9082 8309
9083 8310
9084 8311
9085 8312
9086 8313
9087 8314
9088 8315
9089 8316
9090 8317
9092 8318
9093 8319
9094 8320
9095 8321
9096 8322
9097 8323
9098 8324
9099 8325
9100 8326
9101 8327
9102 8328
9103 8329
9104 8330
9105 8331
9106 8332
9107 8333
9108 8334
9109 8335
9110 8336
9111 8337
9112 8338
9113 8339
9114 8340
9115 8341
9116 8342
9117 8343
9118 8344
9119 8345
9120 8346
9121 8347
9122 8348
9123 8349
9124 8350
9125 8351
9126 8352
9127 8353
9128 8354
9129 8355
9131 8356
9132 8357
9133 8358
9134 8359
9135 8360
9136 8361
9137 8362
9138 8363
9139 8364
9140 8365
9141 8366
9142 8367
9143 8368
9144 8369
9145 8370
9146 8371
9147 8372
9148 8373
9149 8374
9150 8375
9151 8376
9153 8377
9154 8378
9155 8379
9156 8380
9157 8381
9158 8382
9159 8383
9160 8384
9161 8385
9162 8386
9163 8387
9164 8388
9165 8389
9166 8390
9167 8391
9168 8392
9169 8393
9170 8394
9171 8395
9172 8396
9173 8397
9174 8398
9175 8399
9176 8400
9177 8401
9178 8402
9179 8403
9180 8404
9181 8405
9183 8406
9184 8407
9185 8408
9186 8409
9187 8410
9188 8411
9189 8412
9190 8413
9191 8414
9192 8415
9193 8416
9194 8417
9195 8418
9196 8419
9197 8420
9198 8421
9199 8422
9200 8423
9201 8424
9202 8425
9203 8426
9205 8427
9206 8428
9207 8429
9208 8430
9210 8431
9211 8432
9212 8433
9213 8434
9214 8435
9216 8436
9217 8437
9218 8438
9219 8439
9221 8440
9223 8441
9224 8442
9225 8443
9226 8444
9227 8445
9228 8446
9230 8447
9231 8448
9232 8449
9233 8450
9234 8451
9235 8452
9236 8453
9237 8454
9238 8455
9239 8456
9240 8457
9241 8458
9242 8459
9243 8460
9244 8461
9245 8462
9247 8463
9248 8464
9249 8465
9250 8466
9251 8467
9252 8468
9253 8469
9254 8470
9255 8471
9256 8472
9257 8473
9258 8474
9259 8475
9260 8476
9261 8477
9262 8478
9263 8479
9264 8480
9265 8481
9266 8482
9267 8483
9268 8484
9269 8485
9270 8486
9271 8487
9272 8488
9273 8489
9274 8490
9277 8491
9278 8492
9279 8493
9280 8494
9281 8495
9282 8496
9283 8497
9284 8498
9285 8499
9286 8500
9287 8501
9288 8502
9289 8503
9290 8504
9291 8505
9292 8506
9293 8507
9294 8508
9295 8509
9296 8510
9297 8511
9298 8512
9299 8513
9300 8514
9301 8515
9302 8516
9303 8517
9304 8518
9305 8519
9306 8520
9307 8521
9308 8522
9309 8523
9310 8524
9311 8525
9313 8526
9315 8527
9317 8528
9318 8529
9319 8530
9320 8531
9321 8532
9322 8533
9323 8534
9324 8535
9325 8536
9326 8537
9327 8538
9328 8539
9329 8540
9330 8541
9331 8542
9332 8543
9333 8544
9334 8545
9335 8546
9336 8547
9337 8548
9338 8549
9339 8550
9340 8551
9341 8552
9342 8553
9343 8554
9344 8555
9345 8556
9346 8557
9347 8558
9348 8559
9349 8560
9350 8561
9352 8562
9354 8563
9355 8564
9356 8565
9357 8566
9358 8567
9359 8568
9360 8569
9361 8570
9362 8571
9363 8572
9364 8573
9365 8574
9366 8575
9367 8576
9368 8577
9369 8578
9370 8579
9372 8580
9376 8581
9378 8582
9379 8583
9380 8584
9381 8585
9383 8586
9384 8587
9385 8588
9386 8589
9387 8590
9388 8591
9389 8592
9390 8593
9391 8594
9392 8595
9393 8596
9394 8597
9395 8598
9396 8599
9397 8600
9398 8601
9399 8602
9400 8603
9401 8604
9402 8605
9403 8606
9404 8607
9405 8608
9406 8609
9408 8610
9409 8611
9410 8612
9411 8613
9412 8614
9413 8615
9414 8616
9415 8617
9416 8618
9417 8619
9418 8620
9419 8621
9420 8622
9422 8623
9423 8624
9424 8625
9425 8626
9426 8627
9427 8628
9428 8629
9429 8630
9430 8631
9431 8632
9432 8633
9435 8634
9438 8635
9439 8636
9440 8637
9441 8638
9443 8639
9444 8640
9445 8641
9447 8642
9448 8643
9449 8644
9450 8645
9453 8646
9454 8647
9456 8648
9457 8649
9459 8650
9460 8651
9461 8652
9462 8653
9463 8654
9464 8655
9465 8656
9466 8657
9467 8658
9468 8659
9469 8660
9470 8661
9471 8662
9472 8663
9473 8664
9474 8665
9475 8666
9477 8667
9478 8668
9479 8669
9481 8670
9482 8671
9483 8672
9484 8673
9485 8674
9486 8675
9487 8676
9488 8677
9489 8678
9490 8679
9491 8680
9492 8681
9493 8682
9494 8683
9495 8684
9496 8685
9498 8686
9501 8687
9502 8688
9503 8689
9504 8690
9505 8691
9506 8692
9507 8693
9508 8694
9510 8695
9511 8696
9512 8697
9513 8698
9514 8699
9515 8700
9516 8701
9517 8702
9518 8703
9520 8704
9521 8705
9522 8706
9523 8707
9524 8708
9525 8709
9526 8710
9528 8711
9529 8712
9531 8713
9533 8714
9534 8715
9535 8716
9536 8717
9537 8718
9538 8719
9539 8720
9540 8721
9542 8722
9543 8723
9544 8724
9545 8725
9546 8726
9547 8727
9549 8728
9550 8729
9551 8730
9552 8731
9553 8732
9554 8733
9555 8734
9556 8735
9557 8736
9558 8737
9559 8738
9560 8739
9561 8740
9562 8741
9563 8742
9564 8743
9565 8744
9566 8745
9567 8746
9568 8747
9569 8748
9570 8749
9571 8750
9572 8751
9573 8752
9574 8753
9575 8754
9576 8755
9577 8756
9578 8757
9579 8758
9580 8759
9581 8760
9582 8761
9583 8762
9584 8763
9585 8764
9586 8765
9588 8766
9589 8767
9590 8768
9591 8769
9592 8770
9593 8771
9594 8772
9595 8773
9596 8774
9598 8775
9599 8776
9600 8777
9602 8778
9603 8779
9604 8780
9605 8781
9606 8782
9608 8783
9609 8784
9610 8785
9611 8786
9612 8787
9614 8788
9616 8789
9617 8790
9618 8791
9619 8792
9620 8793
9621 8794
9622 8795
9623 8796
9624 8797
9625 8798
9626 8799
9627 8800
9628 8801
9629 8802
9630 8803
9631 8804
9632 8805
9633 8806
9634 8807
9635 8808
9636 8809
9637 8810
9638 8811
9639 8812
9640 8813
9641 8814
9642 8815
9643 8816
9644 8817
9645 8818
9646 8819
9647 8820
9648 8821
9649 8822
9650 8823
9651 8824
9652 8825
9653 8826
9654 8827
9655 8828
9656 8829
9657 8830
9658 8831
9659 8832
9660 8833
9661 8834
9664 8835
9665 8836
9666 8837
9667 8838
9668 8839
9669 8840
9670 8841
9671 8842
9672 8843
9674 8844
9675 8845
9676 8846
9677 8847
9678 8848
9679 8849
9680 8850
9681 8851
9682 8852
9684 8853
9685 8854
9687 8855
9690 8856
9692 8857
9693 8858
9694 8859
9695 8860
9696 8861
9697 8862
9698 8863
9699 8864
9700 8865
9701 8866
9702 8867
9704 8868
9705 8869
9706 8870
9707 8871
9708 8872
9710 8873
9711 8874
9712 8875
9714 8876
9715 8877
9716 8878
9717 8879
9718 8880
9719 8881
9720 8882
9721 8883
9723 8884
9724 8885
9725 8886
9726 8887
9727 8888
9728 8889
9729 8890
9730 8891
9731 8892
9732 8893
9733 8894
9734 8895
9735 8896
9736 8897
9737 8898
9738 8899
9739 8900
9740 8901
9742 8902
9743 8903
9744 8904
9745 8905
9746 8906
9747 8907
9748 8908
9749 8909
9750 8910
9751 8911
9752 8912
9753 8913
9754 8914
9756 8915
9757 8916
9758 8917
9759 8918
9760 8919
9761 8920
9762 8921
9763 8922
9764 8923
9765 8924
9766 8925
9767 8926
9768 8927
9769 8928
9770 8929
9771 8930
9772 8931
9773 8932
9774 8933
9775 8934
9777 8935
9778 8936
9779 8937
9780 8938
9781 8939
9783 8940
9784 8941
9785 8942
9786 8943
9788 8944
9789 8945
9790 8946
9791 8947
9792 8948
9793 8949
9794 8950
9795 8951
9796 8952
9797 8953
9798 8954
9799 8955
9800 8956
9801 8957
9802 8958
9803 8959
9805 8960
9806 8961
9807 8962
9808 8963
9811 8964
9812 8965
9813 8966
9814 8967
9818 8968
9819 8969
9820 8970
9821 8971
9822 8972
9823 8973
9824 8974
9825 8975
9826 8976
9827 8977
9829 8978
9831 8979
9832 8980
9833 8981
9834 8982
9835 8983
9836 8984
9837 8985
9838 8986
9839 8987
9840 8988
9841 8989
9842 8990
9844 8991
9845 8992
9846 8993
9847 8994
9848 8995
9849 8996
9850 8997
9851 8998
9852 8999
9853 9000
9856 9001
9857 9002
9858 9003
9859 9004
9860 9005
9861 9006
9863 9007
9864 9008
9865 9009
9867 9010
9868 9011
9869 9012
9870 9013
9871 9014
9872 9015
9873 9016
9874 9017
9875 9018
9877 9019
9878 9020
9879 9021
9880 9022
9881 9023
9882 9024
9883 9025
9884 9026
9885 9027
9887 9028
9889 9029
9890 9030
9891 9031
9892 9032
9893 9033
9894 9034
9895 9035
9896 9036
9898 9037
9899 9038
9900 9039
9901 9040
9902 9041
9903 9042
9904 9043
9905 9044
9906 9045
9907 9046
9909 9047
9910 9048
9911 9049
9913 9050
9914 9051
9915 9052
9916 9053
9917 9054
9918 9055
9919 9056
9920 9057
9921 9058
9922 9059
9923 9060
9925 9061
9926 9062
9927 9063
9928 9064
9929 9065
9930 9066
9931 9067
9932 9068
9933 9069
9934 9070
9935 9071
9936 9072
9937 9073
9938 9074
9939 9075
9940 9076
9941 9077
9942 9078
9943 9079
9944 9080
9945 9081
9946 9082
9947 9083
9948 9084
9949 9085
9950 9086
9951 9087
9952 9088
9953 9089
9954 9090
9955 9091
9956 9092
9957 9093
9958 9094
9959 9095
9960 9096
9961 9097
9962 9098
9963 9099
9964 9100
9965 9101
9966 9102
9967 9103
9968 9104
9970 9105
9971 9106
9972 9107
9974 9108
9975 9109
9977 9110
9978 9111
9979 9112
9980 9113
9981 9114
9982 9115
9983 9116
9984 9117
9985 9118
9986 9119
9987 9120
9988 9121
9989 9122
9990 9123
9991 9124
9994 9125
9996 9126
9997 9127
9998 9128
9999 9129
10000 9130
10001 9131
10002 9132
10003 9133
10004 9134
10005 9135
10006 9136
10007 9137
10008 9138
10010 9139
10011 9140
10013 9141
10014 9142
10015 9143
10016 9144
10017 9145
10018 9146
10019 9147
10020 9148
10021 9149
10022 9150
10023 9151
10024 9152
10025 9153
10026 9154
10027 9155
10028 9156
10029 9157
10030 9158
10032 9159
10033 9160
10034 9161
10035 9162
10036 9163
10037 9164
10038 9165
10039 9166
10040 9167
10041 9168
10042 9169
10043 9170
10044 9171
10045 9172
10046 9173
10047 9174
10048 9175
10049 9176
10050 9177
10052 9178
10053 9179
10054 9180
10055 9181
10057 9182
10058 9183
10059 9184
10060 9185
10061 9186
10062 9187
10063 9188
10064 9189
10065 9190
10066 9191
10067 9192
10068 9193
10069 9194
10070 9195
10071 9196
10072 9197
10074 9198
10076 9199
10077 9200
10078 9201
10079 9202
10080 9203
10082 9204
10083 9205
10084 9206
10085 9207
10086 9208
10087 9209
10088 9210
10089 9211
10090 9212
10091 9213
10092 9214
10093 9215
10094 9216
10095 9217
10096 9218
10097 9219
10100 9220
10102 9221
10103 9222
10104 9223
10105 9224
10106 9225
10107 9226
10108 9227
10109 9228
10110 9229
10111 9230
10112 9231
10113 9232
10114 9233
10115 9234
10116 9235
10117 9236
10118 9237
10119 9238
10120 9239
10123 9240
10124 9241
10125 9242
10128 9243
10129 9244
10130 9245
10132 9246
10133 9247
10134 9248
10135 9249
10136 9250
10137 9251
10138 9252
10139 9253
10140 9254
10141 9255
10142 9256
10143 9257
10144 9258
10145 9259
10146 9260
10147 9261
10148 9262
10149 9263
10150 9264
10151 9265
10152 9266
10154 9267
10155 9268
10156 9269
10157 9270
10158 9271
10159 9272
10160 9273
10161 9274
10163 9275
10167 9276
10168 9277
10169 9278
10170 9279
10171 9280
10173 9281
10175 9282
10176 9283
10177 9284
10178 9285
10180 9286
10181 9287
10182 9288
10183 9289
10184 9290
10185 9291
10186 9292
10187 9293
10188 9294
10189 9295
10191 9296
10192 9297
10194 9298
10195 9299
10198 9300
10199 9301
10200 9302
10201 9303
10202 9304
10203 9305
10205 9306
10206 9307
10207 9308
10208 9309
10209 9310
10210 9311
10211 9312
10212 9313
10213 9314
10214 9315
10215 9316
10216 9317
10217 9318
10218 9319
10219 9320
10220 9321
10221 9322
10222 9323
10223 9324
10224 9325
10225 9326
10226 9327
10227 9328
10228 9329
10229 9330
10231 9331
10232 9332
10233 9333
10234 9334
10235 9335
10236 9336
10237 9337
10238 9338
10240 9339
10241 9340
10243 9341
10244 9342
10245 9343
10246 9344
10247 9345
10248 9346
10249 9347
10250 9348
10251 9349
10252 9350
10253 9351
10254 9352
10256 9353
10257 9354
10258 9355
10259 9356
10260 9357
10261 9358
10262 9359
10263 9360
10264 9361
10265 9362
10266 9363
10267 9364
10268 9365
10270 9366
10271 9367
10274 9368
10275 9369
10276 9370
10277 9371
10278 9372
10279 9373
10280 9374
10281 9375
10282 9376
10283 9377
10284 9378
10285 9379
10286 9380
10287 9381
10288 9382
10289 9383
10290 9384
10291 9385
10292 9386
10293 9387
10294 9388
10295 9389
10297 9390
10298 9391
10299 9392
10300 9393
10301 9394
10302 9395
10303 9396
10304 9397
10305 9398
10307 9399
10308 9400
10309 9401
10310 9402
10311 9403
10312 9404
10313 9405
10314 9406
10315 9407
10316 9408
10317 9409
10318 9410
10319 9411
10320 9412
10321 9413
10324 9414
10325 9415
10326 9416
10327 9417
10328 9418
10329 9419
10330 9420
10331 9421
10332 9422
10333 9423
10334 9424
10335 9425
10337 9426
10338 9427
10339 9428
10341 9429
10342 9430
10343 9431
10344 9432
10345 9433
10347 9434
10348 9435
10349 9436
10350 9437
10351 9438
10352 9439
10353 9440
10354 9441
10355 9442
10356 9443
10357 9444
10358 9445
10359 9446
10360 9447
10361 9448
10362 9449
10363 9450
10364 9451
10365 9452
10366 9453
10367 9454
10368 9455
10369 9456
10370 9457
10371 9458
10372 9459
10373 9460
10374 9461
10375 9462
10376 9463
10377 9464
10378 9465
10379 9466
10380 9467
10381 9468
10382 9469
10383 9470
10384 9471
10385 9472
10386 9473
10387 9474
10388 9475
10389 9476
10390 9477
10391 9478
10392 9479
10393 9480
10394 9481
10395 9482
10396 9483
10397 9484
10398 9485
10399 9486
10402 9487
10404 9488
10405 9489
10406 9490
10407 9491
10408 9492
10409 9493
10410 9494
10411 9495
10413 9496
10414 9497
10415 9498
10416 9499
10418 9500
10419 9501
10420 9502
10422 9503
10423 9504
10425 9505
10426 9506
10427 9507
10428 9508
10429 9509
10430 9510
10431 9511
10432 9512
10433 9513
10434 9514
10435 9515
10436 9516
10437 9517
10438 9518
10439 9519
10440 9520
10441 9521
10442 9522
10443 9523
10444 9524
10445 9525
10446 9526
10447 9527
10448 9528
10449 9529
10450 9530
10451 9531
10452 9532
10453 9533
10454 9534
10455 9535
10456 9536
10457 9537
10458 9538
10459 9539
10460 9540
10461 9541
10462 9542
10463 9543
10464 9544
10465 9545
10466 9546
10467 9547
10468 9548
10469 9549
10470 9550
10472 9551
10473 9552
10474 9553
10475 9554
10477 9555
10478 9556
10479 9557
10480 9558
10481 9559
10482 9560
10483 9561
10484 9562
10485 9563
10486 9564
10487 9565
10488 9566
10489 9567
10490 9568
10491 9569
10492 9570
10493 9571
10494 9572
10495 9573
10496 9574
10497 9575
10498 9576
10499 9577
10500 9578
10501 9579
10502 9580
10503 9581
10504 9582
10505 9583
10506 9584
10507 9585
10508 9586
10510 9587
10511 9588
10512 9589
10513 9590
10514 9591
10515 9592
10516 9593
10517 9594
10518 9595
10519 9596
10520 9597
10521 9598
10522 9599
10523 9600
10524 9601
10525 9602
10526 9603
10527 9604
10528 9605
10529 9606
10530 9607
10531 9608
10532 9609
10533 9610
10534 9611
10535 9612
10536 9613
10537 9614
10538 9615
10539 9616
10540 9617
10541 9618
10542 9619
10543 9620
10544 9621
10545 9622
10546 9623
10547 9624
10548 9625
10549 9626
10550 9627
10551 9628
10552 9629
10553 9630
10554 9631
10555 9632
10556 9633
10558 9634
10559 9635
10560 9636
10561 9637
10562 9638
10563 9639
10566 9640
10567 9641
10568 9642
10569 9643
10570 9644
10571 9645
10572 9646
10573 9647
10574 9648
10575 9649
10576 9650
10577 9651
10578 9652
10580 9653
10581 9654
10582 9655
10584 9656
10585 9657
10587 9658
10588 9659
10589 9660
10590 9661
10591 9662
10592 9663
10593 9664
10594 9665
10595 9666
10596 9667
10597 9668
10598 9669
10599 9670
10600 9671
10601 9672
10602 9673
10603 9674
10604 9675
10605 9676
10606 9677
10607 9678
10608 9679
10609 9680
10610 9681
10611 9682
10612 9683
10613 9684
10614 9685
10615 9686
10616 9687
10617 9688
10619 9689
10620 9690
10621 9691
10622 9692
10623 9693
10624 9694
10625 9695
10626 9696
10627 9697
10628 9698
10629 9699
10630 9700
10631 9701
10632 9702
10633 9703
10634 9704
10635 9705
10636 9706
10637 9707
10639 9708
10640 9709
10641 9710
10642 9711
10643 9712
10644 9713
10645 9714
10647 9715
10648 9716
10649 9717
10650 9718
10651 9719
10652 9720
10653 9721
10654 9722
10655 9723
10657 9724
10658 9725
10659 9726
10660 9727
10661 9728
10662 9729
10663 9730
10664 9731
10665 9732
10666 9733
10667 9734
10668 9735
10669 9736
10670 9737
10671 9738
10672 9739
10673 9740
10674 9741
10675 9742
10677 9743
10679 9744
10680 9745
10681 9746
10682 9747
10683 9748
10684 9749
10685 9750
10686 9751
10687 9752
10688 9753
10689 9754
10690 9755
10691 9756
10692 9757
10693 9758
10694 9759
10695 9760
10696 9761
10697 9762
10698 9763
10699 9764
10700 9765
10701 9766
10702 9767
10703 9768
10704 9769
10705 9770
10706 9771
10707 9772
10708 9773
10709 9774
10710 9775
10711 9776
10712 9777
10714 9778
10715 9779
10716 9780
10718 9781
10719 9782
10720 9783
10721 9784
10722 9785
10723 9786
10724 9787
10725 9788
10727 9789
10729 9790
10730 9791
10732 9792
10733 9793
10735 9794
10736 9795
10737 9796
10738 9797
10739 9798
10740 9799
10741 9800
10743 9801
10745 9802
10746 9803
10747 9804
10749 9805
10750 9806
10751 9807
10752 9808
10753 9809
10754 9810
10755 9811
10756 9812
10757 9813
10758 9814
10759 9815
10760 9816
10761 9817
10762 9818
10763 9819
10765 9820
10766 9821
10767 9822
10768 9823
10769 9824
10770 9825
10771 9826
10772 9827
10773 9828
10774 9829
10775 9830
10776 9831
10777 9832
10778 9833
10779 9834
10780 9835
10781 9836
10782 9837
10783 9838
10784 9839
10785 9840
10786 9841
10787 9842
10788 9843
10789 9844
10790 9845
10791 9846
10792 9847
10793 9848
10794 9849
10795 9850
10796 9851
10797 9852
10798 9853
10799 9854
10800 9855
10801 9856
10802 9857
10804 9858
10805 9859
10806 9860
10807 9861
10808 9862
10809 9863
10810 9864
10812 9865
10813 9866
10814 9867
10815 9868
10816 9869
10817 9870
10818 9871
10819 9872
10821 9873
10822 9874
10823 9875
10824 9876
10825 9877
10826 9878
10827 9879
10829 9880
10830 9881
10831 9882
10832 9883
10833 9884
10834 9885
10835 9886
10836 9887
10837 9888
10839 9889
10840 9890
10841 9891
10842 9892
10843 9893
10844 9894
10845 9895
10846 9896
10847 9897
10848 9898
10849 9899
10853 9900
10854 9901
10855 9902
10856 9903
10857 9904
10858 9905
10859 9906
10860 9907
10861 9908
10862 9909
10863 9910
10864 9911
10865 9912
10866 9913
10867 9914
10868 9915
10869 9916
10870 9917
10871 9918
10872 9919
10874 9920
10875 9921
10876 9922
10877 9923
10878 9924
10879 9925
10880 9926
10881 9927
10882 9928
10883 9929
10884 9930
10885 9931
10886 9932
10887 9933
10888 9934
10889 9935
10890 9936
10892 9937
10893 9938
10894 9939
10895 9940
10896 9941
10897 9942
10898 9943
10899 9944
10900 9945
10901 9946
10902 9947
10903 9948
10904 9949
10905 9950
10907 9951
10908 9952
10909 9953
10910 9954
10911 9955
10912 9956
10913 9957
10914 9958
10915 9959
10916 9960
10917 9961
10918 9962
10919 9963
10920 9964
10921 9965
10922 9966
10923 9967
10924 9968
10925 9969
10927 9970
10928 9971
10931 9972
10932 9973
10934 9974
10936 9975
10937 9976
10938 9977
10939 9978
10940 9979
10941 9980
10942 9981
10943 9982
10944 9983
10945 9984
10946 9985
10947 9986
10948 9987
10949 9988
10950 9989
10951 9990
10952 9991
10953 9992
10954 9993
10955 9994
10956 9995
10957 9996
10958 9997
10959 9998
10961 9999
10962 10000
10963 10001
10964 10002
10965 10003
10966 10004
10967 10005
10968 10006
10969 10007
10970 10008
10971 10009
10972 10010
10973 10011
10974 10012
10975 10013
10976 10014
10977 10015
10978 10016
10979 10017
10980 10018
10981 10019
10982 10020
10983 10021
10984 10022
10985 10023
10986 10024
10987 10025
10988 10026
10990 10027
10991 10028
10992 10029
10993 10030
10994 10031
10996 10032
10997 10033
10998 10034
11000 10035
11001 10036
11002 10037
11003 10038
11004 10039
11005 10040
11006 10041
11007 10042
11008 10043
11009 10044
11011 10045
11012 10046
11013 10047
11014 10048
11015 10049
11016 10050
11018 10051
11019 10052
11020 10053
11023 10054
11024 10055
11025 10056
11026 10057
11027 10058
11028 10059
11030 10060
11031 10061
11032 10062
11033 10063
11034 10064
11035 10065
11036 10066
11037 10067
11038 10068
11039 10069
11040 10070
11041 10071
11042 10072
11043 10073
11044 10074
11045 10075
11046 10076
11047 10077
11048 10078
11049 10079
11050 10080
11051 10081
11052 10082
11053 10083
11054 10084
11055 10085
11056 10086
11057 10087
11058 10088
11059 10089
11060 10090
11062 10091
11063 10092
11064 10093
11065 10094
11066 10095
11067 10096
11068 10097
11069 10098
11070 10099
11071 10100
11072 10101
11073 10102
11074 10103
11075 10104
11077 10105
11078 10106
11079 10107
11080 10108
11081 10109
11082 10110
11083 10111
11084 10112
11085 10113
11086 10114
11088 10115
11089 10116
11090 10117
11091 10118
11092 10119
11093 10120
11094 10121
11095 10122
11096 10123
11097 10124
11098 10125
11099 10126
11100 10127
11101 10128
11102 10129
11103 10130
11104 10131
11105 10132
11106 10133
11107 10134
11108 10135
11110 10136
11111 10137
11112 10138
11114 10139
11115 10140
11116 10141
11117 10142
11118 10143
11119 10144
11120 10145
11122 10146
11123 10147
11124 10148
11125 10149
11126 10150
11127 10151
11128 10152
11129 10153
11131 10154
11133 10155
11134 10156
11135 10157
11136 10158
11138 10159
11139 10160
11140 10161
11141 10162
11142 10163
11143 10164
11145 10165
11146 10166
11147 10167
11148 10168
11149 10169
11150 10170
11151 10171
11152 10172
11153 10173
11155 10174
11156 10175
11157 10176
11158 10177
11159 10178
11160 10179
11161 10180
11162 10181
11163 10182
11164 10183
11165 10184
11168 10185
11170 10186
11171 10187
11172 10188
11173 10189
11174 10190
11175 10191
11176 10192
11177 10193
11178 10194
11179 10195
11180 10196
11182 10197
11183 10198
11184 10199
11185 10200
11186 10201
11187 10202
11188 10203
11189 10204
11190 10205
11191 10206
11192 10207
11194 10208
11195 10209
11196 10210
11197 10211
11201 10212
11202 10213
11203 10214
11204 10215
11205 10216
11206 10217
11207 10218
11210 10219
11211 10220
11212 10221
11214 10222
11215 10223
11216 10224
11217 10225
11219 10226
11220 10227
11222 10228
11223 10229
11224 10230
11225 10231
11226 10232
11227 10233
11228 10234
11229 10235
11230 10236
11231 10237
11232 10238
11233 10239
11235 10240
11236 10241
11237 10242
11238 10243
11239 10244
11240 10245
11241 10246
11242 10247
11244 10248
11245 10249
11247 10250
11248 10251
11249 10252
11250 10253
11251 10254
11253 10255
11254 10256
11255 10257
11256 10258
11257 10259
11258 10260
11259 10261
11260 10262
11261 10263
11262 10264
11263 10265
11264 10266
11267 10267
11268 10268
11269 10269
11270 10270
11271 10271
11272 10272
11273 10273
11274 10274
11275 10275
11276 10276
11277 10277
11278 10278
11279 10279
11280 10280
11281 10281
11282 10282
11283 10283
11284 10284
11285 10285
11286 10286
11287 10287
11288 10288
11289 10289
11290 10290
11291 10291
11292 10292
11293 10293
11294 10294
11295 10295
11296 10296
11297 10297
11298 10298
11299 10299
11300 10300
11301 10301
11302 10302
11303 10303
11304 10304
11305 10305
11306 10306
11307 10307
11308 10308
11309 10309
11310 10310
11311 10311
11312 10312
11313 10313
11314 10314
11315 10315
11316 10316
11317 10317
11318 10318
11319 10319
11320 10320
11322 10321
11323 10322
11324 10323
11325 10324
11326 10325
11327 10326
11328 10327
11329 10328
11330 10329
11332 10330
11333 10331
11335 10332
11336 10333
11337 10334
11338 10335
11339 10336
11340 10337
11341 10338
11342 10339
11344 10340
11345 10341
11346 10342
11347 10343
11348 10344
11349 10345
11350 10346
11351 10347
11352 10348
11353 10349
11355 10350
11356 10351
11357 10352
11358 10353
11359 10354
11360 10355
11361 10356
11362 10357
11363 10358
11364 10359
11365 10360
11366 10361
11367 10362
11368 10363
11369 10364
11370 10365
11372 10366
11373 10367
11374 10368
11376 10369
11377 10370
11378 10371
11379 10372
11380 10373
11382 10374
11383 10375
11384 10376
11385 10377
11386 10378
11387 10379
11388 10380
11389 10381
11390 10382
11392 10383
11395 10384
11396 10385
11397 10386
11398 10387
11399 10388
11400 10389
11401 10390
11402 10391
11403 10392
11404 10393
11405 10394
11407 10395
11409 10396
11411 10397
11412 10398
11413 10399
11414 10400
11415 10401
11416 10402
11417 10403
11418 10404
11419 10405
11420 10406
11421 10407
11422 10408
11423 10409
11424 10410
11425 10411
11426 10412
11427 10413
11428 10414
11429 10415
11430 10416
11431 10417
11432 10418
11433 10419
11434 10420
11435 10421
11436 10422
11437 10423
11438 10424
11439 10425
11440 10426
11441 10427
11442 10428
11443 10429
11444 10430
11445 10431
11446 10432
11447 10433
11448 10434
11449 10435
11450 10436
11451 10437
11452 10438
11453 10439
11454 10440
11455 10441
11456 10442
11457 10443
11458 10444
11459 10445
11460 10446
11462 10447
11463 10448
11464 10449
11465 10450
11466 10451
11467 10452
11468 10453
11469 10454
11470 10455
11471 10456
11472 10457
11473 10458
11474 10459
11475 10460
11476 10461
11477 10462
11478 10463
11479 10464
11480 10465
11481 10466
11482 10467
11483 10468
11484 10469
11485 10470
11486 10471
11487 10472
11488 10473
11489 10474
11490 10475
11491 10476
11492 10477
11493 10478
11494 10479
11495 10480
11496 10481
11497 10482
11498 10483
11499 10484
11500 10485
11501 10486
11502 10487
11503 10488
11504 10489
11505 10490
11506 10491
11507 10492
11508 10493
11509 10494
11510 10495
11511 10496
11512 10497
11513 10498
11514 10499
11515 10500
11516 10501
11517 10502
11518 10503
11519 10504
11520 10505
11521 10506
11522 10507
11523 10508
11524 10509
11525 10510
11526 10511
11527 10512
11528 10513
11529 10514
11530 10515
11531 10516
11532 10517
11533 10518
11534 10519
11535 10520
11536 10521
11537 10522
11538 10523
11539 10524
11540 10525
11541 10526
11542 10527
11543 10528
11544 10529
11545 10530
11546 10531
11547 10532
11548 10533
11549 10534
11550 10535
11551 10536
11552 10537
11553 10538
11554 10539
11556 10540
11558 10541
11560 10542
11561 10543
11563 10544
11564 10545
11565 10546
11566 10547
11567 10548
11568 10549
11569 10550
11570 10551
11571 10552
11572 10553
11573 10554
11574 10555
11575 10556
11576 10557
11577 10558
11578 10559
11579 10560
11580 10561
11581 10562
11583 10563
11584 10564
11585 10565
11586 10566
11587 10567
11590 10568
11592 10569
11593 10570
11594 10571
11595 10572
11596 10573
11597 10574
11598 10575
11599 10576
11600 10577
11601 10578
11603 10579
11604 10580
11605 10581
11607 10582
11608 10583
11609 10584
11611 10585
11612 10586
11613 10587
11614 10588
11615 10589
11616 10590
11617 10591
11618 10592
11619 10593
11621 10594
11622 10595
11623 10596
11624 10597
11625 10598
11627 10599
11628 10600
11629 10601
11630 10602
11631 10603
11633 10604
11634 10605
11635 10606
11636 10607
11637 10608
11638 10609
11640 10610
11641 10611
11642 10612
11643 10613
11644 10614
11646 10615
11647 10616
11648 10617
11649 10618
11650 10619
11651 10620
11652 10621
11653 10622
11654 10623
11655 10624
11656 10625
11658 10626
11659 10627
11660 10628
11661 10629
11662 10630
11663 10631
11664 10632
11665 10633
11666 10634
11667 10635
11668 10636
11669 10637
11670 10638
11671 10639
11672 10640
11673 10641
11674 10642
11675 10643
11676 10644
11677 10645
11678 10646
11679 10647
11680 10648
11681 10649
11682 10650
11684 10651
11685 10652
11686 10653
11687 10654
11689 10655
11690 10656
11691 10657
11692 10658
11693 10659
11694 10660
11695 10661
11696 10662
11697 10663
11698 10664
11699 10665
11702 10666
11703 10667
11704 10668
11705 10669
11707 10670
11708 10671
11709 10672
11710 10673
11711 10674
11712 10675
11713 10676
11714 10677
11715 10678
11716 10679
11717 10680
11719 10681
11720 10682
11721 10683
11722 10684
11723 10685
11724 10686
11725 10687
11726 10688
11727 10689
11728 10690
11729 10691
11730 10692
11731 10693
11732 10694
11733 10695
11734 10696
11735 10697
11736 10698
11738 10699
11741 10700
11743 10701
11744 10702
11745 10703
11746 10704
11747 10705
11748 10706
11750 10707
11751 10708
11752 10709
11753 10710
11754 10711
11755 10712
11756 10713
11757 10714
11758 10715
11759 10716
11760 10717
11761 10718
11762 10719
11763 10720
11764 10721
11765 10722
11767 10723
11768 10724
11769 10725
11770 10726
11771 10727
11772 10728
11773 10729
11774 10730
11775 10731
11776 10732
11777 10733
11778 10734
11779 10735
11780 10736
11781 10737
11782 10738
11783 10739
11785 10740
11787 10741
11788 10742
11789 10743
11790 10744
11791 10745
11792 10746
11793 10747
11794 10748
11795 10749
11796 10750
11797 10751
11798 10752
11799 10753
11800 10754
11801 10755
11802 10756
11803 10757
11804 10758
11805 10759
11806 10760
11807 10761
11808 10762
11809 10763
11810 10764
11811 10765
11812 10766
11813 10767
11814 10768
11815 10769
11816 10770
11817 10771
11818 10772
11820 10773
11821 10774
11822 10775
11823 10776
11824 10777
11825 10778
11826 10779
11828 10780
11829 10781
11830 10782
11831 10783
11832 10784
11833 10785
11834 10786
11835 10787
11836 10788
11837 10789
11838 10790
11839 10791
11841 10792
11842 10793
11843 10794
11844 10795
11846 10796
11847 10797
11848 10798
11849 10799
11850 10800
11851 10801
11852 10802
11854 10803
11855 10804
11856 10805
11857 10806
11858 10807
11859 10808
11860 10809
11862 10810
11863 10811
11864 10812
11865 10813
11866 10814
11868 10815
11870 10816
11871 10817
11872 10818
11873 10819
11874 10820
11875 10821
11876 10822
11877 10823
11878 10824
11879 10825
11880 10826
11881 10827
11882 10828
11883 10829
11884 10830
11886 10831
11887 10832
11888 10833
11889 10834
11890 10835
11891 10836
11892 10837
11893 10838
11894 10839
11895 10840
11896 10841
11897 10842
11898 10843
11899 10844
11901 10845
11902 10846
11904 10847
11906 10848
11907 10849
11908 10850
11909 10851
11910 10852
11911 10853
11912 10854
11913 10855
11914 10856
11916 10857
11918 10858
11919 10859
11920 10860
11921 10861
11922 10862
11923 10863
11924 10864
11925 10865
11926 10866
11928 10867
11929 10868
11930 10869
11931 10870
11932 10871
11933 10872
11934 10873
11935 10874
11937 10875
11938 10876
11939 10877
11941 10878
11944 10879
11945 10880
11946 10881
11947 10882
11948 10883
11949 10884
11950 10885
11951 10886
11952 10887
11954 10888
11955 10889
11956 10890
11957 10891
11958 10892
11959 10893
11960 10894
11961 10895
11962 10896
11963 10897
11964 10898
11965 10899
11966 10900
11967 10901
11968 10902
11969 10903
11970 10904
11971 10905
11972 10906
11975 10907
11976 10908
11977 10909
11978 10910
11979 10911
11980 10912
11981 10913
11982 10914
11983 10915
11984 10916
11985 10917
11986 10918
11988 10919
11989 10920
11990 10921
11991 10922
11992 10923
11993 10924
11994 10925
11995 10926
11996 10927
11997 10928
11998 10929
12000 10930
12002 10931
12003 10932
12004 10933
12005 10934
12006 10935
12007 10936
12008 10937
12009 10938
12010 10939
12011 10940
12012 10941
12013 10942
12015 10943
12016 10944
12017 10945
12018 10946
12019 10947
12020 10948
12021 10949
12022 10950
12023 10951
12024 10952
12025 10953
12026 10954
12027 10955
12029 10956
12030 10957
12032 10958
12033 10959
12034 10960
12036 10961
12037 10962
12038 10963
12039 10964
12040 10965
12041 10966
12042 10967
12043 10968
12045 10969
12046 10970
12048 10971
12049 10972
12051 10973
12053 10974
12055 10975
12056 10976
12057 10977
12058 10978
12060 10979
12061 10980
12062 10981
12064 10982
12065 10983
12066 10984
12069 10985
12070 10986
12072 10987
12073 10988
12074 10989
12075 10990
12076 10991
12077 10992
12078 10993
12079 10994
12080 10995
12081 10996
12082 10997
12083 10998
12084 10999
12085 11000
12086 11001
12087 11002
12089 11003
12091 11004
12092 11005
12093 11006
12094 11007
12095 11008
12096 11009
12097 11010
12098 11011
12099 11012
12101 11013
12103 11014
12104 11015
12105 11016
12106 11017
12109 11018
12111 11019
12114 11020
12115 11021
12116 11022
12117 11023
12118 11024
12119 11025
12122 11026
12124 11027
12125 11028
12126 11029
12127 11030
12128 11031
12129 11032
12130 11033
12131 11034
12133 11035
12134 11036
12135 11037
12136 11038
12139 11039
12140 11040
12141 11041
12142 11042
12143 11043
12144 11044
12145 11045
12146 11046
12147 11047
12148 11048
12149 11049
12150 11050
12151 11051
12152 11052
12153 11053
12154 11054
12155 11055
12156 11056
12157 11057
12158 11058
12159 11059
12160 11060
12161 11061
12162 11062
12163 11063
12164 11064
12165 11065
12166 11066
12167 11067
12168 11068
12169 11069
12170 11070
12171 11071
12172 11072
12173 11073
12174 11074
12175 11075
12176 11076
12177 11077
12178 11078
12179 11079
12180 11080
12181 11081
12182 11082
12183 11083
12185 11084
12186 11085
12188 11086
12189 11087
12190 11088
12191 11089
12192 11090
12193 11091
12195 11092
12196 11093
12197 11094
12198 11095
12199 11096
12200 11097
12201 11098
12202 11099
12204 11100
12205 11101
12206 11102
12207 11103
12208 11104
12209 11105
12210 11106
12211 11107
12212 11108
12213 11109
12215 11110
12216 11111
12217 11112
12218 11113
12219 11114
12220 11115
12222 11116
12223 11117
12224 11118
12225 11119
12226 11120
12228 11121
12229 11122
12230 11123
12231 11124
12233 11125
12234 11126
12235 11127
12236 11128
12237 11129
12238 11130
12239 11131
12240 11132
12243 11133
12244 11134
12245 11135
12246 11136
12248 11137
12249 11138
12250 11139
12252 11140
12254 11141
12255 11142
12256 11143
12257 11144
12258 11145
12260 11146
12262 11147
12263 11148
12264 11149
12265 11150
12266 11151
12267 11152
12269 11153
12270 11154
12271 11155
12272 11156
12274 11157
12275 11158
12276 11159
12278 11160
12279 11161
12280 11162
12281 11163
12282 11164
12283 11165
12284 11166
12285 11167
12286 11168
12287 11169
12288 11170
12289 11171
12291 11172
12292 11173
12293 11174
12295 11175
12296 11176
12297 11177
12299 11178
12300 11179
12301 11180
12303 11181
12304 11182
12306 11183
12307 11184
12308 11185
12309 11186
12310 11187
12311 11188
12312 11189
12313 11190
12314 11191
12317 11192
12318 11193
12319 11194
12320 11195
12322 11196
12323 11197
12324 11198
12325 11199
12326 11200
12327 11201
12328 11202
12329 11203
12330 11204
12331 11205
12334 11206
12335 11207
12336 11208
12337 11209
12339 11210
12341 11211
12342 11212
12343 11213
12344 11214
12345 11215
12346 11216
12347 11217
12348 11218
12350 11219
12351 11220
12353 11221
12354 11222
12355 11223
12356 11224
12357 11225
12359 11226
12360 11227
12361 11228
12362 11229
12363 11230
12364 11231
12365 11232
12366 11233
12367 11234
12368 11235
12369 11236
12370 11237
12371 11238
12372 11239
12373 11240
12374 11241
12375 11242
12376 11243
12377 11244
12378 11245
12379 11246
12380 11247
12381 11248
12383 11249
12384 11250
12385 11251
12387 11252
12388 11253
12389 11254
12390 11255
12391 11256
12394 11257
12395 11258
12396 11259
12397 11260
12398 11261
12399 11262
12400 11263
12401 11264
12403 11265
12404 11266
12405 11267
12406 11268
12407 11269
12408 11270
12410 11271
12411 11272
12412 11273
12413 11274
12414 11275
12415 11276
12416 11277
12417 11278
12418 11279
12419 11280
12421 11281
12424 11282
12425 11283
12427 11284
12428 11285
12429 11286
12431 11287
12432 11288
12434 11289
12436 11290
12438 11291
12439 11292
12440 11293
12441 11294
12442 11295
12443 11296
12444 11297
12445 11298
12446 11299
12447 11300
12448 11301
12449 11302
12450 11303
12451 11304
12453 11305
12454 11306
12455 11307
12456 11308
12457 11309
12458 11310
12460 11311
12461 11312
12463 11313
12464 11314
12465 11315
12466 11316
12467 11317
12468 11318
12471 11319
12472 11320
12473 11321
12474 11322
12475 11323
12476 11324
12477 11325
12478 11326
12479 11327
12480 11328
12481 11329
12482 11330
12483 11331
12484 11332
12485 11333
12486 11334
12487 11335
12488 11336
12489 11337
12490 11338
12491 11339
12492 11340
12493 11341
12494 11342
12495 11343
12496 11344
12498 11345
12499 11346
12500 11347
12501 11348
12502 11349
12503 11350
12504 11351
12505 11352
12506 11353
12507 11354
12508 11355
12509 11356
12510 11357
12511 11358
12512 11359
12513 11360
12514 11361
12515 11362
12516 11363
12517 11364
12518 11365
12519 11366
12521 11367
12523 11368
12524 11369
12525 11370
12526 11371
12527 11372
12528 11373
12529 11374
12530 11375
12531 11376
12532 11377
12533 11378
12534 11379
12535 11380
12536 11381
12537 11382
12539 11383
12540 11384
12541 11385
12542 11386
12543 11387
12544 11388
12545 11389
12546 11390
12547 11391
12548 11392
12550 11393
12551 11394
12553 11395
12554 11396
12555 11397
12556 11398
12558 11399
12559 11400
12560 11401
12561 11402
12562 11403
12563 11404
12564 11405
12565 11406
12566 11407
12567 11408
12568 11409
12569 11410
12570 11411
12571 11412
12572 11413
12573 11414
12574 11415
12575 11416
12576 11417
12577 11418
12578 11419
12580 11420
12581 11421
12582 11422
12583 11423
12584 11424
12585 11425
12586 11426
12587 11427
12588 11428
12589 11429
12591 11430
12592 11431
12593 11432
12594 11433
12595 11434
12596 11435
12597 11436
12598 11437
12599 11438
12600 11439
12601 11440
12603 11441
12605 11442
12606 11443
12607 11444
12608 11445
12609 11446
12611 11447
12612 11448
12613 11449
12614 11450
12615 11451
12616 11452
12617 11453
12618 11454
12619 11455
12621 11456
12623 11457
12624 11458
12625 11459
12626 11460
12627 11461
12628 11462
12629 11463
12630 11464
12632 11465
12633 11466
12634 11467
12635 11468
12636 11469
12637 11470
12638 11471
12639 11472
12640 11473
12641 11474
12642 11475
12643 11476
12644 11477
12645 11478
12646 11479
12647 11480
12648 11481
12649 11482
12651 11483
12652 11484
12653 11485
12654 11486
12657 11487
12658 11488
12659 11489
12660 11490
12662 11491
12663 11492
12665 11493
12667 11494
12668 11495
12669 11496
12670 11497
12671 11498
12672 11499
12673 11500
12674 11501
12675 11502
12676 11503
12677 11504
12678 11505
12679 11506
12680 11507
12681 11508
12682 11509
12683 11510
12685 11511
12686 11512
12687 11513
12688 11514
12689 11515
12690 11516
12691 11517
12692 11518
12693 11519
12694 11520
12695 11521
12696 11522
12699 11523
12700 11524
12701 11525
12702 11526
12703 11527
12704 11528
12705 11529
12707 11530
12708 11531
12709 11532
12710 11533
12711 11534
12712 11535
12713 11536
12714 11537
12715 11538
12716 11539
12717 11540
12718 11541
12719 11542
12720 11543
12721 11544
12723 11545
12724 11546
12725 11547
12726 11548
12727 11549
12728 11550
12729 11551
12730 11552
12731 11553
12732 11554
12734 11555
12735 11556
12736 11557
12738 11558
12739 11559
12740 11560
12741 11561
12743 11562
12744 11563
12746 11564
12747 11565
12748 11566
12749 11567
12751 11568
12752 11569
12753 11570
12754 11571
12755 11572
12756 11573
12757 11574
12758 11575
12759 11576
12760 11577
12761 11578
12762 11579
12763 11580
12764 11581
12765 11582
12767 11583
12768 11584
12769 11585
12770 11586
12771 11587
12772 11588
12773 11589
12774 11590
12775 11591
12776 11592
12777 11593
12778 11594
12779 11595
12781 11596
12782 11597
12783 11598
12784 11599
12785 11600
12786 11601
12787 11602
12788 11603
12789 11604
12790 11605
12791 11606
12792 11607
12793 11608
12794 11609
12795 11610
12796 11611
12797 11612
12798 11613
12799 11614
12800 11615
12801 11616
12802 11617
12803 11618
12804 11619
12805 11620
12806 11621
12807 11622
12808 11623
12809 11624
12810 11625
12811 11626
12812 11627
12813 11628
12814 11629
12815 11630
12817 11631
12818 11632
12819 11633
12820 11634
12821 11635
12822 11636
12825 11637
12826 11638
12827 11639
12828 11640
12829 11641
12830 11642
12831 11643
12833 11644
12834 11645
12835 11646
12836 11647
12837 11648
12838 11649
12840 11650
12842 11651
12843 11652
12844 11653
12845 11654
12846 11655
12848 11656
12849 11657
12851 11658
12852 11659
12853 11660
12854 11661
12855 11662
12856 11663
12857 11664
12858 11665
12859 11666
12860 11667
12861 11668
12862 11669
12863 11670
12864 11671
12865 11672
12866 11673
12867 11674
12868 11675
12869 11676
12870 11677
12871 11678
12872 11679
12873 11680
12874 11681
12876 11682
12877 11683
12878 11684
12879 11685
12880 11686
12881 11687
12882 11688
12883 11689
12884 11690
12885 11691
12886 11692
12887 11693
12888 11694
12889 11695
12890 11696
12891 11697
12892 11698
12893 11699
12894 11700
12895 11701
12896 11702
12897 11703
12898 11704
12899 11705
12900 11706
12901 11707
12902 11708
12903 11709
12904 11710
12905 11711
12906 11712
12907 11713
12908 11714
12909 11715
12910 11716
12911 11717
12912 11718
12913 11719
12914 11720
12915 11721
12916 11722
12919 11723
12920 11724
12921 11725
12922 11726
12923 11727
12924 11728
12925 11729
12926 11730
12927 11731
12928 11732
12929 11733
12930 11734
12931 11735
12932 11736
12933 11737
12934 11738
12935 11739
12936 11740
12937 11741
12938 11742
12940 11743
12941 11744
12943 11745
12944 11746
12945 11747
12947 11748
12948 11749
12950 11750
12951 11751
12952 11752
12953 11753
12954 11754
12955 11755
12957 11756
12958 11757
12959 11758
12961 11759
12962 11760
12963 11761
12964 11762
12965 11763
12966 11764
12968 11765
12969 11766
12970 11767
12971 11768
12972 11769
12974 11770
12975 11771
12976 11772
12977 11773
12978 11774
12979 11775
12980 11776
12981 11777
12982 11778
12983 11779
12984 11780
12985 11781
12986 11782
12987 11783
12988 11784
12989 11785
12990 11786
12991 11787
12992 11788
12993 11789
12994 11790
12996 11791
12997 11792
12998 11793
12999 11794
13000 11795
13001 11796
13002 11797
13004 11798
13005 11799
13006 11800
13007 11801
13010 11802
13011 11803
13012 11804
13013 11805
13014 11806
13015 11807
13016 11808
13017 11809
13018 11810
13019 11811
13020 11812
13021 11813
13022 11814
13023 11815
13024 11816
13025 11817
13026 11818
13027 11819
13028 11820
13029 11821
13030 11822
13031 11823
13032 11824
13033 11825
13034 11826
13035 11827
13036 11828
13037 11829
13038 11830
13039 11831
13040 11832
13041 11833
13042 11834
13043 11835
13044 11836
13045 11837
13046 11838
13047 11839
13048 11840
13049 11841
13050 11842
13051 11843
13052 11844
13053 11845
13054 11846
13055 11847
13058 11848
13059 11849
13060 11850
13061 11851
13062 11852
13063 11853
13064 11854
13065 11855
13066 11856
13068 11857
13070 11858
13071 11859
13072 11860
13073 11861
13077 11862
13078 11863
13079 11864
13080 11865
13081 11866
13082 11867
13083 11868
13084 11869
13085 11870
13086 11871
13087 11872
13088 11873
13089 11874
13090 11875
13091 11876
13092 11877
13093 11878
13094 11879
13095 11880
13096 11881
13097 11882
13098 11883
13099 11884
13100 11885
13101 11886
13102 11887
13103 11888
13104 11889
13105 11890
13106 11891
13107 11892
13108 11893
13109 11894
13110 11895
13111 11896
13112 11897
13113 11898
13114 11899
13115 11900
13116 11901
13117 11902
13118 11903
13119 11904
13120 11905
13121 11906
13122 11907
13123 11908
13124 11909
13125 11910
13126 11911
13127 11912
13128 11913
13129 11914
13130 11915
13131 11916
13132 11917
13133 11918
13134 11919
13135 11920
13136 11921
13137 11922
13138 11923
13139 11924
13140 11925
13141 11926
13142 11927
13143 11928
13144 11929
13145 11930
13146 11931
13147 11932
13148 11933
13149 11934
13150 11935
13151 11936
13152 11937
13153 11938
13154 11939
13155 11940
13156 11941
13157 11942
13158 11943
13159 11944
13160 11945
13161 11946
13162 11947
13163 11948
13165 11949
13166 11950
13167 11951
13168 11952
13169 11953
13170 11954
13171 11955
13172 11956
13173 11957
13174 11958
13175 11959
13176 11960
13178 11961
13179 11962
13180 11963
13181 11964
13182 11965
13183 11966
13184 11967
13185 11968
13186 11969
13187 11970
13188 11971
13189 11972
13190 11973
13191 11974
13193 11975
13194 11976
13195 11977
13196 11978
13197 11979
13198 11980
13199 11981
13200 11982
13201 11983
13202 11984
13203 11985
13204 11986
13205 11987
13206 11988
13207 11989
13209 11990
13211 11991
13212 11992
13214 11993
13215 11994
13216 11995
13217 11996
13218 11997
13219 11998
13220 11999
13222 12000
13223 12001
13224 12002
13225 12003
13229 12004
13230 12005
13231 12006
13232 12007
13233 12008
13234 12009
13235 12010
13236 12011
13238 12012
13239 12013
13240 12014
13241 12015
13242 12016
13243 12017
13245 12018
13246 12019
13247 12020
13248 12021
13251 12022
13252 12023
13253 12024
13254 12025
13255 12026
13256 12027
13257 12028
13258 12029
13259 12030
13261 12031
13262 12032
13263 12033
13264 12034
13265 12035
13266 12036
13267 12037
13268 12038
13269 12039
13270 12040
13271 12041
13272 12042
13273 12043
13274 12044
13275 12045
13276 12046
13277 12047
13278 12048
13279 12049
13280 12050
13281 12051
13282 12052
13283 12053
13284 12054
13285 12055
13286 12056
13287 12057
13288 12058
13290 12059
13292 12060
13293 12061
13294 12062
13295 12063
13296 12064
13298 12065
13299 12066
13300 12067
13301 12068
13302 12069
13304 12070
13305 12071
13306 12072
13307 12073
13308 12074
13309 12075
13310 12076
13311 12077
13312 12078
13313 12079
13314 12080
13315 12081
13316 12082
13317 12083
13318 12084
13319 12085
13320 12086
13321 12087
13326 12088
13327 12089
13328 12090
13329 12091
13330 12092
13331 12093
13332 12094
13333 12095
13334 12096
13335 12097
13336 12098
13337 12099
13338 12100
13339 12101
13340 12102
13341 12103
13342 12104
13345 12105
13346 12106
13347 12107
13348 12108
13349 12109
13350 12110
13351 12111
13352 12112
13353 12113
13354 12114
13355 12115
13357 12116
13358 12117
13359 12118
13360 12119
13361 12120
13362 12121
13363 12122
13366 12123
13367 12124
13368 12125
13371 12126
13372 12127
13373 12128
13374 12129
13375 12130
13376 12131
13377 12132
13378 12133
13379 12134
13380 12135
13382 12136
13383 12137
13384 12138
13385 12139
13386 12140
13387 12141
13388 12142
13389 12143
13390 12144
13391 12145
13392 12146
13394 12147
13397 12148
13398 12149
13399 12150
13400 12151
13403 12152
13404 12153
13405 12154
13406 12155
13407 12156
13408 12157
13409 12158
13410 12159
13411 12160
13412 12161
13413 12162
13414 12163
13416 12164
13417 12165
13418 12166
13419 12167
13420 12168
13421 12169
13422 12170
13423 12171
13424 12172
13425 12173
13426 12174
13427 12175
13428 12176
13429 12177
13430 12178
13431 12179
13432 12180
13433 12181
13434 12182
13435 12183
13436 12184
13437 12185
13438 12186
13439 12187
13440 12188
13441 12189
13442 12190
13443 12191
13444 12192
13445 12193
13446 12194
13448 12195
13449 12196
13450 12197
13452 12198
13453 12199
13455 12200
13456 12201
13459 12202
13460 12203
13461 12204
13462 12205
13463 12206
13464 12207
13465 12208
13466 12209
13467 12210
13468 12211
13469 12212
13470 12213
13473 12214
13474 12215
13475 12216
13476 12217
13477 12218
13478 12219
13479 12220
13480 12221
13481 12222
13482 12223
13483 12224
13484 12225
13485 12226
13486 12227
13487 12228
13488 12229
13489 12230
13490 12231
13491 12232
13492 12233
13493 12234
13494 12235
13495 12236
13496 12237
13497 12238
13498 12239
13499 12240
13500 12241
13501 12242
13502 12243
13503 12244
13505 12245
13506 12246
13507 12247
13508 12248
13509 12249
13510 12250
13511 12251
13513 12252
13514 12253
13515 12254
13516 12255
13517 12256
13518 12257
13520 12258
13521 12259
13522 12260
13523 12261
13524 12262
13525 12263
13527 12264
13528 12265
13529 12266
13530 12267
13531 12268
13533 12269
13534 12270
13535 12271
13536 12272
13537 12273
13538 12274
13539 12275
13540 12276
13541 12277
13542 12278
13543 12279
13544 12280
13545 12281
13546 12282
13547 12283
13548 12284
13549 12285
13550 12286
13551 12287
13552 12288
13553 12289
13554 12290
13555 12291
13556 12292
13557 12293
13558 12294
13559 12295
13562 12296
13564 12297
13565 12298
13566 12299
13568 12300
13569 12301
13571 12302
13573 12303
13574 12304
13575 12305
13576 12306
13577 12307
13579 12308
13580 12309
13581 12310
13582 12311
13583 12312
13584 12313
13585 12314
13586 12315
13587 12316
13588 12317
13589 12318
13590 12319
13591 12320
13592 12321
13593 12322
13594 12323
13595 12324
13596 12325
13597 12326
13598 12327
13599 12328
13600 12329
13601 12330
13602 12331
13603 12332
13604 12333
13605 12334
13606 12335
13607 12336
13609 12337
13610 12338
13611 12339
13612 12340
13615 12341
13617 12342
13618 12343
13619 12344
13620 12345
13621 12346
13622 12347
13623 12348
13624 12349
13625 12350
13626 12351
13627 12352
13628 12353
13629 12354
13630 12355
13631 12356
13633 12357
13634 12358
13635 12359
13636 12360
13637 12361
13638 12362
13639 12363
13640 12364
13641 12365
13642 12366
13643 12367
13644 12368
13645 12369
13647 12370
13648 12371
13649 12372
13650 12373
13651 12374
13652 12375
13653 12376
13654 12377
13655 12378
13657 12379
13658 12380
13659 12381
13660 12382
13661 12383
13662 12384
13663 12385
13664 12386
13665 12387
13666 12388
13667 12389
13668 12390
13669 12391
13671 12392
13672 12393
13673 12394
13674 12395
13675 12396
13676 12397
13677 12398
13679 12399
13680 12400
13682 12401
13683 12402
13686 12403
13687 12404
13688 12405
13689 12406
13690 12407
13691 12408
13692 12409
13693 12410
13694 12411
13695 12412
13696 12413
13697 12414
13698 12415
13699 12416
13701 12417
13702 12418
13703 12419
13704 12420
13705 12421
13707 12422
13708 12423
13709 12424
13710 12425
13711 12426
13712 12427
13713 12428
13714 12429
13716 12430
13717 12431
13718 12432
13719 12433
13721 12434
13722 12435
13723 12436
13724 12437
13725 12438
13727 12439
13728 12440
13729 12441
13730 12442
13731 12443
13732 12444
13733 12445
13734 12446
13735 12447
13736 12448
13737 12449
13738 12450
13739 12451
13740 12452
13741 12453
13742 12454
13743 12455
13744 12456
13745 12457
13746 12458
13747 12459
13748 12460
13749 12461
13750 12462
13751 12463
13752 12464
13753 12465
13754 12466
13755 12467
13756 12468
13757 12469
13758 12470
13759 12471
13760 12472
13761 12473
13762 12474
13763 12475
13764 12476
13766 12477
13767 12478
13768 12479
13769 12480
13770 12481
13771 12482
13772 12483
13773 12484
13774 12485
13776 12486
13778 12487
13779 12488
13780 12489
13782 12490
13783 12491
13784 12492
13785 12493
13786 12494
13787 12495
13788 12496
13789 12497
13790 12498
13791 12499
13792 12500
13793 12501
13794 12502
13795 12503
13796 12504
13797 12505
13798 12506
13799 12507
13800 12508
13802 12509
13803 12510
13804 12511
13805 12512
13806 12513
13808 12514
13810 12515
13811 12516
13812 12517
13813 12518
13814 12519
13815 12520
13817 12521
13818 12522
13819 12523
13820 12524
13821 12525
13822 12526
13824 12527
13825 12528
13826 12529
13828 12530
13830 12531
13831 12532
13832 12533
13833 12534
13834 12535
13835 12536
13836 12537
13837 12538
13838 12539
13839 12540
13840 12541
13841 12542
13842 12543
13843 12544
13844 12545
13845 12546
13846 12547
13847 12548
13848 12549
13849 12550
13850 12551
13851 12552
13852 12553
13853 12554
13854 12555
13856 12556
13857 12557
13858 12558
13859 12559
13860 12560
13861 12561
13862 12562
13863 12563
13864 12564
13865 12565
13866 12566
13867 12567
13868 12568
13869 12569
13870 12570
13871 12571
13872 12572
13873 12573
13874 12574
13875 12575
13876 12576
13877 12577
13878 12578
13880 12579
13881 12580
13882 12581
13883 12582
13884 12583
13885 12584
13886 12585
13888 12586
13890 12587
13891 12588
13892 12589
13893 12590
13894 12591
13896 12592
13897 12593
13898 12594
13900 12595
13901 12596
13902 12597
13905 12598
13906 12599
13907 12600
13909 12601
13910 12602
13911 12603
13912 12604
13913 12605
13914 12606
13915 12607
13916 12608
13917 12609
13919 12610
13920 12611
13921 12612
13922 12613
13923 12614
13924 12615
13925 12616
13926 12617
13927 12618
13928 12619
13929 12620
13930 12621
13931 12622
13932 12623
13933 12624
13934 12625
13935 12626
13936 12627
13938 12628
13939 12629
13940 12630
13941 12631
13942 12632
13943 12633
13944 12634
13946 12635
13947 12636
13948 12637
13949 12638
13950 12639
13951 12640
13952 12641
13953 12642
13954 12643
13955 12644
13956 12645
13957 12646
13958 12647
13959 12648
13960 12649
13962 12650
13963 12651
13965 12652
13968 12653
13969 12654
13970 12655
13971 12656
13972 12657
13973 12658
13975 12659
13976 12660
13978 12661
13979 12662
13980 12663
13981 12664
13982 12665
13983 12666
13985 12667
13986 12668
13987 12669
13988 12670
13991 12671
13992 12672
13994 12673
13997 12674
13998 12675
14000 12676
14003 12677
14004 12678
14005 12679
14006 12680
14008 12681
14009 12682
14010 12683
14011 12684
14012 12685
14014 12686
14015 12687
14016 12688
14017 12689
14019 12690
14021 12691
14022 12692
14023 12693
14025 12694
14026 12695
14027 12696
14029 12697
14030 12698
14031 12699
14032 12700
14033 12701
14034 12702
14035 12703
14037 12704
14038 12705
14039 12706
14040 12707
14041 12708
14042 12709
14043 12710
14046 12711
14047 12712
14048 12713
14049 12714
14050 12715
14051 12716
14052 12717
14053 12718
14054 12719
14055 12720
14056 12721
14057 12722
14058 12723
14060 12724
14061 12725
14062 12726
14063 12727
14064 12728
14065 12729
14066 12730
14067 12731
14068 12732
14069 12733
14070 12734
14071 12735
14072 12736
14073 12737
14074 12738
14075 12739
14076 12740
14077 12741
14078 12742
14080 12743
14081 12744
14082 12745
14083 12746
14084 12747
14085 12748
14086 12749
14088 12750
14089 12751
14090 12752
14091 12753
14092 12754
14093 12755
14094 12756
14095 12757
14096 12758
14097 12759
14098 12760
14099 12761
14100 12762
14101 12763
14102 12764
14104 12765
14105 12766
14106 12767
14108 12768
14109 12769
14110 12770
14111 12771
14113 12772
14114 12773
14115 12774
14116 12775
14117 12776
14118 12777
14119 12778
14120 12779
14121 12780
14122 12781
14123 12782
14124 12783
14125 12784
14126 12785
14127 12786
14128 12787
14129 12788
14131 12789
14132 12790
14133 12791
14135 12792
14136 12793
14137 12794
14139 12795
14141 12796
14142 12797
14143 12798
14144 12799
14145 12800
14146 12801
14147 12802
14148 12803
14149 12804
14150 12805
14151 12806
14152 12807
14153 12808
14154 12809
14155 12810
14156 12811
14157 12812
14158 12813
14159 12814
14160 12815
14161 12816
14162 12817
14163 12818
14164 12819
14165 12820
14166 12821
14167 12822
14168 12823
14170 12824
14171 12825
14172 12826
14173 12827
14174 12828
14175 12829
14176 12830
14177 12831
14179 12832
14180 12833
14181 12834
14183 12835
14184 12836
14185 12837
14186 12838
14187 12839
14188 12840
14190 12841
14191 12842
14192 12843
14193 12844
14194 12845
14195 12846
14196 12847
14197 12848
14198 12849
14199 12850
14200 12851
14201 12852
14202 12853
14203 12854
14204 12855
14205 12856
14206 12857
14207 12858
14208 12859
14209 12860
14210 12861
14211 12862
14212 12863
14213 12864
14214 12865
14215 12866
14216 12867
14217 12868
14218 12869
14219 12870
14220 12871
14221 12872
14222 12873
14223 12874
14224 12875
14225 12876
14226 12877
14227 12878
14229 12879
14230 12880
14231 12881
14232 12882
14233 12883
14234 12884
14235 12885
14236 12886
14238 12887
14239 12888
14240 12889
14241 12890
14242 12891
14243 12892
14244 12893
14245 12894
14246 12895
14247 12896
14248 12897
14249 12898
14250 12899
14251 12900
14252 12901
14253 12902
14254 12903
14255 12904
14256 12905
14257 12906
14259 12907
14260 12908
14262 12909
14263 12910
14264 12911
14265 12912
14266 12913
14269 12914
14270 12915
14272 12916
14273 12917
14274 12918
14275 12919
14276 12920
14277 12921
14278 12922
14279 12923
14281 12924
14282 12925
14283 12926
14284 12927
14285 12928
14286 12929
14287 12930
14288 12931
14289 12932
14290 12933
14291 12934
14292 12935
14294 12936
14295 12937
14296 12938
14297 12939
14298 12940
14299 12941
14300 12942
14301 12943
14302 12944
14303 12945
14305 12946
14306 12947
14307 12948
14308 12949
14309 12950
14310 12951
14311 12952
14312 12953
14313 12954
14314 12955
14315 12956
14316 12957
14317 12958
14318 12959
14319 12960
14320 12961
14322 12962
14324 12963
14325 12964
14326 12965
14327 12966
14328 12967
14329 12968
14330 12969
14331 12970
14332 12971
14333 12972
14334 12973
14336 12974
14338 12975
14339 12976
14340 12977
14341 12978
14342 12979
14343 12980
14344 12981
14345 12982
14346 12983
14347 12984
14348 12985
14349 12986
14350 12987
14351 12988
14352 12989
14354 12990
14355 12991
14356 12992
14357 12993
14358 12994
14360 12995
14362 12996
14363 12997
14364 12998
14365 12999
14366 13000
14367 13001
14368 13002
14369 13003
14370 13004
14371 13005
14373 13006
14374 13007
14375 13008
14376 13009
14377 13010
14378 13011
14379 13012
14380 13013
14381 13014
14382 13015
14383 13016
14384 13017
14385 13018
14386 13019
14387 13020
14388 13021
14389 13022
14390 13023
14391 13024
14392 13025
14393 13026
14394 13027
14395 13028
14396 13029
14397 13030
14398 13031
14399 13032
14400 13033
14401 13034
14402 13035
14403 13036
14404 13037
14405 13038
14406 13039
14407 13040
14408 13041
14409 13042
14410 13043
14411 13044
14412 13045
14413 13046
14414 13047
14415 13048
14416 13049
14417 13050
14418 13051
14419 13052
14420 13053
14421 13054
14422 13055
14423 13056
14424 13057
14425 13058
14426 13059
14428 13060
14429 13061
14430 13062
14431 13063
14432 13064
14433 13065
14434 13066
14435 13067
14436 13068
14437 13069
14438 13070
14439 13071
14440 13072
14441 13073
14442 13074
14443 13075
14444 13076
14445 13077
14446 13078
14447 13079
14448 13080
14449 13081
14450 13082
14451 13083
14452 13084
14453 13085
14454 13086
14455 13087
14456 13088
14457 13089
14459 13090
14460 13091
14461 13092
14462 13093
14463 13094
14464 13095
14465 13096
14466 13097
14467 13098
14468 13099
14469 13100
14470 13101
14471 13102
14473 13103
14474 13104
14475 13105
14476 13106
14477 13107
14478 13108
14479 13109
14480 13110
14481 13111
14482 13112
14483 13113
14484 13114
14485 13115
14486 13116
14487 13117
14488 13118
14489 13119
14490 13120
14491 13121
14492 13122
14493 13123
14494 13124
14495 13125
14496 13126
14497 13127
14498 13128
14499 13129
14500 13130
14501 13131
14502 13132
14503 13133
14504 13134
14505 13135
14506 13136
14507 13137
14508 13138
14509 13139
14510 13140
14511 13141
14512 13142
14513 13143
14514 13144
14515 13145
14517 13146
14518 13147
14519 13148
14520 13149
14521 13150
14523 13151
14524 13152
14525 13153
14526 13154
14527 13155
14528 13156
14529 13157
14530 13158
14531 13159
14532 13160
14533 13161
14535 13162
14536 13163
14537 13164
14538 13165
14539 13166
14540 13167
14541 13168
14542 13169
14543 13170
14544 13171
14546 13172
14547 13173
14548 13174
14549 13175
14551 13176
14552 13177
14553 13178
14555 13179
14556 13180
14557 13181
14558 13182
14559 13183
14560 13184
14561 13185
14562 13186
14563 13187
14564 13188
14565 13189
14566 13190
14567 13191
14568 13192
14569 13193
14570 13194
14571 13195
14572 13196
14573 13197
14574 13198
14575 13199
14576 13200
14577 13201
14578 13202
14579 13203
14580 13204
14581 13205
14582 13206
14583 13207
14585 13208
14587 13209
14588 13210
14589 13211
14590 13212
14591 13213
14592 13214
14594 13215
14596 13216
14597 13217
14598 13218
14599 13219
14600 13220
14601 13221
14602 13222
14605 13223
14607 13224
14608 13225
14609 13226
14610 13227
14611 13228
14612 13229
14613 13230
14614 13231
14616 13232
14617 13233
14618 13234
14619 13235
14620 13236
14621 13237
14622 13238
14623 13239
14624 13240
14625 13241
14626 13242
14627 13243
14629 13244
14630 13245
14631 13246
14635 13247
14636 13248
14637 13249
14638 13250
14639 13251
14640 13252
14641 13253
14642 13254
14643 13255
14644 13256
14645 13257
14646 13258
14647 13259
14649 13260
14650 13261
14651 13262
14652 13263
14653 13264
14654 13265
14655 13266
14656 13267
14657 13268
14658 13269
14659 13270
14660 13271
14662 13272
14664 13273
14665 13274
14666 13275
14667 13276
14668 13277
14669 13278
14670 13279
14671 13280
14672 13281
14673 13282
14674 13283
14675 13284
14676 13285
14677 13286
14678 13287
14679 13288
14680 13289
14681 13290
14682 13291
14683 13292
14684 13293
14685 13294
14686 13295
14687 13296
14688 13297
14689 13298
14690 13299
14692 13300
14693 13301
14694 13302
14695 13303
14696 13304
14697 13305
14699 13306
14700 13307
14701 13308
14702 13309
14703 13310
14704 13311
14705 13312
14706 13313
14707 13314
14709 13315
14710 13316
14711 13317
14714 13318
14715 13319
14716 13320
14718 13321
14719 13322
14720 13323
14721 13324
14724 13325
14725 13326
14726 13327
14727 13328
14728 13329
14729 13330
14730 13331
14731 13332
14732 13333
14733 13334
14734 13335
14735 13336
14736 13337
14737 13338
14738 13339
14739 13340
14740 13341
14741 13342
14742 13343
14743 13344
14744 13345
14746 13346
14747 13347
14748 13348
14749 13349
14750 13350
14752 13351
14753 13352
14755 13353
14756 13354
14758 13355
14759 13356
14760 13357
14761 13358
14762 13359
14763 13360
14764 13361
14765 13362
14766 13363
14767 13364
14769 13365
14770 13366
14771 13367
14772 13368
14773 13369
14775 13370
14776 13371
14777 13372
14778 13373
14779 13374
14781 13375
14783 13376
14784 13377
14785 13378
14786 13379
14787 13380
14793 13381
14794 13382
14795 13383
14796 13384
14797 13385
14798 13386
14799 13387
14800 13388
14801 13389
14802 13390
14803 13391
14804 13392
14806 13393
14807 13394
14808 13395
14809 13396
14810 13397
14811 13398
14812 13399
14813 13400
14814 13401
14815 13402
14816 13403
14817 13404
14818 13405
14820 13406
14821 13407
14822 13408
14823 13409
14825 13410
14826 13411
14827 13412
14828 13413
14829 13414
14830 13415
14831 13416
14832 13417
14833 13418
14834 13419
14835 13420
14836 13421
14838 13422
14839 13423
14840 13424
14841 13425
14842 13426
14843 13427
14844 13428
14845 13429
14846 13430
14847 13431
14848 13432
14849 13433
14850 13434
14851 13435
14852 13436
14853 13437
14854 13438
14855 13439
14856 13440
14857 13441
14858 13442
14859 13443
14860 13444
14861 13445
14862 13446
14863 13447
14864 13448
14865 13449
14866 13450
14867 13451
14868 13452
14869 13453
14870 13454
14871 13455
14874 13456
14875 13457
14876 13458
14877 13459
14878 13460
14879 13461
14880 13462
14881 13463
14882 13464
14883 13465
14884 13466
14885 13467
14886 13468
14887 13469
14888 13470
14889 13471
14890 13472
14891 13473
14892 13474
14893 13475
14894 13476
14895 13477
14896 13478
14897 13479
14898 13480
14899 13481
14900 13482
14902 13483
14903 13484
14904 13485
14905 13486
14906 13487
14907 13488
14908 13489
14909 13490
14910 13491
14911 13492
14912 13493
14913 13494
14915 13495
14916 13496
14918 13497
14919 13498
14920 13499
14921 13500
14922 13501
14923 13502
14924 13503
14925 13504
14927 13505
14928 13506
14929 13507
14930 13508
14931 13509
14932 13510
14933 13511
14934 13512
14935 13513
14937 13514
14938 13515
14939 13516
14940 13517
14941 13518
14942 13519
14943 13520
14944 13521
14945 13522
14946 13523
14947 13524
14948 13525
14949 13526
14950 13527
14951 13528
14952 13529
14953 13530
14954 13531
14955 13532
14956 13533
14957 13534
14958 13535
14959 13536
14961 13537
14962 13538
14963 13539
14964 13540
14965 13541
14966 13542
14967 13543
14968 13544
14970 13545
14973 13546
14974 13547
14975 13548
14976 13549
14977 13550
14978 13551
14979 13552
14980 13553
14981 13554
14983 13555
14985 13556
14987 13557
14988 13558
14989 13559
14990 13560
14991 13561
14992 13562
14993 13563
14994 13564
14995 13565
14996 13566
14997 13567
14998 13568
14999 13569
15000 13570
15001 13571
15002 13572
15005 13573
15006 13574
15008 13575
15009 13576
15010 13577
15011 13578
15012 13579
15013 13580
15015 13581
15016 13582
15018 13583
15020 13584
15021 13585
15022 13586
15023 13587
15024 13588
15027 13589
15028 13590
15029 13591
15030 13592
15031 13593
15032 13594
15033 13595
15035 13596
15036 13597
15037 13598
15038 13599
15039 13600
15040 13601
15041 13602
15042 13603
15043 13604
15044 13605
15045 13606
15046 13607
15047 13608
15048 13609
15050 13610
15051 13611
15052 13612
15053 13613
15054 13614
15055 13615
15056 13616
15057 13617
15058 13618
15059 13619
15060 13620
15061 13621
15062 13622
15063 13623
15064 13624
15065 13625
15066 13626
15067 13627
15068 13628
15070 13629
15071 13630
15073 13631
15074 13632
15075 13633
15076 13634
15077 13635
15079 13636
15081 13637
15083 13638
15084 13639
15085 13640
15086 13641
15087 13642
15089 13643
15090 13644
15091 13645
15092 13646
15093 13647
15094 13648
15095 13649
15096 13650
15097 13651
15098 13652
15099 13653
15100 13654
15101 13655
15102 13656
15103 13657
15105 13658
15106 13659
15107 13660
15108 13661
15109 13662
15111 13663
15112 13664
15113 13665
15114 13666
15115 13667
15116 13668
15117 13669
15118 13670
15120 13671
15121 13672
15122 13673
15123 13674
15124 13675
15126 13676
15127 13677
15128 13678
15129 13679
15130 13680
15131 13681
15132 13682
15133 13683
15134 13684
15135 13685
15136 13686
15138 13687
15139 13688
15140 13689
15141 13690
15142 13691
15143 13692
15144 13693
15145 13694
15146 13695
15147 13696
15148 13697
15149 13698
15151 13699
15152 13700
15153 13701
15154 13702
15155 13703
15156 13704
15157 13705
15158 13706
15159 13707
15160 13708
15161 13709
15163 13710
15164 13711
15166 13712
15167 13713
15170 13714
15171 13715
15172 13716
15173 13717
15175 13718
15176 13719
15177 13720
15179 13721
15181 13722
15183 13723
15185 13724
15186 13725
15187 13726
15188 13727
15189 13728
15190 13729
15191 13730
15192 13731
15193 13732
15196 13733
15197 13734
15198 13735
15199 13736
15200 13737
15201 13738
15202 13739
15203 13740
15204 13741
15205 13742
15206 13743
15207 13744
15208 13745
15209 13746
15211 13747
15212 13748
15213 13749
15214 13750
15215 13751
15216 13752
15218 13753
15219 13754
15220 13755
15221 13756
15223 13757
15224 13758
15225 13759
15226 13760
15227 13761
15229 13762
15230 13763
15231 13764
15233 13765
15235 13766
15236 13767
15238 13768
15239 13769
15241 13770
15242 13771
15243 13772
15245 13773
15247 13774
15249 13775
15250 13776
15251 13777
15252 13778
15253 13779
15254 13780
15256 13781
15257 13782
15258 13783
15259 13784
15260 13785
15261 13786
15262 13787
15263 13788
15264 13789
15265 13790
15266 13791
15267 13792
15268 13793
15269 13794
15270 13795
15271 13796
15272 13797
15273 13798
15274 13799
15275 13800
15276 13801
15277 13802
15279 13803
15280 13804
15281 13805
15283 13806
15284 13807
15285 13808
15286 13809
15287 13810
15288 13811
15290 13812
15292 13813
15294 13814
15296 13815
15297 13816
15299 13817
15300 13818
15301 13819
15302 13820
15303 13821
15304 13822
15306 13823
15308 13824
15309 13825
15310 13826
15311 13827
15312 13828
15313 13829
15314 13830
15315 13831
15316 13832
15317 13833
15318 13834
15319 13835
15320 13836
15321 13837
15322 13838
15323 13839
15324 13840
15325 13841
15326 13842
15327 13843
15328 13844
15329 13845
15330 13846
15331 13847
15332 13848
15333 13849
15334 13850
15335 13851
15336 13852
15338 13853
15339 13854
15340 13855
15341 13856
15343 13857
15344 13858
15345 13859
15346 13860
15347 13861
15348 13862
15349 13863
15350 13864
15353 13865
15354 13866
15357 13867
15358 13868
15360 13869
15361 13870
15362 13871
15365 13872
15366 13873
15368 13874
15369 13875
15370 13876
15371 13877
15372 13878
15373 13879
15377 13880
15379 13881
15380 13882
15381 13883
15382 13884
15385 13885
15386 13886
15387 13887
15389 13888
15391 13889
15393 13890
15394 13891
15395 13892
15397 13893
15398 13894
15399 13895
15400 13896
15401 13897
15402 13898
15403 13899
15404 13900
15405 13901
15407 13902
15408 13903
15409 13904
15410 13905
15411 13906
15412 13907
15413 13908
15414 13909
15415 13910
15416 13911
15417 13912
15418 13913
15419 13914
15420 13915
15421 13916
15422 13917
15423 13918
15424 13919
15425 13920
15426 13921
15427 13922
15428 13923
15429 13924
15430 13925
15431 13926
15432 13927
15433 13928
15434 13929
15435 13930
15436 13931
15437 13932
15438 13933
15439 13934
15440 13935
15441 13936
15442 13937
15443 13938
15444 13939
15445 13940
15446 13941
15447 13942
15448 13943
15449 13944
15450 13945
15451 13946
15452 13947
15453 13948
15454 13949
15455 13950
15456 13951
15457 13952
15458 13953
15459 13954
15460 13955
15461 13956
15462 13957
15463 13958
15464 13959
15465 13960
15466 13961
15467 13962
15468 13963
15469 13964
15470 13965
15471 13966
15472 13967
15473 13968
15474 13969
15475 13970
15476 13971
15477 13972
15478 13973
15479 13974
15480 13975
15481 13976
15482 13977
15483 13978
15485 13979
15486 13980
15488 13981
15489 13982
15490 13983
15491 13984
15492 13985
15493 13986
15494 13987
15496 13988
15497 13989
15499 13990
15500 13991
15501 13992
15502 13993
15503 13994
15505 13995
15506 13996
15507 13997
15508 13998
15509 13999
15510 14000
15511 14001
15512 14002
15514 14003
15515 14004
15516 14005
15517 14006
15518 14007
15519 14008
15520 14009
15521 14010
15522 14011
15523 14012
15524 14013
15525 14014
15527 14015
15528 14016
15529 14017
15530 14018
15531 14019
15532 14020
15533 14021
15536 14022
15537 14023
15539 14024
15540 14025
15542 14026
15543 14027
15545 14028
15546 14029
15548 14030
15549 14031
15550 14032
15551 14033
15552 14034
15554 14035
15555 14036
15556 14037
15557 14038
15558 14039
15559 14040
15560 14041
15561 14042
15562 14043
15563 14044
15564 14045
15565 14046
15566 14047
15567 14048
15568 14049
15569 14050
15570 14051
15571 14052
15572 14053
15573 14054
15574 14055
15575 14056
15576 14057
15577 14058
15578 14059
15579 14060
15580 14061
15581 14062
15582 14063
15583 14064
15584 14065
15585 14066
15586 14067
15587 14068
15588 14069
15589 14070
15590 14071
15591 14072
15592 14073
15594 14074
15596 14075
15597 14076
15598 14077
15599 14078
15601 14079
15605 14080
15606 14081
15607 14082
15608 14083
15609 14084
15610 14085
15611 14086
15612 14087
15613 14088
15614 14089
15615 14090
15616 14091
15617 14092
15618 14093
15619 14094
15620 14095
15621 14096
15622 14097
15625 14098
15626 14099
15627 14100
15628 14101
15629 14102
15630 14103
15631 14104
15633 14105
15635 14106
15636 14107
15638 14108
15639 14109
15640 14110
15641 14111
15642 14112
15643 14113
15644 14114
15645 14115
15646 14116
15648 14117
15649 14118
15650 14119
15651 14120
15652 14121
15654 14122
15655 14123
15656 14124
15658 14125
15659 14126
15660 14127
15661 14128
15662 14129
15663 14130
15664 14131
15665 14132
15666 14133
15667 14134
15668 14135
15669 14136
15671 14137
15672 14138
15673 14139
15674 14140
15675 14141
15676 14142
15678 14143
15679 14144
15681 14145
15682 14146
15683 14147
15684 14148
15685 14149
15686 14150
15687 14151
15688 14152
15691 14153
15692 14154
15693 14155
15694 14156
15695 14157
15696 14158
15697 14159
15698 14160
15699 14161
15700 14162
15701 14163
15702 14164
15703 14165
15704 14166
15705 14167
15706 14168
15707 14169
15708 14170
15709 14171
15710 14172
15711 14173
15712 14174
15713 14175
15715 14176
15716 14177
15717 14178
15718 14179
15719 14180
15720 14181
15722 14182
15723 14183
15724 14184
15725 14185
15726 14186
15727 14187
15728 14188
15730 14189
15731 14190
15732 14191
15733 14192
15736 14193
15737 14194
15738 14195
15739 14196
15741 14197
15743 14198
15744 14199
15745 14200
15746 14201
15747 14202
15748 14203
15749 14204
15750 14205
15751 14206
15752 14207
15753 14208
15754 14209
15755 14210
15756 14211
15759 14212
15760 14213
15761 14214
15762 14215
15763 14216
15764 14217
15765 14218
15766 14219
15768 14220
15769 14221
15770 14222
15771 14223
15772 14224
15773 14225
15774 14226
15776 14227
15777 14228
15778 14229
15779 14230
15780 14231
15781 14232
15782 14233
15784 14234
15785 14235
15786 14236
15787 14237
15788 14238
15789 14239
15790 14240
15791 14241
15792 14242
15793 14243
15796 14244
15797 14245
15798 14246
15799 14247
15800 14248
15803 14249
15804 14250
15805 14251
15806 14252
15807 14253
15808 14254
15810 14255
15812 14256
15813 14257
15814 14258
15815 14259
15816 14260
15817 14261
15818 14262
15821 14263
15822 14264
15823 14265
15824 14266
15825 14267
15826 14268
15827 14269
15828 14270
15829 14271
15830 14272
15831 14273
15832 14274
15833 14275
15834 14276
15837 14277
15840 14278
15841 14279
15843 14280
15844 14281
15845 14282
15846 14283
15847 14284
15849 14285
15850 14286
15851 14287
15852 14288
15853 14289
15854 14290
15855 14291
15856 14292
15857 14293
15858 14294
15859 14295
15860 14296
15861 14297
15862 14298
15863 14299
15864 14300
15865 14301
15866 14302
15867 14303
15868 14304
15869 14305
15870 14306
15871 14307
15872 14308
15874 14309
15875 14310
15876 14311
15877 14312
15878 14313
15879 14314
15880 14315
15881 14316
15882 14317
15883 14318
15884 14319
15885 14320
15886 14321
15887 14322
15888 14323
15889 14324
15890 14325
15891 14326
15892 14327
15893 14328
15894 14329
15895 14330
15896 14331
15897 14332
15898 14333
15899 14334
15900 14335
15901 14336
15902 14337
15903 14338
15904 14339
15905 14340
15906 14341
15907 14342
15908 14343
15909 14344
15910 14345
15911 14346
15912 14347
15913 14348
15914 14349
15915 14350
15916 14351
15917 14352
15918 14353
15919 14354
15920 14355
15921 14356
15922 14357
15923 14358
15924 14359
15925 14360
15926 14361
15927 14362
15928 14363
15930 14364
15932 14365
15933 14366
15934 14367
15935 14368
15936 14369
15937 14370
15938 14371
15939 14372
15940 14373
15941 14374
15943 14375
15944 14376
15945 14377
15947 14378
15950 14379
15951 14380
15952 14381
15953 14382
15954 14383
15955 14384
15956 14385
15957 14386
15958 14387
15959 14388
15960 14389
15961 14390
15962 14391
15963 14392
15964 14393
15965 14394
15966 14395
15967 14396
15968 14397
15969 14398
15970 14399
15971 14400
15972 14401
15973 14402
15974 14403
15975 14404
15976 14405
15977 14406
15978 14407
15979 14408
15980 14409
15981 14410
15982 14411
15983 14412
15984 14413
15985 14414
15986 14415
15987 14416
15988 14417
15989 14418
15990 14419
15991 14420
15992 14421
15993 14422
15994 14423
15995 14424
15996 14425
15997 14426
15998 14427
15999 14428
16000 14429
16001 14430
16002 14431
16003 14432
16004 14433
16005 14434
16006 14435
16007 14436
16008 14437
16009 14438
16010 14439
16011 14440
16012 14441
16013 14442
16014 14443
16015 14444
16016 14445
16017 14446
16018 14447
16019 14448
16020 14449
16021 14450
16022 14451
16023 14452
16024 14453
16025 14454
16026 14455
16027 14456
16028 14457
16029 14458
16030 14459
16031 14460
16032 14461
16033 14462
16034 14463
16035 14464
16036 14465
16037 14466
16038 14467
16039 14468
16040 14469
16041 14470
16042 14471
16043 14472
16044 14473
16045 14474
16046 14475
16047 14476
16048 14477
16049 14478
16050 14479
16051 14480
16052 14481
16053 14482
16054 14483
16055 14484
16056 14485
16057 14486
16058 14487
16059 14488
16060 14489
16061 14490
16062 14491
16063 14492
16064 14493
16065 14494
16066 14495
16068 14496
16069 14497
16070 14498
16071 14499
16072 14500
16073 14501
16075 14502
16076 14503
16077 14504
16078 14505
16079 14506
16080 14507
16081 14508
16082 14509
16084 14510
16085 14511
16086 14512
16087 14513
16088 14514
16089 14515
16090 14516
16091 14517
16092 14518
16093 14519
16094 14520
16095 14521
16096 14522
16097 14523
16098 14524
16099 14525
16100 14526
16101 14527
16102 14528
16103 14529
16104 14530
16105 14531
16106 14532
16108 14533
16109 14534
16110 14535
16111 14536
16112 14537
16113 14538
16114 14539
16115 14540
16116 14541
16118 14542
16119 14543
16120 14544
16121 14545
16122 14546
16123 14547
16125 14548
16126 14549
16127 14550
16128 14551
16129 14552
16130 14553
16131 14554
16132 14555
16133 14556
16134 14557
16135 14558
16136 14559
16137 14560
16138 14561
16139 14562
16140 14563
16141 14564
16142 14565
16143 14566
16144 14567
16145 14568
16146 14569
16148 14570
16149 14571
16150 14572
16151 14573
16152 14574
16153 14575
16154 14576
16155 14577
16157 14578
16158 14579
16159 14580
16160 14581
16161 14582
16162 14583
16163 14584
16164 14585
16165 14586
16166 14587
16168 14588
16169 14589
16170 14590
16171 14591
16172 14592
16173 14593
16174 14594
16176 14595
16177 14596
16178 14597
16179 14598
16180 14599
16181 14600
16183 14601
16184 14602
16185 14603
16186 14604
16187 14605
16188 14606
16190 14607
16191 14608
16192 14609
16193 14610
16194 14611
16195 14612
16197 14613
16198 14614
16199 14615
16200 14616
16201 14617
16202 14618
16203 14619
16204 14620
16207 14621
16208 14622
16209 14623
16210 14624
16212 14625
16213 14626
16214 14627
16216 14628
16217 14629
16219 14630
16220 14631
16223 14632
16224 14633
16225 14634
16226 14635
16227 14636
16228 14637
16230 14638
16231 14639
16232 14640
16233 14641
16234 14642
16235 14643
16236 14644
16237 14645
16238 14646
16239 14647
16240 14648
16241 14649
16242 14650
16243 14651
16245 14652
16247 14653
16248 14654
16249 14655
16250 14656
16251 14657
16252 14658
16253 14659
16254 14660
16256 14661
16257 14662
16258 14663
16260 14664
16261 14665
16262 14666
16263 14667
16264 14668
16265 14669
16266 14670
16267 14671
16268 14672
16269 14673
16270 14674
16271 14675
16272 14676
16273 14677
16274 14678
16275 14679
16276 14680
16277 14681
16278 14682
16279 14683
16280 14684
16281 14685
16282 14686
16283 14687
16284 14688
16285 14689
16286 14690
16287 14691
16289 14692
16290 14693
16291 14694
16292 14695
16294 14696
16295 14697
16296 14698
16297 14699
16298 14700
16300 14701
16302 14702
16303 14703
16304 14704
16305 14705
16306 14706
16307 14707
16308 14708
16309 14709
16311 14710
16312 14711
16313 14712
16314 14713
16316 14714
16317 14715
16318 14716
16319 14717
16320 14718
16321 14719
16322 14720
16324 14721
16325 14722
16326 14723
16327 14724
16328 14725
16329 14726
16330 14727
16331 14728
16332 14729
16333 14730
16334 14731
16335 14732
16336 14733
16337 14734
16338 14735
16339 14736
16341 14737
16342 14738
16343 14739
16344 14740
16345 14741
16346 14742
16347 14743
16348 14744
16349 14745
16350 14746
16351 14747
16352 14748
16353 14749
16354 14750
16356 14751
16357 14752
16358 14753
16359 14754
16360 14755
16361 14756
16362 14757
16364 14758
16365 14759
16366 14760
16367 14761
16368 14762
16369 14763
16370 14764
16371 14765
16372 14766
16373 14767
16374 14768
16375 14769
16376 14770
16377 14771
16378 14772
16379 14773
16380 14774
16381 14775
16382 14776
16383 14777
16384 14778
16385 14779
16386 14780
16387 14781
16388 14782
16389 14783
16390 14784
16391 14785
16393 14786
16394 14787
16395 14788
16396 14789
16397 14790
16398 14791
16400 14792
16401 14793
16402 14794
16403 14795
16404 14796
16405 14797
16406 14798
16407 14799
16408 14800
16409 14801
16410 14802
16411 14803
16412 14804
16413 14805
16414 14806
16415 14807
16416 14808
16417 14809
16418 14810
16419 14811
16422 14812
16423 14813
16425 14814
16427 14815
16429 14816
16430 14817
16431 14818
16433 14819
16434 14820
16435 14821
16436 14822
16437 14823
16440 14824
16442 14825
16443 14826
16444 14827
16446 14828
16447 14829
16448 14830
16449 14831
16450 14832
16451 14833
16453 14834
16455 14835
16456 14836
16457 14837
16460 14838
16461 14839
16462 14840
16463 14841
16464 14842
16465 14843
16466 14844
16467 14845
16469 14846
16470 14847
16471 14848
16472 14849
16473 14850
16474 14851
16475 14852
16476 14853
16477 14854
16478 14855
16479 14856
16480 14857
16481 14858
16482 14859
16483 14860
16484 14861
16485 14862
16486 14863
16487 14864
16488 14865
16489 14866
16490 14867
16491 14868
16492 14869
16493 14870
16494 14871
16495 14872
16496 14873
16497 14874
16498 14875
16499 14876
16500 14877
16501 14878
16502 14879
16503 14880
16504 14881
16505 14882
16506 14883
16507 14884
16508 14885
16509 14886
16510 14887
16511 14888
16512 14889
16513 14890
16514 14891
16515 14892
16516 14893
16517 14894
16518 14895
16519 14896
16520 14897
16521 14898
16522 14899
16523 14900
16524 14901
16525 14902
16526 14903
16527 14904
16528 14905
16530 14906
16531 14907
16532 14908
16533 14909
16534 14910
16535 14911
16536 14912
16537 14913
16538 14914
16539 14915
16540 14916
16541 14917
16542 14918
16543 14919
16544 14920
16545 14921
16546 14922
16547 14923
16548 14924
16549 14925
16550 14926
16551 14927
16552 14928
16555 14929
16556 14930
16557 14931
16558 14932
16559 14933
16560 14934
16561 14935
16562 14936
16563 14937
16564 14938
16565 14939
16566 14940
16567 14941
16568 14942
16569 14943
16571 14944
16572 14945
16573 14946
16575 14947
16576 14948
16577 14949
16578 14950
16579 14951
16580 14952
16582 14953
16584 14954
16585 14955
16586 14956
16587 14957
16588 14958
16589 14959
16590 14960
16591 14961
16592 14962
16593 14963
16594 14964
16596 14965
16597 14966
16598 14967
16599 14968
16600 14969
16601 14970
16602 14971
16603 14972
16604 14973
16605 14974
16606 14975
16608 14976
16609 14977
16610 14978
16611 14979
16613 14980
16615 14981
16616 14982
16617 14983
16618 14984
16619 14985
16620 14986
16621 14987
16622 14988
16623 14989
16624 14990
16625 14991
16626 14992
16627 14993
16628 14994
16629 14995
16630 14996
16631 14997
16632 14998
16633 14999
16634 15000
16635 15001
16636 15002
16637 15003
16638 15004
16639 15005
16640 15006
16641 15007
16642 15008
16643 15009
16644 15010
16645 15011
16646 15012
16648 15013
16649 15014
16650 15015
16651 15016
16652 15017
16653 15018
16654 15019
16655 15020
16656 15021
16657 15022
16658 15023
16659 15024
16660 15025
16661 15026
16662 15027
16663 15028
16664 15029
16666 15030
16667 15031
16668 15032
16669 15033
16670 15034
16671 15035
16672 15036
16673 15037
16674 15038
16675 15039
16676 15040
16677 15041
16678 15042
16679 15043
16680 15044
16681 15045
16682 15046
16683 15047
16684 15048
16685 15049
16686 15050
16687 15051
16688 15052
16689 15053
16690 15054
16691 15055
16692 15056
16693 15057
16694 15058
16695 15059
16696 15060
16697 15061
16698 15062
16699 15063
16700 15064
16701 15065
16702 15066
16703 15067
16704 15068
16705 15069
16706 15070
16707 15071
16708 15072
16709 15073
16710 15074
16711 15075
16712 15076
16713 15077
16714 15078
16715 15079
16716 15080
16717 15081
16718 15082
16719 15083
16720 15084
16721 15085
16722 15086
16723 15087
16724 15088
16725 15089
16726 15090
16727 15091
16728 15092
16729 15093
16730 15094
16731 15095
16732 15096
16733 15097
16734 15098
16735 15099
16736 15100
16737 15101
16738 15102
16739 15103
16740 15104
16741 15105
16742 15106
16743 15107
16744 15108
16745 15109
16746 15110
16748 15111
16749 15112
16750 15113
16751 15114
16752 15115
16753 15116
16754 15117
16755 15118
16756 15119
16757 15120
16759 15121
16760 15122
16761 15123
16762 15124
16763 15125
16764 15126
16765 15127
16766 15128
16767 15129
16768 15130
16769 15131
16770 15132
16771 15133
16772 15134
16773 15135
16774 15136
16775 15137
16776 15138
16777 15139
16778 15140
16779 15141
16780 15142
16781 15143
16782 15144
16783 15145
16784 15146
16785 15147
16786 15148
16787 15149
16788 15150
16789 15151
16790 15152
16791 15153
16792 15154
16793 15155
16794 15156
16795 15157
16796 15158
16797 15159
16798 15160
16799 15161
16800 15162
16801 15163
16802 15164
16803 15165
16804 15166
16805 15167
16806 15168
16807 15169
16808 15170
16809 15171
16810 15172
16811 15173
16812 15174
16813 15175
16814 15176
16815 15177
16816 15178
16817 15179
16818 15180
16819 15181
16820 15182
16821 15183
16822 15184
16823 15185
16824 15186
16825 15187
16826 15188
16827 15189
16828 15190
16829 15191
16830 15192
16831 15193
16832 15194
16833 15195
16834 15196
16835 15197
16836 15198
16837 15199
16838 15200
16839 15201
16840 15202
16841 15203
16842 15204
16843 15205
16844 15206
16845 15207
16846 15208
16848 15209
16850 15210
16851 15211
16853 15212
16854 15213
16855 15214
16856 15215
16857 15216
16858 15217
16859 15218
16860 15219
16861 15220
16862 15221
16863 15222
16864 15223
16865 15224
16866 15225
16867 15226
16868 15227
16869 15228
16870 15229
16871 15230
16872 15231
16873 15232
16876 15233
16877 15234
16878 15235
16879 15236
16880 15237
16882 15238
16883 15239
16884 15240
16886 15241
16887 15242
16888 15243
16889 15244
16890 15245
16891 15246
16892 15247
16893 15248
16895 15249
16896 15250
16897 15251
16898 15252
16899 15253
16900 15254
16901 15255
16902 15256
16903 15257
16904 15258
16905 15259
16907 15260
16908 15261
16909 15262
16910 15263
16911 15264
16912 15265
16913 15266
16914 15267
16915 15268
16916 15269
16918 15270
16919 15271
16920 15272
16921 15273
16922 15274
16923 15275
16924 15276
16925 15277
16926 15278
16927 15279
16928 15280
16930 15281
16931 15282
16932 15283
16933 15284
16935 15285
16936 15286
16937 15287
16938 15288
16940 15289
16941 15290
16942 15291
16943 15292
16944 15293
16945 15294
16946 15295
16947 15296
16948 15297
16950 15298
16951 15299
16952 15300
16953 15301
16955 15302
16956 15303
16957 15304
16958 15305
16959 15306
16960 15307
16961 15308
16962 15309
16963 15310
16964 15311
16965 15312
16966 15313
16967 15314
16968 15315
16969 15316
16970 15317
16971 15318
16972 15319
16973 15320
16974 15321
16976 15322
16977 15323
16978 15324
16979 15325
16981 15326
16983 15327
16984 15328
16985 15329
16987 15330
16989 15331
16990 15332
16991 15333
16992 15334
16993 15335
16994 15336
16996 15337
16997 15338
16999 15339
17000 15340
17001 15341
17002 15342
17003 15343
17004 15344
17005 15345
17006 15346
17007 15347
17009 15348
17010 15349
17011 15350
17012 15351
17013 15352
17014 15353
17015 15354
17016 15355
17017 15356
17018 15357
17020 15358
17021 15359
17022 15360
17023 15361
17025 15362
17026 15363
17027 15364
17028 15365
17029 15366
17030 15367
17031 15368
17032 15369
17033 15370
17034 15371
17035 15372
17036 15373
17037 15374
17038 15375
17039 15376
17040 15377
17042 15378
17043 15379
17044 15380
17045 15381
17046 15382
17047 15383
17048 15384
17049 15385
17052 15386
17053 15387
17054 15388
17055 15389
17056 15390
17057 15391
17058 15392
17059 15393
17061 15394
17062 15395
17064 15396
17065 15397
17066 15398
17067 15399
17069 15400
17070 15401
17072 15402
17073 15403
17074 15404
17075 15405
17076 15406
17077 15407
17078 15408
17079 15409
17080 15410
17081 15411
17082 15412
17083 15413
17084 15414
17085 15415
17086 15416
17088 15417
17090 15418
17091 15419
17092 15420
17093 15421
17094 15422
17095 15423
17096 15424
17097 15425
17098 15426
17099 15427
17100 15428
17102 15429
17103 15430
17104 15431
17105 15432
17106 15433
17107 15434
17108 15435
17109 15436
17110 15437
17111 15438
17112 15439
17113 15440
17114 15441
17116 15442
17117 15443
17118 15444
17119 15445
17120 15446
17121 15447
17122 15448
17123 15449
17125 15450
17127 15451
17129 15452
17130 15453
17131 15454
17132 15455
17133 15456
17134 15457
17136 15458
17137 15459
17138 15460
17139 15461
17140 15462
17141 15463
17142 15464
17143 15465
17144 15466
17145 15467
17146 15468
17147 15469
17148 15470
17149 15471
17150 15472
17151 15473
17153 15474
17154 15475
17155 15476
17157 15477
17158 15478
17159 15479
17160 15480
17162 15481
17163 15482
17164 15483
17165 15484
17167 15485
17168 15486
17169 15487
17170 15488
17171 15489
17172 15490
17173 15491
17174 15492
17175 15493
17176 15494
17177 15495
17178 15496
17179 15497
17181 15498
17182 15499
17184 15500
17185 15501
17186 15502
17187 15503
17188 15504
17189 15505
17190 15506
17191 15507
17192 15508
17193 15509
17194 15510
17195 15511
17196 15512
17197 15513
17200 15514
17201 15515
17202 15516
17203 15517
17204 15518
17205 15519
17206 15520
17207 15521
17208 15522
17209 15523
17210 15524
17211 15525
17212 15526
17213 15527
17216 15528
17217 15529
17218 15530
17219 15531
17220 15532
17221 15533
17222 15534
17223 15535
17224 15536
17225 15537
17226 15538
17227 15539
17229 15540
17230 15541
17231 15542
17232 15543
17233 15544
17234 15545
17235 15546
17236 15547
17237 15548
17238 15549
17240 15550
17241 15551
17242 15552
17243 15553
17244 15554
17245 15555
17246 15556
17247 15557
17248 15558
17249 15559
17250 15560
17251 15561
17252 15562
17253 15563
17254 15564
17255 15565
17256 15566
17257 15567
17258 15568
17259 15569
17260 15570
17262 15571
17263 15572
17264 15573
17265 15574
17266 15575
17267 15576
17268 15577
17270 15578
17271 15579
17274 15580
17275 15581
17276 15582
17277 15583
17279 15584
17280 15585
17281 15586
17282 15587
17284 15588
17285 15589
17286 15590
17287 15591
17288 15592
17289 15593
17290 15594
17291 15595
17292 15596
17293 15597
17294 15598
17295 15599
17296 15600
17297 15601
17298 15602
17299 15603
17300 15604
17301 15605
17302 15606
17303 15607
17304 15608
17305 15609
17306 15610
17308 15611
17309 15612
17310 15613
17312 15614
17313 15615
17315 15616
17316 15617
17318 15618
17319 15619
17320 15620
17321 15621
17322 15622
17323 15623
17324 15624
17325 15625
17326 15626
17327 15627
17328 15628
17329 15629
17330 15630
17331 15631
17332 15632
17333 15633
17334 15634
17335 15635
17336 15636
17337 15637
17338 15638
17339 15639
17340 15640
17341 15641
17342 15642
17343 15643
17344 15644
17345 15645
17346 15646
17347 15647
17348 15648
17349 15649
17350 15650
17351 15651
17352 15652
17354 15653
17355 15654
17356 15655
17357 15656
17358 15657
17359 15658
17361 15659
17362 15660
17363 15661
17364 15662
17365 15663
17366 15664
17367 15665
17368 15666
17369 15667
17370 15668
17371 15669
17372 15670
17373 15671
17374 15672
17375 15673
17376 15674
17377 15675
17378 15676
17379 15677
17380 15678
17381 15679
17382 15680
17383 15681
17384 15682
17385 15683
17386 15684
17387 15685
17388 15686
17389 15687
17390 15688
17392 15689
17393 15690
17394 15691
17396 15692
17397 15693
17398 15694
17399 15695
17400 15696
17401 15697
17402 15698
17403 15699
17404 15700
17407 15701
17408 15702
17409 15703
17410 15704
17411 15705
17412 15706
17414 15707
17415 15708
17417 15709
17418 15710
17419 15711
17420 15712
17422 15713
17423 15714
17424 15715
17425 15716
17427 15717
17428 15718
17429 15719
17430 15720
17431 15721
17432 15722
17433 15723
17434 15724
17435 15725
17437 15726
17438 15727
17439 15728
17440 15729
17441 15730
17442 15731
17443 15732
17444 15733
17445 15734
17446 15735
17449 15736
17451 15737
17452 15738
17453 15739
17454 15740
17455 15741
17456 15742
17457 15743
17458 15744
17459 15745
17461 15746
17462 15747
17463 15748
17464 15749
17465 15750
17466 15751
17467 15752
17469 15753
17470 15754
17472 15755
17473 15756
17474 15757
17475 15758
17476 15759
17477 15760
17478 15761
17479 15762
17480 15763
17481 15764
17484 15765
17486 15766
17487 15767
17488 15768
17489 15769
17491 15770
17492 15771
17493 15772
17494 15773
17495 15774
17496 15775
17497 15776
17498 15777
17499 15778
17500 15779
17501 15780
17502 15781
17503 15782
17504 15783
17505 15784
17506 15785
17508 15786
17509 15787
17510 15788
17511 15789
17512 15790
17513 15791
17514 15792
17515 15793
17516 15794
17517 15795
17518 15796
17519 15797
17520 15798
17521 15799
17522 15800
17523 15801
17524 15802
17525 15803
17526 15804
17527 15805
17528 15806
17529 15807
17530 15808
17531 15809
17532 15810
17533 15811
17534 15812
17535 15813
17536 15814
17537 15815
17538 15816
17539 15817
17540 15818
17544 15819
17545 15820
17546 15821
17547 15822
17548 15823
17549 15824
17550 15825
17551 15826
17552 15827
17556 15828
17557 15829
17558 15830
17560 15831
17561 15832
17562 15833
17563 15834
17564 15835
17567 15836
17569 15837
17570 15838
17571 15839
17572 15840
17573 15841
17574 15842
17575 15843
17576 15844
17577 15845
17578 15846
17579 15847
17580 15848
17581 15849
17582 15850
17583 15851
17584 15852
17585 15853
17586 15854
17587 15855
17588 15856
17589 15857
17590 15858
17591 15859
17592 15860
17593 15861
17594 15862
17595 15863
17596 15864
17597 15865
17598 15866
17599 15867
17601 15868
17603 15869
17604 15870
17605 15871
17606 15872
17607 15873
17608 15874
17609 15875
17611 15876
17612 15877
17613 15878
17615 15879
17616 15880
17618 15881
17619 15882
17620 15883
17621 15884
17622 15885
17623 15886
17625 15887
17626 15888
17627 15889
17628 15890
17629 15891
17630 15892
17631 15893
17632 15894
17633 15895
17634 15896
17635 15897
17637 15898
17638 15899
17639 15900
17640 15901
17641 15902
17642 15903
17643 15904
17644 15905
17645 15906
17646 15907
17647 15908
17648 15909
17649 15910
17650 15911
17651 15912
17652 15913
17654 15914
17656 15915
17657 15916
17658 15917
17659 15918
17662 15919
17663 15920
17664 15921
17665 15922
17666 15923
17667 15924
17668 15925
17669 15926
17670 15927
17671 15928
17672 15929
17673 15930
17674 15931
17675 15932
17677 15933
17678 15934
17680 15935
17681 15936
17682 15937
17683 15938
17685 15939
17686 15940
17687 15941
17688 15942
17690 15943
17691 15944
17692 15945
17693 15946
17694 15947
17695 15948
17696 15949
17698 15950
17699 15951
17700 15952
17701 15953
17702 15954
17703 15955
17704 15956
17705 15957
17706 15958
17707 15959
17708 15960
17709 15961
17710 15962
17711 15963
17712 15964
17713 15965
17714 15966
17715 15967
17716 15968
17717 15969
17718 15970
17719 15971
17720 15972
17722 15973
17723 15974
17724 15975
17725 15976
17726 15977
17727 15978
17728 15979
17729 15980
17730 15981
17731 15982
17732 15983
17733 15984
17734 15985
17735 15986
17736 15987
17737 15988
17738 15989
17740 15990
17741 15991
17742 15992
17743 15993
17744 15994
17745 15995
17746 15996
17747 15997
17749 15998
17751 15999
17752 16000
17753 16001
17754 16002
17755 16003
17756 16004
17757 16005
17758 16006
17759 16007
17760 16008
17761 16009
17762 16010
17763 16011
17765 16012
17766 16013
17767 16014
17768 16015
17770 16016
17771 16017
17772 16018
17773 16019
17774 16020
17776 16021
17777 16022
17778 16023
17779 16024
17780 16025
17781 16026
17783 16027
17784 16028
17786 16029
17787 16030
17789 16031
17790 16032
17791 16033
17793 16034
17794 16035
17795 16036
17796 16037
17797 16038
17798 16039
17799 16040
17800 16041
17801 16042
17802 16043
17803 16044
17804 16045
17805 16046
17806 16047
17807 16048
17808 16049
17810 16050
17811 16051
17812 16052
17813 16053
17814 16054
17815 16055
17816 16056
17817 16057
17818 16058
17819 16059
17820 16060
17821 16061
17822 16062
17823 16063
17824 16064
17826 16065
17828 16066
17829 16067
17831 16068
17832 16069
17833 16070
17834 16071
17835 16072
17837 16073
17838 16074
17839 16075
17840 16076
17841 16077
17842 16078
17845 16079
17846 16080
17847 16081
17848 16082
17849 16083
17850 16084
17851 16085
17852 16086
17853 16087
17854 16088
17855 16089
17856 16090
17857 16091
17858 16092
17861 16093
17863 16094
17864 16095
17865 16096
17866 16097
17867 16098
17868 16099
17869 16100
17871 16101
17873 16102
17874 16103
17875 16104
17877 16105
17878 16106
17879 16107
17880 16108
17881 16109
17882 16110
17883 16111
17884 16112
17885 16113
17887 16114
17888 16115
17889 16116
17890 16117
17892 16118
17893 16119
17894 16120
17895 16121
17896 16122
17897 16123
17898 16124
17899 16125
17900 16126
17901 16127
17902 16128
17903 16129
17904 16130
17905 16131
17907 16132
17908 16133
17909 16134
17910 16135
17911 16136
17912 16137
17913 16138
17914 16139
17915 16140
17916 16141
17917 16142
17918 16143
17919 16144
17920 16145
17921 16146
17922 16147
17923 16148
17924 16149
17925 16150
17926 16151
17927 16152
17929 16153
17931 16154
17932 16155
17934 16156
17935 16157
17936 16158
17937 16159
17938 16160
17939 16161
17940 16162
17941 16163
17942 16164
17943 16165
17944 16166
17945 16167
17946 16168
17947 16169
17949 16170
17951 16171
17952 16172
17953 16173
17954 16174
17955 16175
17956 16176
17957 16177
17959 16178
17960 16179
17961 16180
17963 16181
17964 16182
17965 16183
17966 16184
17967 16185
17968 16186
17969 16187
17970 16188
17971 16189
17972 16190
17974 16191
17975 16192
17976 16193
17977 16194
17979 16195
17980 16196
17981 16197
17982 16198
17984 16199
17985 16200
17986 16201
17987 16202
17988 16203
17989 16204
17990 16205
17991 16206
17992 16207
17993 16208
17994 16209
17995 16210
17996 16211
17998 16212
18000 16213
18001 16214
18002 16215
18003 16216
18004 16217
18005 16218
18007 16219
18008 16220
18009 16221
18011 16222
18012 16223
18013 16224
18014 16225
18016 16226
18017 16227
18019 16228
18021 16229
18022 16230
18023 16231
18024 16232
18025 16233
18026 16234
18027 16235
18029 16236
18030 16237
18031 16238
18032 16239
18033 16240
18034 16241
18035 16242
18037 16243
18038 16244
18039 16245
18040 16246
18041 16247
18042 16248
18043 16249
18044 16250
18045 16251
18046 16252
18047 16253
18048 16254
18049 16255
18050 16256
18051 16257
18052 16258
18054 16259
18055 16260
18056 16261
18057 16262
18059 16263
18060 16264
18061 16265
18062 16266
18063 16267
18064 16268
18065 16269
18066 16270
18067 16271
18069 16272
18070 16273
18071 16274
18072 16275
18073 16276
18074 16277
18076 16278
18077 16279
18078 16280
18079 16281
18080 16282
18081 16283
18082 16284
18083 16285
18084 16286
18085 16287
18086 16288
18087 16289
18088 16290
18089 16291
18090 16292
18091 16293
18092 16294
18093 16295
18094 16296
18095 16297
18096 16298
18098 16299
18099 16300
18100 16301
18102 16302
18104 16303
18105 16304
18106 16305
18107 16306
18109 16307
18110 16308
18111 16309
18112 16310
18113 16311
18114 16312
18115 16313
18116 16314
18117 16315
18118 16316
18119 16317
18120 16318
18121 16319
18122 16320
18123 16321
18124 16322
18125 16323
18126 16324
18127 16325
18128 16326
18129 16327
18130 16328
18131 16329
18132 16330
18133 16331
18134 16332
18135 16333
18136 16334
18137 16335
18138 16336
18139 16337
18140 16338
18141 16339
18142 16340
18143 16341
18144 16342
18145 16343
18146 16344
18147 16345
18148 16346
18149 16347
18150 16348
18151 16349
18152 16350
18153 16351
18154 16352
18155 16353
18156 16354
18157 16355
18158 16356
18159 16357
18160 16358
18162 16359
18163 16360
18164 16361
18165 16362
18168 16363
18169 16364
18170 16365
18172 16366
18173 16367
18174 16368
18175 16369
18177 16370
18178 16371
18179 16372
18180 16373
18182 16374
18183 16375
18184 16376
18185 16377
18186 16378
18187 16379
18188 16380
18189 16381
18190 16382
18191 16383
18192 16384
18193 16385
18194 16386
18195 16387
18196 16388
18197 16389
18198 16390
18199 16391
18200 16392
18201 16393
18202 16394
18203 16395
18204 16396
18205 16397
18206 16398
18209 16399
18210 16400
18211 16401
18212 16402
18213 16403
18215 16404
18216 16405
18218 16406
18219 16407
18220 16408
18221 16409
18223 16410
18224 16411
18225 16412
18227 16413
18228 16414
18229 16415
18230 16416
18231 16417
18232 16418
18233 16419
18234 16420
18235 16421
18236 16422
18237 16423
18238 16424
18239 16425
18241 16426
18243 16427
18244 16428
18245 16429
18246 16430
18247 16431
18248 16432
18249 16433
18251 16434
18255 16435
18256 16436
18257 16437
18258 16438
18259 16439
18261 16440
18262 16441
18263 16442
18264 16443
18265 16444
18267 16445
18268 16446
18269 16447
18270 16448
18272 16449
18273 16450
18274 16451
18275 16452
18276 16453
18277 16454
18278 16455
18279 16456
18280 16457
18281 16458
18282 16459
18283 16460
18284 16461
18285 16462
18286 16463
18287 16464
18288 16465
18289 16466
18290 16467
18291 16468
18293 16469
18294 16470
18295 16471
18296 16472
18297 16473
18299 16474
18300 16475
18301 16476
18302 16477
18303 16478
18304 16479
18305 16480
18306 16481
18307 16482
18308 16483
18309 16484
18310 16485
18311 16486
18312 16487
18314 16488
18315 16489
18316 16490
18317 16491
18318 16492
18319 16493
18320 16494
18321 16495
18322 16496
18323 16497
18324 16498
18325 16499
18326 16500
18327 16501
18328 16502
18329 16503
18330 16504
18331 16505
18332 16506
18333 16507
18334 16508
18335 16509
18336 16510
18337 16511
18338 16512
18339 16513
18340 16514
18342 16515
18343 16516
18344 16517
18345 16518
18346 16519
18347 16520
18349 16521
18350 16522
18351 16523
18353 16524
18354 16525
18355 16526
18357 16527
18358 16528
18359 16529
18360 16530
18361 16531
18362 16532
18363 16533
18364 16534
18365 16535
18366 16536
18367 16537
18368 16538
18369 16539
18370 16540
18372 16541
18373 16542
18374 16543
18375 16544
18376 16545
18377 16546
18379 16547
18380 16548
18382 16549
18383 16550
18384 16551
18385 16552
18387 16553
18388 16554
18389 16555
18390 16556
18391 16557
18392 16558
18393 16559
18394 16560
18395 16561
18396 16562
18397 16563
18399 16564
18400 16565
18401 16566
18402 16567
18403 16568
18404 16569
18405 16570
18406 16571
18407 16572
18408 16573
18409 16574
18410 16575
18411 16576
18412 16577
18413 16578
18414 16579
18415 16580
18416 16581
18417 16582
18418 16583
18419 16584
18420 16585
18421 16586
18422 16587
18423 16588
18424 16589
18425 16590
18426 16591
18427 16592
18428 16593
18429 16594
18431 16595
18432 16596
18433 16597
18434 16598
18435 16599
18436 16600
18437 16601
18438 16602
18439 16603
18440 16604
18441 16605
18442 16606
18443 16607
18444 16608
18445 16609
18446 16610
18447 16611
18449 16612
18451 16613
18452 16614
18453 16615
18454 16616
18455 16617
18456 16618
18457 16619
18458 16620
18459 16621
18461 16622
18462 16623
18463 16624
18465 16625
18466 16626
18467 16627
18468 16628
18469 16629
18470 16630
18471 16631
18472 16632
18473 16633
18474 16634
18475 16635
18476 16636
18477 16637
18478 16638
18479 16639
18480 16640
18481 16641
18482 16642
18483 16643
18484 16644
18485 16645
18486 16646
18487 16647
18488 16648
18489 16649
18491 16650
18492 16651
18493 16652
18494 16653
18495 16654
18496 16655
18498 16656
18499 16657
18500 16658
18501 16659
18502 16660
18503 16661
18504 16662
18505 16663
18506 16664
18507 16665
18508 16666
18509 16667
18510 16668
18511 16669
18512 16670
18513 16671
18514 16672
18515 16673
18516 16674
18517 16675
18518 16676
18519 16677
18520 16678
18521 16679
18522 16680
18523 16681
18524 16682
18525 16683
18526 16684
18527 16685
18528 16686
18529 16687
18530 16688
18531 16689
18532 16690
18533 16691
18534 16692
18535 16693
18536 16694
18537 16695
18538 16696
18539 16697
18540 16698
18541 16699
18542 16700
18543 16701
18544 16702
18545 16703
18546 16704
18547 16705
18548 16706
18549 16707
18550 16708
18551 16709
18552 16710
18553 16711
18554 16712
18555 16713
18556 16714
18557 16715
18558 16716
18559 16717
18562 16718
18564 16719
18565 16720
18566 16721
18567 16722
18568 16723
18569 16724
18571 16725
18572 16726
18573 16727
18574 16728
18575 16729
18576 16730
18577 16731
18578 16732
18579 16733
18580 16734
18581 16735
18582 16736
18583 16737
18584 16738
18585 16739
18586 16740
18587 16741
18588 16742
18589 16743
18590 16744
18592 16745
18593 16746
18594 16747
18596 16748
18597 16749
18598 16750
18599 16751
18600 16752
18601 16753
18602 16754
18603 16755
18604 16756
18605 16757
18606 16758
18607 16759
18608 16760
18609 16761
18610 16762
18611 16763
18612 16764
18613 16765
18614 16766
18615 16767
18616 16768
18617 16769
18618 16770
18619 16771
18620 16772
18621 16773
18622 16774
18623 16775
18624 16776
18625 16777
18626 16778
18627 16779
18628 16780
18629 16781
18630 16782
18631 16783
18632 16784
18633 16785
18634 16786
18635 16787
18636 16788
18637 16789
18638 16790
18639 16791
18640 16792
18641 16793
18642 16794
18643 16795
18644 16796
18645 16797
18646 16798
18647 16799
18648 16800
18649 16801
18650 16802
18651 16803
18653 16804
18654 16805
18655 16806
18656 16807
18658 16808
18659 16809
18660 16810
18661 16811
18662 16812
18663 16813
18664 16814
18665 16815
18666 16816
18667 16817
18668 16818
18669 16819
18670 16820
18672 16821
18673 16822
18674 16823
18675 16824
18676 16825
18677 16826
18678 16827
18682 16828
18684 16829
18685 16830
18686 16831
18688 16832
18689 16833
18690 16834
18691 16835
18692 16836
18693 16837
18694 16838
18696 16839
18697 16840
18698 16841
18699 16842
18700 16843
18702 16844
18703 16845
18704 16846
18705 16847
18706 16848
18707 16849
18708 16850
18709 16851
18710 16852
18711 16853
18713 16854
18714 16855
18715 16856
18716 16857
18717 16858
18718 16859
18719 16860
18720 16861
18721 16862
18722 16863
18723 16864
18724 16865
18725 16866
18727 16867
18728 16868
18730 16869
18731 16870
18732 16871
18733 16872
18734 16873
18735 16874
18736 16875
18737 16876
18738 16877
18739 16878
18741 16879
18742 16880
18743 16881
18744 16882
18745 16883
18746 16884
18747 16885
18748 16886
18749 16887
18750 16888
18751 16889
18752 16890
18753 16891
18754 16892
18756 16893
18757 16894
18758 16895
18760 16896
18761 16897
18763 16898
18765 16899
18766 16900
18767 16901
18768 16902
18769 16903
18770 16904
18772 16905
18773 16906
18774 16907
18775 16908
18776 16909
18777 16910
18778 16911
18779 16912
18781 16913
18782 16914
18783 16915
18784 16916
18785 16917
18786 16918
18787 16919
18788 16920
18789 16921
18790 16922
18791 16923
18792 16924
18793 16925
18794 16926
18795 16927
18796 16928
18798 16929
18799 16930
18800 16931
18802 16932
18803 16933
18804 16934
18805 16935
18806 16936
18807 16937
18808 16938
18809 16939
18810 16940
18811 16941
18812 16942
18814 16943
18815 16944
18816 16945
18818 16946
18819 16947
18820 16948
18822 16949
18823 16950
18824 16951
18825 16952
18826 16953
18827 16954
18828 16955
18829 16956
18830 16957
18832 16958
18833 16959
18834 16960
18835 16961
18836 16962
18837 16963
18838 16964
18839 16965
18840 16966
18841 16967
18843 16968
18844 16969
18845 16970
18846 16971
18847 16972
18848 16973
18849 16974
18852 16975
18854 16976
18855 16977
18856 16978
18857 16979
18858 16980
18859 16981
18860 16982
18861 16983
18862 16984
18865 16985
18866 16986
18867 16987
18868 16988
18870 16989
18871 16990
18872 16991
18873 16992
18874 16993
18875 16994
18876 16995
18877 16996
18878 16997
18879 16998
18880 16999
18881 17000
18882 17001
18883 17002
18886 17003
18887 17004
18888 17005
18889 17006
18890 17007
18892 17008
18893 17009
18895 17010
18897 17011
18898 17012
18899 17013
18900 17014
18901 17015
18904 17016
18905 17017
18907 17018
18908 17019
18909 17020
18911 17021
18912 17022
18913 17023
18915 17024
18916 17025
18917 17026
18918 17027
18919 17028
18920 17029
18921 17030
18923 17031
18924 17032
18925 17033
18926 17034
18927 17035
18928 17036
18929 17037
18930 17038
18931 17039
18932 17040
18933 17041
18934 17042
18935 17043
18936 17044
18937 17045
18938 17046
18939 17047
18940 17048
18941 17049
18942 17050
18943 17051
18944 17052
18945 17053
18946 17054
18947 17055
18948 17056
18949 17057
18951 17058
18952 17059
18953 17060
18954 17061
18955 17062
18956 17063
18957 17064
18958 17065
18959 17066
18960 17067
18962 17068
18963 17069
18964 17070
18965 17071
18966 17072
18967 17073
18968 17074
18969 17075
18970 17076
18971 17077
18972 17078
18974 17079
18975 17080
18976 17081
18977 17082
18978 17083
18979 17084
18980 17085
18981 17086
18982 17087
18983 17088
18984 17089
18985 17090
18986 17091
18987 17092
18988 17093
18989 17094
18990 17095
18991 17096
18993 17097
18994 17098
18996 17099
18997 17100
18998 17101
18999 17102
19000 17103
19001 17104
19002 17105
19004 17106
19005 17107
19006 17108
19007 17109
19008 17110
19009 17111
19012 17112
19013 17113
19014 17114
19015 17115
19016 17116
19017 17117
19018 17118
19019 17119
19020 17120
19021 17121
19022 17122
19024 17123
19025 17124
19026 17125
19027 17126
19028 17127
19029 17128
19031 17129
19032 17130
19033 17131
19034 17132
19035 17133
19036 17134
19037 17135
19038 17136
19039 17137
19040 17138
19041 17139
19042 17140
19043 17141
19044 17142
19045 17143
19046 17144
19048 17145
19049 17146
19050 17147
19051 17148
19052 17149
19053 17150
19054 17151
19055 17152
19056 17153
19057 17154
19058 17155
19059 17156
19060 17157
19061 17158
19062 17159
19063 17160
19064 17161
19065 17162
19067 17163
19068 17164
19069 17165
19070 17166
19071 17167
19072 17168
19073 17169
19075 17170
19077 17171
19078 17172
19079 17173
19080 17174
19082 17175
19083 17176
19084 17177
19085 17178
19086 17179
19087 17180
19089 17181
19090 17182
19091 17183
19093 17184
19094 17185
19095 17186
19096 17187
19097 17188
19098 17189
19099 17190
19100 17191
19104 17192
19105 17193
19106 17194
19107 17195
19108 17196
19109 17197
19112 17198
19113 17199
19114 17200
19116 17201
19120 17202
19121 17203
19122 17204
19123 17205
19124 17206
19125 17207
19126 17208
19127 17209
19128 17210
19129 17211
19133 17212
19134 17213
19135 17214
19140 17215
19142 17216
19143 17217
19144 17218
19145 17219
19146 17220
19147 17221
19148 17222
19149 17223
19151 17224
19152 17225
19153 17226
19154 17227
19156 17228
19157 17229
19158 17230
19159 17231
19160 17232
19161 17233
19162 17234
19164 17235
19165 17236
19166 17237
19167 17238
19168 17239
19169 17240
19170 17241
19171 17242
19172 17243
19173 17244
19175 17245
19176 17246
19177 17247
19178 17248
19179 17249
19181 17250
19182 17251
19184 17252
19185 17253
19186 17254
19187 17255
19188 17256
19189 17257
19190 17258
19191 17259
19192 17260
19193 17261
19194 17262
19195 17263
19196 17264
19197 17265
19199 17266
19200 17267
19201 17268
19202 17269
19203 17270
19204 17271
19205 17272
19206 17273
19207 17274
19208 17275
19209 17276
19210 17277
19211 17278
19212 17279
19213 17280
19215 17281
19216 17282
19217 17283
19218 17284
19219 17285
19220 17286
19221 17287
19222 17288
19223 17289
19224 17290
19225 17291
19226 17292
19227 17293
19228 17294
19229 17295
19230 17296
19231 17297
19233 17298
19234 17299
19235 17300
19236 17301
19237 17302
19239 17303
19240 17304
19241 17305
19242 17306
19243 17307
19245 17308
19246 17309
19247 17310
19248 17311
19250 17312
19251 17313
19252 17314
19254 17315
19255 17316
19256 17317
19257 17318
19258 17319
19259 17320
19260 17321
19262 17322
19263 17323
19264 17324
19265 17325
19266 17326
19268 17327
19269 17328
19270 17329
19271 17330
19272 17331
19273 17332
19275 17333
19276 17334
19277 17335
19278 17336
19279 17337
19281 17338
19282 17339
19283 17340
19284 17341
19285 17342
19286 17343
19288 17344
19289 17345
19290 17346
19291 17347
19292 17348
19293 17349
19296 17350
19297 17351
19298 17352
19299 17353
19300 17354
19301 17355
19302 17356
19304 17357
19305 17358
19306 17359
19307 17360
19308 17361
19309 17362
19311 17363
19312 17364
19313 17365
19314 17366
19315 17367
19316 17368
19317 17369
19318 17370
19319 17371
19320 17372
19321 17373
19323 17374
19324 17375
19325 17376
19326 17377
19327 17378
19328 17379
19330 17380
19331 17381
19332 17382
19334 17383
19335 17384
19336 17385
19337 17386
19338 17387
19339 17388
19340 17389
19341 17390
19343 17391
19345 17392
19347 17393
19348 17394
19349 17395
19350 17396
19351 17397
19352 17398
19353 17399
19354 17400
19356 17401
19357 17402
19358 17403
19359 17404
19360 17405
19361 17406
19363 17407
19365 17408
19366 17409
19367 17410
19368 17411
19369 17412
19370 17413
19371 17414
19372 17415
19373 17416
19374 17417
19376 17418
19377 17419
19378 17420
19379 17421
19380 17422
19381 17423
19382 17424
19383 17425
19384 17426
19385 17427
19386 17428
19387 17429
19388 17430
19389 17431
19390 17432
19391 17433
19392 17434
19393 17435
19394 17436
19395 17437
19398 17438
19399 17439
19400 17440
19401 17441
19403 17442
19405 17443
19406 17444
19407 17445
19408 17446
19409 17447
19410 17448
19411 17449
19412 17450
19413 17451
19414 17452
19415 17453
19416 17454
19417 17455
19418 17456
19419 17457
19420 17458
19421 17459
19423 17460
19424 17461
19427 17462
19430 17463
19431 17464
19432 17465
19433 17466
19436 17467
19437 17468
19439 17469
19440 17470
19441 17471
19442 17472
19443 17473
19446 17474
19448 17475
19449 17476
19450 17477
19452 17478
19453 17479
19455 17480
19456 17481
19457 17482
19459 17483
19460 17484
19461 17485
19462 17486
19465 17487
19466 17488
19467 17489
19468 17490
19469 17491
19470 17492
19472 17493
19473 17494
19474 17495
19475 17496
19476 17497
19477 17498
19478 17499
19479 17500
19480 17501
19481 17502
19482 17503
19483 17504
19484 17505
19485 17506
19486 17507
19487 17508
19488 17509
19490 17510
19491 17511
19492 17512
19493 17513
19494 17514
19495 17515
19496 17516
19497 17517
19499 17518
19500 17519
19502 17520
19504 17521
19505 17522
19506 17523
19507 17524
19508 17525
19509 17526
19510 17527
19511 17528
19512 17529
19513 17530
19514 17531
19515 17532
19516 17533
19518 17534
19519 17535
19520 17536
19521 17537
19522 17538
19523 17539
19524 17540
19525 17541
19526 17542
19527 17543
19528 17544
19529 17545
19530 17546
19531 17547
19533 17548
19534 17549
19535 17550
19536 17551
19538 17552
19539 17553
19540 17554
19541 17555
19542 17556
19543 17557
19545 17558
19546 17559
19547 17560
19548 17561
19549 17562
19550 17563
19551 17564
19552 17565
19553 17566
19555 17567
19557 17568
19558 17569
19559 17570
19560 17571
19561 17572
19562 17573
19564 17574
19565 17575
19566 17576
19567 17577
19568 17578
19569 17579
19570 17580
19571 17581
19573 17582
19574 17583
19575 17584
19576 17585
19577 17586
19578 17587
19579 17588
19580 17589
19581 17590
19582 17591
19583 17592
19584 17593
19585 17594
19586 17595
19587 17596
19588 17597
19589 17598
19590 17599
19591 17600
19592 17601
19593 17602
19594 17603
19595 17604
19596 17605
19597 17606
19598 17607
19599 17608
19600 17609
19601 17610
19604 17611
19605 17612
19606 17613
19607 17614
19608 17615
19609 17616
19611 17617
19613 17618
19614 17619
19615 17620
19616 17621
19617 17622
19618 17623
19619 17624
19620 17625
19621 17626
19622 17627
19624 17628
19625 17629
19626 17630
19627 17631
19628 17632
19629 17633
19630 17634
19631 17635
19632 17636
19633 17637
19634 17638
19635 17639
19636 17640
19637 17641
19638 17642
19639 17643
19640 17644
19641 17645
19643 17646
19644 17647
19645 17648
19646 17649
19647 17650
19648 17651
19649 17652
19650 17653
19652 17654
19653 17655
19654 17656
19655 17657
19657 17658
19658 17659
19659 17660
19662 17661
19663 17662
19664 17663
19665 17664
19666 17665
19667 17666
19668 17667
19669 17668
19671 17669
19672 17670
19673 17671
19675 17672
19676 17673
19677 17674
19678 17675
19679 17676
19680 17677
19683 17678
19684 17679
19685 17680
19686 17681
19687 17682
19688 17683
19689 17684
19690 17685
19691 17686
19693 17687
19694 17688
19695 17689
19696 17690
19697 17691
19699 17692
19700 17693
19701 17694
19702 17695
19703 17696
19704 17697
19705 17698
19706 17699
19707 17700
19708 17701
19709 17702
19710 17703
19713 17704
19715 17705
19716 17706
19717 17707
19718 17708
19719 17709
19721 17710
19722 17711
19723 17712
19725 17713
19726 17714
19727 17715
19728 17716
19729 17717
19730 17718
19731 17719
19732 17720
19733 17721
19734 17722
19735 17723
19736 17724
19737 17725
19739 17726
19740 17727
19741 17728
19742 17729
19743 17730
19744 17731
19745 17732
19746 17733
19747 17734
19748 17735
19751 17736
19752 17737
19753 17738
19754 17739
19755 17740
19757 17741
19758 17742
19759 17743
19760 17744
19761 17745
19762 17746
19763 17747
19764 17748
19765 17749
19766 17750
19767 17751
19768 17752
19770 17753
19771 17754
19772 17755
19773 17756
19774 17757
19775 17758
19776 17759
19777 17760
19778 17761
19779 17762
19780 17763
19781 17764
19782 17765
19783 17766
19784 17767
19785 17768
19786 17769
19787 17770
19788 17771
19789 17772
19790 17773
19791 17774
19792 17775
19793 17776
19794 17777
19795 17778
19797 17779
19798 17780
19799 17781
19800 17782
19801 17783
19802 17784
19804 17785
19805 17786
19806 17787
19807 17788
19809 17789
19810 17790
19811 17791
19812 17792
19813 17793
19814 17794
19815 17795
19816 17796
19817 17797
19818 17798
19819 17799
19820 17800
19821 17801
19822 17802
19823 17803
19824 17804
19825 17805
19826 17806
19827 17807
19828 17808
19829 17809
19830 17810
19831 17811
19832 17812
19834 17813
19835 17814
19836 17815
19838 17816
19839 17817
19840 17818
19841 17819
19842 17820
19843 17821
19844 17822
19845 17823
19846 17824
19847 17825
19848 17826
19849 17827
19850 17828
19851 17829
19852 17830
19853 17831
19854 17832
19855 17833
19856 17834
19857 17835
19858 17836
19860 17837
19861 17838
19862 17839
19863 17840
19864 17841
19865 17842
19866 17843
19867 17844
19868 17845
19869 17846
19870 17847
19871 17848
19872 17849
19873 17850
19874 17851
19875 17852
19876 17853
19877 17854
19878 17855
19879 17856
19880 17857
19881 17858
19882 17859
19883 17860
19884 17861
19885 17862
19886 17863
19887 17864
19888 17865
19890 17866
19891 17867
19892 17868
19893 17869
19894 17870
19895 17871
19896 17872
19898 17873
19899 17874
19900 17875
19902 17876
19903 17877
19905 17878
19906 17879
19907 17880
19908 17881
19910 17882
19911 17883
19913 17884
19914 17885
19916 17886
19917 17887
19918 17888
19919 17889
19920 17890
19921 17891
19922 17892
19923 17893
19925 17894
19926 17895
19927 17896
19928 17897
19929 17898
19931 17899
19932 17900
19933 17901
19934 17902
19936 17903
19937 17904
19938 17905
19939 17906
19940 17907
19941 17908
19942 17909
19943 17910
19944 17911
19945 17912
19946 17913
19947 17914
19948 17915
19949 17916
19950 17917
19951 17918
19952 17919
19953 17920
19954 17921
19955 17922
19956 17923
19957 17924
19958 17925
19959 17926
19960 17927
19961 17928
19962 17929
19963 17930
19964 17931
19966 17932
19967 17933
19969 17934
19972 17935
19973 17936
19975 17937
19976 17938
19977 17939
19979 17940
19980 17941
19981 17942
19982 17943
19983 17944
19984 17945
19985 17946
19986 17947
19987 17948
19988 17949
19989 17950
19990 17951
19991 17952
19992 17953
19993 17954
19994 17955
19995 17956
19996 17957
19997 17958
19998 17959
20001 17960
20002 17961
20003 17962
20004 17963
20005 17964
20006 17965
20007 17966
20008 17967
20009 17968
20010 17969
20011 17970
20012 17971
20013 17972
20014 17973
20015 17974
20016 17975
20017 17976
20018 17977
20022 17978
20023 17979
20024 17980
20025 17981
20026 17982
20028 17983
20029 17984
20030 17985
20031 17986
20032 17987
20035 17988
20036 17989
20037 17990
20038 17991
20039 17992
20040 17993
20041 17994
20042 17995
20043 17996
20044 17997
20045 17998
20046 17999
20048 18000
20049 18001
20050 18002
20053 18003
20054 18004
20055 18005
20056 18006
20057 18007
20058 18008
20059 18009
20060 18010
20061 18011
20063 18012
20065 18013
20066 18014
20067 18015
20068 18016
20069 18017
20070 18018
20071 18019
20072 18020
20073 18021
20074 18022
20075 18023
20076 18024
20077 18025
20078 18026
20079 18027
20080 18028
20081 18029
20082 18030
20083 18031
20084 18032
20085 18033
20086 18034
20087 18035
20088 18036
20089 18037
20090 18038
20091 18039
20092 18040
20093 18041
20094 18042
20095 18043
20096 18044
20097 18045
20098 18046
20099 18047
20100 18048
20101 18049
20102 18050
20103 18051
20104 18052
20105 18053
20106 18054
20107 18055
20108 18056
20109 18057
20110 18058
20111 18059
20112 18060
20113 18061
20114 18062
20115 18063
20116 18064
20117 18065
20118 18066
20119 18067
20120 18068
20121 18069
20122 18070
20123 18071
20124 18072
20125 18073
20126 18074
20127 18075
20130 18076
20131 18077
20132 18078
20133 18079
20134 18080
20135 18081
20136 18082
20137 18083
20138 18084
20139 18085
20140 18086
20141 18087
20142 18088
20144 18089
20145 18090
20146 18091
20147 18092
20148 18093
20149 18094
20150 18095
20151 18096
20152 18097
20153 18098
20154 18099
20155 18100
20156 18101
20157 18102
20158 18103
20159 18104
20160 18105
20162 18106
20163 18107
20164 18108
20165 18109
20166 18110
20167 18111
20168 18112
20169 18113
20170 18114
20171 18115
20172 18116
20173 18117
20174 18118
20176 18119
20177 18120
20179 18121
20180 18122
20181 18123
20183 18124
20185 18125
20186 18126
20187 18127
20189 18128
20190 18129
20191 18130
20192 18131
20194 18132
20195 18133
20196 18134
20197 18135
20198 18136
20199 18137
20200 18138
20201 18139
20202 18140
20203 18141
20204 18142
20205 18143
20206 18144
20207 18145
20208 18146
20209 18147
20210 18148
20211 18149
20212 18150
20213 18151
20214 18152
20215 18153
20217 18154
20218 18155
20219 18156
20220 18157
20221 18158
20222 18159
20223 18160
20224 18161
20225 18162
20227 18163
20228 18164
20229 18165
20230 18166
20231 18167
20232 18168
20233 18169
20234 18170
20235 18171
20236 18172
20237 18173
20238 18174
20240 18175
20241 18176
20242 18177
20243 18178
20244 18179
20245 18180
20246 18181
20247 18182
20248 18183
20249 18184
20250 18185
20251 18186
20252 18187
20255 18188
20256 18189
20257 18190
20258 18191
20260 18192
20261 18193
20262 18194
20264 18195
20266 18196
20267 18197
20269 18198
20270 18199
20271 18200
20272 18201
20273 18202
20274 18203
20275 18204
20276 18205
20277 18206
20278 18207
20279 18208
20281 18209
20282 18210
20283 18211
20284 18212
20285 18213
20286 18214
20287 18215
20288 18216
20289 18217
20290 18218
20291 18219
20292 18220
20293 18221
20294 18222
20295 18223
20297 18224
20298 18225
20299 18226
20301 18227
20302 18228
20303 18229
20304 18230
20305 18231
20306 18232
20307 18233
20308 18234
20309 18235
20311 18236
20313 18237
20314 18238
20315 18239
20316 18240
20317 18241
20318 18242
20319 18243
20320 18244
20321 18245
20322 18246
20323 18247
20325 18248
20326 18249
20327 18250
20328 18251
20329 18252
20330 18253
20332 18254
20333 18255
20334 18256
20335 18257
20336 18258
20338 18259
20339 18260
20340 18261
20341 18262
20342 18263
20343 18264
20344 18265
20345 18266
20346 18267
20347 18268
20348 18269
20349 18270
20350 18271
20351 18272
20352 18273
20353 18274
20354 18275
20355 18276
20356 18277
20358 18278
20359 18279
20360 18280
20361 18281
20362 18282
20363 18283
20364 18284
20365 18285
20366 18286
20367 18287
20368 18288
20369 18289
20370 18290
20371 18291
20372 18292
20373 18293
20376 18294
20377 18295
20378 18296
20379 18297
20380 18298
20383 18299
20384 18300
20385 18301
20386 18302
20387 18303
20388 18304
20389 18305
20390 18306
20391 18307
20392 18308
20393 18309
20394 18310
20396 18311
20397 18312
20398 18313
20399 18314
20400 18315
20401 18316
20402 18317
20403 18318
20404 18319
20405 18320
20406 18321
20407 18322
20408 18323
20409 18324
20411 18325
20412 18326
20413 18327
20414 18328
20415 18329
20416 18330
20417 18331
20418 18332
20419 18333
20420 18334
20421 18335
20422 18336
20424 18337
20425 18338
20426 18339
20427 18340
20428 18341
20429 18342
20430 18343
20431 18344
20432 18345
20434 18346
20435 18347
20436 18348
20437 18349
20438 18350
20440 18351
20441 18352
20442 18353
20443 18354
20444 18355
20445 18356
20446 18357
20447 18358
20448 18359
20449 18360
20450 18361
20451 18362
20452 18363
20453 18364
20454 18365
20455 18366
20456 18367
20457 18368
20458 18369
20459 18370
20460 18371
20461 18372
20463 18373
20464 18374
20465 18375
20466 18376
20467 18377
20468 18378
20469 18379
20470 18380
20471 18381
20472 18382
20474 18383
20475 18384
20476 18385
20477 18386
20478 18387
20479 18388
20480 18389
20481 18390
20482 18391
20483 18392
20484 18393
20485 18394
20486 18395
20487 18396
20488 18397
20489 18398
20490 18399
20491 18400
20492 18401
20493 18402
20495 18403
20496 18404
20497 18405
20498 18406
20499 18407
20500 18408
20502 18409
20503 18410
20504 18411
20505 18412
20507 18413
20508 18414
20509 18415
20510 18416
20511 18417
20513 18418
20514 18419
20515 18420
20516 18421
20517 18422
20518 18423
20519 18424
20520 18425
20521 18426
20522 18427
20524 18428
20525 18429
20526 18430
20527 18431
20528 18432
20529 18433
20530 18434
20532 18435
20533 18436
20534 18437
20535 18438
20536 18439
20537 18440
20538 18441
20539 18442
20540 18443
20541 18444
20542 18445
20543 18446
20544 18447
20545 18448
20546 18449
20547 18450
20548 18451
20549 18452
20550 18453
20552 18454
20553 18455
20554 18456
20556 18457
20558 18458
20559 18459
20560 18460
20561 18461
20562 18462
20563 18463
20564 18464
20565 18465
20566 18466
20567 18467
20568 18468
20569 18469
20570 18470
20571 18471
20573 18472
20574 18473
20575 18474
20576 18475
20577 18476
20578 18477
20580 18478
20581 18479
20582 18480
20583 18481
20584 18482
20585 18483
20587 18484
20588 18485
20589 18486
20590 18487
20591 18488
20592 18489
20593 18490
20594 18491
20595 18492
20597 18493
20598 18494
20599 18495
20600 18496
20601 18497
20603 18498
20604 18499
20605 18500
20606 18501
20607 18502
20609 18503
20610 18504
20611 18505
20612 18506
20613 18507
20614 18508
20615 18509
20616 18510
20617 18511
20618 18512
20620 18513
20621 18514
20622 18515
20623 18516
20624 18517
20625 18518
20626 18519
20627 18520
20628 18521
20629 18522
20632 18523
20633 18524
20635 18525
20637 18526
20638 18527
20639 18528
20640 18529
20641 18530
20643 18531
20644 18532
20645 18533
20646 18534
20647 18535
20648 18536
20649 18537
20650 18538
20651 18539
20652 18540
20654 18541
20657 18542
20658 18543
20659 18544
20660 18545
20661 18546
20662 18547
20663 18548
20664 18549
20666 18550
20669 18551
20670 18552
20671 18553
20672 18554
20673 18555
20674 18556
20675 18557
20676 18558
20677 18559
20678 18560
20679 18561
20680 18562
20682 18563
20683 18564
20684 18565
20685 18566
20686 18567
20687 18568
20688 18569
20689 18570
20690 18571
20691 18572
20692 18573
20693 18574
20694 18575
20695 18576
20696 18577
20697 18578
20698 18579
20699 18580
20700 18581
20701 18582
20702 18583
20703 18584
20704 18585
20705 18586
20706 18587
20707 18588
20708 18589
20709 18590
20710 18591
20711 18592
20712 18593
20713 18594
20714 18595
20715 18596
20716 18597
20717 18598
20718 18599
20719 18600
20720 18601
20721 18602
20723 18603
20724 18604
20725 18605
20726 18606
20728 18607
20729 18608
20730 18609
20731 18610
20732 18611
20735 18612
20736 18613
20737 18614
20740 18615
20742 18616
20743 18617
20744 18618
20745 18619
20746 18620
20747 18621
20748 18622
20749 18623
20750 18624
20752 18625
20753 18626
20754 18627
20755 18628
20756 18629
20758 18630
20759 18631
20760 18632
20762 18633
20763 18634
20764 18635
20765 18636
20766 18637
20767 18638
20768 18639
20769 18640
20771 18641
20772 18642
20773 18643
20774 18644
20775 18645
20776 18646
20777 18647
20778 18648
20779 18649
20780 18650
20781 18651
20783 18652
20787 18653
20788 18654
20789 18655
20790 18656
20791 18657
20792 18658
20794 18659
20795 18660
20796 18661
20798 18662
20800 18663
20801 18664
20802 18665
20803 18666
20804 18667
20805 18668
20806 18669
20807 18670
20808 18671
20809 18672
20810 18673
20811 18674
20812 18675
20813 18676
20814 18677
20815 18678
20816 18679
20817 18680
20818 18681
20819 18682
20820 18683
20821 18684
20822 18685
20823 18686
20824 18687
20825 18688
20828 18689
20829 18690
20831 18691
20832 18692
20836 18693
20837 18694
20838 18695
20839 18696
20840 18697
20841 18698
20842 18699
20843 18700
20844 18701
20846 18702
20847 18703
20848 18704
20849 18705
20850 18706
20851 18707
20852 18708
20853 18709
20854 18710
20855 18711
20856 18712
20857 18713
20858 18714
20859 18715
20860 18716
20861 18717
20863 18718
20864 18719
20865 18720
20867 18721
20868 18722
20869 18723
20870 18724
20873 18725
20874 18726
20875 18727
20876 18728
20877 18729
20878 18730
20879 18731
20881 18732
20882 18733
20883 18734
20884 18735
20885 18736
20886 18737
20887 18738
20889 18739
20890 18740
20891 18741
20892 18742
20893 18743
20896 18744
20897 18745
20898 18746
20900 18747
20902 18748
20903 18749
20904 18750
20905 18751
20907 18752
20908 18753
20909 18754
20910 18755
20911 18756
20913 18757
20914 18758
20915 18759
20916 18760
20917 18761
20918 18762
20919 18763
20920 18764
20922 18765
20925 18766
20926 18767
20927 18768
20928 18769
20929 18770
20930 18771
20931 18772
20932 18773
20933 18774
20934 18775
20935 18776
20936 18777
20937 18778
20938 18779
20939 18780
20940 18781
20941 18782
20942 18783
20943 18784
20944 18785
20945 18786
20946 18787
20947 18788
20948 18789
20951 18790
20953 18791
20954 18792
20955 18793
20956 18794
20957 18795
20958 18796
20959 18797
20960 18798
20961 18799
20962 18800
20963 18801
20964 18802
20965 18803
20966 18804
20967 18805
20968 18806
20969 18807
20970 18808
20971 18809
20972 18810
20973 18811
20974 18812
20976 18813
20977 18814
20978 18815
20980 18816
20981 18817
20982 18818
20983 18819
20984 18820
20985 18821
20986 18822
20987 18823
20989 18824
20991 18825
20996 18826
20997 18827
20999 18828
21001 18829
21002 18830
21003 18831
21005 18832
21006 18833
21007 18834
21008 18835
21009 18836
21010 18837
21011 18838
21012 18839
21013 18840
21014 18841
21015 18842
21016 18843
21017 18844
21018 18845
21020 18846
21021 18847
21022 18848
21024 18849
21025 18850
21026 18851
21027 18852
21028 18853
21029 18854
21030 18855
21032 18856
21033 18857
21034 18858
21036 18859
21037 18860
21038 18861
21039 18862
21040 18863
21041 18864
21042 18865
21043 18866
21044 18867
21045 18868
21046 18869
21049 18870
21050 18871
21051 18872
21052 18873
21053 18874
21054 18875
21055 18876
21056 18877
21057 18878
21058 18879
21062 18880
21063 18881
21064 18882
21065 18883
21066 18884
21067 18885
21068 18886
21069 18887
21070 18888
21071 18889
21072 18890
21073 18891
21074 18892
21075 18893
21076 18894
21077 18895
21078 18896
21079 18897
21080 18898
21081 18899
21082 18900
21083 18901
21085 18902
21086 18903
21088 18904
21089 18905
21091 18906
21094 18907
21095 18908
21096 18909
21097 18910
21098 18911
21099 18912
21100 18913
21101 18914
21102 18915
21103 18916
21111 18917
21112 18918
21113 18919
21114 18920
21115 18921
21116 18922
21117 18923
21118 18924
21120 18925
21121 18926
21122 18927
21123 18928
21124 18929
21125 18930
21126 18931
21127 18932
21128 18933
21129 18934
21130 18935
21131 18936
21132 18937
21133 18938
21134 18939
21135 18940
21136 18941
21137 18942
21138 18943
21139 18944
21140 18945
21141 18946
21142 18947
21143 18948
21144 18949
21145 18950
21146 18951
21147 18952
21148 18953
21149 18954
21150 18955
21151 18956
21153 18957
21154 18958
21155 18959
21156 18960
21157 18961
21158 18962
21159 18963
21160 18964
21161 18965
21162 18966
21164 18967
21165 18968
21166 18969
21168 18970
21169 18971
21170 18972
21171 18973
21172 18974
21173 18975
21174 18976
21175 18977
21176 18978
21178 18979
21179 18980
21180 18981
21181 18982
21182 18983
21183 18984
21184 18985
21185 18986
21186 18987
21187 18988
21188 18989
21189 18990
21192 18991
21193 18992
21194 18993
21195 18994
21196 18995
21197 18996
21198 18997
21199 18998
21200 18999
21201 19000
21202 19001
21203 19002
21204 19003
21206 19004
21207 19005
21208 19006
21209 19007
21210 19008
21211 19009
21212 19010
21213 19011
21214 19012
21215 19013
21216 19014
21219 19015
21220 19016
21222 19017
21223 19018
21224 19019
21225 19020
21226 19021
21227 19022
21228 19023
21229 19024
21231 19025
21232 19026
21233 19027
21234 19028
21235 19029
21236 19030
21237 19031
21238 19032
21239 19033
21240 19034
21241 19035
21242 19036
21243 19037
21244 19038
21245 19039
21246 19040
21247 19041
21248 19042
21249 19043
21251 19044
21252 19045
21253 19046
21254 19047
21255 19048
21256 19049
21257 19050
21258 19051
21259 19052
21260 19053
21261 19054
21264 19055
21265 19056
21266 19057
21267 19058
21269 19059
21270 19060
21271 19061
21272 19062
21275 19063
21276 19064
21277 19065
21278 19066
21279 19067
21280 19068
21281 19069
21282 19070
21284 19071
21285 19072
21286 19073
21287 19074
21288 19075
21289 19076
21290 19077
21291 19078
21293 19079
21294 19080
21295 19081
21296 19082
21297 19083
21298 19084
21299 19085
21300 19086
21301 19087
21302 19088
21303 19089
21304 19090
21305 19091
21306 19092
21307 19093
21309 19094
21310 19095
21311 19096
21312 19097
21314 19098
21315 19099
21316 19100
21317 19101
21319 19102
21320 19103
21321 19104
21322 19105
21323 19106
21324 19107
21325 19108
21326 19109
21327 19110
21328 19111
21330 19112
21331 19113
21332 19114
21334 19115
21335 19116
21336 19117
21337 19118
21338 19119
21339 19120
21340 19121
21341 19122
21342 19123
21343 19124
21344 19125
21345 19126
21346 19127
21347 19128
21348 19129
21349 19130
21350 19131
21351 19132
21352 19133
21353 19134
21354 19135
21355 19136
21356 19137
21357 19138
21358 19139
21359 19140
21360 19141
21361 19142
21362 19143
21365 19144
21366 19145
21367 19146
21368 19147
21369 19148
21371 19149
21372 19150
21373 19151
21374 19152
21375 19153
21376 19154
21377 19155
21379 19156
21380 19157
21381 19158
21382 19159
21384 19160
21385 19161
21386 19162
21387 19163
21388 19164
21389 19165
21390 19166
21391 19167
21392 19168
21393 19169
21394 19170
21395 19171
21396 19172
21398 19173
21399 19174
21401 19175
21402 19176
21403 19177
21405 19178
21406 19179
21407 19180
21408 19181
21409 19182
21410 19183
21411 19184
21412 19185
21413 19186
21414 19187
21415 19188
21416 19189
21417 19190
21418 19191
21419 19192
21420 19193
21421 19194
21422 19195
21423 19196
21424 19197
21425 19198
21426 19199
21427 19200
21428 19201
21429 19202
21430 19203
21431 19204
21432 19205
21433 19206
21435 19207
21436 19208
21437 19209
21438 19210
21439 19211
21440 19212
21442 19213
21443 19214
21444 19215
21445 19216
21446 19217
21447 19218
21449 19219
21450 19220
21451 19221
21452 19222
21453 19223
21454 19224
21455 19225
21456 19226
21457 19227
21458 19228
21459 19229
21460 19230
21461 19231
21463 19232
21464 19233
21465 19234
21466 19235
21467 19236
21468 19237
21469 19238
21470 19239
21471 19240
21472 19241
21476 19242
21478 19243
21479 19244
21480 19245
21481 19246
21482 19247
21484 19248
21485 19249
21488 19250
21490 19251
21491 19252
21492 19253
21493 19254
21494 19255
21495 19256
21496 19257
21497 19258
21498 19259
21499 19260
21500 19261
21503 19262
21504 19263
21506 19264
21507 19265
21508 19266
21510 19267
21513 19268
21515 19269
21516 19270
21517 19271
21519 19272
21520 19273
21521 19274
21522 19275
21523 19276
21525 19277
21526 19278
21527 19279
21528 19280
21529 19281
21530 19282
21531 19283
21532 19284
21533 19285
21534 19286
21535 19287
21536 19288
21537 19289
21538 19290
21540 19291
21541 19292
21542 19293
21543 19294
21544 19295
21545 19296
21546 19297
21547 19298
21548 19299
21549 19300
21550 19301
21551 19302
21552 19303
21553 19304
21554 19305
21555 19306
21556 19307
21559 19308
21561 19309
21562 19310
21563 19311
21564 19312
21565 19313
21566 19314
21568 19315
21569 19316
21571 19317
21572 19318
21573 19319
21574 19320
21576 19321
21578 19322
21579 19323
21580 19324
21581 19325
21582 19326
21583 19327
21584 19328
21585 19329
21586 19330
21588 19331
21589 19332
21590 19333
21591 19334
21592 19335
21593 19336
21594 19337
21595 19338
21596 19339
21599 19340
21600 19341
21601 19342
21602 19343
21603 19344
21604 19345
21605 19346
21608 19347
21609 19348
21610 19349
21611 19350
21613 19351
21614 19352
21616 19353
21620 19354
21621 19355
21622 19356
21623 19357
21624 19358
21625 19359
21626 19360
21627 19361
21628 19362
21629 19363
21630 19364
21631 19365
21632 19366
21634 19367
21635 19368
21636 19369
21637 19370
21638 19371
21639 19372
21640 19373
21641 19374
21642 19375
21643 19376
21644 19377
21645 19378
21646 19379
21647 19380
21648 19381
21649 19382
21651 19383
21652 19384
21653 19385
21654 19386
21655 19387
21656 19388
21657 19389
21658 19390
21659 19391
21660 19392
21663 19393
21664 19394
21665 19395
21666 19396
21667 19397
21668 19398
21669 19399
21670 19400
21671 19401
21672 19402
21673 19403
21674 19404
21675 19405
21676 19406
21677 19407
21678 19408
21679 19409
21680 19410
21682 19411
21683 19412
21684 19413
21686 19414
21687 19415
21688 19416
21689 19417
21690 19418
21691 19419
21692 19420
21694 19421
21695 19422
21696 19423
21698 19424
21699 19425
21700 19426
21701 19427
21702 19428
21703 19429
21704 19430
21705 19431
21706 19432
21707 19433
21708 19434
21709 19435
21710 19436
21711 19437
21712 19438
21713 19439
21715 19440
21716 19441
21718 19442
21719 19443
21720 19444
21721 19445
21723 19446
21727 19447
21728 19448
21729 19449
21730 19450
21731 19451
21733 19452
21734 19453
21735 19454
21736 19455
21737 19456
21739 19457
21740 19458
21741 19459
21742 19460
21743 19461
21744 19462
21745 19463
21746 19464
21748 19465
21749 19466
21750 19467
21751 19468
21752 19469
21753 19470
21754 19471
21755 19472
21756 19473
21757 19474
21758 19475
21759 19476
21760 19477
21761 19478
21762 19479
21763 19480
21764 19481
21765 19482
21766 19483
21767 19484
21768 19485
21769 19486
21770 19487
21771 19488
21774 19489
21775 19490
21776 19491
21777 19492
21778 19493
21779 19494
21780 19495
21781 19496
21782 19497
21783 19498
21784 19499
21785 19500
21786 19501
21787 19502
21788 19503
21790 19504
21791 19505
21792 19506
21793 19507
21794 19508
21795 19509
21796 19510
21797 19511
21799 19512
21800 19513
21802 19514
21804 19515
21805 19516
21806 19517
21807 19518
21808 19519
21809 19520
21810 19521
21811 19522
21812 19523
21813 19524
21814 19525
21815 19526
21816 19527
21817 19528
21818 19529
21820 19530
21823 19531
21824 19532
21825 19533
21829 19534
21831 19535
21832 19536
21833 19537
21835 19538
21837 19539
21838 19540
21839 19541
21840 19542
21842 19543
21844 19544
21845 19545
21846 19546
21847 19547
21848 19548
21849 19549
21850 19550
21851 19551
21852 19552
21853 19553
21855 19554
21856 19555
21857 19556
21858 19557
21859 19558
21860 19559
21861 19560
21862 19561
21863 19562
21864 19563
21865 19564
21866 19565
21867 19566
21868 19567
21870 19568
21871 19569
21872 19570
21875 19571
21876 19572
21877 19573
21878 19574
21879 19575
21880 19576
21881 19577
21882 19578
21885 19579
21886 19580
21887 19581
21888 19582
21889 19583
21890 19584
21892 19585
21893 19586
21894 19587
21895 19588
21898 19589
21899 19590
21900 19591
21901 19592
21903 19593
21904 19594
21906 19595
21908 19596
21909 19597
21911 19598
21912 19599
21913 19600
21914 19601
21915 19602
21916 19603
21917 19604
21918 19605
21920 19606
21924 19607
21927 19608
21928 19609
21929 19610
21931 19611
21932 19612
21933 19613
21934 19614
21937 19615
21938 19616
21940 19617
21941 19618
21942 19619
21943 19620
21944 19621
21945 19622
21949 19623
21950 19624
21952 19625
21953 19626
21954 19627
21955 19628
21956 19629
21957 19630
21959 19631
21960 19632
21962 19633
21963 19634
21964 19635
21965 19636
21966 19637
21972 19638
21973 19639
21974 19640
21976 19641
21977 19642
21978 19643
21980 19644
21981 19645
21983 19646
21984 19647
21986 19648
21988 19649
21991 19650
21992 19651
21993 19652
21994 19653
21995 19654
21997 19655
21998 19656
21999 19657
22003 19658
22004 19659
22005 19660
22007 19661
22008 19662
22009 19663
22010 19664
22011 19665
22012 19666
22013 19667
22014 19668
22015 19669
22016 19670
22017 19671
22019 19672
22020 19673
22023 19674
22024 19675
22026 19676
22027 19677
22028 19678
22029 19679
22030 19680
22031 19681
22032 19682
22034 19683
22035 19684
22036 19685
22037 19686
22038 19687
22039 19688
22040 19689
22041 19690
22042 19691
22043 19692
22045 19693
22046 19694
22047 19695
22048 19696
22049 19697
22051 19698
22053 19699
22054 19700
22055 19701
22057 19702
22058 19703
22059 19704
22060 19705
22061 19706
22062 19707
22063 19708
22064 19709
22065 19710
22066 19711
22069 19712
22070 19713
22071 19714
22072 19715
22073 19716
22074 19717
22075 19718
22076 19719
22078 19720
22079 19721
22080 19722
22081 19723
22082 19724
22083 19725
22084 19726
22085 19727
22086 19728
22087 19729
22088 19730
22090 19731
22091 19732
22094 19733
22095 19734
22096 19735
22098 19736
22099 19737
22101 19738
22102 19739
22104 19740
22105 19741
22106 19742
22107 19743
22108 19744
22109 19745
22110 19746
22112 19747
22113 19748
22114 19749
22115 19750
22116 19751
22117 19752
22118 19753
22119 19754
22120 19755
22121 19756
22122 19757
22123 19758
22124 19759
22125 19760
22126 19761
22127 19762
22128 19763
22129 19764
22130 19765
22131 19766
22132 19767
22133 19768
22134 19769
22135 19770
22136 19771
22137 19772
22138 19773
22139 19774
22140 19775
22141 19776
22142 19777
22143 19778
22144 19779
22145 19780
22146 19781
22147 19782
22148 19783
22149 19784
22150 19785
22151 19786
22153 19787
22154 19788
22155 19789
22156 19790
22157 19791
22160 19792
22161 19793
22162 19794
22163 19795
22164 19796
22165 19797
22166 19798
22167 19799
22168 19800
22169 19801
22170 19802
22171 19803
22172 19804
22173 19805
22174 19806
22175 19807
22176 19808
22177 19809
22178 19810
22179 19811
22180 19812
22181 19813
22182 19814
22183 19815
22184 19816
22185 19817
22186 19818
22187 19819
22188 19820
22189 19821
22190 19822
22191 19823
22192 19824
22193 19825
22194 19826
22195 19827
22196 19828
22197 19829
22198 19830
22200 19831
22201 19832
22202 19833
22203 19834
22204 19835
22206 19836
22207 19837
22208 19838
22209 19839
22211 19840
22212 19841
22214 19842
22216 19843
22217 19844
22218 19845
22219 19846
22220 19847
22221 19848
22222 19849
22223 19850
22224 19851
22225 19852
22226 19853
22227 19854
22228 19855
22229 19856
22230 19857
22231 19858
22232 19859
22233 19860
22234 19861
22235 19862
22236 19863
22237 19864
22238 19865
22239 19866
22240 19867
22242 19868
22243 19869
22244 19870
22245 19871
22246 19872
22247 19873
22248 19874
22250 19875
22251 19876
22254 19877
22255 19878
22256 19879
22257 19880
22258 19881
22260 19882
22262 19883
22263 19884
22264 19885
22267 19886
22268 19887
22269 19888
22270 19889
22271 19890
22272 19891
22273 19892
22275 19893
22276 19894
22277 19895
22278 19896
22279 19897
22280 19898
22281 19899
22282 19900
22284 19901
22285 19902
22286 19903
22287 19904
22288 19905
22289 19906
22290 19907
22291 19908
22292 19909
22293 19910
22294 19911
22295 19912
22296 19913
22297 19914
22298 19915
22299 19916
22300 19917
22301 19918
22302 19919
22303 19920
22304 19921
22305 19922
22306 19923
22307 19924
22308 19925
22309 19926
22310 19927
22311 19928
22312 19929
22313 19930
22314 19931
22315 19932
22316 19933
22317 19934
22318 19935
22319 19936
22320 19937
22321 19938
22322 19939
22323 19940
22324 19941
22325 19942
22326 19943
22327 19944
22328 19945
22329 19946
22330 19947
22331 19948
22333 19949
22334 19950
22335 19951
22336 19952
22337 19953
22338 19954
22339 19955
22340 19956
22341 19957
22343 19958
22344 19959
22345 19960
22346 19961
22347 19962
22348 19963
22349 19964
22350 19965
22353 19966
22354 19967
22355 19968
22357 19969
22358 19970
22363 19971
22365 19972
22366 19973
22367 19974
22369 19975
22370 19976
22371 19977
22372 19978
22373 19979
22374 19980
22375 19981
22376 19982
22377 19983
22378 19984
22379 19985
22380 19986
22381 19987
22382 19988
22383 19989
22384 19990
22385 19991
22386 19992
22387 19993
22388 19994
22390 19995
22391 19996
22392 19997
22393 19998
22394 19999
22395 20000
22396 20001
22397 20002
22398 20003
22399 20004
22400 20005
22401 20006
22402 20007
22404 20008
22408 20009
22409 20010
22410 20011
22411 20012
22412 20013
22413 20014
22414 20015
22415 20016
22416 20017
22417 20018
22418 20019
22419 20020
22420 20021
22422 20022
22423 20023
22424 20024
22425 20025
22426 20026
22427 20027
22429 20028
22431 20029
22432 20030
22433 20031
22434 20032
22435 20033
22436 20034
22437 20035
22438 20036
22439 20037
22440 20038
22441 20039
22442 20040
22443 20041
22444 20042
22445 20043
22446 20044
22447 20045
22448 20046
22449 20047
22451 20048
22452 20049
22453 20050
22455 20051
22456 20052
22457 20053
22458 20054
22459 20055
22460 20056
22461 20057
22462 20058
22463 20059
22464 20060
22465 20061
22466 20062
22467 20063
22468 20064
22469 20065
22470 20066
22471 20067
22473 20068
22474 20069
22475 20070
22476 20071
22477 20072
22478 20073
22479 20074
22480 20075
22481 20076
22483 20077
22484 20078
22485 20079
22487 20080
22488 20081
22490 20082
22491 20083
22493 20084
22494 20085
22495 20086
22496 20087
22497 20088
22499 20089
22500 20090
22501 20091
22502 20092
22503 20093
22504 20094
22505 20095
22507 20096
22508 20097
22510 20098
22511 20099
22512 20100
22513 20101
22514 20102
22516 20103
22517 20104
22518 20105
22519 20106
22520 20107
22521 20108
22522 20109
22524 20110
22525 20111
22526 20112
22527 20113
22528 20114
22529 20115
22530 20116
22531 20117
22533 20118
22534 20119
22535 20120
22536 20121
22537 20122
22538 20123
22539 20124
22540 20125
22541 20126
22542 20127
22544 20128
22546 20129
22547 20130
22548 20131
22549 20132
22550 20133
22551 20134
22552 20135
22554 20136
22555 20137
22556 20138
22558 20139
22559 20140
22560 20141
22561 20142
22562 20143
22563 20144
22565 20145
22566 20146
22567 20147
22568 20148
22569 20149
22570 20150
22572 20151
22574 20152
22575 20153
22576 20154
22577 20155
22578 20156
22580 20157
22582 20158
22583 20159
22584 20160
22585 20161
22586 20162
22589 20163
22590 20164
22591 20165
22592 20166
22593 20167
22595 20168
22596 20169
22597 20170
22598 20171
22599 20172
22600 20173
22601 20174
22602 20175
22603 20176
22604 20177
22605 20178
22606 20179
22607 20180
22608 20181
22609 20182
22613 20183
22614 20184
22615 20185
22617 20186
22618 20187
22619 20188
22620 20189
22622 20190
22623 20191
22625 20192
22626 20193
22627 20194
22628 20195
22629 20196
22630 20197
22631 20198
22632 20199
22633 20200
22634 20201
22635 20202
22636 20203
22637 20204
22638 20205
22639 20206
22640 20207
22641 20208
22643 20209
22644 20210
22646 20211
22647 20212
22649 20213
22650 20214
22651 20215
22652 20216
22653 20217
22654 20218
22655 20219
22656 20220
22657 20221
22658 20222
22659 20223
22660 20224
22663 20225
22664 20226
22665 20227
22666 20228
22667 20229
22668 20230
22669 20231
22670 20232
22671 20233
22672 20234
22673 20235
22674 20236
22675 20237
22676 20238
22677 20239
22678 20240
22679 20241
22680 20242
22681 20243
22682 20244
22683 20245
22684 20246
22685 20247
22686 20248
22687 20249
22688 20250
22689 20251
22690 20252
22692 20253
22693 20254
22696 20255
22697 20256
22698 20257
22699 20258
22700 20259
22701 20260
22702 20261
22704 20262
22705 20263
22706 20264
22707 20265
22709 20266
22710 20267
22711 20268
22712 20269
22713 20270
22715 20271
22716 20272
22717 20273
22718 20274
22719 20275
22720 20276
22721 20277
22722 20278
22723 20279
22724 20280
22725 20281
22726 20282
22728 20283
22730 20284
22731 20285
22732 20286
22733 20287
22734 20288
22735 20289
22736 20290
22738 20291
22740 20292
22741 20293
22744 20294
22746 20295
22748 20296
22749 20297
22750 20298
22751 20299
22752 20300
22753 20301
22754 20302
22755 20303
22756 20304
22759 20305
22760 20306
22762 20307
22763 20308
22764 20309
22765 20310
22766 20311
22768 20312
22769 20313
22770 20314
22771 20315
22772 20316
22773 20317
22774 20318
22775 20319
22776 20320
22777 20321
22778 20322
22779 20323
22780 20324
22781 20325
22782 20326
22783 20327
22784 20328
22786 20329
22789 20330
22790 20331
22792 20332
22793 20333
22794 20334
22795 20335
22796 20336
22797 20337
22799 20338
22800 20339
22802 20340
22803 20341
22804 20342
22805 20343
22806 20344
22807 20345
22808 20346
22809 20347
22810 20348
22811 20349
22814 20350
22815 20351
22816 20352
22817 20353
22818 20354
22819 20355
22820 20356
22821 20357
22822 20358
22823 20359
22824 20360
22825 20361
22826 20362
22827 20363
22828 20364
22831 20365
22832 20366
22834 20367
22835 20368
22836 20369
22837 20370
22838 20371
22839 20372
22840 20373
22841 20374
22842 20375
22843 20376
22845 20377
22846 20378
22847 20379
22849 20380
22850 20381
22851 20382
22852 20383
22853 20384
22854 20385
22857 20386
22858 20387
22859 20388
22860 20389
22861 20390
22862 20391
22863 20392
22864 20393
22865 20394
22866 20395
22869 20396
22870 20397
22871 20398
22872 20399
22873 20400
22874 20401
22875 20402
22876 20403
22877 20404
22878 20405
22879 20406
22880 20407
22882 20408
22883 20409
22884 20410
22886 20411
22887 20412
22889 20413
22890 20414
22891 20415
22892 20416
22893 20417
22894 20418
22896 20419
22897 20420
22899 20421
22900 20422
22901 20423
22902 20424
22903 20425
22904 20426
22905 20427
22906 20428
22908 20429
22909 20430
22910 20431
22911 20432
22912 20433
22913 20434
22915 20435
22916 20436
22917 20437
22918 20438
22919 20439
22921 20440
22922 20441
22923 20442
22924 20443
22926 20444
22927 20445
22929 20446
22930 20447
22931 20448
22932 20449
22933 20450
22935 20451
22936 20452
22937 20453
22938 20454
22939 20455
22941 20456
22942 20457
22943 20458
22944 20459
22945 20460
22946 20461
22947 20462
22948 20463
22949 20464
22950 20465
22951 20466
22952 20467
22953 20468
22954 20469
22955 20470
22956 20471
22957 20472
22958 20473
22959 20474
22960 20475
22961 20476
22962 20477
22963 20478
22964 20479
22965 20480
22966 20481
22967 20482
22969 20483
22970 20484
22972 20485
22973 20486
22974 20487
22975 20488
22976 20489
22977 20490
22978 20491
22981 20492
22982 20493
22984 20494
22985 20495
22986 20496
22987 20497
22988 20498
22989 20499
22990 20500
22991 20501
22992 20502
22993 20503
22994 20504
22995 20505
22996 20506
22997 20507
22998 20508
22999 20509
23000 20510
23002 20511
23005 20512
23006 20513
23008 20514
23009 20515
23010 20516
23011 20517
23012 20518
23013 20519
23014 20520
23015 20521
23016 20522
23017 20523
23018 20524
23019 20525
23020 20526
23021 20527
23023 20528
23024 20529
23025 20530
23026 20531
23027 20532
23028 20533
23029 20534
23031 20535
23032 20536
23033 20537
23034 20538
23035 20539
23036 20540
23037 20541
23038 20542
23039 20543
23040 20544
23041 20545
23042 20546
23043 20547
23044 20548
23045 20549
23046 20550
23047 20551
23048 20552
23049 20553
23050 20554
23051 20555
23052 20556
23053 20557
23054 20558
23055 20559
23056 20560
23057 20561
23058 20562
23059 20563
23060 20564
23061 20565
23062 20566
23065 20567
23066 20568
23067 20569
23069 20570
23070 20571
23071 20572
23072 20573
23073 20574
23076 20575
23077 20576
23078 20577
23079 20578
23080 20579
23081 20580
23082 20581
23083 20582
23084 20583
23085 20584
23087 20585
23088 20586
23089 20587
23090 20588
23091 20589
23092 20590
23093 20591
23094 20592
23095 20593
23096 20594
23097 20595
23098 20596
23099 20597
23100 20598
23101 20599
23102 20600
23103 20601
23104 20602
23105 20603
23107 20604
23108 20605
23109 20606
23110 20607
23111 20608
23112 20609
23114 20610
23115 20611
23116 20612
23117 20613
23118 20614
23120 20615
23121 20616
23123 20617
23125 20618
23127 20619
23128 20620
23129 20621
23130 20622
23131 20623
23132 20624
23133 20625
23134 20626
23135 20627
23136 20628
23137 20629
23138 20630
23139 20631
23140 20632
23141 20633
23142 20634
23144 20635
23145 20636
23146 20637
23147 20638
23148 20639
23149 20640
23150 20641
23151 20642
23152 20643
23153 20644
23154 20645
23155 20646
23157 20647
23158 20648
23159 20649
23160 20650
23161 20651
23162 20652
23163 20653
23164 20654
23165 20655
23166 20656
23167 20657
23168 20658
23169 20659
23170 20660
23172 20661
23173 20662
23175 20663
23176 20664
23177 20665
23180 20666
23182 20667
23183 20668
23184 20669
23185 20670
23187 20671
23188 20672
23189 20673
23190 20674
23191 20675
23192 20676
23193 20677
23194 20678
23195 20679
23196 20680
23197 20681
23198 20682
23199 20683
23200 20684
23202 20685
23203 20686
23204 20687
23206 20688
23209 20689
23210 20690
23211 20691
23212 20692
23213 20693
23214 20694
23215 20695
23217 20696
23219 20697
23220 20698
23221 20699
23222 20700
23223 20701
23225 20702
23226 20703
23228 20704
23229 20705
23230 20706
23231 20707
23232 20708
23233 20709
23235 20710
23236 20711
23237 20712
23239 20713
23240 20714
23241 20715
23242 20716
23243 20717
23245 20718
23246 20719
23247 20720
23248 20721
23249 20722
23250 20723
23251 20724
23253 20725
23254 20726
23255 20727
23256 20728
23258 20729
23260 20730
23262 20731
23263 20732
23264 20733
23265 20734
23266 20735
23267 20736
23269 20737
23271 20738
23272 20739
23273 20740
23275 20741
23278 20742
23279 20743
23280 20744
23281 20745
23282 20746
23283 20747
23284 20748
23285 20749
23286 20750
23287 20751
23288 20752
23289 20753
23290 20754
23291 20755
23292 20756
23293 20757
23294 20758
23296 20759
23297 20760
23298 20761
23299 20762
23300 20763
23301 20764
23302 20765
23303 20766
23304 20767
23305 20768
23306 20769
23307 20770
23308 20771
23309 20772
23310 20773
23312 20774
23313 20775
23315 20776
23316 20777
23317 20778
23318 20779
23319 20780
23320 20781
23322 20782
23326 20783
23329 20784
23330 20785
23332 20786
23333 20787
23334 20788
23336 20789
23337 20790
23338 20791
23339 20792
23340 20793
23341 20794
23342 20795
23343 20796
23344 20797
23345 20798
23346 20799
23347 20800
23348 20801
23350 20802
23351 20803
23352 20804
23353 20805
23354 20806
23355 20807
23356 20808
23357 20809
23359 20810
23360 20811
23361 20812
23362 20813
23363 20814
23364 20815
23365 20816
23366 20817
23367 20818
23368 20819
23369 20820
23370 20821
23371 20822
23372 20823
23373 20824
23375 20825
23377 20826
23380 20827
23381 20828
23382 20829
23383 20830
23384 20831
23385 20832
23386 20833
23387 20834
23388 20835
23389 20836
23390 20837
23391 20838
23392 20839
23393 20840
23394 20841
23395 20842
23396 20843
23397 20844
23398 20845
23399 20846
23400 20847
23401 20848
23403 20849
23404 20850
23405 20851
23406 20852
23407 20853
23408 20854
23409 20855
23411 20856
23412 20857
23413 20858
23414 20859
23415 20860
23416 20861
23418 20862
23419 20863
23420 20864
23421 20865
23423 20866
23424 20867
23425 20868
23426 20869
23427 20870
23428 20871
23429 20872
23430 20873
23431 20874
23433 20875
23434 20876
23435 20877
23436 20878
23437 20879
23438 20880
23439 20881
23440 20882
23441 20883
23442 20884
23443 20885
23444 20886
23445 20887
23446 20888
23448 20889
23450 20890
23451 20891
23452 20892
23453 20893
23454 20894
23455 20895
23456 20896
23457 20897
23458 20898
23459 20899
23460 20900
23461 20901
23462 20902
23463 20903
23464 20904
23465 20905
23466 20906
23467 20907
23468 20908
23470 20909
23471 20910
23472 20911
23473 20912
23474 20913
23475 20914
23476 20915
23479 20916
23480 20917
23481 20918
23482 20919
23483 20920
23484 20921
23485 20922
23486 20923
23488 20924
23489 20925
23490 20926
23491 20927
23492 20928
23493 20929
23494 20930
23495 20931
23496 20932
23497 20933
23498 20934
23499 20935
23500 20936
23501 20937
23502 20938
23503 20939
23504 20940
23505 20941
23507 20942
23508 20943
23509 20944
23510 20945
23511 20946
23512 20947
23514 20948
23515 20949
23516 20950
23517 20951
23518 20952
23519 20953
23520 20954
23521 20955
23522 20956
23523 20957
23524 20958
23525 20959
23527 20960
23528 20961
23529 20962
23530 20963
23531 20964
23532 20965
23533 20966
23534 20967
23536 20968
23537 20969
23538 20970
23540 20971
23542 20972
23543 20973
23544 20974
23545 20975
23546 20976
23547 20977
23548 20978
23549 20979
23551 20980
23553 20981
23554 20982
23555 20983
23556 20984
23557 20985
23558 20986
23559 20987
23560 20988
23561 20989
23562 20990
23563 20991
23564 20992
23565 20993
23566 20994
23567 20995
23568 20996
23569 20997
23570 20998
23571 20999
23572 21000
23574 21001
23575 21002
23576 21003
23577 21004
23578 21005
23580 21006
23582 21007
23583 21008
23585 21009
23587 21010
23588 21011
23589 21012
23591 21013
23592 21014
23593 21015
23594 21016
23597 21017
23598 21018
23599 21019
23600 21020
23601 21021
23603 21022
23604 21023
23605 21024
23606 21025
23607 21026
23608 21027
23609 21028
23610 21029
23611 21030
23614 21031
23615 21032
23617 21033
23618 21034
23619 21035
23620 21036
23621 21037
23622 21038
23623 21039
23624 21040
23625 21041
23626 21042
23627 21043
23628 21044
23629 21045
23630 21046
23631 21047
23632 21048
23633 21049
23634 21050
23635 21051
23636 21052
23638 21053
23640 21054
23643 21055
23644 21056
23645 21057
23646 21058
23647 21059
23649 21060
23653 21061
23654 21062
23655 21063
23656 21064
23657 21065
23659 21066
23661 21067
23663 21068
23664 21069
23665 21070
23666 21071
23669 21072
23670 21073
23671 21074
23672 21075
23673 21076
23675 21077
23676 21078
23677 21079
23678 21080
23679 21081
23680 21082
23681 21083
23682 21084
23683 21085
23684 21086
23686 21087
23687 21088
23688 21089
23690 21090
23691 21091
23692 21092
23693 21093
23694 21094
23696 21095
23697 21096
23698 21097
23699 21098
23700 21099
23701 21100
23702 21101
23703 21102
23704 21103
23705 21104
23707 21105
23710 21106
23711 21107
23712 21108
23713 21109
23714 21110
23715 21111
23717 21112
23719 21113
23720 21114
23721 21115
23722 21116
23723 21117
23724 21118
23725 21119
23726 21120
23728 21121
23729 21122
23731 21123
23732 21124
23733 21125
23734 21126
23735 21127
23737 21128
23738 21129
23739 21130
23740 21131
23741 21132
23742 21133
23743 21134
23745 21135
23746 21136
23747 21137
23748 21138
23749 21139
23750 21140
23751 21141
23752 21142
23753 21143
23754 21144
23755 21145
23756 21146
23757 21147
23758 21148
23759 21149
23760 21150
23761 21151
23762 21152
23763 21153
23764 21154
23765 21155
23766 21156
23767 21157
23769 21158
23770 21159
23771 21160
23772 21161
23773 21162
23774 21163
23777 21164
23778 21165
23779 21166
23780 21167
23781 21168
23782 21169
23783 21170
23785 21171
23786 21172
23787 21173
23788 21174
23791 21175
23792 21176
23794 21177
23795 21178
23797 21179
23799 21180
23800 21181
23801 21182
23802 21183
23803 21184
23804 21185
23805 21186
23806 21187
23808 21188
23809 21189
23810 21190
23811 21191
23812 21192
23813 21193
23814 21194
23815 21195
23816 21196
23817 21197
23818 21198
23819 21199
23820 21200
23821 21201
23823 21202
23824 21203
23825 21204
23826 21205
23828 21206
23829 21207
23832 21208
23833 21209
23834 21210
23835 21211
23837 21212
23838 21213
23839 21214
23840 21215
23841 21216
23842 21217
23843 21218
23844 21219
23845 21220
23846 21221
23847 21222
23848 21223
23849 21224
23850 21225
23851 21226
23852 21227
23853 21228
23854 21229
23855 21230
23856 21231
23857 21232
23858 21233
23859 21234
23860 21235
23861 21236
23862 21237
23863 21238
23864 21239
23865 21240
23866 21241
23867 21242
23869 21243
23871 21244
23872 21245
23873 21246
23875 21247
23877 21248
23878 21249
23879 21250
23881 21251
23882 21252
23883 21253
23884 21254
23885 21255
23887 21256
23889 21257
23890 21258
23891 21259
23892 21260
23893 21261
23894 21262
23895 21263
23896 21264
23897 21265
23898 21266
23900 21267
23903 21268
23904 21269
23905 21270
23906 21271
23907 21272
23908 21273
23911 21274
23912 21275
23913 21276
23914 21277
23915 21278
23916 21279
23917 21280
23918 21281
23919 21282
23920 21283
23922 21284
23923 21285
23925 21286
23926 21287
23927 21288
23928 21289
23929 21290
23930 21291
23931 21292
23932 21293
23933 21294
23934 21295
23935 21296
23936 21297
23937 21298
23938 21299
23939 21300
23940 21301
23942 21302
23943 21303
23944 21304
23946 21305
23947 21306
23948 21307
23949 21308
23950 21309
23951 21310
23952 21311
23953 21312
23954 21313
23955 21314
23956 21315
23957 21316
23960 21317
23961 21318
23962 21319
23963 21320
23964 21321
23965 21322
23966 21323
23967 21324
23968 21325
23969 21326
23970 21327
23972 21328
23973 21329
23974 21330
23977 21331
23978 21332
23979 21333
23981 21334
23982 21335
23983 21336
23985 21337
23986 21338
23987 21339
23988 21340
23989 21341
23990 21342
23991 21343
23993 21344
23994 21345
23995 21346
23996 21347
23997 21348
23998 21349
23999 21350
24000 21351
24001 21352
24003 21353
24004 21354
24005 21355
24007 21356
24008 21357
24011 21358
24012 21359
24014 21360
24015 21361
24016 21362
24017 21363
24020 21364
24021 21365
24022 21366
24023 21367
24024 21368
24025 21369
24026 21370
24027 21371
24028 21372
24029 21373
24031 21374
24032 21375
24033 21376
24034 21377
24035 21378
24036 21379
24037 21380
24038 21381
24039 21382
24040 21383
24041 21384
24042 21385
24043 21386
24044 21387
24045 21388
24046 21389
24047 21390
24048 21391
24049 21392
24051 21393
24052 21394
24053 21395
24054 21396
24055 21397
24056 21398
24057 21399
24058 21400
24059 21401
24060 21402
24061 21403
24062 21404
24063 21405
24064 21406
24065 21407
24066 21408
24067 21409
24069 21410
24071 21411
24073 21412
24075 21413
24076 21414
24077 21415
24078 21416
24079 21417
24080 21418
24081 21419
24082 21420
24083 21421
24085 21422
24086 21423
24087 21424
24088 21425
24089 21426
24090 21427
24091 21428
24092 21429
24093 21430
24094 21431
24095 21432
24096 21433
24097 21434
24098 21435
24099 21436
24100 21437
24103 21438
24105 21439
24106 21440
24107 21441
24108 21442
24109 21443
24110 21444
24111 21445
24112 21446
24113 21447
24114 21448
24115 21449
24118 21450
24119 21451
24120 21452
24121 21453
24122 21454
24123 21455
24124 21456
24125 21457
24126 21458
24127 21459
24128 21460
24129 21461
24130 21462
24131 21463
24132 21464
24133 21465
24134 21466
24135 21467
24136 21468
24137 21469
24138 21470
24140 21471
24141 21472
24142 21473
24143 21474
24144 21475
24145 21476
24147 21477
24149 21478
24150 21479
24151 21480
24152 21481
24153 21482
24154 21483
24155 21484
24156 21485
24157 21486
24158 21487
24159 21488
24160 21489
24161 21490
24162 21491
24163 21492
24164 21493
24165 21494
24166 21495
24167 21496
24168 21497
24169 21498
24170 21499
24171 21500
24172 21501
24173 21502
24174 21503
24175 21504
24176 21505
24178 21506
24179 21507
24180 21508
24181 21509
24182 21510
24183 21511
24184 21512
24185 21513
24186 21514
24187 21515
24188 21516
24189 21517
24190 21518
24191 21519
24192 21520
24193 21521
24194 21522
24195 21523
24196 21524
24198 21525
24199 21526
24200 21527
24201 21528
24203 21529
24204 21530
24205 21531
24206 21532
24209 21533
24210 21534
24212 21535
24213 21536
24214 21537
24215 21538
24219 21539
24220 21540
24221 21541
24222 21542
24223 21543
24224 21544
24225 21545
24226 21546
24227 21547
24228 21548
24229 21549
24230 21550
24231 21551
24232 21552
24233 21553
24234 21554
24236 21555
24238 21556
24240 21557
24241 21558
24242 21559
24243 21560
24244 21561
24245 21562
24246 21563
24247 21564
24248 21565
24249 21566
24250 21567
24251 21568
24252 21569
24253 21570
24254 21571
24255 21572
24257 21573
24258 21574
24259 21575
24260 21576
24261 21577
24262 21578
24263 21579
24264 21580
24265 21581
24266 21582
24267 21583
24269 21584
24271 21585
24272 21586
24273 21587
24274 21588
24276 21589
24277 21590
24279 21591
24280 21592
24281 21593
24283 21594
24284 21595
24285 21596
24286 21597
24287 21598
24288 21599
24289 21600
24290 21601
24291 21602
24293 21603
24294 21604
24295 21605
24296 21606
24297 21607
24299 21608
24300 21609
24301 21610
24302 21611
24303 21612
24304 21613
24305 21614
24306 21615
24307 21616
24308 21617
24309 21618
24310 21619
24311 21620
24312 21621
24313 21622
24315 21623
24316 21624
24317 21625
24318 21626
24319 21627
24320 21628
24321 21629
24322 21630
24323 21631
24324 21632
24325 21633
24326 21634
24327 21635
24328 21636
24329 21637
24330 21638
24332 21639
24333 21640
24334 21641
24335 21642
24336 21643
24337 21644
24338 21645
24339 21646
24340 21647
24341 21648
24342 21649
24343 21650
24344 21651
24345 21652
24346 21653
24348 21654
24349 21655
24350 21656
24351 21657
24352 21658
24354 21659
24355 21660
24356 21661
24357 21662
24358 21663
24359 21664
24360 21665
24361 21666
24363 21667
24364 21668
24365 21669
24366 21670
24367 21671
24368 21672
24369 21673
24370 21674
24371 21675
24372 21676
24373 21677
24374 21678
24375 21679
24376 21680
24377 21681
24378 21682
24379 21683
24380 21684
24381 21685
24382 21686
24383 21687
24386 21688
24387 21689
24389 21690
24390 21691
24391 21692
24392 21693
24394 21694
24395 21695
24396 21696
24397 21697
24398 21698
24399 21699
24402 21700
24403 21701
24404 21702
24405 21703
24407 21704
24409 21705
24410 21706
24411 21707
24412 21708
24413 21709
24414 21710
24415 21711
24416 21712
24417 21713
24418 21714
24419 21715
24420 21716
24421 21717
24422 21718
24423 21719
24424 21720
24425 21721
24426 21722
24427 21723
24428 21724
24429 21725
24430 21726
24431 21727
24432 21728
24433 21729
24434 21730
24435 21731
24436 21732
24437 21733
24438 21734
24439 21735
24440 21736
24442 21737
24443 21738
24444 21739
24445 21740
24446 21741
24448 21742
24449 21743
24450 21744
24452 21745
24453 21746
24454 21747
24455 21748
24456 21749
24457 21750
24458 21751
24459 21752
24460 21753
24461 21754
24463 21755
24464 21756
24465 21757
24466 21758
24467 21759
24469 21760
24470 21761
24471 21762
24472 21763
24474 21764
24475 21765
24476 21766
24477 21767
24478 21768
24479 21769
24480 21770
24481 21771
24482 21772
24483 21773
24484 21774
24485 21775
24486 21776
24487 21777
24489 21778
24490 21779
24491 21780
24492 21781
24493 21782
24495 21783
24496 21784
24499 21785
24500 21786
24502 21787
24503 21788
24504 21789
24505 21790
24506 21791
24507 21792
24508 21793
24510 21794
24511 21795
24512 21796
24515 21797
24518 21798
24519 21799
24520 21800
24521 21801
24523 21802
24524 21803
24525 21804
24526 21805
24527 21806
24528 21807
24530 21808
24531 21809
24533 21810
24534 21811
24535 21812
24538 21813
24539 21814
24540 21815
24541 21816
24542 21817
24543 21818
24544 21819
24546 21820
24547 21821
24548 21822
24549 21823
24551 21824
24552 21825
24553 21826
24554 21827
24555 21828
24556 21829
24558 21830
24559 21831
24560 21832
24561 21833
24562 21834
24563 21835
24564 21836
24567 21837
24568 21838
24569 21839
24570 21840
24571 21841
24573 21842
24574 21843
24575 21844
24576 21845
24577 21846
24578 21847
24579 21848
24580 21849
24581 21850
24582 21851
24583 21852
24585 21853
24587 21854
24588 21855
24589 21856
24590 21857
24591 21858
24593 21859
24594 21860
24595 21861
24596 21862
24597 21863
24598 21864
24599 21865
24600 21866
24601 21867
24602 21868
24603 21869
24604 21870
24605 21871
24606 21872
24608 21873
24609 21874
24610 21875
24611 21876
24612 21877
24613 21878
24614 21879
24616 21880
24617 21881
24618 21882
24620 21883
24621 21884
24623 21885
24624 21886
24626 21887
24627 21888
24629 21889
24630 21890
24631 21891
24632 21892
24633 21893
24634 21894
24635 21895
24637 21896
24638 21897
24639 21898
24640 21899
24641 21900
24642 21901
24643 21902
24644 21903
24645 21904
24646 21905
24648 21906
24649 21907
24652 21908
24653 21909
24654 21910
24655 21911
24656 21912
24657 21913
24658 21914
24659 21915
24660 21916
24661 21917
24663 21918
24664 21919
24666 21920
24667 21921
24669 21922
24670 21923
24671 21924
24672 21925
24673 21926
24674 21927
24675 21928
24676 21929
24677 21930
24678 21931
24679 21932
24681 21933
24682 21934
24683 21935
24684 21936
24687 21937
24688 21938
24691 21939
24692 21940
24693 21941
24695 21942
24696 21943
24697 21944
24698 21945
24700 21946
24701 21947
24704 21948
24706 21949
24708 21950
24709 21951
24710 21952
24711 21953
24712 21954
24713 21955
24714 21956
24715 21957
24716 21958
24717 21959
24718 21960
24719 21961
24720 21962
24721 21963
24723 21964
24724 21965
24725 21966
24726 21967
24727 21968
24728 21969
24729 21970
24730 21971
24731 21972
24732 21973
24735 21974
24736 21975
24738 21976
24739 21977
24740 21978
24741 21979
24742 21980
24743 21981
24744 21982
24745 21983
24746 21984
24747 21985
24748 21986
24749 21987
24750 21988
24751 21989
24753 21990
24754 21991
24755 21992
24756 21993
24758 21994
24759 21995
24760 21996
24762 21997
24763 21998
24765 21999
24766 22000
24768 22001
24769 22002
24771 22003
24772 22004
24773 22005
24774 22006
24775 22007
24776 22008
24778 22009
24779 22010
24780 22011
24781 22012
24783 22013
24784 22014
24785 22015
24786 22016
24787 22017
24789 22018
24790 22019
24791 22020
24792 22021
24793 22022
24794 22023
24795 22024
24796 22025
24797 22026
24798 22027
24799 22028
24801 22029
24802 22030
24805 22031
24806 22032
24807 22033
24808 22034
24809 22035
24810 22036
24811 22037
24812 22038
24813 22039
24814 22040
24816 22041
24817 22042
24818 22043
24819 22044
24820 22045
24821 22046
24822 22047
24823 22048
24824 22049
24825 22050
24826 22051
24827 22052
24828 22053
24829 22054
24832 22055
24833 22056
24834 22057
24836 22058
24837 22059
24838 22060
24840 22061
24841 22062
24843 22063
24845 22064
24846 22065
24847 22066
24848 22067
24849 22068
24850 22069
24851 22070
24853 22071
24854 22072
24855 22073
24856 22074
24857 22075
24858 22076
24859 22077
24860 22078
24861 22079
24862 22080
24863 22081
24864 22082
24865 22083
24866 22084
24868 22085
24869 22086
24871 22087
24872 22088
24873 22089
24874 22090
24875 22091
24876 22092
24877 22093
24878 22094
24879 22095
24880 22096
24881 22097
24882 22098
24883 22099
24884 22100
24885 22101
24886 22102
24887 22103
24888 22104
24890 22105
24891 22106
24892 22107
24893 22108
24894 22109
24895 22110
24896 22111
24897 22112
24898 22113
24899 22114
24900 22115
24901 22116
24902 22117
24903 22118
24904 22119
24905 22120
24910 22121
24911 22122
24912 22123
24913 22124
24914 22125
24916 22126
24917 22127
24918 22128
24920 22129
24921 22130
24922 22131
24923 22132
24924 22133
24925 22134
24927 22135
24928 22136
24930 22137
24932 22138
24933 22139
24934 22140
24936 22141
24937 22142
24938 22143
24941 22144
24942 22145
24943 22146
24944 22147
24945 22148
24946 22149
24947 22150
24948 22151
24949 22152
24950 22153
24951 22154
24952 22155
24953 22156
24954 22157
24955 22158
24956 22159
24957 22160
24958 22161
24959 22162
24960 22163
24961 22164
24962 22165
24963 22166
24964 22167
24965 22168
24966 22169
24968 22170
24970 22171
24971 22172
24972 22173
24973 22174
24974 22175
24975 22176
24976 22177
24977 22178
24978 22179
24979 22180
24980 22181
24981 22182
24982 22183
24983 22184
24984 22185
24986 22186
24987 22187
24988 22188
24989 22189
24990 22190
24991 22191
24992 22192
24993 22193
24994 22194
24995 22195
24996 22196
24997 22197
24998 22198
24999 22199
25000 22200
25001 22201
25002 22202
25003 22203
25005 22204
25006 22205
25007 22206
25008 22207
25009 22208
25010 22209
25011 22210
25013 22211
25014 22212
25015 22213
25016 22214
25017 22215
25018 22216
25019 22217
25020 22218
25024 22219
25025 22220
25027 22221
25028 22222
25030 22223
25031 22224
25032 22225
25033 22226
25034 22227
25036 22228
25037 22229
25038 22230
25039 22231
25041 22232
25042 22233
25043 22234
25044 22235
25045 22236
25046 22237
25047 22238
25048 22239
25049 22240
25051 22241
25052 22242
25053 22243
25054 22244
25056 22245
25057 22246
25058 22247
25059 22248
25060 22249
25061 22250
25062 22251
25063 22252
25064 22253
25065 22254
25066 22255
25067 22256
25068 22257
25069 22258
25070 22259
25071 22260
25072 22261
25073 22262
25074 22263
25075 22264
25076 22265
25077 22266
25078 22267
25079 22268
25080 22269
25081 22270
25082 22271
25083 22272
25084 22273
25085 22274
25086 22275
25087 22276
25088 22277
25090 22278
25091 22279
25092 22280
25093 22281
25094 22282
25095 22283
25096 22284
25097 22285
25099 22286
25101 22287
25103 22288
25104 22289
25107 22290
25109 22291
25110 22292
25112 22293
25113 22294
25114 22295
25115 22296
25116 22297
25117 22298
25118 22299
25119 22300
25121 22301
25122 22302
25125 22303
25126 22304
25128 22305
25129 22306
25130 22307
25131 22308
25132 22309
25133 22310
25134 22311
25135 22312
25137 22313
25138 22314
25139 22315
25140 22316
25142 22317
25143 22318
25144 22319
25145 22320
25146 22321
25147 22322
25149 22323
25150 22324
25151 22325
25152 22326
25153 22327
25154 22328
25155 22329
25156 22330
25157 22331
25158 22332
25159 22333
25160 22334
25161 22335
25162 22336
25163 22337
25164 22338
25165 22339
25166 22340
25167 22341
25168 22342
25169 22343
25170 22344
25171 22345
25172 22346
25173 22347
25176 22348
25177 22349
25178 22350
25179 22351
25181 22352
25182 22353
25183 22354
25184 22355
25185 22356
25186 22357
25187 22358
25188 22359
25191 22360
25192 22361
25193 22362
25194 22363
25195 22364
25196 22365
25197 22366
25198 22367
25199 22368
25200 22369
25201 22370
25202 22371
25203 22372
25204 22373
25205 22374
25206 22375
25207 22376
25210 22377
25211 22378
25212 22379
25213 22380
25214 22381
25215 22382
25216 22383
25217 22384
25218 22385
25219 22386
25220 22387
25221 22388
25222 22389
25223 22390
25224 22391
25225 22392
25226 22393
25227 22394
25228 22395
25229 22396
25230 22397
25231 22398
25233 22399
25235 22400
25238 22401
25239 22402
25240 22403
25241 22404
25243 22405
25244 22406
25245 22407
25246 22408
25247 22409
25248 22410
25249 22411
25250 22412
25252 22413
25254 22414
25255 22415
25256 22416
25259 22417
25260 22418
25261 22419
25262 22420
25263 22421
25264 22422
25265 22423
25267 22424
25268 22425
25269 22426
25270 22427
25271 22428
25272 22429
25273 22430
25276 22431
25277 22432
25278 22433
25279 22434
25280 22435
25281 22436
25285 22437
25286 22438
25287 22439
25289 22440
25290 22441
25291 22442
25292 22443
25293 22444
25297 22445
25298 22446
25299 22447
25300 22448
25301 22449
25302 22450
25303 22451
25304 22452
25306 22453
25307 22454
25308 22455
25310 22456
25311 22457
25312 22458
25313 22459
25314 22460
25315 22461
25317 22462
25320 22463
25321 22464
25322 22465
25323 22466
25324 22467
25325 22468
25327 22469
25328 22470
25329 22471
25330 22472
25332 22473
25333 22474
25334 22475
25335 22476
25336 22477
25337 22478
25338 22479
25339 22480
25340 22481
25341 22482
25342 22483
25343 22484
25345 22485
25346 22486
25347 22487
25348 22488
25349 22489
25350 22490
25351 22491
25352 22492
25353 22493
25354 22494
25355 22495
25356 22496
25357 22497
25359 22498
25360 22499
25362 22500
25363 22501
25364 22502
25365 22503
25366 22504
25367 22505
25368 22506
25369 22507
25370 22508
25373 22509
25374 22510
25375 22511
25376 22512
25377 22513
25378 22514
25379 22515
25380 22516
25381 22517
25382 22518
25383 22519
25384 22520
25385 22521
25387 22522
25388 22523
25391 22524
25392 22525
25393 22526
25394 22527
25395 22528
25396 22529
25397 22530
25398 22531
25399 22532
25400 22533
25402 22534
25403 22535
25404 22536
25405 22537
25406 22538
25407 22539
25408 22540
25409 22541
25410 22542
25411 22543
25413 22544
25414 22545
25415 22546
25417 22547
25418 22548
25419 22549
25420 22550
25421 22551
25423 22552
25425 22553
25426 22554
25427 22555
25428 22556
25429 22557
25431 22558
25432 22559
25433 22560
25434 22561
25435 22562
25437 22563
25438 22564
25439 22565
25442 22566
25443 22567
25444 22568
25445 22569
25446 22570
25447 22571
25448 22572
25451 22573
25452 22574
25453 22575
25454 22576
25456 22577
25457 22578
25458 22579
25459 22580
25460 22581
25461 22582
25463 22583
25464 22584
25465 22585
25466 22586
25468 22587
25470 22588
25471 22589
25472 22590
25473 22591
25474 22592
25475 22593
25476 22594
25477 22595
25478 22596
25479 22597
25480 22598
25481 22599
25482 22600
25483 22601
25484 22602
25485 22603
25486 22604
25487 22605
25488 22606
25489 22607
25490 22608
25491 22609
25492 22610
25493 22611
25494 22612
25495 22613
25496 22614
25497 22615
25498 22616
25500 22617
25501 22618
25503 22619
25504 22620
25506 22621
25507 22622
25508 22623
25509 22624
25510 22625
25513 22626
25514 22627
25517 22628
25518 22629
25519 22630
25520 22631
25521 22632
25522 22633
25523 22634
25524 22635
25526 22636
25528 22637
25530 22638
25531 22639
25532 22640
25533 22641
25534 22642
25535 22643
25536 22644
25537 22645
25538 22646
25539 22647
25540 22648
25541 22649
25542 22650
25543 22651
25544 22652
25545 22653
25546 22654
25547 22655
25548 22656
25549 22657
25550 22658
25551 22659
25552 22660
25554 22661
25555 22662
25556 22663
25557 22664
25558 22665
25559 22666
25560 22667
25562 22668
25564 22669
25565 22670
25566 22671
25567 22672
25568 22673
25569 22674
25570 22675
25573 22676
25574 22677
25575 22678
25576 22679
25577 22680
25578 22681
25579 22682
25580 22683
25581 22684
25582 22685
25583 22686
25584 22687
25585 22688
25586 22689
25587 22690
25588 22691
25589 22692
25590 22693
25591 22694
25592 22695
25593 22696
25594 22697
25595 22698
25596 22699
25597 22700
25598 22701
25600 22702
25601 22703
25602 22704
25603 22705
25606 22706
25607 22707
25608 22708
25609 22709
25610 22710
25611 22711
25612 22712
25613 22713
25614 22714
25616 22715
25618 22716
25619 22717
25620 22718
25621 22719
25622 22720
25623 22721
25624 22722
25625 22723
25627 22724
25628 22725
25629 22726
25630 22727
25631 22728
25634 22729
25635 22730
25636 22731
25637 22732
25638 22733
25639 22734
25640 22735
25641 22736
25642 22737
25645 22738
25647 22739
25648 22740
25649 22741
25650 22742
25652 22743
25653 22744
25654 22745
25655 22746
25656 22747
25658 22748
25659 22749
25660 22750
25662 22751
25663 22752
25664 22753
25665 22754
25666 22755
25667 22756
25668 22757
25669 22758
25670 22759
25671 22760
25672 22761
25673 22762
25674 22763
25675 22764
25676 22765
25677 22766
25679 22767
25680 22768
25681 22769
25682 22770
25684 22771
25685 22772
25686 22773
25687 22774
25688 22775
25689 22776
25690 22777
25691 22778
25692 22779
25693 22780
25694 22781
25695 22782
25696 22783
25697 22784
25698 22785
25699 22786
25700 22787
25701 22788
25703 22789
25704 22790
25705 22791
25706 22792
25707 22793
25708 22794
25709 22795
25710 22796
25712 22797
25713 22798
25714 22799
25717 22800
25718 22801
25719 22802
25720 22803
25722 22804
25723 22805
25724 22806
25725 22807
25726 22808
25727 22809
25728 22810
25729 22811
25733 22812
25734 22813
25735 22814
25736 22815
25737 22816
25738 22817
25739 22818
25740 22819
25741 22820
25742 22821
25743 22822
25744 22823
25746 22824
25747 22825
25748 22826
25750 22827
25751 22828
25753 22829
25755 22830
25756 22831
25757 22832
25759 22833
25760 22834
25761 22835
25762 22836
25763 22837
25764 22838
25765 22839
25766 22840
25767 22841
25768 22842
25769 22843
25770 22844
25771 22845
25772 22846
25773 22847
25774 22848
25775 22849
25776 22850
25777 22851
25778 22852
25779 22853
25780 22854
25781 22855
25782 22856
25784 22857
25785 22858
25786 22859
25787 22860
25788 22861
25790 22862
25791 22863
25792 22864
25793 22865
25794 22866
25797 22867
25798 22868
25799 22869
25800 22870
25801 22871
25802 22872
25803 22873
25804 22874
25805 22875
25806 22876
25807 22877
25809 22878
25810 22879
25811 22880
25812 22881
25813 22882
25814 22883
25815 22884
25816 22885
25817 22886
25821 22887
25822 22888
25823 22889
25825 22890
25826 22891
25827 22892
25828 22893
25829 22894
25832 22895
25834 22896
25835 22897
25836 22898
25837 22899
25838 22900
25839 22901
25841 22902
25844 22903
25845 22904
25846 22905
25847 22906
25848 22907
25849 22908
25851 22909
25852 22910
25853 22911
25854 22912
25855 22913
25856 22914
25857 22915
25858 22916
25860 22917
25861 22918
25862 22919
25864 22920
25865 22921
25866 22922
25867 22923
25868 22924
25869 22925
25870 22926
25871 22927
25872 22928
25874 22929
25875 22930
25876 22931
25877 22932
25880 22933
25881 22934
25882 22935
25883 22936
25885 22937
25886 22938
25887 22939
25888 22940
25889 22941
25890 22942
25891 22943
25892 22944
25893 22945
25894 22946
25895 22947
25896 22948
25897 22949
25899 22950
25900 22951
25901 22952
25902 22953
25903 22954
25904 22955
25905 22956
25906 22957
25907 22958
25908 22959
25909 22960
25910 22961
25911 22962
25912 22963
25913 22964
25914 22965
25915 22966
25916 22967
25918 22968
25919 22969
25920 22970
25921 22971
25922 22972
25924 22973
25925 22974
25926 22975
25927 22976
25928 22977
25930 22978
25931 22979
25932 22980
25933 22981
25934 22982
25935 22983
25938 22984
25939 22985
25940 22986
25941 22987
25942 22988
25943 22989
25944 22990
25945 22991
25947 22992
25948 22993
25949 22994
25950 22995
25953 22996
25954 22997
25955 22998
25956 22999
25957 23000
25958 23001
25959 23002
25960 23003
25961 23004
25962 23005
25963 23006
25964 23007
25965 23008
25966 23009
25967 23010
25968 23011
25970 23012
25971 23013
25972 23014
25973 23015
25974 23016
25975 23017
25977 23018
25978 23019
25979 23020
25980 23021
25982 23022
25983 23023
25985 23024
25987 23025
25988 23026
25989 23027
25990 23028
25991 23029
25992 23030
25994 23031
25995 23032
25996 23033
25997 23034
25998 23035
25999 23036
26000 23037
26001 23038
26002 23039
26003 23040
26004 23041
26005 23042
26006 23043
26007 23044
26008 23045
26009 23046
26010 23047
26011 23048
26012 23049
26013 23050
26014 23051
26015 23052
26016 23053
26018 23054
26019 23055
26020 23056
26022 23057
26023 23058
26025 23059
26027 23060
26028 23061
26031 23062
26032 23063
26033 23064
26034 23065
26036 23066
26039 23067
26041 23068
26042 23069
26043 23070
26044 23071
26045 23072
26047 23073
26049 23074
26051 23075
26052 23076
26053 23077
26054 23078
26055 23079
26056 23080
26057 23081
26058 23082
26059 23083
26060 23084
26061 23085
26062 23086
26063 23087
26064 23088
26065 23089
26066 23090
26067 23091
26068 23092
26069 23093
26070 23094
26071 23095
26073 23096
26074 23097
26075 23098
26076 23099
26077 23100
26078 23101
26079 23102
26080 23103
26081 23104
26082 23105
26084 23106
26085 23107
26087 23108
26088 23109
26089 23110
26090 23111
26091 23112
26093 23113
26094 23114
26095 23115
26096 23116
26097 23117
26098 23118
26099 23119
26100 23120
26101 23121
26102 23122
26103 23123
26105 23124
26106 23125
26108 23126
26109 23127
26110 23128
26111 23129
26112 23130
26113 23131
26114 23132
26115 23133
26118 23134
26119 23135
26120 23136
26121 23137
26122 23138
26123 23139
26124 23140
26126 23141
26127 23142
26128 23143
26129 23144
26131 23145
26132 23146
26134 23147
26135 23148
26136 23149
26137 23150
26138 23151
26139 23152
26140 23153
26141 23154
26142 23155
26143 23156
26144 23157
26145 23158
26146 23159
26147 23160
26148 23161
26149 23162
26150 23163
26151 23164
26152 23165
26153 23166
26154 23167
26155 23168
26156 23169
26157 23170
26158 23171
26159 23172
26160 23173
26161 23174
26162 23175
26163 23176
26164 23177
26165 23178
26166 23179
26167 23180
26168 23181
26169 23182
26170 23183
26171 23184
26172 23185
26173 23186
26174 23187
26175 23188
26177 23189
26178 23190
26179 23191
26180 23192
26181 23193
26182 23194
26183 23195
26185 23196
26186 23197
26187 23198
26188 23199
26189 23200
26190 23201
26192 23202
26193 23203
26195 23204
26196 23205
26197 23206
26198 23207
26200 23208
26202 23209
26203 23210
26206 23211
26207 23212
26210 23213
26213 23214
26214 23215
26215 23216
26218 23217
26219 23218
26220 23219
26221 23220
26222 23221
26223 23222
26224 23223
26225 23224
26226 23225
26228 23226
26229 23227
26230 23228
26231 23229
26232 23230
26233 23231
26234 23232
26235 23233
26237 23234
26238 23235
26239 23236
26240 23237
26241 23238
26242 23239
26244 23240
26245 23241
26246 23242
26247 23243
26248 23244
26249 23245
26252 23246
26254 23247
26255 23248
26256 23249
26258 23250
26259 23251
26260 23252
26261 23253
26262 23254
26263 23255
26264 23256
26265 23257
26266 23258
26268 23259
26269 23260
26270 23261
26271 23262
26272 23263
26273 23264
26274 23265
26275 23266
26276 23267
26277 23268
26278 23269
26279 23270
26280 23271
26281 23272
26282 23273
26284 23274
26285 23275
26286 23276
26288 23277
26290 23278
26292 23279
26293 23280
26294 23281
26295 23282
26296 23283
26297 23284
26298 23285
26299 23286
26303 23287
26304 23288
26305 23289
26306 23290
26307 23291
26308 23292
26309 23293
26310 23294
26311 23295
26312 23296
26313 23297
26314 23298
26315 23299
26316 23300
26317 23301
26318 23302
26319 23303
26320 23304
26321 23305
26322 23306
26323 23307
26324 23308
26325 23309
26326 23310
26327 23311
26328 23312
26329 23313
26330 23314
26332 23315
26333 23316
26334 23317
26335 23318
26336 23319
26337 23320
26338 23321
26339 23322
26340 23323
26341 23324
26342 23325
26344 23326
26345 23327
26346 23328
26347 23329
26348 23330
26349 23331
26350 23332
26351 23333
26352 23334
26353 23335
26355 23336
26356 23337
26357 23338
26358 23339
26359 23340
26360 23341
26363 23342
26364 23343
26365 23344
26366 23345
26368 23346
26369 23347
26370 23348
26371 23349
26372 23350
26373 23351
26374 23352
26375 23353
26377 23354
26378 23355
26379 23356
26380 23357
26381 23358
26382 23359
26383 23360
26384 23361
26385 23362
26386 23363
26387 23364
26389 23365
26390 23366
26392 23367
26393 23368
26394 23369
26396 23370
26398 23371
26400 23372
26401 23373
26402 23374
26403 23375
26405 23376
26406 23377
26407 23378
26408 23379
26409 23380
26410 23381
26411 23382
26412 23383
26414 23384
26415 23385
26416 23386
26417 23387
26418 23388
26419 23389
26420 23390
26421 23391
26422 23392
26423 23393
26424 23394
26425 23395
26426 23396
26427 23397
26428 23398
26429 23399
26432 23400
26433 23401
26434 23402
26435 23403
26436 23404
26437 23405
26438 23406
26439 23407
26440 23408
26441 23409
26442 23410
26443 23411
26444 23412
26445 23413
26446 23414
26448 23415
26449 23416
26451 23417
26452 23418
26453 23419
26454 23420
26455 23421
26456 23422
26457 23423
26458 23424
26459 23425
26461 23426
26462 23427
26463 23428
26464 23429
26465 23430
26466 23431
26467 23432
26468 23433
26469 23434
26470 23435
26472 23436
26473 23437
26474 23438
26475 23439
26476 23440
26477 23441
26478 23442
26479 23443
26480 23444
26481 23445
26482 23446
26483 23447
26484 23448
26485 23449
26486 23450
26487 23451
26488 23452
26489 23453
26490 23454
26491 23455
26492 23456
26493 23457
26494 23458
26495 23459
26496 23460
26497 23461
26498 23462
26499 23463
26502 23464
26503 23465
26504 23466
26505 23467
26506 23468
26507 23469
26511 23470
26512 23471
26513 23472
26514 23473
26515 23474
26516 23475
26519 23476
26520 23477
26522 23478
26523 23479
26524 23480
26525 23481
26526 23482
26527 23483
26528 23484
26529 23485
26530 23486
26531 23487
26532 23488
26533 23489
26534 23490
26535 23491
26536 23492
26537 23493
26538 23494
26539 23495
26540 23496
26541 23497
26542 23498
26543 23499
26544 23500
26545 23501
26546 23502
26547 23503
26548 23504
26549 23505
26550 23506
26551 23507
26552 23508
26553 23509
26555 23510
26556 23511
26557 23512
26558 23513
26559 23514
26560 23515
26562 23516
26564 23517
26566 23518
26567 23519
26569 23520
26570 23521
26571 23522
26572 23523
26575 23524
26576 23525
26577 23526
26578 23527
26579 23528
26581 23529
26582 23530
26583 23531
26584 23532
26585 23533
26587 23534
26588 23535
26591 23536
26592 23537
26593 23538
26594 23539
26595 23540
26596 23541
26598 23542
26600 23543
26601 23544
26602 23545
26603 23546
26604 23547
26605 23548
26607 23549
26608 23550
26609 23551
26610 23552
26611 23553
26612 23554
26613 23555
26614 23556
26615 23557
26616 23558
26617 23559
26618 23560
26619 23561
26620 23562
26621 23563
26622 23564
26623 23565
26624 23566
26625 23567
26626 23568
26627 23569
26629 23570
26630 23571
26631 23572
26632 23573
26633 23574
26634 23575
26635 23576
26637 23577
26638 23578
26640 23579
26641 23580
26642 23581
26643 23582
26644 23583
26645 23584
26646 23585
26647 23586
26649 23587
26650 23588
26651 23589
26652 23590
26653 23591
26654 23592
26655 23593
26656 23594
26659 23595
26660 23596
26661 23597
26662 23598
26663 23599
26664 23600
26665 23601
26666 23602
26667 23603
26668 23604
26670 23605
26671 23606
26672 23607
26673 23608
26674 23609
26675 23610
26677 23611
26678 23612
26681 23613
26684 23614
26685 23615
26686 23616
26687 23617
26688 23618
26689 23619
26690 23620
26691 23621
26692 23622
26694 23623
26695 23624
26696 23625
26697 23626
26699 23627
26700 23628
26702 23629
26703 23630
26704 23631
26706 23632
26707 23633
26708 23634
26710 23635
26711 23636
26712 23637
26713 23638
26714 23639
26715 23640
26716 23641
26717 23642
26718 23643
26719 23644
26720 23645
26721 23646
26722 23647
26723 23648
26724 23649
26725 23650
26726 23651
26727 23652
26728 23653
26729 23654
26730 23655
26731 23656
26732 23657
26733 23658
26735 23659
26736 23660
26737 23661
26738 23662
26739 23663
26741 23664
26742 23665
26743 23666
26744 23667
26745 23668
26746 23669
26748 23670
26749 23671
26750 23672
26751 23673
26754 23674
26755 23675
26756 23676
26757 23677
26758 23678
26760 23679
26761 23680
26762 23681
26763 23682
26764 23683
26765 23684
26766 23685
26767 23686
26770 23687
26771 23688
26773 23689
26774 23690
26775 23691
26776 23692
26777 23693
26779 23694
26780 23695
26781 23696
26783 23697
26784 23698
26785 23699
26786 23700
26789 23701
26790 23702
26792 23703
26793 23704
26794 23705
26795 23706
26797 23707
26798 23708
26799 23709
26801 23710
26802 23711
26803 23712
26804 23713
26805 23714
26806 23715
26807 23716
26808 23717
26809 23718
26811 23719
26812 23720
26813 23721
26814 23722
26815 23723
26816 23724
26817 23725
26819 23726
26820 23727
26821 23728
26822 23729
26823 23730
26825 23731
26826 23732
26827 23733
26829 23734
26830 23735
26831 23736
26832 23737
26834 23738
26835 23739
26836 23740
26837 23741
26838 23742
26839 23743
26840 23744
26841 23745
26844 23746
26846 23747
26847 23748
26848 23749
26849 23750
26850 23751
26851 23752
26852 23753
26853 23754
26854 23755
26855 23756
26856 23757
26857 23758
26858 23759
26859 23760
26861 23761
26862 23762
26863 23763
26864 23764
26867 23765
26869 23766
26870 23767
26872 23768
26873 23769
26874 23770
26875 23771
26877 23772
26878 23773
26879 23774
26881 23775
26884 23776
26886 23777
26887 23778
26888 23779
26889 23780
26890 23781
26891 23782
26893 23783
26897 23784
26898 23785
26899 23786
26900 23787
26901 23788
26902 23789
26903 23790
26904 23791
26905 23792
26906 23793
26909 23794
26911 23795
26912 23796
26913 23797
26914 23798
26915 23799
26916 23800
26917 23801
26918 23802
26919 23803
26920 23804
26921 23805
26922 23806
26924 23807
26925 23808
26926 23809
26927 23810
26928 23811
26929 23812
26930 23813
26932 23814
26933 23815
26934 23816
26935 23817
26936 23818
26937 23819
26938 23820
26939 23821
26940 23822
26942 23823
26943 23824
26944 23825
26945 23826
26946 23827
26947 23828
26948 23829
26949 23830
26951 23831
26952 23832
26953 23833
26955 23834
26956 23835
26957 23836
26958 23837
26959 23838
26960 23839
26961 23840
26962 23841
26964 23842
26965 23843
26966 23844
26967 23845
26968 23846
26969 23847
26970 23848
26971 23849
26972 23850
26973 23851
26974 23852
26975 23853
26976 23854
26977 23855
26979 23856
26981 23857
26982 23858
26983 23859
26984 23860
26985 23861
26986 23862
26987 23863
26988 23864
26989 23865
26990 23866
26991 23867
26993 23868
26994 23869
26995 23870
26996 23871
26997 23872
26998 23873
26999 23874
27000 23875
27001 23876
27002 23877
27003 23878
27004 23879
27005 23880
27006 23881
27007 23882
27008 23883
27010 23884
27011 23885
27012 23886
27013 23887
27014 23888
27015 23889
27017 23890
27018 23891
27019 23892
27021 23893
27022 23894
27024 23895
27025 23896
27026 23897
27027 23898
27028 23899
27029 23900
27030 23901
27032 23902
27033 23903
27034 23904
27035 23905
27036 23906
27037 23907
27038 23908
27039 23909
27040 23910
27041 23911
27042 23912
27043 23913
27044 23914
27047 23915
27048 23916
27050 23917
27051 23918
27053 23919
27054 23920
27055 23921
27056 23922
27057 23923
27058 23924
27060 23925
27061 23926
27062 23927
27064 23928
27065 23929
27067 23930
27068 23931
27069 23932
27070 23933
27071 23934
27073 23935
27074 23936
27075 23937
27076 23938
27077 23939
27078 23940
27079 23941
27080 23942
27081 23943
27082 23944
27083 23945
27084 23946
27085 23947
27086 23948
27087 23949
27088 23950
27089 23951
27091 23952
27092 23953
27093 23954
27095 23955
27096 23956
27097 23957
27098 23958
27099 23959
27101 23960
27103 23961
27104 23962
27105 23963
27106 23964
27107 23965
27108 23966
27109 23967
27110 23968
27111 23969
27112 23970
27114 23971
27115 23972
27117 23973
27118 23974
27119 23975
27120 23976
27121 23977
27122 23978
27125 23979
27126 23980
27127 23981
27128 23982
27129 23983
27130 23984
27131 23985
27132 23986
27133 23987
27134 23988
27135 23989
27136 23990
27138 23991
27139 23992
27140 23993
27141 23994
27142 23995
27144 23996
27146 23997
27147 23998
27148 23999
27149 24000
27150 24001
27152 24002
27154 24003
27155 24004
27156 24005
27157 24006
27158 24007
27159 24008
27161 24009
27163 24010
27164 24011
27166 24012
27168 24013
27169 24014
27170 24015
27171 24016
27172 24017
27173 24018
27174 24019
27175 24020
27176 24021
27178 24022
27179 24023
27180 24024
27183 24025
27184 24026
27185 24027
27186 24028
27188 24029
27189 24030
27191 24031
27192 24032
27193 24033
27194 24034
27195 24035
27196 24036
27198 24037
27199 24038
27200 24039
27201 24040
27202 24041
27204 24042
27205 24043
27206 24044
27207 24045
27208 24046
27209 24047
27211 24048
27212 24049
27214 24050
27215 24051
27216 24052
27217 24053
27218 24054
27219 24055
27220 24056
27221 24057
27222 24058
27223 24059
27224 24060
27225 24061
27226 24062
27227 24063
27228 24064
27229 24065
27230 24066
27231 24067
27232 24068
27233 24069
27234 24070
27235 24071
27236 24072
27238 24073
27239 24074
27240 24075
27241 24076
27242 24077
27243 24078
27244 24079
27245 24080
27246 24081
27247 24082
27248 24083
27249 24084
27252 24085
27253 24086
27254 24087
27255 24088
27256 24089
27257 24090
27258 24091
27259 24092
27260 24093
27261 24094
27262 24095
27263 24096
27264 24097
27265 24098
27266 24099
27267 24100
27268 24101
27269 24102
27271 24103
27272 24104
27273 24105
27274 24106
27275 24107
27276 24108
27277 24109
27278 24110
27279 24111
27280 24112
27281 24113
27282 24114
27283 24115
27284 24116
27285 24117
27286 24118
27287 24119
27289 24120
27290 24121
27291 24122
27292 24123
27293 24124
27294 24125
27295 24126
27296 24127
27297 24128
27298 24129
27299 24130
27300 24131
27301 24132
27302 24133
27303 24134
27304 24135
27305 24136
27307 24137
27308 24138
27309 24139
27310 24140
27311 24141
27312 24142
27314 24143
27315 24144
27316 24145
27317 24146
27318 24147
27319 24148
27320 24149
27321 24150
27322 24151
27323 24152
27325 24153
27327 24154
27328 24155
27329 24156
27330 24157
27331 24158
27332 24159
27333 24160
27334 24161
27336 24162
27338 24163
27339 24164
27340 24165
27341 24166
27342 24167
27343 24168
27344 24169
27345 24170
27346 24171
27347 24172
27348 24173
27349 24174
27350 24175
27351 24176
27352 24177
27354 24178
27355 24179
27356 24180
27357 24181
27358 24182
27359 24183
27360 24184
27361 24185
27362 24186
27363 24187
27364 24188
27365 24189
27366 24190
27367 24191
27368 24192
27370 24193
27371 24194
27372 24195
27373 24196
27375 24197
27376 24198
27377 24199
27378 24200
27379 24201
27382 24202
27383 24203
27384 24204
27387 24205
27388 24206
27389 24207
27390 24208
27391 24209
27392 24210
27393 24211
27397 24212
27399 24213
27400 24214
27401 24215
27402 24216
27403 24217
27404 24218
27405 24219
27406 24220
27407 24221
27408 24222
27410 24223
27411 24224
27413 24225
27414 24226
27415 24227
27416 24228
27417 24229
27418 24230
27419 24231
27421 24232
27422 24233
27423 24234
27424 24235
27425 24236
27426 24237
27427 24238
27428 24239
27429 24240
27430 24241
27431 24242
27432 24243
27433 24244
27435 24245
27437 24246
27439 24247
27441 24248
27442 24249
27444 24250
27446 24251
27448 24252
27449 24253
27450 24254
27451 24255
27453 24256
27455 24257
27456 24258
27457 24259
27458 24260
27459 24261
27460 24262
27461 24263
27462 24264
27463 24265
27464 24266
27465 24267
27466 24268
27467 24269
27469 24270
27470 24271
27471 24272
27472 24273
27473 24274
27475 24275
27476 24276
27477 24277
27478 24278
27479 24279
27480 24280
27482 24281
27483 24282
27484 24283
27486 24284
27487 24285
27488 24286
27489 24287
27490 24288
27491 24289
27492 24290
27494 24291
27495 24292
27497 24293
27498 24294
27499 24295
27500 24296
27501 24297
27502 24298
27503 24299
27504 24300
27505 24301
27506 24302
27507 24303
27508 24304
27509 24305
27510 24306
27511 24307
27512 24308
27513 24309
27514 24310
27515 24311
27516 24312
27517 24313
27518 24314
27519 24315
27520 24316
27521 24317
27522 24318
27523 24319
27524 24320
27525 24321
27526 24322
27527 24323
27528 24324
27529 24325
27530 24326
27531 24327
27532 24328
27533 24329
27534 24330
27535 24331
27537 24332
27538 24333
27539 24334
27540 24335
27541 24336
27542 24337
27543 24338
27544 24339
27545 24340
27546 24341
27547 24342
27549 24343
27550 24344
27551 24345
27552 24346
27555 24347
27556 24348
27557 24349
27558 24350
27559 24351
27560 24352
27561 24353
27562 24354
27563 24355
27564 24356
27566 24357
27567 24358
27568 24359
27569 24360
27570 24361
27571 24362
27572 24363
27574 24364
27575 24365
27576 24366
27577 24367
27578 24368
27579 24369
27580 24370
27581 24371
27582 24372
27583 24373
27584 24374
27585 24375
27586 24376
27587 24377
27588 24378
27589 24379
27591 24380
27592 24381
27594 24382
27595 24383
27596 24384
27597 24385
27598 24386
27599 24387
27600 24388
27601 24389
27602 24390
27603 24391
27604 24392
27605 24393
27606 24394
27607 24395
27608 24396
27610 24397
27611 24398
27613 24399
27614 24400
27615 24401
27617 24402
27618 24403
27619 24404
27620 24405
27621 24406
27622 24407
27623 24408
27625 24409
27626 24410
27627 24411
27628 24412
27630 24413
27631 24414
27632 24415
27633 24416
27634 24417
27635 24418
27636 24419
27637 24420
27639 24421
27640 24422
27641 24423
27643 24424
27644 24425
27645 24426
27646 24427
27647 24428
27648 24429
27649 24430
27650 24431
27651 24432
27652 24433
27653 24434
27655 24435
27656 24436
27658 24437
27659 24438
27660 24439
27661 24440
27662 24441
27664 24442
27665 24443
27666 24444
27668 24445
27669 24446
27670 24447
27671 24448
27672 24449
27673 24450
27674 24451
27675 24452
27676 24453
27677 24454
27678 24455
27679 24456
27680 24457
27681 24458
27682 24459
27684 24460
27686 24461
27687 24462
27689 24463
27690 24464
27692 24465
27693 24466
27694 24467
27695 24468
27696 24469
27697 24470
27699 24471
27700 24472
27701 24473
27702 24474
27706 24475
27707 24476
27708 24477
27709 24478
27710 24479
27711 24480
27712 24481
27714 24482
27716 24483
27717 24484
27718 24485
27719 24486
27720 24487
27721 24488
27722 24489
27723 24490
27724 24491
27725 24492
27727 24493
27728 24494
27729 24495
27730 24496
27731 24497
27732 24498
27733 24499
27735 24500
27736 24501
27737 24502
27738 24503
27739 24504
27740 24505
27741 24506
27744 24507
27745 24508
27746 24509
27747 24510
27749 24511
27751 24512
27752 24513
27753 24514
27754 24515
27755 24516
27756 24517
27757 24518
27758 24519
27759 24520
27760 24521
27761 24522
27762 24523
27763 24524
27764 24525
27765 24526
27766 24527
27767 24528
27768 24529
27769 24530
27771 24531
27772 24532
27773 24533
27774 24534
27775 24535
27778 24536
27781 24537
27782 24538
27783 24539
27785 24540
27786 24541
27787 24542
27788 24543
27789 24544
27791 24545
27792 24546
27793 24547
27794 24548
27795 24549
27796 24550
27797 24551
27798 24552
27799 24553
27800 24554
27801 24555
27802 24556
27803 24557
27804 24558
27805 24559
27806 24560
27807 24561
27809 24562
27810 24563
27811 24564
27812 24565
27813 24566
27814 24567
27815 24568
27816 24569
27817 24570
27818 24571
27820 24572
27821 24573
27822 24574
27823 24575
27824 24576
27825 24577
27826 24578
27827 24579
27828 24580
27829 24581
27830 24582
27831 24583
27832 24584
27833 24585
27834 24586
27835 24587
27836 24588
27837 24589
27838 24590
27839 24591
27840 24592
27841 24593
27842 24594
27843 24595
27844 24596
27846 24597
27847 24598
27848 24599
27850 24600
27851 24601
27852 24602
27853 24603
27854 24604
27855 24605
27856 24606
27857 24607
27859 24608
27861 24609
27864 24610
27865 24611
27866 24612
27867 24613
27868 24614
27869 24615
27870 24616
27871 24617
27874 24618
27875 24619
27876 24620
27877 24621
27878 24622
27879 24623
27880 24624
27881 24625
27882 24626
27883 24627
27885 24628
27886 24629
27887 24630
27888 24631
27889 24632
27890 24633
27891 24634
27892 24635
27893 24636
27895 24637
27897 24638
27898 24639
27899 24640
27900 24641
27901 24642
27902 24643
27903 24644
27904 24645
27906 24646
27907 24647
27908 24648
27910 24649
27912 24650
27913 24651
27914 24652
27916 24653
27917 24654
27918 24655
27919 24656
27920 24657
27921 24658
27922 24659
27923 24660
27925 24661
27926 24662
27927 24663
27928 24664
27929 24665
27930 24666
27931 24667
27933 24668
27934 24669
27935 24670
27936 24671
27937 24672
27938 24673
27940 24674
27941 24675
27942 24676
27943 24677
27944 24678
27945 24679
27946 24680
27947 24681
27948 24682
27949 24683
27950 24684
27951 24685
27952 24686
27954 24687
27955 24688
27956 24689
27957 24690
27958 24691
27960 24692
27963 24693
27964 24694
27965 24695
27966 24696
27967 24697
27968 24698
27969 24699
27970 24700
27971 24701
27972 24702
27973 24703
27974 24704
27975 24705
27976 24706
27977 24707
27978 24708
27979 24709
27980 24710
27981 24711
27982 24712
27983 24713
27984 24714
27985 24715
27986 24716
27987 24717
27989 24718
27990 24719
27991 24720
27992 24721
27993 24722
27995 24723
27996 24724
27998 24725
27999 24726
28000 24727
28001 24728
28002 24729
28004 24730
28005 24731
28006 24732
28007 24733
28008 24734
28012 24735
28014 24736
28015 24737
28018 24738
28020 24739
28021 24740
28023 24741
28024 24742
28025 24743
28026 24744
28027 24745
28032 24746
28034 24747
28035 24748
28036 24749
28037 24750
28038 24751
28041 24752
28042 24753
28043 24754
28044 24755
28045 24756
28046 24757
28047 24758
28048 24759
28049 24760
28050 24761
28052 24762
28053 24763
28055 24764
28056 24765
28057 24766
28058 24767
28059 24768
28060 24769
28062 24770
28065 24771
28066 24772
28067 24773
28068 24774
28069 24775
28070 24776
28071 24777
28072 24778
28073 24779
28074 24780
28075 24781
28076 24782
28078 24783
28079 24784
28080 24785
28081 24786
28082 24787
28083 24788
28084 24789
28085 24790
28086 24791
28087 24792
28088 24793
28089 24794
28090 24795
28091 24796
28092 24797
28093 24798
28094 24799
28095 24800
28096 24801
28097 24802
28098 24803
28099 24804
28101 24805
28102 24806
28103 24807
28104 24808
28105 24809
28106 24810
28107 24811
28108 24812
28109 24813
28110 24814
28111 24815
28112 24816
28113 24817
28114 24818
28115 24819
28116 24820
28119 24821
28120 24822
28121 24823
28123 24824
28126 24825
28127 24826
28128 24827
28129 24828
28130 24829
28132 24830
28133 24831
28134 24832
28135 24833
28136 24834
28137 24835
28138 24836
28139 24837
28140 24838
28141 24839
28142 24840
28143 24841
28145 24842
28146 24843
28147 24844
28148 24845
28149 24846
28150 24847
28151 24848
28152 24849
28153 24850
28154 24851
28155 24852
28156 24853
28158 24854
28159 24855
28160 24856
28161 24857
28162 24858
28163 24859
28164 24860
28165 24861
28166 24862
28167 24863
28168 24864
28169 24865
28171 24866
28172 24867
28173 24868
28174 24869
28175 24870
28176 24871
28177 24872
28178 24873
28179 24874
28181 24875
28182 24876
28183 24877
28184 24878
28185 24879
28186 24880
28187 24881
28188 24882
28189 24883
28190 24884
28191 24885
28192 24886
28193 24887
28194 24888
28195 24889
28197 24890
28199 24891
28200 24892
28201 24893
28202 24894
28203 24895
28204 24896
28205 24897
28206 24898
28207 24899
28208 24900
28209 24901
28210 24902
28211 24903
28212 24904
28213 24905
28214 24906
28215 24907
28216 24908
28217 24909
28219 24910
28220 24911
28222 24912
28223 24913
28224 24914
28225 24915
28227 24916
28228 24917
28229 24918
28230 24919
28231 24920
28233 24921
28234 24922
28235 24923
28236 24924
28238 24925
28240 24926
28241 24927
28242 24928
28244 24929
28245 24930
28246 24931
28247 24932
28248 24933
28249 24934
28250 24935
28251 24936
28252 24937
28253 24938
28254 24939
28255 24940
28256 24941
28257 24942
28259 24943
28260 24944
28261 24945
28262 24946
28263 24947
28264 24948
28265 24949
28267 24950
28268 24951
28269 24952
28270 24953
28271 24954
28272 24955
28273 24956
28274 24957
28275 24958
28276 24959
28277 24960
28278 24961
28279 24962
28280 24963
28281 24964
28282 24965
28283 24966
28284 24967
28285 24968
28286 24969
28288 24970
28289 24971
28290 24972
28291 24973
28292 24974
28293 24975
28294 24976
28296 24977
28297 24978
28298 24979
28299 24980
28300 24981
28301 24982
28302 24983
28303 24984
28304 24985
28305 24986
28306 24987
28307 24988
28308 24989
28309 24990
28311 24991
28312 24992
28313 24993
28314 24994
28315 24995
28316 24996
28317 24997
28318 24998
28320 24999
28321 25000
28322 25001
28323 25002
28324 25003
28325 25004
28326 25005
28328 25006
28330 25007
28333 25008
28334 25009
28335 25010
28337 25011
28345 25012
28347 25013
28348 25014
28349 25015
28350 25016
28352 25017
28353 25018
28354 25019
28355 25020
28356 25021
28357 25022
28359 25023
28360 25024
28361 25025
28362 25026
28363 25027
28365 25028
28366 25029
28367 25030
28368 25031
28369 25032
28371 25033
28372 25034
28373 25035
28374 25036
28375 25037
28376 25038
28378 25039
28379 25040
28381 25041
28382 25042
28383 25043
28384 25044
28385 25045
28386 25046
28387 25047
28388 25048
28389 25049
28390 25050
28391 25051
28392 25052
28393 25053
28394 25054
28395 25055
28396 25056
28397 25057
28398 25058
28400 25059
28401 25060
28402 25061
28403 25062
28405 25063
28406 25064
28407 25065
28408 25066
28409 25067
28410 25068
28411 25069
28412 25070
28414 25071
28415 25072
28416 25073
28417 25074
28418 25075
28419 25076
28420 25077
28421 25078
28422 25079
28423 25080
28424 25081
28425 25082
28426 25083
28427 25084
28428 25085
28429 25086
28430 25087
28432 25088
28433 25089
28434 25090
28435 25091
28436 25092
28438 25093
28439 25094
28440 25095
28441 25096
28442 25097
28444 25098
28445 25099
28446 25100
28447 25101
28448 25102
28449 25103
28450 25104
28451 25105
28452 25106
28453 25107
28454 25108
28455 25109
28456 25110
28457 25111
28459 25112
28460 25113
28461 25114
28463 25115
28464 25116
28465 25117
28466 25118
28467 25119
28470 25120
28471 25121
28472 25122
28473 25123
28474 25124
28477 25125
28478 25126
28479 25127
28481 25128
28482 25129
28483 25130
28484 25131
28485 25132
28488 25133
28489 25134
28490 25135
28491 25136
28492 25137
28493 25138
28494 25139
28495 25140
28496 25141
28497 25142
28498 25143
28499 25144
28500 25145
28502 25146
28503 25147
28504 25148
28505 25149
28506 25150
28507 25151
28508 25152
28509 25153
28510 25154
28511 25155
28512 25156
28513 25157
28514 25158
28515 25159
28516 25160
28517 25161
28518 25162
28519 25163
28520 25164
28521 25165
28522 25166
28524 25167
28525 25168
28526 25169
28527 25170
28528 25171
28529 25172
28530 25173
28531 25174
28532 25175
28533 25176
28535 25177
28536 25178
28539 25179
28540 25180
28541 25181
28542 25182
28544 25183
28545 25184
28547 25185
28548 25186
28550 25187
28551 25188
28552 25189
28554 25190
28555 25191
28556 25192
28557 25193
28558 25194
28559 25195
28560 25196
28561 25197
28562 25198
28563 25199
28564 25200
28565 25201
28567 25202
28568 25203
28569 25204
28570 25205
28572 25206
28574 25207
28575 25208
28576 25209
28577 25210
28579 25211
28580 25212
28581 25213
28582 25214
28583 25215
28584 25216
28585 25217
28586 25218
28587 25219
28589 25220
28590 25221
28591 25222
28593 25223
28596 25224
28597 25225
28598 25226
28599 25227
28600 25228
28602 25229
28603 25230
28604 25231
28605 25232
28606 25233
28607 25234
28608 25235
28609 25236
28610 25237
28611 25238
28612 25239
28613 25240
28614 25241
28615 25242
28616 25243
28617 25244
28619 25245
28620 25246
28621 25247
28622 25248
28623 25249
28625 25250
28626 25251
28627 25252
28628 25253
28629 25254
28630 25255
28631 25256
28632 25257
28634 25258
28635 25259
28636 25260
28637 25261
28638 25262
28640 25263
28641 25264
28642 25265
28643 25266
28644 25267
28645 25268
28646 25269
28647 25270
28648 25271
28649 25272
28650 25273
28651 25274
28652 25275
28653 25276
28655 25277
28656 25278
28657 25279
28658 25280
28659 25281
28660 25282
28661 25283
28662 25284
28663 25285
28665 25286
28666 25287
28670 25288
28671 25289
28672 25290
28673 25291
28674 25292
28675 25293
28676 25294
28677 25295
28679 25296
28680 25297
28681 25298
28684 25299
28686 25300
28687 25301
28688 25302
28689 25303
28690 25304
28691 25305
28692 25306
28693 25307
28694 25308
28695 25309
28696 25310
28697 25311
28698 25312
28700 25313
28701 25314
28702 25315
28703 25316
28704 25317
28706 25318
28707 25319
28708 25320
28709 25321
28710 25322
28711 25323
28712 25324
28717 25325
28718 25326
28719 25327
28720 25328
28721 25329
28722 25330
28724 25331
28725 25332
28726 25333
28728 25334
28729 25335
28730 25336
28731 25337
28732 25338
28734 25339
28735 25340
28736 25341
28737 25342
28738 25343
28739 25344
28740 25345
28741 25346
28742 25347
28743 25348
28744 25349
28745 25350
28746 25351
28747 25352
28748 25353
28749 25354
28750 25355
28752 25356
28754 25357
28755 25358
28756 25359
28757 25360
28758 25361
28759 25362
28760 25363
28761 25364
28762 25365
28764 25366
28765 25367
28767 25368
28768 25369
28769 25370
28770 25371
28771 25372
28772 25373
28773 25374
28774 25375
28778 25376
28779 25377
28780 25378
28781 25379
28782 25380
28783 25381
28784 25382
28785 25383
28786 25384
28787 25385
28788 25386
28789 25387
28790 25388
28791 25389
28792 25390
28794 25391
28795 25392
28796 25393
28798 25394
28799 25395
28800 25396
28802 25397
28803 25398
28804 25399
28805 25400
28807 25401
28808 25402
28809 25403
28810 25404
28811 25405
28813 25406
28814 25407
28815 25408
28818 25409
28819 25410
28820 25411
28821 25412
28822 25413
28823 25414
28824 25415
28826 25416
28827 25417
28828 25418
28829 25419
28830 25420
28831 25421
28832 25422
28833 25423
28834 25424
28835 25425
28836 25426
28837 25427
28838 25428
28839 25429
28840 25430
28841 25431
28842 25432
28843 25433
28844 25434
28845 25435
28847 25436
28848 25437
28849 25438
28850 25439
28851 25440
28852 25441
28853 25442
28856 25443
28857 25444
28859 25445
28860 25446
28861 25447
28862 25448
28863 25449
28865 25450
28866 25451
28868 25452
28870 25453
28871 25454
28873 25455
28874 25456
28879 25457
28880 25458
28881 25459
28882 25460
28883 25461
28885 25462
28886 25463
28887 25464
28888 25465
28889 25466
28891 25467
28892 25468
28893 25469
28894 25470
28895 25471
28896 25472
28897 25473
28898 25474
28899 25475
28900 25476
28901 25477
28902 25478
28903 25479
28904 25480
28905 25481
28906 25482
28908 25483
28909 25484
28910 25485
28911 25486
28912 25487
28913 25488
28914 25489
28915 25490
28917 25491
28918 25492
28919 25493
28920 25494
28921 25495
28922 25496
28923 25497
28924 25498
28925 25499
28927 25500
28928 25501
28929 25502
28930 25503
28931 25504
28932 25505
28933 25506
28934 25507
28935 25508
28939 25509
28940 25510
28941 25511
28942 25512
28943 25513
28946 25514
28947 25515
28949 25516
28950 25517
28951 25518
28952 25519
28953 25520
28954 25521
28955 25522
28956 25523
28957 25524
28958 25525
28959 25526
28960 25527
28961 25528
28962 25529
28963 25530
28964 25531
28965 25532
28966 25533
28967 25534
28968 25535
28969 25536
28972 25537
28973 25538
28974 25539
28975 25540
28976 25541
28978 25542
28979 25543
28980 25544
28981 25545
28983 25546
28984 25547
28985 25548
28986 25549
28987 25550
28989 25551
28990 25552
28991 25553
28992 25554
28993 25555
28994 25556
28995 25557
28996 25558
28997 25559
28999 25560
29001 25561
29004 25562
29005 25563
29006 25564
29007 25565
29008 25566
29009 25567
29010 25568
29011 25569
29012 25570
29013 25571
29014 25572
29015 25573
29016 25574
29017 25575
29019 25576
29021 25577
29022 25578
29023 25579
29025 25580
29026 25581
29027 25582
29028 25583
29029 25584
29031 25585
29032 25586
29033 25587
29034 25588
29035 25589
29036 25590
29037 25591
29038 25592
29040 25593
29041 25594
29042 25595
29043 25596
29044 25597
29045 25598
29046 25599
29047 25600
29048 25601
29049 25602
29050 25603
29051 25604
29052 25605
29053 25606
29054 25607
29055 25608
29056 25609
29057 25610
29058 25611
29059 25612
29060 25613
29061 25614
29062 25615
29063 25616
29066 25617
29067 25618
29069 25619
29070 25620
29071 25621
29072 25622
29073 25623
29075 25624
29078 25625
29079 25626
29080 25627
29081 25628
29082 25629
29084 25630
29085 25631
29087 25632
29089 25633
29090 25634
29091 25635
29092 25636
29094 25637
29096 25638
29097 25639
29098 25640
29099 25641
29101 25642
29102 25643
29103 25644
29104 25645
29105 25646
29106 25647
29107 25648
29108 25649
29110 25650
29111 25651
29112 25652
29113 25653
29114 25654
29116 25655
29117 25656
29118 25657
29119 25658
29120 25659
29123 25660
29124 25661
29126 25662
29128 25663
29129 25664
29130 25665
29131 25666
29132 25667
29133 25668
29134 25669
29135 25670
29136 25671
29138 25672
29139 25673
29140 25674
29141 25675
29143 25676
29144 25677
29145 25678
29146 25679
29147 25680
29149 25681
29150 25682
29151 25683
29152 25684
29153 25685
29154 25686
29155 25687
29157 25688
29158 25689
29159 25690
29160 25691
29161 25692
29162 25693
29164 25694
29165 25695
29166 25696
29167 25697
29168 25698
29169 25699
29170 25700
29171 25701
29172 25702
29173 25703
29174 25704
29175 25705
29176 25706
29177 25707
29178 25708
29179 25709
29181 25710
29182 25711
29183 25712
29185 25713
29186 25714
29187 25715
29188 25716
29189 25717
29191 25718
29195 25719
29196 25720
29197 25721
29198 25722
29199 25723
29200 25724
29201 25725
29202 25726
29204 25727
29205 25728
29206 25729
29208 25730
29209 25731
29210 25732
29212 25733
29213 25734
29214 25735
29216 25736
29217 25737
29218 25738
29220 25739
29222 25740
29223 25741
29224 25742
29225 25743
29226 25744
29227 25745
29228 25746
29229 25747
29230 25748
29232 25749
29235 25750
29236 25751
29237 25752
29238 25753
29241 25754
29242 25755
29244 25756
29245 25757
29246 25758
29247 25759
29249 25760
29250 25761
29251 25762
29252 25763
29255 25764
29256 25765
29257 25766
29259 25767
29260 25768
29262 25769
29263 25770
29265 25771
29267 25772
29268 25773
29269 25774
29270 25775
29271 25776
29273 25777
29274 25778
29275 25779
29276 25780
29277 25781
29278 25782
29279 25783
29280 25784
29281 25785
29282 25786
29283 25787
29284 25788
29287 25789
29288 25790
29289 25791
29290 25792
29291 25793
29295 25794
29296 25795
29297 25796
29298 25797
29299 25798
29300 25799
29301 25800
29302 25801
29303 25802
29304 25803
29305 25804
29306 25805
29307 25806
29308 25807
29309 25808
29310 25809
29311 25810
29312 25811
29313 25812
29314 25813
29315 25814
29317 25815
29318 25816
29319 25817
29320 25818
29321 25819
29322 25820
29323 25821
29324 25822
29325 25823
29326 25824
29328 25825
29329 25826
29331 25827
29332 25828
29335 25829
29336 25830
29337 25831
29339 25832
29340 25833
29341 25834
29342 25835
29343 25836
29344 25837
29345 25838
29346 25839
29347 25840
29348 25841
29351 25842
29352 25843
29353 25844
29354 25845
29355 25846
29356 25847
29359 25848
29360 25849
29361 25850
29362 25851
29363 25852
29364 25853
29365 25854
29366 25855
29367 25856
29368 25857
29369 25858
29370 25859
29371 25860
29373 25861
29375 25862
29377 25863
29378 25864
29379 25865
29380 25866
29381 25867
29382 25868
29383 25869
29384 25870
29385 25871
29386 25872
29387 25873
29388 25874
29389 25875
29390 25876
29392 25877
29393 25878
29394 25879
29395 25880
29396 25881
29397 25882
29398 25883
29399 25884
29400 25885
29401 25886
29402 25887
29403 25888
29404 25889
29405 25890
29406 25891
29407 25892
29408 25893
29409 25894
29410 25895
29411 25896
29412 25897
29413 25898
29414 25899
29416 25900
29417 25901
29419 25902
29420 25903
29421 25904
29422 25905
29424 25906
29425 25907
29426 25908
29427 25909
29428 25910
29429 25911
29433 25912
29434 25913
29435 25914
29436 25915
29438 25916
29439 25917
29440 25918
29442 25919
29443 25920
29444 25921
29445 25922
29446 25923
29447 25924
29448 25925
29451 25926
29453 25927
29454 25928
29455 25929
29456 25930
29457 25931
29458 25932
29459 25933
29460 25934
29461 25935
29462 25936
29464 25937
29465 25938
29466 25939
29467 25940
29468 25941
29469 25942
29470 25943
29471 25944
29472 25945
29473 25946
29474 25947
29475 25948
29476 25949
29479 25950
29480 25951
29481 25952
29482 25953
29483 25954
29484 25955
29485 25956
29486 25957
29487 25958
29488 25959
29489 25960
29490 25961
29491 25962
29492 25963
29493 25964
29494 25965
29495 25966
29496 25967
29497 25968
29498 25969
29499 25970
29500 25971
29501 25972
29502 25973
29503 25974
29504 25975
29505 25976
29506 25977
29507 25978
29508 25979
29509 25980
29510 25981
29511 25982
29513 25983
29514 25984
29515 25985
29516 25986
29517 25987
29518 25988
29519 25989
29520 25990
29521 25991
29522 25992
29523 25993
29525 25994
29529 25995
29530 25996
29532 25997
29533 25998
29534 25999
29535 26000
29536 26001
29537 26002
29538 26003
29539 26004
29541 26005
29543 26006
29544 26007
29545 26008
29546 26009
29547 26010
29549 26011
29550 26012
29553 26013
29554 26014
29556 26015
29557 26016
29560 26017
29561 26018
29562 26019
29563 26020
29564 26021
29565 26022
29566 26023
29567 26024
29569 26025
29570 26026
29571 26027
29572 26028
29573 26029
29575 26030
29576 26031
29577 26032
29578 26033
29579 26034
29580 26035
29581 26036
29582 26037
29583 26038
29584 26039
29585 26040
29586 26041
29587 26042
29588 26043
29589 26044
29590 26045
29591 26046
29592 26047
29594 26048
29595 26049
29596 26050
29597 26051
29598 26052
29599 26053
29600 26054
29601 26055
29602 26056
29603 26057
29604 26058
29605 26059
29606 26060
29607 26061
29608 26062
29609 26063
29610 26064
29611 26065
29612 26066
29613 26067
29614 26068
29616 26069
29618 26070
29619 26071
29622 26072
29623 26073
29624 26074
29625 26075
29626 26076
29627 26077
29628 26078
29632 26079
29633 26080
29634 26081
29636 26082
29637 26083
29638 26084
29640 26085
29641 26086
29642 26087
29643 26088
29644 26089
29645 26090
29646 26091
29647 26092
29648 26093
29649 26094
29650 26095
29651 26096
29652 26097
29653 26098
29654 26099
29655 26100
29656 26101
29657 26102
29658 26103
29659 26104
29660 26105
29661 26106
29662 26107
29663 26108
29665 26109
29666 26110
29667 26111
29668 26112
29669 26113
29670 26114
29671 26115
29673 26116
29674 26117
29675 26118
29676 26119
29677 26120
29679 26121
29680 26122
29681 26123
29682 26124
29683 26125
29684 26126
29685 26127
29686 26128
29687 26129
29689 26130
29690 26131
29691 26132
29692 26133
29694 26134
29695 26135
29696 26136
29697 26137
29700 26138
29703 26139
29705 26140
29706 26141
29707 26142
29708 26143
29709 26144
29710 26145
29711 26146
29714 26147
29715 26148
29716 26149
29717 26150
29718 26151
29721 26152
29722 26153
29723 26154
29724 26155
29725 26156
29726 26157
29728 26158
29729 26159
29730 26160
29731 26161
29732 26162
29733 26163
29734 26164
29735 26165
29736 26166
29737 26167
29738 26168
29740 26169
29742 26170
29744 26171
29745 26172
29746 26173
29747 26174
29750 26175
29751 26176
29752 26177
29754 26178
29755 26179
29756 26180
29759 26181
29760 26182
29761 26183
29762 26184
29763 26185
29764 26186
29765 26187
29767 26188
29768 26189
29772 26190
29774 26191
29775 26192
29776 26193
29777 26194
29779 26195
29780 26196
29781 26197
29782 26198
29783 26199
29784 26200
29785 26201
29786 26202
29787 26203
29788 26204
29789 26205
29791 26206
29792 26207
29793 26208
29794 26209
29797 26210
29798 26211
29799 26212
29800 26213
29801 26214
29802 26215
29803 26216
29806 26217
29807 26218
29809 26219
29810 26220
29811 26221
29812 26222
29813 26223
29814 26224
29815 26225
29816 26226
29817 26227
29818 26228
29819 26229
29820 26230
29821 26231
29822 26232
29823 26233
29824 26234
29825 26235
29826 26236
29827 26237
29828 26238
29829 26239
29830 26240
29831 26241
29832 26242
29833 26243
29834 26244
29835 26245
29836 26246
29837 26247
29838 26248
29839 26249
29840 26250
29841 26251
29842 26252
29843 26253
29844 26254
29845 26255
29847 26256
29848 26257
29849 26258
29850 26259
29851 26260
29852 26261
29853 26262
29854 26263
29855 26264
29856 26265
29857 26266
29858 26267
29859 26268
29861 26269
29862 26270
29863 26271
29864 26272
29865 26273
29866 26274
29867 26275
29868 26276
29869 26277
29870 26278
29871 26279
29872 26280
29874 26281
29875 26282
29876 26283
29877 26284
29878 26285
29879 26286
29880 26287
29881 26288
29882 26289
29883 26290
29884 26291
29885 26292
29886 26293
29887 26294
29888 26295
29889 26296
29891 26297
29892 26298
29894 26299
29896 26300
29897 26301
29898 26302
29899 26303
29900 26304
29902 26305
29904 26306
29905 26307
29906 26308
29907 26309
29908 26310
29909 26311
29910 26312
29912 26313
29913 26314
29914 26315
29915 26316
29916 26317
29917 26318
29918 26319
29919 26320
29920 26321
29921 26322
29922 26323
29923 26324
29924 26325
29925 26326
29926 26327
29927 26328
29928 26329
29929 26330
29930 26331
29931 26332
29935 26333
29937 26334
29939 26335
29941 26336
29942 26337
29943 26338
29944 26339
29945 26340
29946 26341
29947 26342
29948 26343
29949 26344
29950 26345
29951 26346
29952 26347
29953 26348
29954 26349
29955 26350
29956 26351
29958 26352
29959 26353
29960 26354
29961 26355
29963 26356
29964 26357
29965 26358
29966 26359
29967 26360
29968 26361
29969 26362
29970 26363
29971 26364
29972 26365
29974 26366
29975 26367
29976 26368
29977 26369
29978 26370
29979 26371
29980 26372
29982 26373
29983 26374
29984 26375
29985 26376
29986 26377
29987 26378
29988 26379
29989 26380
29990 26381
29991 26382
29992 26383
29993 26384
29994 26385
29995 26386
29996 26387
29997 26388
29998 26389
29999 26390
30001 26391
30002 26392
30003 26393
30004 26394
30005 26395
30006 26396
30007 26397
30008 26398
30009 26399
30010 26400
30011 26401
30012 26402
30013 26403
30014 26404
30015 26405
30016 26406
30017 26407
30018 26408
30019 26409
30020 26410
30021 26411
30022 26412
30023 26413
30024 26414
30025 26415
30026 26416
30027 26417
30028 26418
30029 26419
30030 26420
30031 26421
30032 26422
30033 26423
30034 26424
30035 26425
30036 26426
30037 26427
30038 26428
30039 26429
30040 26430
30042 26431
30043 26432
30044 26433
30045 26434
30046 26435
30047 26436
30048 26437
30049 26438
30050 26439
30051 26440
30052 26441
30053 26442
30054 26443
30055 26444
30056 26445
30057 26446
30058 26447
30059 26448
30060 26449
30061 26450
30062 26451
30063 26452
30065 26453
30066 26454
30067 26455
30068 26456
30069 26457
30071 26458
30072 26459
30073 26460
30075 26461
30076 26462
30077 26463
30078 26464
30079 26465
30080 26466
30082 26467
30083 26468
30084 26469
30085 26470
30088 26471
30090 26472
30091 26473
30093 26474
30094 26475
30095 26476
30096 26477
30097 26478
30099 26479
30100 26480
30102 26481
30103 26482
30104 26483
30105 26484
30106 26485
30107 26486
30108 26487
30109 26488
30110 26489
30111 26490
30112 26491
30113 26492
30114 26493
30115 26494
30116 26495
30117 26496
30118 26497
30119 26498
30120 26499
30121 26500
30122 26501
30123 26502
30124 26503
30125 26504
30126 26505
30128 26506
30129 26507
30130 26508
30131 26509
30132 26510
30133 26511
30135 26512
30136 26513
30138 26514
30139 26515
30140 26516
30141 26517
30142 26518
30143 26519
30144 26520
30148 26521
30149 26522
30150 26523
30152 26524
30153 26525
30154 26526
30156 26527
30157 26528
30159 26529
30160 26530
30161 26531
30162 26532
30163 26533
30165 26534
30167 26535
30168 26536
30171 26537
30172 26538
30174 26539
30176 26540
30177 26541
30178 26542
30180 26543
30181 26544
30182 26545
30183 26546
30184 26547
30185 26548
30186 26549
30187 26550
30191 26551
30192 26552
30194 26553
30195 26554
30196 26555
30197 26556
30198 26557
30200 26558
30201 26559
30202 26560
30203 26561
30204 26562
30205 26563
30206 26564
30207 26565
30208 26566
30209 26567
30210 26568
30211 26569
30212 26570
30213 26571
30214 26572
30215 26573
30216 26574
30217 26575
30219 26576
30220 26577
30221 26578
30222 26579
30223 26580
30225 26581
30227 26582
30228 26583
30229 26584
30230 26585
30232 26586
30233 26587
30234 26588
30235 26589
30236 26590
30237 26591
30238 26592
30239 26593
30240 26594
30241 26595
30242 26596
30243 26597
30244 26598
30247 26599
30249 26600
30250 26601
30251 26602
30252 26603
30253 26604
30254 26605
30255 26606
30256 26607
30257 26608
30258 26609
30259 26610
30260 26611
30261 26612
30262 26613
30263 26614
30264 26615
30265 26616
30266 26617
30267 26618
30268 26619
30269 26620
30270 26621
30271 26622
30273 26623
30274 26624
30275 26625
30278 26626
30279 26627
30280 26628
30281 26629
30282 26630
30283 26631
30284 26632
30286 26633
30287 26634
30289 26635
30290 26636
30291 26637
30292 26638
30293 26639
30294 26640
30295 26641
30297 26642
30298 26643
30299 26644
30300 26645
30301 26646
30302 26647
30303 26648
30304 26649
30305 26650
30306 26651
30309 26652
30310 26653
30311 26654
30312 26655
30313 26656
30314 26657
30315 26658
30316 26659
30317 26660
30318 26661
30319 26662
30320 26663
30321 26664
30322 26665
30323 26666
30324 26667
30326 26668
30327 26669
30328 26670
30329 26671
30330 26672
30331 26673
30332 26674
30333 26675
30334 26676
30336 26677
30337 26678
30338 26679
30339 26680
30340 26681
30341 26682
30342 26683
30343 26684
30344 26685
30345 26686
30347 26687
30348 26688
30349 26689
30350 26690
30352 26691
30353 26692
30354 26693
30355 26694
30357 26695
30358 26696
30360 26697
30361 26698
30362 26699
30363 26700
30364 26701
30365 26702
30366 26703
30367 26704
30368 26705
30369 26706
30370 26707
30371 26708
30372 26709
30373 26710
30374 26711
30375 26712
30376 26713
30377 26714
30378 26715
30379 26716
30381 26717
30382 26718
30383 26719
30384 26720
30386 26721
30387 26722
30388 26723
30389 26724
30390 26725
30391 26726
30392 26727
30393 26728
30395 26729
30396 26730
30397 26731
30399 26732
30400 26733
30401 26734
30402 26735
30403 26736
30404 26737
30405 26738
30406 26739
30409 26740
30410 26741
30411 26742
30412 26743
30414 26744
30415 26745
30416 26746
30417 26747
30418 26748
30422 26749
30423 26750
30425 26751
30426 26752
30427 26753
30430 26754
30431 26755
30432 26756
30433 26757
30437 26758
30440 26759
30441 26760
30442 26761
30443 26762
30444 26763
30445 26764
30446 26765
30447 26766
30448 26767
30450 26768
30451 26769
30452 26770
30454 26771
30456 26772
30457 26773
30458 26774
30459 26775
30460 26776
30461 26777
30462 26778
30463 26779
30464 26780
30465 26781
30467 26782
30468 26783
30469 26784
30470 26785
30471 26786
30472 26787
30473 26788
30474 26789
30475 26790
30476 26791
30477 26792
30478 26793
30480 26794
30482 26795
30483 26796
30484 26797
30485 26798
30487 26799
30488 26800
30489 26801
30490 26802
30491 26803
30492 26804
30493 26805
30494 26806
30495 26807
30496 26808
30497 26809
30498 26810
30499 26811
30502 26812
30503 26813
30505 26814
30507 26815
30508 26816
30509 26817
30510 26818
30511 26819
30513 26820
30514 26821
30515 26822
30516 26823
30517 26824
30518 26825
30519 26826
30520 26827
30521 26828
30522 26829
30523 26830
30524 26831
30525 26832
30527 26833
30528 26834
30529 26835
30530 26836
30531 26837
30532 26838
30533 26839
30534 26840
30535 26841
30536 26842
30537 26843
30538 26844
30539 26845
30540 26846
30541 26847
30542 26848
30543 26849
30544 26850
30545 26851
30547 26852
30548 26853
30549 26854
30550 26855
30551 26856
30553 26857
30554 26858
30555 26859
30556 26860
30557 26861
30558 26862
30559 26863
30560 26864
30561 26865
30562 26866
30565 26867
30566 26868
30567 26869
30568 26870
30569 26871
30570 26872
30571 26873
30572 26874
30574 26875
30575 26876
30576 26877
30577 26878
30578 26879
30580 26880
30581 26881
30582 26882
30584 26883
30585 26884
30586 26885
30587 26886
30588 26887
30589 26888
30590 26889
30591 26890
30592 26891
30593 26892
30594 26893
30595 26894
30596 26895
30597 26896
30598 26897
30599 26898
30600 26899
30601 26900
30602 26901
30604 26902
30605 26903
30606 26904
30607 26905
30609 26906
30610 26907
30611 26908
30613 26909
30614 26910
30615 26911
30616 26912
30617 26913
30620 26914
30621 26915
30622 26916
30623 26917
30624 26918
30625 26919
30626 26920
30627 26921
30628 26922
30629 26923
30632 26924
30633 26925
30634 26926
30635 26927
30637 26928
30638 26929
30639 26930
30640 26931
30641 26932
30642 26933
30643 26934
30644 26935
30645 26936
30646 26937
30647 26938
30649 26939
30650 26940
30651 26941
30652 26942
30654 26943
30655 26944
30656 26945
30657 26946
30658 26947
30659 26948
30660 26949
30662 26950
30663 26951
30665 26952
30666 26953
30667 26954
30668 26955
30669 26956
30670 26957
30671 26958
30672 26959
30673 26960
30675 26961
30676 26962
30677 26963
30678 26964
30679 26965
30680 26966
30681 26967
30682 26968
30685 26969
30686 26970
30687 26971
30689 26972
30690 26973
30692 26974
30693 26975
30694 26976
30695 26977
30696 26978
30697 26979
30699 26980
30700 26981
30701 26982
30702 26983
30703 26984
30704 26985
30705 26986
30706 26987
30707 26988
30708 26989
30709 26990
30710 26991
30711 26992
30713 26993
30714 26994
30716 26995
30717 26996
30718 26997
30719 26998
30720 26999
30721 27000
30722 27001
30723 27002
30724 27003
30725 27004
30726 27005
30728 27006
30729 27007
30730 27008
30731 27009
30732 27010
30733 27011
30734 27012
30735 27013
30736 27014
30737 27015
30738 27016
30739 27017
30741 27018
30742 27019
30743 27020
30744 27021
30745 27022
30746 27023
30747 27024
30749 27025
30750 27026
30751 27027
30752 27028
30753 27029
30754 27030
30755 27031
30756 27032
30757 27033
30758 27034
30760 27035
30762 27036
30763 27037
30764 27038
30765 27039
30766 27040
30767 27041
30768 27042
30769 27043
30771 27044
30772 27045
30773 27046
30774 27047
30775 27048
30776 27049
30777 27050
30778 27051
30779 27052
30780 27053
30782 27054
30783 27055
30786 27056
30787 27057
30788 27058
30789 27059
30790 27060
30791 27061
30792 27062
30793 27063
30794 27064
30796 27065
30797 27066
30798 27067
30799 27068
30800 27069
30801 27070
30802 27071
30805 27072
30806 27073
30807 27074
30809 27075
30810 27076
30811 27077
30812 27078
30813 27079
30815 27080
30816 27081
30818 27082
30819 27083
30821 27084
30823 27085
30825 27086
30828 27087
30829 27088
30830 27089
30832 27090
30834 27091
30835 27092
30838 27093
30840 27094
30841 27095
30842 27096
30843 27097
30844 27098
30845 27099
30847 27100
30848 27101
30849 27102
30850 27103
30852 27104
30853 27105
30854 27106
30855 27107
30856 27108
30858 27109
30859 27110
30860 27111
30861 27112
30862 27113
30863 27114
30864 27115
30865 27116
30866 27117
30868 27118
30869 27119
30870 27120
30871 27121
30872 27122
30873 27123
30874 27124
30875 27125
30876 27126
30877 27127
30878 27128
30879 27129
30880 27130
30882 27131
30883 27132
30884 27133
30886 27134
30887 27135
30888 27136
30890 27137
30891 27138
30892 27139
30893 27140
30894 27141
30896 27142
30897 27143
30898 27144
30899 27145
30900 27146
30901 27147
30902 27148
30903 27149
30905 27150
30906 27151
30907 27152
30908 27153
30909 27154
30910 27155
30911 27156
30912 27157
30913 27158
30914 27159
30916 27160
30917 27161
30918 27162
30919 27163
30920 27164
30921 27165
30922 27166
30923 27167
30924 27168
30925 27169
30926 27170
30927 27171
30928 27172
30929 27173
30930 27174
30931 27175
30932 27176
30934 27177
30936 27178
30937 27179
30938 27180
30939 27181
30940 27182
30941 27183
30942 27184
30943 27185
30946 27186
30947 27187
30948 27188
30949 27189
30953 27190
30954 27191
30956 27192
30957 27193
30958 27194
30959 27195
30960 27196
30961 27197
30964 27198
30965 27199
30967 27200
30968 27201
30969 27202
30970 27203
30971 27204
30972 27205
30973 27206
30974 27207
30975 27208
30976 27209
30977 27210
30978 27211
30979 27212
30980 27213
30981 27214
30982 27215
30983 27216
30985 27217
30986 27218
30988 27219
30990 27220
30991 27221
30993 27222
30995 27223
30997 27224
30998 27225
30999 27226
31000 27227
31001 27228
31002 27229
31005 27230
31006 27231
31007 27232
31008 27233
31009 27234
31010 27235
31011 27236
31012 27237
31015 27238
31016 27239
31017 27240
31018 27241
31019 27242
31020 27243
31022 27244
31027 27245
31028 27246
31029 27247
31031 27248
31032 27249
31033 27250
31035 27251
31037 27252
31038 27253
31039 27254
31042 27255
31043 27256
31045 27257
31046 27258
31047 27259
31048 27260
31049 27261
31050 27262
31051 27263
31052 27264
31053 27265
31054 27266
31055 27267
31056 27268
31057 27269
31058 27270
31059 27271
31060 27272
31061 27273
31062 27274
31063 27275
31064 27276
31065 27277
31066 27278
31067 27279
31068 27280
31069 27281
31070 27282
31071 27283
31074 27284
31075 27285
31076 27286
31077 27287
31078 27288
31079 27289
31081 27290
31082 27291
31083 27292
31084 27293
31086 27294
31087 27295
31088 27296
31089 27297
31090 27298
31091 27299
31092 27300
31093 27301
31094 27302
31095 27303
31096 27304
31097 27305
31099 27306
31100 27307
31103 27308
31104 27309
31105 27310
31106 27311
31108 27312
31109 27313
31110 27314
31113 27315
31114 27316
31115 27317
31116 27318
31121 27319
31122 27320
31124 27321
31125 27322
31126 27323
31127 27324
31128 27325
31129 27326
31130 27327
31132 27328
31133 27329
31134 27330
31135 27331
31136 27332
31137 27333
31138 27334
31139 27335
31140 27336
31141 27337
31142 27338
31143 27339
31144 27340
31145 27341
31146 27342
31147 27343
31148 27344
31149 27345
31150 27346
31151 27347
31152 27348
31154 27349
31155 27350
31156 27351
31157 27352
31158 27353
31159 27354
31160 27355
31161 27356
31162 27357
31163 27358
31164 27359
31165 27360
31166 27361
31169 27362
31171 27363
31172 27364
31173 27365
31176 27366
31177 27367
31179 27368
31180 27369
31181 27370
31182 27371
31183 27372
31184 27373
31185 27374
31186 27375
31187 27376
31188 27377
31189 27378
31190 27379
31191 27380
31192 27381
31193 27382
31194 27383
31195 27384
31196 27385
31199 27386
31200 27387
31201 27388
31203 27389
31204 27390
31206 27391
31207 27392
31208 27393
31209 27394
31210 27395
31211 27396
31212 27397
31213 27398
31214 27399
31215 27400
31217 27401
31219 27402
31220 27403
31221 27404
31222 27405
31225 27406
31227 27407
31228 27408
31230 27409
31231 27410
31235 27411
31236 27412
31238 27413
31239 27414
31240 27415
31241 27416
31243 27417
31244 27418
31245 27419
31248 27420
31249 27421
31252 27422
31253 27423
31254 27424
31255 27425
31256 27426
31257 27427
31258 27428
31259 27429
31260 27430
31261 27431
31262 27432
31263 27433
31264 27434
31265 27435
31266 27436
31267 27437
31268 27438
31269 27439
31270 27440
31271 27441
31272 27442
31273 27443
31274 27444
31275 27445
31276 27446
31277 27447
31278 27448
31279 27449
31280 27450
31281 27451
31282 27452
31283 27453
31284 27454
31285 27455
31287 27456
31288 27457
31289 27458
31290 27459
31291 27460
31292 27461
31293 27462
31294 27463
31295 27464
31296 27465
31297 27466
31298 27467
31299 27468
31302 27469
31303 27470
31304 27471
31305 27472
31306 27473
31307 27474
31310 27475
31311 27476
31312 27477
31313 27478
31314 27479
31315 27480
31316 27481
31317 27482
31318 27483
31319 27484
31320 27485
31321 27486
31323 27487
31325 27488
31326 27489
31327 27490
31328 27491
31329 27492
31330 27493
31331 27494
31332 27495
31333 27496
31334 27497
31335 27498
31336 27499
31337 27500
31338 27501
31339 27502
31341 27503
31342 27504
31343 27505
31346 27506
31347 27507
31348 27508
31349 27509
31350 27510
31351 27511
31352 27512
31353 27513
31354 27514
31357 27515
31358 27516
31359 27517
31360 27518
31361 27519
31362 27520
31363 27521
31364 27522
31366 27523
31367 27524
31368 27525
31369 27526
31370 27527
31371 27528
31372 27529
31373 27530
31374 27531
31375 27532
31376 27533
31377 27534
31378 27535
31379 27536
31380 27537
31381 27538
31382 27539
31383 27540
31384 27541
31385 27542
31387 27543
31388 27544
31389 27545
31390 27546
31391 27547
31392 27548
31393 27549
31394 27550
31395 27551
31396 27552
31397 27553
31398 27554
31400 27555
31401 27556
31402 27557
31403 27558
31404 27559
31405 27560
31407 27561
31409 27562
31410 27563
31411 27564
31412 27565
31413 27566
31414 27567
31415 27568
31416 27569
31417 27570
31418 27571
31419 27572
31420 27573
31421 27574
31424 27575
31425 27576
31426 27577
31427 27578
31428 27579
31429 27580
31431 27581
31432 27582
31433 27583
31434 27584
31435 27585
31436 27586
31437 27587
31438 27588
31439 27589
31440 27590
31443 27591
31444 27592
31446 27593
31447 27594
31449 27595
31450 27596
31451 27597
31452 27598
31453 27599
31454 27600
31456 27601
31458 27602
31460 27603
31461 27604
31462 27605
31463 27606
31464 27607
31465 27608
31466 27609
31467 27610
31468 27611
31469 27612
31471 27613
31472 27614
31473 27615
31474 27616
31475 27617
31476 27618
31477 27619
31479 27620
31480 27621
31482 27622
31484 27623
31486 27624
31487 27625
31488 27626
31489 27627
31490 27628
31491 27629
31492 27630
31493 27631
31494 27632
31496 27633
31497 27634
31498 27635
31499 27636
31500 27637
31502 27638
31503 27639
31504 27640
31507 27641
31509 27642
31511 27643
31512 27644
31513 27645
31514 27646
31515 27647
31516 27648
31517 27649
31518 27650
31519 27651
31521 27652
31522 27653
31523 27654
31524 27655
31525 27656
31526 27657
31527 27658
31528 27659
31529 27660
31530 27661
31533 27662
31534 27663
31535 27664
31537 27665
31538 27666
31540 27667
31542 27668
31543 27669
31544 27670
31545 27671
31546 27672
31548 27673
31550 27674
31551 27675
31552 27676
31553 27677
31554 27678
31555 27679
31556 27680
31557 27681
31558 27682
31559 27683
31560 27684
31562 27685
31563 27686
31564 27687
31565 27688
31566 27689
31567 27690
31568 27691
31569 27692
31571 27693
31573 27694
31575 27695
31576 27696
31577 27697
31578 27698
31580 27699
31581 27700
31582 27701
31583 27702
31584 27703
31585 27704
31586 27705
31587 27706
31588 27707
31589 27708
31590 27709
31591 27710
31592 27711
31593 27712
31594 27713
31596 27714
31597 27715
31598 27716
31600 27717
31603 27718
31605 27719
31606 27720
31607 27721
31608 27722
31610 27723
31611 27724
31612 27725
31613 27726
31614 27727
31615 27728
31616 27729
31617 27730
31618 27731
31619 27732
31620 27733
31621 27734
31622 27735
31623 27736
31624 27737
31625 27738
31626 27739
31627 27740
31628 27741
31629 27742
31630 27743
31631 27744
31632 27745
31633 27746
31634 27747
31635 27748
31636 27749
31637 27750
31638 27751
31639 27752
31641 27753
31642 27754
31643 27755
31644 27756
31645 27757
31646 27758
31649 27759
31650 27760
31651 27761
31653 27762
31654 27763
31655 27764
31656 27765
31657 27766
31658 27767
31659 27768
31660 27769
31661 27770
31662 27771
31663 27772
31664 27773
31665 27774
31666 27775
31667 27776
31669 27777
31670 27778
31671 27779
31673 27780
31674 27781
31675 27782
31676 27783
31677 27784
31678 27785
31679 27786
31680 27787
31681 27788
31682 27789
31683 27790
31684 27791
31685 27792
31687 27793
31688 27794
31689 27795
31690 27796
31691 27797
31692 27798
31693 27799
31694 27800
31695 27801
31696 27802
31697 27803
31698 27804
31699 27805
31700 27806
31701 27807
31702 27808
31703 27809
31704 27810
31705 27811
31706 27812
31707 27813
31708 27814
31709 27815
31711 27816
31712 27817
31713 27818
31714 27819
31715 27820
31716 27821
31717 27822
31718 27823
31719 27824
31720 27825
31721 27826
31722 27827
31723 27828
31724 27829
31725 27830
31729 27831
31730 27832
31732 27833
31734 27834
31735 27835
31736 27836
31739 27837
31740 27838
31741 27839
31742 27840
31743 27841
31745 27842
31746 27843
31748 27844
31749 27845
31750 27846
31751 27847
31752 27848
31753 27849
31754 27850
31755 27851
31756 27852
31757 27853
31758 27854
31760 27855
31761 27856
31762 27857
31763 27858
31764 27859
31766 27860
31767 27861
31768 27862
31769 27863
31771 27864
31772 27865
31773 27866
31774 27867
31775 27868
31776 27869
31777 27870
31778 27871
31780 27872
31782 27873
31783 27874
31784 27875
31786 27876
31787 27877
31788 27878
31789 27879
31790 27880
31791 27881
31792 27882
31793 27883
31794 27884
31796 27885
31797 27886
31798 27887
31799 27888
31801 27889
31802 27890
31803 27891
31804 27892
31805 27893
31806 27894
31807 27895
31808 27896
31809 27897
31810 27898
31811 27899
31812 27900
31813 27901
31814 27902
31815 27903
31817 27904
31818 27905
31819 27906
31820 27907
31821 27908
31822 27909
31823 27910
31824 27911
31825 27912
31826 27913
31827 27914
31828 27915
31830 27916
31831 27917
31833 27918
31834 27919
31836 27920
31837 27921
31838 27922
31839 27923
31840 27924
31841 27925
31842 27926
31843 27927
31846 27928
31848 27929
31849 27930
31850 27931
31851 27932
31852 27933
31855 27934
31856 27935
31857 27936
31859 27937
31861 27938
31864 27939
31865 27940
31866 27941
31867 27942
31868 27943
31869 27944
31870 27945
31872 27946
31873 27947
31874 27948
31875 27949
31876 27950
31877 27951
31878 27952
31881 27953
31882 27954
31884 27955
31885 27956
31886 27957
31887 27958
31888 27959
31889 27960
31890 27961
31891 27962
31892 27963
31894 27964
31896 27965
31898 27966
31899 27967
31900 27968
31901 27969
31902 27970
31904 27971
31906 27972
31907 27973
31908 27974
31911 27975
31912 27976
31913 27977
31915 27978
31916 27979
31917 27980
31919 27981
31920 27982
31921 27983
31922 27984
31924 27985
31925 27986
31926 27987
31927 27988
31928 27989
31930 27990
31931 27991
31932 27992
31933 27993
31934 27994
31935 27995
31936 27996
31937 27997
31938 27998
31939 27999
31940 28000
31941 28001
31942 28002
31944 28003
31945 28004
31946 28005
31947 28006
31948 28007
31949 28008
31950 28009
31951 28010
31953 28011
31954 28012
31955 28013
31956 28014
31957 28015
31958 28016
31960 28017
31961 28018
31962 28019
31963 28020
31964 28021
31965 28022
31967 28023
31968 28024
31969 28025
31970 28026
31971 28027
31973 28028
31974 28029
31975 28030
31976 28031
31978 28032
31982 28033
31983 28034
31984 28035
31985 28036
31986 28037
31987 28038
31988 28039
31989 28040
31990 28041
31991 28042
31995 28043
31996 28044
31997 28045
31998 28046
31999 28047
32000 28048
32001 28049
32002 28050
32003 28051
32004 28052
32005 28053
32006 28054
32007 28055
32008 28056
32009 28057
32010 28058
32013 28059
32016 28060
32017 28061
32018 28062
32019 28063
32020 28064
32021 28065
32023 28066
32024 28067
32026 28068
32027 28069
32028 28070
32029 28071
32030 28072
32031 28073
32032 28074
32033 28075
32034 28076
32036 28077
32038 28078
32039 28079
32040 28080
32041 28081
32043 28082
32044 28083
32045 28084
32046 28085
32049 28086
32050 28087
32051 28088
32053 28089
32054 28090
32055 28091
32056 28092
32057 28093
32058 28094
32060 28095
32061 28096
32062 28097
32063 28098
32064 28099
32065 28100
32066 28101
32067 28102
32068 28103
32069 28104
32070 28105
32071 28106
32072 28107
32073 28108
32074 28109
32076 28110
32077 28111
32078 28112
32079 28113
32080 28114
32081 28115
32082 28116
32083 28117
32084 28118
32086 28119
32087 28120
32088 28121
32089 28122
32090 28123
32091 28124
32092 28125
32094 28126
32095 28127
32097 28128
32098 28129
32099 28130
32100 28131
32101 28132
32103 28133
32104 28134
32105 28135
32106 28136
32108 28137
32109 28138
32110 28139
32111 28140
32114 28141
32115 28142
32117 28143
32118 28144
32120 28145
32121 28146
32123 28147
32124 28148
32125 28149
32126 28150
32127 28151
32128 28152
32129 28153
32131 28154
32132 28155
32133 28156
32134 28157
32137 28158
32138 28159
32139 28160
32140 28161
32141 28162
32142 28163
32143 28164
32144 28165
32145 28166
32146 28167
32147 28168
32148 28169
32149 28170
32150 28171
32151 28172
32152 28173
32153 28174
32155 28175
32156 28176
32157 28177
32158 28178
32159 28179
32161 28180
32162 28181
32163 28182
32164 28183
32165 28184
32166 28185
32167 28186
32168 28187
32169 28188
32170 28189
32171 28190
32172 28191
32173 28192
32174 28193
32175 28194
32176 28195
32177 28196
32178 28197
32179 28198
32180 28199
32181 28200
32182 28201
32183 28202
32184 28203
32185 28204
32186 28205
32187 28206
32188 28207
32189 28208
32190 28209
32191 28210
32192 28211
32194 28212
32195 28213
32196 28214
32197 28215
32198 28216
32199 28217
32200 28218
32201 28219
32202 28220
32203 28221
32204 28222
32206 28223
32207 28224
32209 28225
32210 28226
32212 28227
32213 28228
32214 28229
32215 28230
32216 28231
32217 28232
32218 28233
32219 28234
32220 28235
32221 28236
32222 28237
32223 28238
32224 28239
32229 28240
32230 28241
32231 28242
32232 28243
32233 28244
32234 28245
32236 28246
32237 28247
32239 28248
32240 28249
32241 28250
32242 28251
32243 28252
32244 28253
32245 28254
32247 28255
32248 28256
32249 28257
32250 28258
32251 28259
32253 28260
32254 28261
32255 28262
32256 28263
32257 28264
32258 28265
32259 28266
32260 28267
32261 28268
32263 28269
32264 28270
32265 28271
32266 28272
32267 28273
32268 28274
32269 28275
32270 28276
32272 28277
32274 28278
32275 28279
32277 28280
32278 28281
32282 28282
32283 28283
32284 28284
32285 28285
32286 28286
32287 28287
32289 28288
32290 28289
32291 28290
32292 28291
32294 28292
32296 28293
32297 28294
32298 28295
32299 28296
32300 28297
32301 28298
32302 28299
32303 28300
32304 28301
32305 28302
32306 28303
32307 28304
32308 28305
32309 28306
32310 28307
32312 28308
32313 28309
32314 28310
32315 28311
32316 28312
32318 28313
32319 28314
32320 28315
32322 28316
32323 28317
32325 28318
32326 28319
32328 28320
32329 28321
32330 28322
32331 28323
32332 28324
32333 28325
32334 28326
32336 28327
32338 28328
32339 28329
32340 28330
32342 28331
32343 28332
32344 28333
32346 28334
32347 28335
32348 28336
32349 28337
32351 28338
32352 28339
32353 28340
32354 28341
32355 28342
32356 28343
32357 28344
32358 28345
32359 28346
32361 28347
32362 28348
32363 28349
32365 28350
32366 28351
32368 28352
32369 28353
32370 28354
32371 28355
32372 28356
32373 28357
32374 28358
32375 28359
32376 28360
32377 28361
32378 28362
32379 28363
32380 28364
32381 28365
32382 28366
32384 28367
32385 28368
32387 28369
32388 28370
32389 28371
32390 28372
32392 28373
32393 28374
32394 28375
32395 28376
32396 28377
32397 28378
32398 28379
32399 28380
32402 28381
32403 28382
32404 28383
32405 28384
32406 28385
32407 28386
32408 28387
32409 28388
32411 28389
32413 28390
32414 28391
32416 28392
32417 28393
32418 28394
32419 28395
32420 28396
32422 28397
32424 28398
32425 28399
32426 28400
32427 28401
32428 28402
32429 28403
32430 28404
32431 28405
32433 28406
32434 28407
32435 28408
32436 28409
32437 28410
32439 28411
32441 28412
32444 28413
32445 28414
32447 28415
32449 28416
32450 28417
32451 28418
32452 28419
32453 28420
32454 28421
32455 28422
32456 28423
32457 28424
32458 28425
32459 28426
32460 28427
32461 28428
32462 28429
32463 28430
32464 28431
32465 28432
32467 28433
32471 28434
32472 28435
32473 28436
32475 28437
32476 28438
32477 28439
32479 28440
32480 28441
32481 28442
32483 28443
32484 28444
32485 28445
32486 28446
32487 28447
32488 28448
32489 28449
32490 28450
32491 28451
32492 28452
32493 28453
32494 28454
32496 28455
32497 28456
32498 28457
32500 28458
32501 28459
32502 28460
32503 28461
32504 28462
32505 28463
32506 28464
32507 28465
32508 28466
32509 28467
32510 28468
32511 28469
32512 28470
32513 28471
32514 28472
32515 28473
32516 28474
32518 28475
32519 28476
32520 28477
32521 28478
32522 28479
32523 28480
32525 28481
32526 28482
32530 28483
32531 28484
32532 28485
32535 28486
32536 28487
32537 28488
32538 28489
32539 28490
32540 28491
32541 28492
32542 28493
32543 28494
32544 28495
32545 28496
32546 28497
32547 28498
32548 28499
32549 28500
32550 28501
32551 28502
32552 28503
32553 28504
32554 28505
32555 28506
32556 28507
32557 28508
32558 28509
32560 28510
32561 28511
32562 28512
32563 28513
32564 28514
32566 28515
32567 28516
32568 28517
32572 28518
32573 28519
32575 28520
32577 28521
32578 28522
32579 28523
32580 28524
32581 28525
32582 28526
32583 28527
32584 28528
32585 28529
32586 28530
32587 28531
32588 28532
32589 28533
32590 28534
32591 28535
32595 28536
32596 28537
32597 28538
32600 28539
32601 28540
32602 28541
32603 28542
32604 28543
32605 28544
32606 28545
32607 28546
32608 28547
32609 28548
32610 28549
32611 28550
32612 28551
32614 28552
32615 28553
32616 28554
32617 28555
32618 28556
32619 28557
32620 28558
32623 28559
32624 28560
32625 28561
32628 28562
32629 28563
32630 28564
32631 28565
32632 28566
32633 28567
32634 28568
32635 28569
32636 28570
32637 28571
32638 28572
32639 28573
32640 28574
32641 28575
32643 28576
32644 28577
32645 28578
32646 28579
32647 28580
32648 28581
32649 28582
32651 28583
32652 28584
32653 28585
32654 28586
32655 28587
32656 28588
32658 28589
32660 28590
32661 28591
32662 28592
32663 28593
32664 28594
32665 28595
32667 28596
32668 28597
32669 28598
32670 28599
32671 28600
32672 28601
32673 28602
32674 28603
32675 28604
32676 28605
32677 28606
32678 28607
32679 28608
32681 28609
32682 28610
32683 28611
32685 28612
32687 28613
32688 28614
32689 28615
32690 28616
32691 28617
32692 28618
32693 28619
32694 28620
32695 28621
32696 28622
32697 28623
32698 28624
32699 28625
32700 28626
32701 28627
32702 28628
32703 28629
32704 28630
32705 28631
32706 28632
32707 28633
32708 28634
32709 28635
32710 28636
32711 28637
32713 28638
32714 28639
32715 28640
32717 28641
32718 28642
32719 28643
32720 28644
32721 28645
32722 28646
32723 28647
32724 28648
32725 28649
32726 28650
32727 28651
32728 28652
32729 28653
32730 28654
32731 28655
32734 28656
32735 28657
32736 28658
32737 28659
32738 28660
32739 28661
32740 28662
32741 28663
32742 28664
32743 28665
32744 28666
32746 28667
32747 28668
32748 28669
32749 28670
32751 28671
32752 28672
32753 28673
32755 28674
32757 28675
32759 28676
32760 28677
32761 28678
32762 28679
32763 28680
32764 28681
32765 28682
32766 28683
32767 28684
32768 28685
32769 28686
32770 28687
32771 28688
32772 28689
32773 28690
32774 28691
32775 28692
32776 28693
32777 28694
32778 28695
32779 28696
32780 28697
32781 28698
32782 28699
32783 28700
32784 28701
32786 28702
32787 28703
32788 28704
32790 28705
32791 28706
32793 28707
32794 28708
32796 28709
32797 28710
32798 28711
32799 28712
32800 28713
32801 28714
32802 28715
32803 28716
32804 28717
32806 28718
32807 28719
32808 28720
32809 28721
32810 28722
32811 28723
32812 28724
32814 28725
32815 28726
32816 28727
32818 28728
32819 28729
32820 28730
32823 28731
32824 28732
32825 28733
32826 28734
32828 28735
32829 28736
32830 28737
32831 28738
32832 28739
32833 28740
32834 28741
32835 28742
32836 28743
32837 28744
32839 28745
32840 28746
32841 28747
32842 28748
32843 28749
32844 28750
32845 28751
32846 28752
32847 28753
32848 28754
32849 28755
32850 28756
32851 28757
32852 28758
32853 28759
32855 28760
32856 28761
32857 28762
32858 28763
32859 28764
32860 28765
32862 28766
32863 28767
32864 28768
32865 28769
32866 28770
32867 28771
32868 28772
32869 28773
32870 28774
32871 28775
32872 28776
32873 28777
32874 28778
32875 28779
32877 28780
32878 28781
32879 28782
32880 28783
32881 28784
32883 28785
32885 28786
32886 28787
32887 28788
32889 28789
32891 28790
32895 28791
32898 28792
32899 28793
32900 28794
32901 28795
32903 28796
32904 28797
32905 28798
32906 28799
32909 28800
32910 28801
32911 28802
32913 28803
32915 28804
32917 28805
32918 28806
32919 28807
32921 28808
32922 28809
32923 28810
32924 28811
32925 28812
32926 28813
32927 28814
32928 28815
32929 28816
32930 28817
32931 28818
32932 28819
32934 28820
32935 28821
32937 28822
32938 28823
32939 28824
32940 28825
32943 28826
32944 28827
32945 28828
32950 28829
32951 28830
32952 28831
32953 28832
32954 28833
32955 28834
32956 28835
32957 28836
32958 28837
32961 28838
32962 28839
32963 28840
32964 28841
32965 28842
32966 28843
32967 28844
32968 28845
32969 28846
32970 28847
32971 28848
32973 28849
32974 28850
32975 28851
32976 28852
32977 28853
32978 28854
32979 28855
32980 28856
32982 28857
32983 28858
32984 28859
32989 28860
32990 28861
32991 28862
32995 28863
32997 28864
32999 28865
33000 28866
33001 28867
33002 28868
33003 28869
33004 28870
33005 28871
33006 28872
33007 28873
33008 28874
33009 28875
33010 28876
33012 28877
33013 28878
33014 28879
33015 28880
33016 28881
33017 28882
33019 28883
33020 28884
33021 28885
33023 28886
33025 28887
33026 28888
33027 28889
33028 28890
33029 28891
33031 28892
33033 28893
33034 28894
33035 28895
33036 28896
33037 28897
33038 28898
33039 28899
33040 28900
33041 28901
33042 28902
33043 28903
33044 28904
33046 28905
33047 28906
33048 28907
33049 28908
33050 28909
33051 28910
33052 28911
33053 28912
33054 28913
33055 28914
33056 28915
33057 28916
33058 28917
33059 28918
33060 28919
33062 28920
33063 28921
33064 28922
33065 28923
33066 28924
33067 28925
33068 28926
33069 28927
33070 28928
33071 28929
33072 28930
33074 28931
33075 28932
33077 28933
33079 28934
33081 28935
33083 28936
33084 28937
33085 28938
33086 28939
33087 28940
33088 28941
33090 28942
33091 28943
33092 28944
33093 28945
33094 28946
33095 28947
33097 28948
33098 28949
33099 28950
33100 28951
33101 28952
33102 28953
33105 28954
33108 28955
33109 28956
33110 28957
33111 28958
33112 28959
33113 28960
33115 28961
33116 28962
33118 28963
33119 28964
33120 28965
33121 28966
33124 28967
33125 28968
33126 28969
33129 28970
33130 28971
33132 28972
33133 28973
33134 28974
33135 28975
33136 28976
33137 28977
33138 28978
33139 28979
33142 28980
33145 28981
33147 28982
33148 28983
33149 28984
33151 28985
33152 28986
33153 28987
33158 28988
33159 28989
33160 28990
33162 28991
33163 28992
33164 28993
33165 28994
33166 28995
33167 28996
33168 28997
33169 28998
33171 28999
33172 29000
33173 29001
33175 29002
33176 29003
33177 29004
33178 29005
33179 29006
33180 29007
33181 29008
33183 29009
33184 29010
33185 29011
33186 29012
33187 29013
33188 29014
33189 29015
33190 29016
33191 29017
33192 29018
33194 29019
33195 29020
33196 29021
33197 29022
33198 29023
33199 29024
33200 29025
33201 29026
33202 29027
33203 29028
33204 29029
33205 29030
33206 29031
33207 29032
33208 29033
33209 29034
33210 29035
33211 29036
33212 29037
33213 29038
33214 29039
33215 29040
33216 29041
33217 29042
33218 29043
33219 29044
33220 29045
33221 29046
33222 29047
33223 29048
33224 29049
33225 29050
33226 29051
33227 29052
33228 29053
33229 29054
33230 29055
33232 29056
33234 29057
33235 29058
33236 29059
33237 29060
33238 29061
33239 29062
33240 29063
33241 29064
33242 29065
33244 29066
33245 29067
33246 29068
33247 29069
33248 29070
33249 29071
33250 29072
33251 29073
33252 29074
33253 29075
33254 29076
33256 29077
33257 29078
33258 29079
33260 29080
33261 29081
33263 29082
33264 29083
33265 29084
33266 29085
33267 29086
33268 29087
33270 29088
33271 29089
33272 29090
33273 29091
33274 29092
33275 29093
33276 29094
33277 29095
33278 29096
33279 29097
33280 29098
33282 29099
33283 29100
33284 29101
33285 29102
33287 29103
33288 29104
33289 29105
33290 29106
33292 29107
33293 29108
33294 29109
33295 29110
33297 29111
33298 29112
33299 29113
33300 29114
33302 29115
33303 29116
33305 29117
33306 29118
33307 29119
33308 29120
33309 29121
33310 29122
33312 29123
33314 29124
33315 29125
33316 29126
33317 29127
33318 29128
33319 29129
33320 29130
33321 29131
33323 29132
33324 29133
33325 29134
33326 29135
33327 29136
33328 29137
33329 29138
33330 29139
33331 29140
33332 29141
33333 29142
33334 29143
33335 29144
33336 29145
33337 29146
33338 29147
33339 29148
33340 29149
33342 29150
33343 29151
33344 29152
33345 29153
33346 29154
33349 29155
33350 29156
33351 29157
33352 29158
33354 29159
33355 29160
33356 29161
33357 29162
33358 29163
33359 29164
33360 29165
33361 29166
33363 29167
33366 29168
33367 29169
33368 29170
33369 29171
33370 29172
33371 29173
33372 29174
33374 29175
33376 29176
33377 29177
33378 29178
33379 29179
33380 29180
33382 29181
33383 29182
33384 29183
33385 29184
33386 29185
33387 29186
33388 29187
33389 29188
33390 29189
33391 29190
33393 29191
33394 29192
33395 29193
33396 29194
33397 29195
33398 29196
33399 29197
33400 29198
33401 29199
33402 29200
33403 29201
33404 29202
33406 29203
33408 29204
33409 29205
33410 29206
33412 29207
33413 29208
33414 29209
33415 29210
33416 29211
33417 29212
33418 29213
33419 29214
33420 29215
33421 29216
33423 29217
33424 29218
33425 29219
33426 29220
33428 29221
33430 29222
33431 29223
33432 29224
33433 29225
33434 29226
33435 29227
33438 29228
33439 29229
33440 29230
33443 29231
33444 29232
33445 29233
33446 29234
33447 29235
33450 29236
33451 29237
33452 29238
33453 29239
33454 29240
33455 29241
33456 29242
33457 29243
33458 29244
33459 29245
33460 29246
33461 29247
33462 29248
33463 29249
33464 29250
33465 29251
33466 29252
33467 29253
33468 29254
33469 29255
33470 29256
33471 29257
33472 29258
33473 29259
33476 29260
33477 29261
33478 29262
33479 29263
33480 29264
33482 29265
33484 29266
33485 29267
33486 29268
33487 29269
33488 29270
33489 29271
33490 29272
33491 29273
33492 29274
33494 29275
33495 29276
33496 29277
33497 29278
33498 29279
33499 29280
33502 29281
33503 29282
33505 29283
33506 29284
33507 29285
33508 29286
33509 29287
33512 29288
33513 29289
33514 29290
33515 29291
33517 29292
33518 29293
33519 29294
33520 29295
33521 29296
33523 29297
33524 29298
33526 29299
33527 29300
33529 29301
33530 29302
33531 29303
33532 29304
33535 29305
33537 29306
33538 29307
33539 29308
33540 29309
33541 29310
33543 29311
33546 29312
33547 29313
33548 29314
33549 29315
33552 29316
33553 29317
33554 29318
33555 29319
33557 29320
33558 29321
33559 29322
33560 29323
33562 29324
33563 29325
33564 29326
33565 29327
33566 29328
33567 29329
33569 29330
33570 29331
33571 29332
33572 29333
33573 29334
33574 29335
33575 29336
33576 29337
33577 29338
33578 29339
33579 29340
33580 29341
33581 29342
33582 29343
33583 29344
33584 29345
33586 29346
33587 29347
33588 29348
33589 29349
33590 29350
33592 29351
33593 29352
33594 29353
33595 29354
33597 29355
33599 29356
33600 29357
33601 29358
33602 29359
33605 29360
33606 29361
33608 29362
33609 29363
33612 29364
33613 29365
33614 29366
33616 29367
33617 29368
33618 29369
33619 29370
33620 29371
33621 29372
33623 29373
33624 29374
33625 29375
33626 29376
33627 29377
33628 29378
33629 29379
33630 29380
33633 29381
33634 29382
33635 29383
33636 29384
33637 29385
33638 29386
33639 29387
33640 29388
33641 29389
33643 29390
33644 29391
33646 29392
33647 29393
33649 29394
33650 29395
33651 29396
33652 29397
33653 29398
33654 29399
33655 29400
33656 29401
33658 29402
33659 29403
33660 29404
33661 29405
33662 29406
33663 29407
33665 29408
33666 29409
33667 29410
33668 29411
33669 29412
33670 29413
33671 29414
33672 29415
33674 29416
33675 29417
33676 29418
33678 29419
33679 29420
33680 29421
33681 29422
33682 29423
33683 29424
33684 29425
33685 29426
33686 29427
33687 29428
33688 29429
33689 29430
33690 29431
33691 29432
33693 29433
33694 29434
33695 29435
33696 29436
33697 29437
33698 29438
33699 29439
33700 29440
33701 29441
33702 29442
33703 29443
33704 29444
33706 29445
33707 29446
33708 29447
33709 29448
33710 29449
33711 29450
33712 29451
33713 29452
33714 29453
33715 29454
33717 29455
33718 29456
33719 29457
33720 29458
33721 29459
33722 29460
33727 29461
33729 29462
33730 29463
33731 29464
33732 29465
33733 29466
33734 29467
33735 29468
33736 29469
33737 29470
33739 29471
33741 29472
33742 29473
33744 29474
33745 29475
33747 29476
33748 29477
33749 29478
33750 29479
33751 29480
33752 29481
33753 29482
33754 29483
33755 29484
33756 29485
33757 29486
33759 29487
33761 29488
33762 29489
33764 29490
33765 29491
33766 29492
33767 29493
33768 29494
33769 29495
33770 29496
33771 29497
33772 29498
33773 29499
33774 29500
33775 29501
33776 29502
33777 29503
33779 29504
33781 29505
33782 29506
33783 29507
33784 29508
33785 29509
33786 29510
33787 29511
33788 29512
33789 29513
33791 29514
33792 29515
33793 29516
33794 29517
33795 29518
33796 29519
33797 29520
33798 29521
33799 29522
33800 29523
33802 29524
33803 29525
33804 29526
33806 29527
33807 29528
33808 29529
33809 29530
33810 29531
33811 29532
33812 29533
33813 29534
33814 29535
33815 29536
33816 29537
33818 29538
33819 29539
33820 29540
33821 29541
33823 29542
33824 29543
33825 29544
33826 29545
33828 29546
33829 29547
33830 29548
33831 29549
33832 29550
33833 29551
33834 29552
33835 29553
33836 29554
33838 29555
33839 29556
33840 29557
33842 29558
33843 29559
33844 29560
33845 29561
33846 29562
33847 29563
33848 29564
33849 29565
33850 29566
33851 29567
33852 29568
33853 29569
33854 29570
33855 29571
33856 29572
33857 29573
33858 29574
33859 29575
33860 29576
33861 29577
33862 29578
33863 29579
33864 29580
33865 29581
33866 29582
33867 29583
33868 29584
33869 29585
33870 29586
33872 29587
33873 29588
33874 29589
33875 29590
33876 29591
33878 29592
33879 29593
33880 29594
33881 29595
33882 29596
33883 29597
33884 29598
33885 29599
33886 29600
33887 29601
33888 29602
33889 29603
33890 29604
33891 29605
33892 29606
33893 29607
33894 29608
33895 29609
33896 29610
33897 29611
33899 29612
33900 29613
33901 29614
33902 29615
33903 29616
33904 29617
33905 29618
33906 29619
33907 29620
33908 29621
33909 29622
33910 29623
33911 29624
33912 29625
33913 29626
33914 29627
33915 29628
33916 29629
33917 29630
33918 29631
33919 29632
33920 29633
33923 29634
33925 29635
33926 29636
33927 29637
33928 29638
33929 29639
33931 29640
33932 29641
33933 29642
33934 29643
33935 29644
33936 29645
33937 29646
33939 29647
33940 29648
33941 29649
33942 29650
33943 29651
33944 29652
33945 29653
33946 29654
33947 29655
33948 29656
33949 29657
33950 29658
33951 29659
33952 29660
33953 29661
33954 29662
33955 29663
33956 29664
33957 29665
33958 29666
33959 29667
33960 29668
33961 29669
33963 29670
33964 29671
33965 29672
33966 29673
33967 29674
33968 29675
33969 29676
33970 29677
33972 29678
33973 29679
33974 29680
33975 29681
33976 29682
33977 29683
33978 29684
33979 29685
33980 29686
33981 29687
33984 29688
33985 29689
33986 29690
33987 29691
33988 29692
33989 29693
33990 29694
33991 29695
33992 29696
33993 29697
33994 29698
33995 29699
33996 29700
33997 29701
33998 29702
33999 29703
34000 29704
34001 29705
34002 29706
34003 29707
34004 29708
34007 29709
34008 29710
34009 29711
34012 29712
34013 29713
34014 29714
34015 29715
34016 29716
34018 29717
34019 29718
34022 29719
34023 29720
34024 29721
34025 29722
34027 29723
34028 29724
34031 29725
34032 29726
34034 29727
34035 29728
34036 29729
34039 29730
34040 29731
34041 29732
34043 29733
34044 29734
34045 29735
34046 29736
34047 29737
34048 29738
34049 29739
34050 29740
34051 29741
34052 29742
34054 29743
34055 29744
34057 29745
34058 29746
34059 29747
34060 29748
34062 29749
34063 29750
34065 29751
34068 29752
34069 29753
34072 29754
34073 29755
34074 29756
34075 29757
34076 29758
34077 29759
34078 29760
34080 29761
34081 29762
34082 29763
34083 29764
34085 29765
34086 29766
34087 29767
34088 29768
34089 29769
34090 29770
34091 29771
34093 29772
34094 29773
34095 29774
34096 29775
34097 29776
34098 29777
34099 29778
34100 29779
34101 29780
34102 29781
34104 29782
34105 29783
34106 29784
34107 29785
34108 29786
34109 29787
34111 29788
34112 29789
34114 29790
34116 29791
34117 29792
34118 29793
34119 29794
34120 29795
34121 29796
34122 29797
34123 29798
34124 29799
34126 29800
34127 29801
34128 29802
34129 29803
34130 29804
34131 29805
34132 29806
34133 29807
34134 29808
34135 29809
34136 29810
34138 29811
34139 29812
34141 29813
34142 29814
34143 29815
34144 29816
34145 29817
34147 29818
34149 29819
34151 29820
34152 29821
34153 29822
34154 29823
34156 29824
34157 29825
34158 29826
34159 29827
34160 29828
34161 29829
34162 29830
34163 29831
34164 29832
34166 29833
34167 29834
34168 29835
34169 29836
34170 29837
34171 29838
34172 29839
34174 29840
34175 29841
34176 29842
34178 29843
34179 29844
34180 29845
34182 29846
34183 29847
34184 29848
34185 29849
34187 29850
34189 29851
34190 29852
34192 29853
34193 29854
34194 29855
34195 29856
34196 29857
34197 29858
34198 29859
34199 29860
34200 29861
34201 29862
34202 29863
34203 29864
34204 29865
34205 29866
34206 29867
34207 29868
34208 29869
34209 29870
34211 29871
34212 29872
34213 29873
34214 29874
34215 29875
34216 29876
34217 29877
34219 29878
34220 29879
34224 29880
34225 29881
34226 29882
34227 29883
34228 29884
34229 29885
34230 29886
34232 29887
34233 29888
34235 29889
34236 29890
34237 29891
34238 29892
34239 29893
34241 29894
34243 29895
34244 29896
34245 29897
34247 29898
34249 29899
34250 29900
34251 29901
34253 29902
34254 29903
34256 29904
34257 29905
34258 29906
34259 29907
34260 29908
34262 29909
34263 29910
34264 29911
34265 29912
34266 29913
34268 29914
34269 29915
34270 29916
34271 29917
34274 29918
34275 29919
34276 29920
34277 29921
34279 29922
34280 29923
34281 29924
34282 29925
34284 29926
34285 29927
34286 29928
34287 29929
34288 29930
34290 29931
34291 29932
34292 29933
34293 29934
34294 29935
34295 29936
34296 29937
34300 29938
34301 29939
34302 29940
34303 29941
34304 29942
34305 29943
34307 29944
34308 29945
34311 29946
34312 29947
34314 29948
34315 29949
34316 29950
34317 29951
34318 29952
34319 29953
34321 29954
34322 29955
34323 29956
34324 29957
34325 29958
34326 29959
34327 29960
34328 29961
34329 29962
34330 29963
34331 29964
34332 29965
34333 29966
34335 29967
34336 29968
34338 29969
34341 29970
34342 29971
34343 29972
34344 29973
34345 29974
34348 29975
34349 29976
34350 29977
34351 29978
34352 29979
34353 29980
34354 29981
34355 29982
34356 29983
34357 29984
34358 29985
34359 29986
34360 29987
34362 29988
34363 29989
34364 29990
34365 29991
34368 29992
34369 29993
34370 29994
34372 29995
34373 29996
34374 29997
34375 29998
34376 29999
34377 30000
34380 30001
34381 30002
34382 30003
34384 30004
34387 30005
34388 30006
34390 30007
34391 30008
34393 30009
34394 30010
34395 30011
34396 30012
34397 30013
34398 30014
34399 30015
34400 30016
34401 30017
34403 30018
34404 30019
34405 30020
34406 30021
34408 30022
34409 30023
34410 30024
34411 30025
34412 30026
34414 30027
34415 30028
34416 30029
34417 30030
34418 30031
34419 30032
34420 30033
34421 30034
34423 30035
34426 30036
34428 30037
34430 30038
34431 30039
34432 30040
34433 30041
34434 30042
34435 30043
34436 30044
34437 30045
34438 30046
34439 30047
34440 30048
34441 30049
34442 30050
34443 30051
34444 30052
34445 30053
34446 30054
34447 30055
34448 30056
34451 30057
34453 30058
34455 30059
34456 30060
34458 30061
34459 30062
34460 30063
34461 30064
34463 30065
34464 30066
34465 30067
34466 30068
34468 30069
34469 30070
34470 30071
34472 30072
34473 30073
34474 30074
34477 30075
34478 30076
34479 30077
34480 30078
34481 30079
34482 30080
34484 30081
34486 30082
34487 30083
34488 30084
34489 30085
34490 30086
34491 30087
34492 30088
34494 30089
34495 30090
34496 30091
34497 30092
34498 30093
34499 30094
34500 30095
34501 30096
34503 30097
34504 30098
34505 30099
34506 30100
34507 30101
34510 30102
34511 30103
34512 30104
34513 30105
34514 30106
34516 30107
34517 30108
34518 30109
34520 30110
34521 30111
34522 30112
34523 30113
34527 30114
34530 30115
34531 30116
34532 30117
34534 30118
34535 30119
34536 30120
34537 30121
34539 30122
34540 30123
34541 30124
34542 30125
34543 30126
34544 30127
34546 30128
34547 30129
34548 30130
34549 30131
34550 30132
34551 30133
34552 30134
34554 30135
34555 30136
34556 30137
34557 30138
34558 30139
34559 30140
34561 30141
34562 30142
34563 30143
34564 30144
34565 30145
34566 30146
34567 30147
34568 30148
34569 30149
34570 30150
34572 30151
34573 30152
34574 30153
34575 30154
34576 30155
34577 30156
34579 30157
34580 30158
34581 30159
34582 30160
34583 30161
34584 30162
34585 30163
34587 30164
34588 30165
34590 30166
34592 30167
34593 30168
34594 30169
34595 30170
34596 30171
34599 30172
34600 30173
34604 30174
34605 30175
34606 30176
34607 30177
34608 30178
34609 30179
34612 30180
34613 30181
34614 30182
34615 30183
34618 30184
34620 30185
34621 30186
34622 30187
34623 30188
34624 30189
34625 30190
34626 30191
34627 30192
34630 30193
34631 30194
34632 30195
34633 30196
34634 30197
34636 30198
34637 30199
34639 30200
34642 30201
34643 30202
34644 30203
34645 30204
34646 30205
34647 30206
34648 30207
34649 30208
34650 30209
34651 30210
34652 30211
34653 30212
34654 30213
34655 30214
34656 30215
34657 30216
34658 30217
34659 30218
34660 30219
34661 30220
34662 30221
34663 30222
34664 30223
34665 30224
34666 30225
34667 30226
34669 30227
34670 30228
34671 30229
34672 30230
34673 30231
34674 30232
34676 30233
34677 30234
34678 30235
34679 30236
34680 30237
34681 30238
34682 30239
34684 30240
34686 30241
34687 30242
34688 30243
34690 30244
34692 30245
34693 30246
34695 30247
34696 30248
34697 30249
34699 30250
34700 30251
34701 30252
34702 30253
34703 30254
34704 30255
34705 30256
34706 30257
34707 30258
34708 30259
34709 30260
34710 30261
34711 30262
34712 30263
34713 30264
34714 30265
34715 30266
34716 30267
34717 30268
34718 30269
34719 30270
34720 30271
34721 30272
34722 30273
34724 30274
34726 30275
34727 30276
34728 30277
34729 30278
34730 30279
34731 30280
34732 30281
34733 30282
34735 30283
34738 30284
34739 30285
34740 30286
34741 30287
34743 30288
34744 30289
34745 30290
34746 30291
34747 30292
34748 30293
34750 30294
34752 30295
34753 30296
34756 30297
34758 30298
34759 30299
34764 30300
34767 30301
34768 30302
34769 30303
34771 30304
34773 30305
34775 30306
34776 30307
34777 30308
34778 30309
34779 30310
34780 30311
34781 30312
34782 30313
34783 30314
34784 30315
34785 30316
34786 30317
34787 30318
34788 30319
34789 30320
34790 30321
34791 30322
34792 30323
34793 30324
34794 30325
34795 30326
34796 30327
34798 30328
34799 30329
34801 30330
34802 30331
34804 30332
34805 30333
34806 30334
34807 30335
34808 30336
34809 30337
34810 30338
34811 30339
34812 30340
34813 30341
34814 30342
34815 30343
34816 30344
34817 30345
34818 30346
34819 30347
34820 30348
34821 30349
34822 30350
34823 30351
34824 30352
34825 30353
34826 30354
34827 30355
34828 30356
34829 30357
34830 30358
34831 30359
34832 30360
34833 30361
34834 30362
34835 30363
34836 30364
34837 30365
34838 30366
34839 30367
34840 30368
34841 30369
34842 30370
34843 30371
34844 30372
34845 30373
34846 30374
34847 30375
34848 30376
34849 30377
34850 30378
34851 30379
34852 30380
34853 30381
34854 30382
34855 30383
34856 30384
34857 30385
34859 30386
34860 30387
34861 30388
34862 30389
34863 30390
34864 30391
34865 30392
34866 30393
34867 30394
34868 30395
34869 30396
34870 30397
34871 30398
34872 30399
34873 30400
34874 30401
34875 30402
34876 30403
34877 30404
34879 30405
34880 30406
34881 30407
34882 30408
34883 30409
34884 30410
34885 30411
34886 30412
34887 30413
34888 30414
34889 30415
34890 30416
34892 30417
34893 30418
34895 30419
34896 30420
34898 30421
34899 30422
34900 30423
34901 30424
34902 30425
34903 30426
34904 30427
34905 30428
34906 30429
34907 30430
34908 30431
34910 30432
34911 30433
34913 30434
34914 30435
34915 30436
34916 30437
34917 30438
34918 30439
34920 30440
34921 30441
34922 30442
34923 30443
34924 30444
34925 30445
34926 30446
34927 30447
34928 30448
34929 30449
34930 30450
34932 30451
34933 30452
34934 30453
34935 30454
34937 30455
34938 30456
34939 30457
34941 30458
34942 30459
34944 30460
34945 30461
34946 30462
34947 30463
34949 30464
34951 30465
34952 30466
34953 30467
34955 30468
34956 30469
34957 30470
34958 30471
34959 30472
34960 30473
34961 30474
34962 30475
34965 30476
34966 30477
34967 30478
34968 30479
34969 30480
34970 30481
34973 30482
34974 30483
34975 30484
34976 30485
34977 30486
34978 30487
34979 30488
34980 30489
34981 30490
34983 30491
34984 30492
34985 30493
34986 30494
34987 30495
34988 30496
34989 30497
34990 30498
34991 30499
34992 30500
34993 30501
34994 30502
34995 30503
34996 30504
34997 30505
34998 30506
34999 30507
35000 30508
35002 30509
35006 30510
35007 30511
35008 30512
35009 30513
35010 30514
35011 30515
35012 30516
35013 30517
35015 30518
35016 30519
35017 30520
35018 30521
35019 30522
35021 30523
35022 30524
35023 30525
35024 30526
35025 30527
35026 30528
35027 30529
35028 30530
35029 30531
35030 30532
35031 30533
35033 30534
35034 30535
35035 30536
35036 30537
35037 30538
35038 30539
35039 30540
35040 30541
35041 30542
35042 30543
35043 30544
35044 30545
35046 30546
35047 30547
35048 30548
35049 30549
35050 30550
35052 30551
35053 30552
35054 30553
35055 30554
35056 30555
35057 30556
35059 30557
35060 30558
35062 30559
35064 30560
35065 30561
35066 30562
35067 30563
35069 30564
35070 30565
35074 30566
35075 30567
35076 30568
35077 30569
35079 30570
35081 30571
35083 30572
35084 30573
35088 30574
35089 30575
35092 30576
35093 30577
35095 30578
35096 30579
35097 30580
35101 30581
35103 30582
35104 30583
35105 30584
35106 30585
35108 30586
35109 30587
35111 30588
35112 30589
35113 30590
35114 30591
35115 30592
35116 30593
35117 30594
35119 30595
35120 30596
35122 30597
35123 30598
35124 30599
35125 30600
35126 30601
35128 30602
35129 30603
35130 30604
35131 30605
35133 30606
35135 30607
35136 30608
35137 30609
35138 30610
35139 30611
35141 30612
35143 30613
35144 30614
35145 30615
35147 30616
35148 30617
35149 30618
35150 30619
35151 30620
35152 30621
35153 30622
35156 30623
35157 30624
35159 30625
35161 30626
35162 30627
35163 30628
35164 30629
35166 30630
35167 30631
35168 30632
35170 30633
35172 30634
35173 30635
35174 30636
35177 30637
35178 30638
35179 30639
35180 30640
35181 30641
35182 30642
35183 30643
35185 30644
35186 30645
35187 30646
35188 30647
35189 30648
35190 30649
35192 30650
35193 30651
35194 30652
35197 30653
35198 30654
35199 30655
35200 30656
35201 30657
35202 30658
35203 30659
35204 30660
35205 30661
35206 30662
35207 30663
35208 30664
35209 30665
35210 30666
35212 30667
35213 30668
35214 30669
35215 30670
35216 30671
35217 30672
35218 30673
35219 30674
35220 30675
35221 30676
35222 30677
35223 30678
35224 30679
35226 30680
35227 30681
35228 30682
35229 30683
35230 30684
35231 30685
35232 30686
35233 30687
35236 30688
35237 30689
35238 30690
35239 30691
35240 30692
35242 30693
35243 30694
35244 30695
35246 30696
35247 30697
35251 30698
35252 30699
35255 30700
35257 30701
35258 30702
35259 30703
35260 30704
35261 30705
35262 30706
35263 30707
35264 30708
35266 30709
35267 30710
35268 30711
35269 30712
35271 30713
35272 30714
35273 30715
35274 30716
35275 30717
35276 30718
35277 30719
35278 30720
35279 30721
35280 30722
35281 30723
35282 30724
35284 30725
35285 30726
35286 30727
35287 30728
35288 30729
35289 30730
35290 30731
35291 30732
35292 30733
35293 30734
35294 30735
35295 30736
35297 30737
35298 30738
35299 30739
35300 30740
35301 30741
35302 30742
35303 30743
35304 30744
35305 30745
35306 30746
35307 30747
35308 30748
35309 30749
35310 30750
35311 30751
35312 30752
35313 30753
35315 30754
35316 30755
35317 30756
35318 30757
35319 30758
35322 30759
35323 30760
35325 30761
35326 30762
35327 30763
35328 30764
35329 30765
35330 30766
35331 30767
35332 30768
35333 30769
35334 30770
35335 30771
35336 30772
35337 30773
35338 30774
35339 30775
35340 30776
35341 30777
35342 30778
35345 30779
35346 30780
35347 30781
35350 30782
35351 30783
35352 30784
35353 30785
35354 30786
35355 30787
35356 30788
35357 30789
35358 30790
35359 30791
35360 30792
35361 30793
35362 30794
35363 30795
35364 30796
35367 30797
35368 30798
35370 30799
35371 30800
35372 30801
35373 30802
35374 30803
35375 30804
35376 30805
35377 30806
35378 30807
35379 30808
35380 30809
35381 30810
35383 30811
35384 30812
35385 30813
35386 30814
35387 30815
35388 30816
35389 30817
35391 30818
35392 30819
35393 30820
35395 30821
35397 30822
35398 30823
35399 30824
35400 30825
35402 30826
35403 30827
35404 30828
35405 30829
35406 30830
35407 30831
35409 30832
35410 30833
35412 30834
35413 30835
35414 30836
35415 30837
35416 30838
35417 30839
35418 30840
35419 30841
35420 30842
35421 30843
35424 30844
35425 30845
35426 30846
35428 30847
35430 30848
35431 30849
35434 30850
35435 30851
35436 30852
35437 30853
35438 30854
35439 30855
35441 30856
35442 30857
35443 30858
35444 30859
35445 30860
35446 30861
35447 30862
35448 30863
35449 30864
35450 30865
35451 30866
35452 30867
35453 30868
35455 30869
35456 30870
35457 30871
35458 30872
35459 30873
35460 30874
35461 30875
35462 30876
35463 30877
35464 30878
35465 30879
35467 30880
35468 30881
35469 30882
35472 30883
35473 30884
35474 30885
35475 30886
35476 30887
35477 30888
35478 30889
35479 30890
35480 30891
35481 30892
35482 30893
35483 30894
35484 30895
35485 30896
35486 30897
35488 30898
35489 30899
35490 30900
35491 30901
35493 30902
35494 30903
35495 30904
35496 30905
35497 30906
35498 30907
35499 30908
35500 30909
35501 30910
35502 30911
35503 30912
35504 30913
35505 30914
35508 30915
35509 30916
35510 30917
35511 30918
35512 30919
35513 30920
35514 30921
35515 30922
35516 30923
35517 30924
35519 30925
35520 30926
35521 30927
35522 30928
35523 30929
35524 30930
35525 30931
35526 30932
35527 30933
35528 30934
35529 30935
35530 30936
35531 30937
35532 30938
35533 30939
35535 30940
35536 30941
35537 30942
35538 30943
35539 30944
35540 30945
35541 30946
35543 30947
35544 30948
35545 30949
35546 30950
35549 30951
35550 30952
35551 30953
35552 30954
35553 30955
35554 30956
35555 30957
35556 30958
35557 30959
35558 30960
35559 30961
35561 30962
35562 30963
35563 30964
35564 30965
35565 30966
35566 30967
35567 30968
35568 30969
35570 30970
35571 30971
35572 30972
35573 30973
35574 30974
35575 30975
35576 30976
35578 30977
35579 30978
35580 30979
35581 30980
35582 30981
35583 30982
35584 30983
35585 30984
35586 30985
35588 30986
35590 30987
35593 30988
35594 30989
35595 30990
35596 30991
35598 30992
35599 30993
35601 30994
35602 30995
35603 30996
35604 30997
35605 30998
35608 30999
35609 31000
35610 31001
35613 31002
35614 31003
35615 31004
35616 31005
35617 31006
35618 31007
35619 31008
35620 31009
35621 31010
35622 31011
35623 31012
35624 31013
35626 31014
35627 31015
35628 31016
35629 31017
35631 31018
35633 31019
35634 31020
35635 31021
35636 31022
35638 31023
35640 31024
35641 31025
35642 31026
35643 31027
35645 31028
35646 31029
35647 31030
35649 31031
35650 31032
35651 31033
35652 31034
35654 31035
35655 31036
35656 31037
35657 31038
35658 31039
35659 31040
35660 31041
35661 31042
35662 31043
35663 31044
35664 31045
35665 31046
35666 31047
35668 31048
35669 31049
35670 31050
35671 31051
35672 31052
35673 31053
35675 31054
35676 31055
35677 31056
35678 31057
35679 31058
35680 31059
35681 31060
35682 31061
35683 31062
35684 31063
35686 31064
35689 31065
35690 31066
35691 31067
35693 31068
35694 31069
35695 31070
35696 31071
35698 31072
35699 31073
35700 31074
35701 31075
35702 31076
35703 31077
35704 31078
35707 31079
35708 31080
35709 31081
35710 31082
35714 31083
35715 31084
35718 31085
35720 31086
35721 31087
35722 31088
35723 31089
35724 31090
35726 31091
35727 31092
35729 31093
35730 31094
35731 31095
35732 31096
35733 31097
35734 31098
35735 31099
35736 31100
35737 31101
35738 31102
35739 31103
35740 31104
35743 31105
35744 31106
35745 31107
35746 31108
35747 31109
35748 31110
35749 31111
35751 31112
35752 31113
35753 31114
35754 31115
35755 31116
35756 31117
35757 31118
35758 31119
35760 31120
35761 31121
35762 31122
35763 31123
35764 31124
35765 31125
35766 31126
35767 31127
35769 31128
35770 31129
35772 31130
35773 31131
35774 31132
35775 31133
35776 31134
35777 31135
35778 31136
35779 31137
35780 31138
35781 31139
35782 31140
35783 31141
35784 31142
35785 31143
35786 31144
35787 31145
35788 31146
35789 31147
35790 31148
35791 31149
35793 31150
35794 31151
35795 31152
35796 31153
35797 31154
35798 31155
35799 31156
35800 31157
35801 31158
35803 31159
35804 31160
35805 31161
35808 31162
35809 31163
35810 31164
35812 31165
35813 31166
35814 31167
35815 31168
35816 31169
35817 31170
35818 31171
35819 31172
35820 31173
35821 31174
35822 31175
35823 31176
35824 31177
35826 31178
35828 31179
35830 31180
35831 31181
35832 31182
35833 31183
35834 31184
35835 31185
35837 31186
35838 31187
35839 31188
35840 31189
35841 31190
35842 31191
35843 31192
35844 31193
35845 31194
35846 31195
35847 31196
35848 31197
35849 31198
35850 31199
35851 31200
35852 31201
35853 31202
35854 31203
35855 31204
35856 31205
35857 31206
35860 31207
35861 31208
35862 31209
35865 31210
35866 31211
35867 31212
35868 31213
35869 31214
35870 31215
35871 31216
35872 31217
35873 31218
35874 31219
35875 31220
35877 31221
35878 31222
35882 31223
35883 31224
35885 31225
35886 31226
35887 31227
35888 31228
35890 31229
35892 31230
35894 31231
35896 31232
35897 31233
35898 31234
35899 31235
35900 31236
35901 31237
35902 31238
35903 31239
35904 31240
35905 31241
35907 31242
35908 31243
35909 31244
35910 31245
35911 31246
35913 31247
35914 31248
35916 31249
35917 31250
35918 31251
35919 31252
35920 31253
35921 31254
35924 31255
35925 31256
35926 31257
35927 31258
35928 31259
35929 31260
35931 31261
35932 31262
35933 31263
35934 31264
35935 31265
35936 31266
35937 31267
35939 31268
35940 31269
35941 31270
35942 31271
35943 31272
35944 31273
35945 31274
35946 31275
35947 31276
35948 31277
35952 31278
35953 31279
35954 31280
35955 31281
35956 31282
35957 31283
35958 31284
35959 31285
35960 31286
35961 31287
35962 31288
35963 31289
35964 31290
35965 31291
35966 31292
35967 31293
35968 31294
35970 31295
35971 31296
35972 31297
35973 31298
35974 31299
35976 31300
35978 31301
35979 31302
35981 31303
35982 31304
35983 31305
35984 31306
35985 31307
35986 31308
35987 31309
35990 31310
35991 31311
35992 31312
35993 31313
35994 31314
35995 31315
35996 31316
35999 31317
36000 31318
36002 31319
36003 31320
36005 31321
36006 31322
36008 31323
36010 31324
36011 31325
36012 31326
36013 31327
36014 31328
36015 31329
36016 31330
36017 31331
36019 31332
36021 31333
36022 31334
36023 31335
36024 31336
36025 31337
36026 31338
36027 31339
36028 31340
36029 31341
36031 31342
36032 31343
36033 31344
36034 31345
36035 31346
36037 31347
36038 31348
36039 31349
36040 31350
36041 31351
36042 31352
36043 31353
36044 31354
36045 31355
36046 31356
36047 31357
36048 31358
36049 31359
36050 31360
36051 31361
36053 31362
36054 31363
36055 31364
36056 31365
36058 31366
36060 31367
36061 31368
36062 31369
36063 31370
36064 31371
36065 31372
36066 31373
36067 31374
36068 31375
36069 31376
36070 31377
36074 31378
36075 31379
36076 31380
36077 31381
36078 31382
36079 31383
36080 31384
36081 31385
36082 31386
36083 31387
36084 31388
36085 31389
36086 31390
36087 31391
36088 31392
36089 31393
36090 31394
36091 31395
36093 31396
36094 31397
36096 31398
36097 31399
36098 31400
36099 31401
36101 31402
36102 31403
36103 31404
36104 31405
36105 31406
36107 31407
36108 31408
36109 31409
36110 31410
36111 31411
36112 31412
36113 31413
36114 31414
36115 31415
36116 31416
36118 31417
36119 31418
36120 31419
36121 31420
36122 31421
36123 31422
36124 31423
36125 31424
36126 31425
36127 31426
36128 31427
36129 31428
36130 31429
36131 31430
36133 31431
36134 31432
36137 31433
36138 31434
36139 31435
36140 31436
36141 31437
36142 31438
36143 31439
36144 31440
36145 31441
36146 31442
36147 31443
36150 31444
36151 31445
36152 31446
36153 31447
36155 31448
36157 31449
36158 31450
36159 31451
36160 31452
36161 31453
36162 31454
36163 31455
36164 31456
36165 31457
36167 31458
36168 31459
36169 31460
36170 31461
36172 31462
36173 31463
36175 31464
36177 31465
36179 31466
36180 31467
36181 31468
36182 31469
36184 31470
36187 31471
36188 31472
36189 31473
36190 31474
36192 31475
36193 31476
36194 31477
36196 31478
36198 31479
36200 31480
36201 31481
36202 31482
36204 31483
36205 31484
36206 31485
36209 31486
36211 31487
36213 31488
36214 31489
36215 31490
36216 31491
36217 31492
36218 31493
36219 31494
36220 31495
36223 31496
36224 31497
36225 31498
36226 31499
36227 31500
36228 31501
36229 31502
36230 31503
36231 31504
36232 31505
36233 31506
36234 31507
36235 31508
36236 31509
36237 31510
36238 31511
36239 31512
36240 31513
36241 31514
36242 31515
36244 31516
36245 31517
36246 31518
36248 31519
36249 31520
36251 31521
36252 31522
36253 31523
36254 31524
36255 31525
36256 31526
36257 31527
36258 31528
36260 31529
36261 31530
36262 31531
36267 31532
36268 31533
36269 31534
36270 31535
36271 31536
36272 31537
36273 31538
36274 31539
36275 31540
36276 31541
36277 31542
36279 31543
36281 31544
36282 31545
36283 31546
36284 31547
36286 31548
36287 31549
36288 31550
36292 31551
36293 31552
36295 31553
36297 31554
36298 31555
36300 31556
36302 31557
36304 31558
36305 31559
36308 31560
36309 31561
36310 31562
36312 31563
36313 31564
36314 31565
36315 31566
36316 31567
36317 31568
36318 31569
36319 31570
36321 31571
36323 31572
36325 31573
36326 31574
36327 31575
36328 31576
36329 31577
36330 31578
36332 31579
36333 31580
36334 31581
36336 31582
36337 31583
36338 31584
36339 31585
36340 31586
36341 31587
36344 31588
36345 31589
36346 31590
36348 31591
36349 31592
36350 31593
36351 31594
36352 31595
36355 31596
36356 31597
36359 31598
36360 31599
36361 31600
36362 31601
36364 31602
36365 31603
36366 31604
36367 31605
36368 31606
36369 31607
36370 31608
36371 31609
36372 31610
36374 31611
36375 31612
36376 31613
36380 31614
36381 31615
36384 31616
36385 31617
36387 31618
36389 31619
36393 31620
36394 31621
36397 31622
36398 31623
36399 31624
36402 31625
36403 31626
36405 31627
36406 31628
36407 31629
36408 31630
36409 31631
36410 31632
36412 31633
36413 31634
36414 31635
36415 31636
36416 31637
36417 31638
36418 31639
36421 31640
36422 31641
36423 31642
36425 31643
36426 31644
36427 31645
36428 31646
36429 31647
36430 31648
36431 31649
36432 31650
36433 31651
36434 31652
36435 31653
36436 31654
36438 31655
36439 31656
36440 31657
36441 31658
36442 31659
36443 31660
36444 31661
36445 31662
36447 31663
36448 31664
36450 31665
36451 31666
36452 31667
36453 31668
36454 31669
36455 31670
36456 31671
36458 31672
36459 31673
36460 31674
36461 31675
36462 31676
36463 31677
36465 31678
36468 31679
36469 31680
36470 31681
36471 31682
36472 31683
36473 31684
36474 31685
36476 31686
36478 31687
36479 31688
36480 31689
36481 31690
36482 31691
36484 31692
36487 31693
36488 31694
36489 31695
36490 31696
36491 31697
36492 31698
36493 31699
36494 31700
36495 31701
36496 31702
36497 31703
36498 31704
36499 31705
36501 31706
36502 31707
36505 31708
36507 31709
36508 31710
36509 31711
36510 31712
36514 31713
36515 31714
36516 31715
36517 31716
36518 31717
36519 31718
36520 31719
36522 31720
36523 31721
36524 31722
36525 31723
36526 31724
36527 31725
36528 31726
36529 31727
36530 31728
36531 31729
36532 31730
36535 31731
36536 31732
36537 31733
36539 31734
36540 31735
36541 31736
36543 31737
36545 31738
36546 31739
36547 31740
36548 31741
36549 31742
36550 31743
36551 31744
36552 31745
36554 31746
36555 31747
36556 31748
36558 31749
36559 31750
36560 31751
36561 31752
36562 31753
36565 31754
36566 31755
36570 31756
36571 31757
36572 31758
36573 31759
36574 31760
36575 31761
36576 31762
36577 31763
36578 31764
36581 31765
36583 31766
36584 31767
36585 31768
36586 31769
36587 31770
36588 31771
36589 31772
36590 31773
36591 31774
36592 31775
36593 31776
36594 31777
36595 31778
36596 31779
36597 31780
36598 31781
36599 31782
36600 31783
36601 31784
36602 31785
36603 31786
36605 31787
36607 31788
36608 31789
36611 31790
36612 31791
36613 31792
36614 31793
36615 31794
36616 31795
36619 31796
36620 31797
36621 31798
36623 31799
36624 31800
36625 31801
36626 31802
36627 31803
36628 31804
36629 31805
36630 31806
36632 31807
36633 31808
36634 31809
36635 31810
36636 31811
36637 31812
36638 31813
36639 31814
36640 31815
36641 31816
36643 31817
36645 31818
36646 31819
36648 31820
36649 31821
36650 31822
36652 31823
36653 31824
36654 31825
36655 31826
36659 31827
36660 31828
36661 31829
36662 31830
36663 31831
36664 31832
36665 31833
36666 31834
36667 31835
36668 31836
36670 31837
36672 31838
36674 31839
36676 31840
36677 31841
36680 31842
36683 31843
36684 31844
36685 31845
36686 31846
36687 31847
36688 31848
36689 31849
36690 31850
36692 31851
36693 31852
36694 31853
36695 31854
36696 31855
36697 31856
36698 31857
36702 31858
36703 31859
36704 31860
36705 31861
36706 31862
36707 31863
36708 31864
36709 31865
36710 31866
36712 31867
36713 31868
36714 31869
36715 31870
36716 31871
36717 31872
36718 31873
36719 31874
36720 31875
36722 31876
36723 31877
36724 31878
36725 31879
36727 31880
36728 31881
36729 31882
36730 31883
36732 31884
36733 31885
36734 31886
36735 31887
36736 31888
36737 31889
36738 31890
36739 31891
36740 31892
36741 31893
36742 31894
36743 31895
36744 31896
36745 31897
36746 31898
36747 31899
36748 31900
36750 31901
36751 31902
36752 31903
36753 31904
36754 31905
36755 31906
36756 31907
36757 31908
36758 31909
36759 31910
36760 31911
36761 31912
36763 31913
36764 31914
36765 31915
36767 31916
36768 31917
36769 31918
36770 31919
36771 31920
36772 31921
36773 31922
36774 31923
36775 31924
36776 31925
36777 31926
36778 31927
36779 31928
36780 31929
36784 31930
36785 31931
36788 31932
36789 31933
36790 31934
36791 31935
36792 31936
36794 31937
36796 31938
36797 31939
36798 31940
36799 31941
36800 31942
36801 31943
36802 31944
36803 31945
36805 31946
36806 31947
36807 31948
36808 31949
36809 31950
36810 31951
36812 31952
36813 31953
36814 31954
36816 31955
36817 31956
36818 31957
36819 31958
36820 31959
36821 31960
36822 31961
36823 31962
36824 31963
36826 31964
36827 31965
36829 31966
36830 31967
36831 31968
36832 31969
36834 31970
36835 31971
36836 31972
36837 31973
36839 31974
36840 31975
36841 31976
36842 31977
36843 31978
36844 31979
36845 31980
36847 31981
36848 31982
36850 31983
36852 31984
36855 31985
36856 31986
36857 31987
36858 31988
36859 31989
36860 31990
36861 31991
36862 31992
36863 31993
36865 31994
36866 31995
36867 31996
36870 31997
36871 31998
36872 31999
36873 32000
36874 32001
36875 32002
36877 32003
36878 32004
36879 32005
36880 32006
36881 32007
36884 32008
36885 32009
36886 32010
36887 32011
36890 32012
36892 32013
36893 32014
36896 32015
36897 32016
36899 32017
36901 32018
36902 32019
36903 32020
36904 32021
36905 32022
36906 32023
36907 32024
36908 32025
36909 32026
36911 32027
36912 32028
36913 32029
36915 32030
36917 32031
36918 32032
36919 32033
36921 32034
36922 32035
36923 32036
36924 32037
36925 32038
36926 32039
36927 32040
36928 32041
36929 32042
36930 32043
36931 32044
36932 32045
36933 32046
36934 32047
36935 32048
36936 32049
36937 32050
36939 32051
36940 32052
36941 32053
36942 32054
36943 32055
36944 32056
36946 32057
36947 32058
36949 32059
36950 32060
36951 32061
36952 32062
36953 32063
36954 32064
36955 32065
36956 32066
36957 32067
36958 32068
36959 32069
36960 32070
36961 32071
36962 32072
36963 32073
36964 32074
36967 32075
36969 32076
36970 32077
36972 32078
36973 32079
36974 32080
36975 32081
36976 32082
36977 32083
36978 32084
36980 32085
36981 32086
36986 32087
36987 32088
36989 32089
36990 32090
36991 32091
36993 32092
36994 32093
36995 32094
36996 32095
36998 32096
36999 32097
37000 32098
37001 32099
37002 32100
37005 32101
37006 32102
37008 32103
37009 32104
37010 32105
37011 32106
37012 32107
37013 32108
37014 32109
37015 32110
37018 32111
37020 32112
37021 32113
37023 32114
37025 32115
37026 32116
37028 32117
37029 32118
37030 32119
37031 32120
37032 32121
37034 32122
37035 32123
37036 32124
37037 32125
37038 32126
37039 32127
37040 32128
37041 32129
37042 32130
37043 32131
37044 32132
37045 32133
37047 32134
37048 32135
37049 32136
37051 32137
37053 32138
37054 32139
37056 32140
37058 32141
37059 32142
37060 32143
37063 32144
37065 32145
37066 32146
37067 32147
37068 32148
37069 32149
37071 32150
37072 32151
37073 32152
37074 32153
37076 32154
37077 32155
37078 32156
37079 32157
37081 32158
37083 32159
37084 32160
37085 32161
37086 32162
37090 32163
37091 32164
37093 32165
37094 32166
37095 32167
37096 32168
37097 32169
37098 32170
37100 32171
37101 32172
37102 32173
37103 32174
37104 32175
37105 32176
37107 32177
37109 32178
37110 32179
37111 32180
37112 32181
37113 32182
37115 32183
37116 32184
37117 32185
37118 32186
37120 32187
37122 32188
37123 32189
37124 32190
37125 32191
37126 32192
37130 32193
37132 32194
37133 32195
37134 32196
37136 32197
37137 32198
37138 32199
37139 32200
37140 32201
37141 32202
37143 32203
37144 32204
37145 32205
37146 32206
37147 32207
37148 32208
37149 32209
37150 32210
37154 32211
37155 32212
37156 32213
37157 32214
37158 32215
37159 32216
37160 32217
37162 32218
37163 32219
37164 32220
37165 32221
37167 32222
37169 32223
37170 32224
37171 32225
37172 32226
37173 32227
37174 32228
37175 32229
37176 32230
37177 32231
37178 32232
37179 32233
37180 32234
37181 32235
37182 32236
37183 32237
37186 32238
37187 32239
37188 32240
37191 32241
37192 32242
37193 32243
37194 32244
37196 32245
37197 32246
37198 32247
37201 32248
37203 32249
37206 32250
37207 32251
37209 32252
37210 32253
37211 32254
37212 32255
37214 32256
37215 32257
37216 32258
37217 32259
37218 32260
37220 32261
37221 32262
37222 32263
37223 32264
37224 32265
37225 32266
37226 32267
37227 32268
37229 32269
37230 32270
37231 32271
37232 32272
37234 32273
37235 32274
37236 32275
37237 32276
37238 32277
37240 32278
37241 32279
37242 32280
37243 32281
37244 32282
37245 32283
37246 32284
37247 32285
37248 32286
37249 32287
37250 32288
37252 32289
37253 32290
37254 32291
37255 32292
37256 32293
37257 32294
37258 32295
37259 32296
37260 32297
37261 32298
37263 32299
37264 32300
37265 32301
37266 32302
37267 32303
37268 32304
37269 32305
37270 32306
37271 32307
37272 32308
37274 32309
37275 32310
37276 32311
37277 32312
37279 32313
37280 32314
37281 32315
37282 32316
37283 32317
37284 32318
37285 32319
37286 32320
37287 32321
37288 32322
37289 32323
37290 32324
37291 32325
37292 32326
37293 32327
37294 32328
37296 32329
37297 32330
37299 32331
37300 32332
37301 32333
37302 32334
37303 32335
37304 32336
37305 32337
37306 32338
37308 32339
37309 32340
37310 32341
37312 32342
37313 32343
37314 32344
37315 32345
37316 32346
37317 32347
37319 32348
37320 32349
37321 32350
37323 32351
37324 32352
37325 32353
37326 32354
37327 32355
37330 32356
37331 32357
37332 32358
37333 32359
37334 32360
37336 32361
37337 32362
37339 32363
37340 32364
37341 32365
37342 32366
37344 32367
37345 32368
37346 32369
37347 32370
37349 32371
37350 32372
37351 32373
37353 32374
37354 32375
37356 32376
37357 32377
37358 32378
37359 32379
37360 32380
37361 32381
37362 32382
37363 32383
37364 32384
37366 32385
37369 32386
37370 32387
37371 32388
37372 32389
37373 32390
37374 32391
37377 32392
37380 32393
37381 32394
37382 32395
37384 32396
37385 32397
37386 32398
37388 32399
37390 32400
37392 32401
37393 32402
37394 32403
37395 32404
37397 32405
37398 32406
37399 32407
37400 32408
37401 32409
37402 32410
37403 32411
37404 32412
37405 32413
37406 32414
37407 32415
37409 32416
37410 32417
37412 32418
37413 32419
37414 32420
37415 32421
37417 32422
37418 32423
37419 32424
37420 32425
37421 32426
37422 32427
37424 32428
37425 32429
37426 32430
37428 32431
37430 32432
37431 32433
37432 32434
37433 32435
37434 32436
37436 32437
37438 32438
37439 32439
37441 32440
37442 32441
37443 32442
37444 32443
37445 32444
37446 32445
37447 32446
37448 32447
37449 32448
37451 32449
37452 32450
37453 32451
37454 32452
37455 32453
37456 32454
37457 32455
37458 32456
37459 32457
37460 32458
37462 32459
37465 32460
37466 32461
37467 32462
37468 32463
37469 32464
37470 32465
37471 32466
37473 32467
37474 32468
37475 32469
37476 32470
37477 32471
37478 32472
37479 32473
37480 32474
37481 32475
37482 32476
37485 32477
37486 32478
37488 32479
37489 32480
37491 32481
37492 32482
37494 32483
37495 32484
37496 32485
37497 32486
37498 32487
37499 32488
37500 32489
37501 32490
37502 32491
37503 32492
37504 32493
37505 32494
37506 32495
37507 32496
37508 32497
37511 32498
37512 32499
37513 32500
37514 32501
37515 32502
37516 32503
37517 32504
37518 32505
37519 32506
37520 32507
37521 32508
37522 32509
37523 32510
37525 32511
37527 32512
37528 32513
37529 32514
37530 32515
37533 32516
37534 32517
37536 32518
37537 32519
37538 32520
37539 32521
37541 32522
37542 32523
37543 32524
37546 32525
37547 32526
37548 32527
37549 32528
37550 32529
37551 32530
37552 32531
37553 32532
37554 32533
37555 32534
37558 32535
37559 32536
37560 32537
37562 32538
37564 32539
37565 32540
37566 32541
37567 32542
37568 32543
37569 32544
37570 32545
37571 32546
37574 32547
37575 32548
37576 32549
37578 32550
37580 32551
37582 32552
37583 32553
37584 32554
37586 32555
37588 32556
37589 32557
37590 32558
37591 32559
37592 32560
37594 32561
37595 32562
37596 32563
37597 32564
37599 32565
37600 32566
37601 32567
37602 32568
37603 32569
37604 32570
37605 32571
37606 32572
37607 32573
37608 32574
37609 32575
37610 32576
37611 32577
37612 32578
37613 32579
37614 32580
37615 32581
37616 32582
37617 32583
37618 32584
37619 32585
37622 32586
37623 32587
37624 32588
37625 32589
37626 32590
37627 32591
37628 32592
37629 32593
37630 32594
37631 32595
37632 32596
37633 32597
37635 32598
37636 32599
37637 32600
37638 32601
37639 32602
37640 32603
37642 32604
37643 32605
37645 32606
37647 32607
37649 32608
37650 32609
37652 32610
37653 32611
37654 32612
37655 32613
37656 32614
37657 32615
37662 32616
37665 32617
37666 32618
37667 32619
37668 32620
37669 32621
37670 32622
37671 32623
37672 32624
37673 32625
37674 32626
37675 32627
37676 32628
37678 32629
37679 32630
37680 32631
37681 32632
37682 32633
37683 32634
37684 32635
37685 32636
37686 32637
37687 32638
37688 32639
37689 32640
37691 32641
37693 32642
37695 32643
37696 32644
37698 32645
37699 32646
37700 32647
37701 32648
37703 32649
37704 32650
37706 32651
37707 32652
37710 32653
37711 32654
37712 32655
37713 32656
37714 32657
37715 32658
37717 32659
37718 32660
37719 32661
37720 32662
37722 32663
37724 32664
37725 32665
37727 32666
37728 32667
37730 32668
37731 32669
37732 32670
37733 32671
37734 32672
37735 32673
37737 32674
37738 32675
37740 32676
37741 32677
37742 32678
37743 32679
37744 32680
37745 32681
37746 32682
37747 32683
37749 32684
37750 32685
37752 32686
37754 32687
37757 32688
37758 32689
37759 32690
37762 32691
37763 32692
37765 32693
37766 32694
37767 32695
37768 32696
37769 32697
37770 32698
37771 32699
37772 32700
37774 32701
37777 32702
37779 32703
37780 32704
37781 32705
37782 32706
37783 32707
37784 32708
37786 32709
37787 32710
37788 32711
37789 32712
37790 32713
37791 32714
37792 32715
37793 32716
37794 32717
37795 32718
37796 32719
37797 32720
37798 32721
37799 32722
37800 32723
37801 32724
37802 32725
37804 32726
37805 32727
37807 32728
37808 32729
37810 32730
37811 32731
37815 32732
37817 32733
37818 32734
37819 32735
37820 32736
37821 32737
37822 32738
37823 32739
37825 32740
37826 32741
37827 32742
37832 32743
37833 32744
37835 32745
37836 32746
37837 32747
37838 32748
37840 32749
37841 32750
37842 32751
37843 32752
37844 32753
37845 32754
37846 32755
37848 32756
37849 32757
37850 32758
37851 32759
37853 32760
37855 32761
37856 32762
37857 32763
37858 32764
37859 32765
37860 32766
37861 32767
37862 32768
37864 32769
37867 32770
37868 32771
37869 32772
37870 32773
37871 32774
37872 32775
37873 32776
37876 32777
37877 32778
37878 32779
37879 32780
37880 32781
37882 32782
37884 32783
37885 32784
37886 32785
37887 32786
37888 32787
37890 32788
37892 32789
37894 32790
37895 32791
37896 32792
37899 32793
37900 32794
37901 32795
37905 32796
37908 32797
37910 32798
37911 32799
37912 32800
37913 32801
37914 32802
37915 32803
37916 32804
37918 32805
37919 32806
37920 32807
37921 32808
37922 32809
37923 32810
37924 32811
37925 32812
37927 32813
37928 32814
37929 32815
37930 32816
37931 32817
37933 32818
37935 32819
37937 32820
37938 32821
37940 32822
37942 32823
37943 32824
37944 32825
37945 32826
37946 32827
37947 32828
37948 32829
37950 32830
37951 32831
37952 32832
37955 32833
37958 32834
37959 32835
37960 32836
37961 32837
37962 32838
37964 32839
37965 32840
37966 32841
37968 32842
37969 32843
37970 32844
37971 32845
37972 32846
37973 32847
37974 32848
37975 32849
37976 32850
37977 32851
37978 32852
37979 32853
37980 32854
37981 32855
37982 32856
37983 32857
37984 32858
37986 32859
37987 32860
37988 32861
37990 32862
37993 32863
37995 32864
37996 32865
37997 32866
37999 32867
38000 32868
38001 32869
38002 32870
38003 32871
38004 32872
38005 32873
38007 32874
38008 32875
38010 32876
38011 32877
38012 32878
38013 32879
38014 32880
38015 32881
38016 32882
38017 32883
38018 32884
38019 32885
38022 32886
38023 32887
38024 32888
38027 32889
38028 32890
38029 32891
38030 32892
38031 32893
38032 32894
38033 32895
38035 32896
38039 32897
38040 32898
38042 32899
38043 32900
38046 32901
38047 32902
