0 999 1095 977 1096 1097 1098 1099 1100 1101 1102 1103 1104 1105 1106 1107 1108 1109 1110 1111 1112 1113 1114 1115 1116 1117 1118 1119 1120 1121
1 712 731 1378 7 555 743 1525 855 1385 1367 732 1526 78 79 582 1527 560 1377 1528 87 1529
2 2417 926 922 1469 2418 1405 2419 2420 1902 1777 2421 1449 2422 1437 2423 2424 932 2425 1474 2426 2427
3 630 736 737 602 1535 1382 734 710 79 2621 2622 2623 2624 2625 2626 2627 2628 2629 731 604 2630 2631 2632 2633 2634 2635 661 2489 1821 2636 2637 2638 1375 2639 2640 2641 2500 1817 2642 2393 81 2616 2643 1813 1814 2644 2645 2646 2647 2648 2649 2650 2651 2652 2653
4 2824 525 1137 848 843 549 538 1162 544 651 1201 2825 543 2826 2827 2828 2829 539 2830 2831 2832 528 2833 1154 1197 2834 847 2835 2836 2837 1202 2838 2839 842 2840 2841 2842 2843 2844 526 2845 2846 531 2847 2848 2849 2850 529 1198 833 1215 2851 2852 2853 2854 851 840 2855 1203 2856 1208 2857
5 3397 2135 1225 1233 3398 965 2089 925 972 3399 1915 3400 3401 3402 3403 1687 3404
6 2672 708 1534 741 1375 3443 3215 68 3444 3445 2860 3446 3447 3448 2536 3449 3206 3450 3219 702 3306 3324 1668 3451 3452 3453 3295 3307 3454 3455 3456 3457 3333 3458 3344 3459 3460 3461 3462 3463 665 3373 2496 3464 3465 3466 3348 3467 3468 3225 2537 3469 3470 3471 3472 3473 3474 3302 3267 604 596 3475 3017 892 3476 3477 3478 3479 3480 2649 3481 2552 3482 3483 3484 3485 3486 3367 3272 3487 3033 3253 3488 3205 3489 3490 3491 3394 3492 2515 3493 3494 3495 3374 3496 3497 3498 3499 70 3500 3501 3502 3503 3504 3355 3038 3505 3506 3507 2966 3508 3186
7 1480 1011 3732 3047 1658 3733 3734 3735 913 3423 1014 1003 1243 1346 794 3736 3737
8 3877 12 3878 615 563 62 3879 3137 0 678 652 567 653 66 547 755 1385 1367 1536 78 614 746 83 84 553 1527 2517 3880 594 2852 3198 876 711 714 3199 1504 3881 1526 80 582 3882 3883 2664 1532 2858 3884 657 3885 659 79 3886 3887 3888 661 10 880 3889 3890 3891 3892 3893 3894
9 712 1527 4123 4124 4125 1813 566 4126 665 636 548 1967 4127 84 1382 3945 4128 632 2968 4129 2979 2644 4130 4131 4132 4133 4134 678 4135 4136 4137
10 919 777 1391 672 915 2674 0 4341 72 873 718 4342 1365 10 1534 1458 880 1924 4343 1341 4344
11 980 938 1250 932 4112 1530 4471 1263 3975 671 4472 2113 4065 947 4473 4474 3836 779 4475 4476 167 4421 18 917 4477 103 4478 1347 981 1006 796 982 1451 4028 2986 918 916 4479 558 1598 4480 959 1013 3857 4481 972 4093 3785 1062 695 4143 2663 933 1270 973 1010 955 2438 1281 4482 1108 1264 4483 1262 4484 4485 1004 994
12 3196 547 84 1535 1742 1525 595 601 678 4647 3449 3447 2487 0 2394 567 603 62 3139 3893 78 2565 3291 4648 2493 2651 1741 2519 3209 2800 877 4649 597 3274
13 1383 4742 2466 4743 590 552 1380 740 4617 83 76 715 2521 3000 3738 4744 1378 4745 2672 4015
14 4783 596 675 4784 4785 2545 603 2462 3945 561 3213 4786 4500 626 4787 3312 3299 4788 3290 590 3311 702 4789 3008
15 544 2841 651 4946 1573 4947 4948 1141 851 841 4949 528 847 4950 2428 533 4951 4952 2856 4953 4954 4955 4956 1143 4957 1595 4958 1596 840 2826 2827 4959 4960 1541 3045 3042 1203 4961 4962 4963 4964 4965 4966 1559 2828 4967 4968 4969 4970 4971 1154 1197 4972 4973 1162 4974 1553 4975 4976 4977 4978 4979 4980 4981 4982 4983 4984 1210 2855 4985 538 4986 4987 1217 567 547 1140 4988 4989 1218 4990 1156 4991 529 852 4992 2838 1607 1219 4993 4994
16 4995 4996 3087 4997 2421 797 4032 3872 4998 1051 4040 1517 1902 1063 4999 5000 1931 5001 2208 5002 5003
17 675 855 711 654 1535 4127 630 660 602 705 5707 4206 3198 572 2393 10 561 1287 1504 5708 5709 0 62 2487 567 555 2519 2995 73 4458 5656 4324 2505 1507
18 3312 5710 1288 2814 3358 3216 4944 3255 4901 697 3445 3444 4796 1016 3950 3451 3008 5711 5712 4630 5713 5661 3020 2613 5191 3751 2589 5188 2574 5199 733 3346
19 645 648 647 6030 6031 6032 2406 5381 5384 6033 6034 6035 6036 5747 6037 6038 6039 6040 6041 6042
20 2472 552 715 555 603 657 2461 84 615 4576 3198 73 614 4202 6068 5756 2453 4697 952 1001 1485 921 6069 1900 12 6070 1478 1391 1284 2355 878 1536 2796 560
21 6071 1979 966 5055 3076 779 6072 958 3979 1176 12 780 3985 6073 6074 6075 1359 3826 6076 6077 6078 6079 6080 6081 6082 1128 6083 6084 6085 6086 3856 3012
22 2460 3446 6601 4489 548 4616 733 2522 4525 6602 6603 6604 6605 6606 6607 6608 6609 3949 6610 6611 6612 5407 6613 6614 6615 6616
23 5209 653 65 3192 2460 2790 6814 3291 10 12 3805 1390 1797 6815 1651 6816 6817 1058 1789 2108 2086 2091 1866 6818 3867 6819 2451 1485 3051 1345 2 1880 6820 3048 5128 601 3795 4648 1268 3293 6821 741 79 6822 6823 6824 3259 2056 6825 1288 1611 6826 6827 1618 4151 2426 1315 6828 547 6678 3401 6829 792 1623 1790 1832 1653 1733 5104 1615 1649 1847 5584 6830 6831 927 959 1610 1051 6832 6136 1777 1625 6833 1689 3856 6834 6835 2040 6836 1640 6837 6838 1047 803 6839 6840 1921 3827 6841 3775 2006 2204 1432 6842 1842 6843 1846 6844 1622 6845 6846 1933 6847 2279 6848 1683 6849 1239 1053 6850 6851 6852 1695 6853 2003 3794
24 3060 1222 5065 1058 1469 6880 1717 1468 6881 6882 6883 6884 6885 6886 6887 6888 1785 1702
25 2395 2231 602 2460 3918 7015 7016 7017 7018 2466 2644 3135 11 1813 3552 666 1815 7019 7020
26 875 1376 551 563 3185 3069 854 2470 2675 7158 75 6940 2794 680 2598 0 7159 5
27 923 1882 7219 904 3242 7220 7221 996 3928 3510 7222 3433 965 1185 1300 7223 4908
28 7256 3524 5789 7257 0 4708 1818 3207 1967 78 586 574 3238 661 62 567 547 3200 602 73 614 7258 4611 7259 6743 7260
29 10 614 715 4271 1380 2677 3971 718 602 607 1384 78 62 7261 2796 2536 2598
30 603 2486 4576 10 7303 699 555 2470 607 1504 2527 567 7304 2701 5509 602 3201 4324 601 6516 614 4457 1363 2565 2566 547 7305 654 1367 7306 2508 2512 15 7 2543 592 1458 2463 712 624 4123 563 1375 2570 2686 604 877 718 2689 11 662 83 2523 1813 2500 1506 1815 707 701 552 1534 1369 2555 4577 2550 7307 4710 2532 666 7308 0 7309 2573 678 2531 14
31 398 7343 393 95 401 4407 4438 7344 143 4437 5439 18 4434 24 64 17 7345 4422 7346 7347 2728 7348 340 7349 29 7350 2726 170 204 371 129 7351 28 217
32 62 874 2472 73 555 2474 563 703 2570 552 1534 4577 1384 72 3954 7355 1815 7356 677 11 2967 854 1504 84 7357 899
33 5040 5049 4206 4582 2564 4786 2465 6765 7810 4394 5243 3953 3238 7169 83 7073 2613 4495 7811 2711 3283 7812 583 1384 7072 4744 7813 7814 3770 587 3069 678 7815 3741 3217 7816 5234 6962 7817 1370 7818 7148 4491 5607 3896 5596 7819 744 4817 80 3452 6951 7820 6726 3191 79 3207 3184 6169 703 7821 7822 3324 7823 4581 3948 7824 4539 1288 7153 702 4207 7825 4123
34 2814 630 68 1535 4169 1364 1539 7265 672 3925 1746 693 613 622 5374 5324 8284 8285 7539 5314 1623 815 814 8286 8287 3065 3066 8288 2489
35 8292 8293 1824 1876 5931 7212 2860 8294 2779 5403 4919 8295 4031 5665 5863 8230 8296 8129 3977 8297
36 1 3108 3100 820 3102 3115 819 4740 4812 829 3101 3105 822 3715 7780 817 8298 3110 3114 3709 830 3120 3103 4813 7433 3099 828 827 8299 821 3065 2876 3121 8300 818 884 8301 8302 8303 8304 8305 4179 8306 8307 3536 610 4315 8308 8309 8310 8311 8312
37 923 8321 1222 1921 953 5322 3780 2331 3775 1399 1063 920 1254 4048 3005 3512 4230 1765 8443 3793 904 4776 1917 4763 3431 3848 1305 1395 2986 8319 6663 3909 4142 5688 1047 6981 7481 5081 7751 1695 6 2378 1396 4749 2306 1441 1658 1452 2996 1400 1421 3912 1700 5312 8444 3790 3992 1979 988 5131 1090 3776 814 4764 2044 1064 4164 4996 3049 3242 1398 1227 947 7292 8445 1410 672 913 4691 1443 2235 1454 924 671
38 8506 8507 8508 2403 8509 8510 8511 8512 5761 5393 8513 644 5377 7257 8514 8515 8516 3154 2404 8517 8265 3726 3525 5736 8518 7192 8519 646 5755 8277 2412 8272 2934 649 8278 7180 8520 8274 8521 8522 8523 5388 7403 3727 8524 5381 5767
39 3842 4219 8532 8533 1403 8534 5322 5842 2988 4127 87 61 2673 3971 660 6151 7802 4154 4140 5663 2479 8535 8536 7910 2466 2995 755 8537 8538 8539 3822 8540 8541 8542 8543 8544 6000 1340 8545 1313 8546 8547 8054 3516 8548 8549 8550 8551 4267 8552 8553 8554 8555 8556 8557
40 1022 1008 937 904 2432 8590 959 1032 1000 8591 1083 3832 3208 4573 603 60 623 7 66 547 654 702 1383 587 660 3953 1967 4491 3000 7510 1815 6950 2477 2995 3929 1288
41 8594 7043 2657 8595 4169 3832 3706 8596 5602 6476 6436 8597 916 5663 3123 956 8598 8599 8600 8601 8602 1610 8603 919 2584 2494 630 8604 603 2575 615 1376 1815 604 704 1383 1742 597 3327 8605 2485 1637 563
42 8606 1542 1143 8607 1156 1138 7720 1146 2827 531 8608 1145 1160 4994 1208 1195 544 1567 1607 4989
43 8577 4515 622 731 5209 4492 2629 3203 596 8574 2399 3244 8680 8681 5032 4507 6158 3069 8682
44 718 855 4571 2895 8442 4324 4202 4454 5044 1815 715 2472 5402 8689 555 3291 4196 1661 8690 614 7206 8691 8692 4394 4592 1742 4624 608 84 8693 3327 3383 1365
45 9063 9064 3173 858 483 3172 857 7022 465 499 502 8990 1490 6901 9065 9066 4307 1488 498 4843 9067 9068 489 9069 9070 3177 9071 3175 475 3179 469 9072 4836 9073 9074 9075 865 9076 484 518 9077 9078 9079 2667 9080 1125 2670 4839 9081 9082 9083 9084 9085 9086 7733 3171 9087 4850 9088 482 7365 9089 9090 9091 721 9092 9093 9094 9095 9096 9097 9098 9099 1487 7738 4440 872 9100 9101 4837 9102 9103 7736
46 675 680 2512 3283 589 2489 1367 67 72 7799 9172 2494 704 9173 654 2656 2538 9174 666 2526 73 2687 710
47 1690 5314 925 1924 1467 9407 8907 971 2396 2532 3335 3298 679 2566 2458 1741 8687 9408
48 555 602 1967 1375 78 3464 83 3449 7090 603 1458 1504 11 3208 4454 10 877 631 712 1376 741 9434 1815 892 665
49 3703 4024 4174 9435 3977 4225 5902 7523 4245 978 4484 5848 1179 3911 9436 4065 1321 4238 8660 9437 976 6595 977 1434 2661 1237 4155 9438 3871 1270 9439 9440 5165 9441 1311 9442 9443 7113 1110 2658 3983 3802 9192 4167 1014 9444 1297 9445 1010 9446 5997 9447 2988 8897 9448 5858 9449 1016 9450 3086 1102 9451 9452
50 525 9588 9589 531 7358 2830 9590 9591 1579 9592 545 7026 8177 4979 9593 5769 7722 9594 9595 1151 1550 1205 1196 9596 1214 2428 9597 9598 8608 9599 1576 7079 4975 9600 9601 1572 9602 9603 543 9604 9605 9606 1548 840 9607 9608 9609 1139 9610 9611 9612 7030 9613 9614 9615 1545 847 9616 7047 7024 9617 9618 9619 9620 9621 2834 9622 9623 9624 1595 9625 7770 9626 9627 9628 9629 9630 9631 9632 9633
51 4468 1263 1474 4093 4171 1554 1018 4139 5653 5675 1480 1026 6580 803 4040 5269 1108 3916 1484 6122 4055 1277 12 9185 9725 1089 7119 1016 8289 971 999 969 558 3862 1443 7659 3012 8057 947 1902 4041 1353 4141 3996 1015 8833 1179 4151 3773 920 1867 7115 1241 3839 9347 783 1011 1271 1776 1283 1274 3793 929 1297 7133 1824 1302 8907 6135 943 1242 977 3785
52 2132 2331 1882 3134 9736 9737 7751 9738 1931 4997 5139 1321 1695 3904 993 1058 9739 2423 9740 9741
53 599 2508 15 1285 874 2570 3754 1383 552 717 617 657 880 2472 2522 553 7845 547 2490 2506 613 879 2598 9203 2673 3953 11 4457 2674 680 16 877 1374 7510 7681 4401 922 2861 4270 7053 3292 84 3973 2549 2557 2476 9196 2464 604
54 5319 671 913 5317 4159 5321 2150 5324 3157 5310 8616 1448 926 3846 2040 1943 1654 923 925 1001 918 2993 1063 4229 3703 996 1648 9820 5320 4650 4157 922 9719 66 2489 1818 5373 1507 3258 9821 674 1540 6635 4747 8285 2418 3085 1171 2986 1008 3511 3767 1086 2996 1926 1610 673 3942 5270 1260 6676 3158 4043 1910 1021 7827 2572 6854 1087 9822 9823 9824 7745 2390 969 1090 1243 1710 1987 8121 3975 5006 4952 1160 9598 8951 7766 7843 558 9825 6589 814 6583 5830 978 4028 916 5588 1446 3983 1787 3917 5672 7749 7501 9826 9780 5067 1726 3900 924 9827 812 1800 3078 1485 7526 4695 6819 1111 7552 6408 9828 5262 8798 972 1003 5009 9012 6717 1315 9829 9830 7485 1400 3 998 9831 2436 4038 3047 4746 3963 4466 4023 2527 2598 578 555 10 5120 3794 5164 837 1206 9832 1573 691 3159 7300 1088 7266 9221 9833 932 3007 4494 889 652 603 2525 1453 3162 1080 929 8899 1097 1182 2453 949 8904 9834 5645 9835 1783 2452 7272 9836 907 1848 1011 2096 5074 966 9837 3089 2019 1625 6263 1102 8051 1319 971 6409 1101 4032 6884 9838 1529 1967 9839 1902 1037 1423 5697 9840 9841 9637 1174 8920 9842 9843 970 4165 1460 1663 2385 7098 941 1347 5017 6359 1711 9844 9845 7832 791 4101 1462 9846 2355 5287 982 6678 12 4073 9707 8250 1920 3819
55 3142 3151 2414 9933 650 9934 640 9935 615 712 1813 560 555 2489 608 2778 3819 3198
56 3069 3211 10037 3282 656 4455 1375 4575 712 8675 66 2895 10038 603 10 2519 1385 702 7817 3897 9772 555 72 8833 10039
57 1163 630 1817 2511 1456 2651 744 2543 2654 2895 596 2614 663 2539 0 10289 10290 3348 741
58 1003 3057 5319 5310 4157 3794 5311 3159 952 8798 1268 6116 10308 7485 5262 1034 2150 1053 6933 10309 6817 2260 1902 2237 2182 9820 5320 6717 2992 6055 3810 10310 1835 6397 2235 7048 1832 8140 2336 8787 5278 946 590 10311 9237 6680 2432 931 1923 3815 3049 12 5568 1677 10312 10313 2253 1245 10314 3134 913 1170 1662 1948 2418 1800 5296 918
59 3757 10333 672 1393 922 10018 4117 9409 2434 8832 3419 10334 918 10335 1485 12 952 4781 8013 5996 5133 8917
60 560 615 3126 7963 3761 580 79 3301 2796 1504 1375 6243 7167 8379 2794 7686 10368 4563 9114 2584 3211 8365
61 7490 2986 1243 3837 3698 1474 5564 1280 7450 3773 5671 1434 2716 1994 913 4665 3999 10426 3435 925
62 1353 2040 972 1072 1321 3917 9748 1225 1232 9722 2440 977 2009 989 5015 921 8896 10461 5693 6584 3941 3968 5667 1101 6407 4677 1324 5704 2370 7223 9895 6945 1282 1651 1107 1795 1706 1097 1476 10462 10463 8014 1345 5109 5335 2438 10464 2453 1886 800 1475 979 3962 6450 10465 2196 10466 6355 3062 6862 10467 1182 10468 10469 1734 10470 3840 3943 1531 3134 1298 4092 5246 10471 10472 1110 4100 3397 7162 10473 6769 4079 10474 3905 6147 1841 10475 10476 1386 10477 12 5629 3856 9043 978 1775 4073 10478 3975 1293 10479 8028 948 3785 1901 4159 10480 10481 7134 8992 5849 10482 2108 4683 1797 10483 6008 5167 1966 4043 5879 6993 9944 5844 5677 928 7126 10484 7617 10485 4201 7682 927 5986 7169 7808 8934 5589 8888 10486 10127 10325 4101 999 5967 9214 1613 991 10487 10488 10489 4249 1333 6858 5124 10490 1007 10491 10492 5852 1003 1751 5256 10493 1326 1116 2251 6767 4281 5924 1361 2425 9439 5017 4227 10494 10495 3832 2365 10496 10497 9988 10498 10499 6854 10500 10501 10502 9253 7161 2230 1120 10503 6870 8972 1283 2120 8055 5921 10504 10505 3703 3418 10506 673 1362 1348 10507 2191 10508 5914 10509 10510 8843 10511 10512 10513 8705 4698 4275 1234 5947 10514 10515 1112 5857 5267 8650 10516 6937 4011 1256 10517 1299 8077 10518 5053 10519 5927 10520 10521 8556 8584 8054 10522 559 5867 10523 4267 5546 10524 795 6926 10525 4265 6057 10526 3509 1020 10527 10528 5562 10529 942 10530 10531 10532 10533 10132 3523 10534 4042 10535 2128 6263 10536 10537 8092
63 2493 588 10 603 2545 1373 3880 62 2962 0 2465 1365 2478 552 718 2509 3135 2524 717 2472 1381 1534 654 2517 675 547 9773
64 7148 546 4505 592 1381 3205 4127 2584 6815 1967 5603 2461 3918 1817 8693 1535 2399 630 3362 68 602 584 548 10860 712 4632 555 8437 1661 10315 603 3449 2675 2860 660 2778 702 3819 5595 8438 3448 4509 551 8206 1375 4589 2703 609 4900 3749 4203 3132 566 10861 3303 2708 10862 741 3324 4526 9915 5834 590 3236 4515 3456 9856 5538 608 7576 2565 3239 6814 3291 10863 3196 5402 3452 3277 3945
65 1506 1364 7 2464 602 3132 630 560 4576 1535 2543 554 9203 2677 3971 2509 5403 1363 1817 2860 4564 1375 547 708 3200 704 7956 718 603 563 1504 5610 5656 7093 7210 76 7476 62 2476 10 653 2564 1370 696 4905 1367 755 2895 1661 79 2461 847 1285 2466 0 567 555 7477 2489 2472 604 10864 548 552 72 657 614 661 9196 624 1381 6096 663 2505 2511 2686
66 10301 4526 3269 5188 754 4501 2599 6154 10902 5514 5350 2705 10903 10904 10905 7
67 749 3973 2492 2524 4708 1819 9174 2708 3390 2582 8435 596 8439 2467 619 7214 5237 2647 5363 10691 5188 9458 3304 2575 2651 10082 2552 2566 3313 2861 595 7209 8206 9859 5195 3461 2633 5511 11054 6177 11055 6065 664 628 2601 4644 2580 3363 2611 11056 10302 11057 1740 2547 11058 9472 11059 11060 2643 2642 3375 3025 11061 11062 4822 3384 3489 2534 9481 7880 3481 2975 4520 5523 11063 3347 1958 5520 10102 11064 11065 3493 10384 11066 1815 4129 4869 9492 11067 8729 5538 3204 11068 6783 9860 7150 1383 6625 8763 2509 9582 654 4511 2592
68 4001 5553 1253 7499 7140 3948 1233 9711 1610 11104 10850 4256 795 2371 3796 1295 3868 5165 3787 4267 4167 5582 6677 1515 10046 6015 1061 4011 2370 3789 4261 1020 11105 11106 7222 1268 6684 1972 7980 1824 3951 3917 1016 5671 803 977 9984 1283 3432 8870 11107 979 814 5545 1274 10426 3876 925 4466 3703 3998 7526 4468 3397 5077 1485 11108 4032 1282 1181 1258 4052
69 904 923 1443 3899 10111 10292 4700 1281 6 3866 1306 913 1598 2434 3785 2068 936 1836 7249 2438 3156 1006 3917 907 671 4028 9214 9 984 1293 8846 1177 1886 6925 929 5067 1229 1719 4101 9221 1107 11421 5099 1104 6517 4170 7566 7487 977 1003 1987 1470 2991 1924 5164 8199 8194 1174 10633 876 3846 11422 9133 1110 4032 2452 2355 3134 11423 11149 11424 10473 8848 9218 803 3905 1934 8952
70 2421 1994 5075 5074 9409 7097 10577 3812 6130 9828 1732 652 2122 5051 11568 925 6816 2250 9820 2078 6768 2866 1988 1751 11569 10930 4178 11570 9972 10824 1422 2183 734 11571 1939 2361 1785 11572 2098 10921 11573 1654 9219 1305 5974 11574 11575 11576 1802 11577 2238 999 11578 2375 11579 11580
71 1370 62 1365 3819 2790 4632 73 656 755 547 10 582 705 880 2507 3895 636 66 11 1813 3008 657 3002 2472 3269 7012 7303 603
72 3941 1109 11107 1648 1175 3964 1829 920 1039 9712 7459 1792 5582 11718 1106 11719 4276 11720
73 855 4455 11775 1813 8482 5352 2641 689 11776 11777 11778 7931 5499 11779 9568 11780 11781 5356 11782 11783 892 11784 11785 11786 6644 8500 9320 3500 743 11787 11788
74 3007 2517 10 7 889 2538 3187 2778 14 597 4324 1746 1507 2481 11798 878 547
75 793 8861 10710 966 789 6075 2439 8655 11896 977 7266 4082 8983 3700 959 9779 929 7495 1453 1097 9662 1021 3075 7508 11897 2158 1000 979 915 919 8891 2431 6102 11898 11899 8905 663 4791 1773 1175 1001 931 8567 8321 1185 1987 11900 913 11901 10582 6387 1861 11902 10580 10648 958 11731 8921 1465 5100 9714 11903 907 8043 5017 11904 785 1228 1034 10462 1753 8942 558 6501 8057 2238 2171 8860 4031 1324 952 8022 1775 7248 1929 4113 8285 7254 6573 11207 784 916 11905 6425 11906 11907 2196 1023 5885 987 9247 3162 11908 11856 1984 1478 943 1761 1404 9844 11909 9181 11910 1639 2358 1436 11911 7134 11912 1470 1110 11913 4220 1170 8888 1776 10489 1058 1361 3405 11662 3414 7651 3856 11914 10483 11915 11916 7806 11917 11918 2216 1612 11919 7245 5934 11920 1248 7250 11921 786 10347 8979 5939 815 9692 1900 3701 11922 8916 3844 2007 971 1313 8986 10647 10829 11923
76 11933 3043 831 1541 538 1580 1570 1546 1558 11934 4952 1596 11935 1197 11936 4955 11612 8132 11546 10737 7038 8131 11558 7725 4992 2854 11937 7040 531 10296 10728 10870 4977 11938 11939 11940 9595 11941 4976 526 7034 2850 11942 10866 1202 11943 11944 11548
77 560 11970 7 599 7476 2624 680 4881 6735 770 2901 11971 3246 3930 707 1375 2395 708 877 1367 10 2396 1536 663 2401 11972 1371 3069 62 6277 3198 2651 1376 11973 3199
78 2459 2778 699 2621 1595 9624 10712 12126 2508 2395 666 12127 7713 2684 8243 12128
79 2527 880 2490 874 10 877 1534 62 2621 555 2644 4571 4458 72 3266 4318 1815 3819 6064 608 2395 5730 666 1817 1456 603 663 11 2501 2510 2545 2499 654 547 4572 2649 878 636 2552 7890 1375 3135 596
80 2545 1368 11796 10860 12490 5200 4394 2656 654 8487 2467 8454 3302 4592 2684 3240 12491 12492 4541 12493 9880 12494 7157 2518 2973 717 9563 9860 11445 6805 12495 12496 12497 12498 12499 2971 12500 11461 12501
81 546 1967 2536 4501 4271 10416 717 12399 879 7800 555 4573 1536 73 1822 675 855 560 568 664 2554
82 8175 5128 6836 1658 2942 6115 1737 2040 10427 4774 7297 11225 6852 1008 1469 1872 1222 5157 8170 5260 12610 2956 1656 5083 6773 6933 1053 3784 4693 977 3012 2260 3512 6133 1750 11958 9947 7162 1950 6979 11644 5166 2378 9194 9690 10274 1625 6488 3812 5259 2293 8122 1990 2216 11221 12611 1051 12612 3089 1729 12613 7639 2253 3997
83 546 2792 3132 1967 7303 10 2489 2651 3893 9661 1817 12 6550 4020 1796 3779
84 3527 8637 1256 5692 7502 2370 4235 6674 1042 8063 5892 4241 9740 10952 5883 10640 965 12632 1471 4237 12633 10566 1631
85 12644 8674 12645 6896 724 479 4440 480 865 477 4724 12646 4309 12647 4296 509 519 491 719 1124 722 12648 4308 475 871 4306 4288 730 4452 11143 1499 12649 11005 6897 11762 4287 515 476 6653 465 1131 6900 464 2821 9374
86 2403 2932 5391 5396 7786 4607 9656 7175 5379 5401 3019 3146 3731 7468 6923 12360 13140
87 7061 587 13194 590 4582 13195 10671 2604 4789 3138 5341 6786 13196 2814 6601 4820 2584 596 2582 6199 10063 4835 3346 2702 2708 3196 3217 4787 10380 13197 3225
88 1375 4594 70 605 3303 6091 744 1821 2686 624 5709 4123 10070 3299 3192 6093 79 575 5707 83 3362 10105 2649 8479 675 1525 6301 10 712 678 7888 877 2470 0 2966
89 1742 748 572 3135 76 5626 629 547 2538 2778 630 3938 2473 3304 6449 3008
90 3322 9684 3324 2584 3289 1373 1365 10 656 3949 1534 1458 2575 8348 3131 4489 4621 6690 6693 3373 2550
91 5197 3220 13280 4794 566 5506 5306 2584 1740 4494 3352 3946 633 3470 6234 3373 7891 13281 13282 3947 3471 635 3486 7333 7152 3027 3280 13283 732 8398 3368 4893 4643 9339 3378 13284 8501 8492 8493 11810 13285 13286 609 2571 2622 9230 13287 8008 7608 4886 13288 6223 2638 13289 735
92 78 2961 8158 585 547 11189 5656 661 2794 7152 622 584 2460 4621 3327 3927 13290 5966 2660 13291 1914 1889 6119 13292 13293 615 4577 899 657 13233 2708 1285 13294 4594 3281 717 3937 4198 4832 7825
93 12878 803 5671 1728 925 691 3840 4258 13426 6556 10939 10632 4001 1114 3092 5672 1355 972 1663 4222 1618 4665 5983
94 13427 4206 3286 3290 8452 6141 4505 7672 564 6481 4901 4820 2509 3193 4572 5524 2531 2584 1506 660 4629 6180 2607 699 875 9683 2861 2398 9811 1742 3291 7168 6185 593 6368 3285 6165 3261 7594 3037 3946 596 6809 3381 5345 6257 13428 8332 6343 5526 3752 13429 6258 3324 3337 6214 6142 1815 6090 12086 2552 7847 4126 2401 630 1817 2615 3919 10370 5039 5347 10764 2641 13430 13431 2630 12374 6137 550 8217 3322 10286 12384 604 554 2807 3300 8417 3294 13432 3344 2589 2623 4903 2799 6183 2642 2526 2532 2596 6347 7868 4532 13433 8357 2672 4526 3301 2537 1813 7451 13434 10860 6311 3929 3187 3348 2702 609 3466 7577 13435 2478 8735 12396 6693 735 2574 2611 2619 745 3302 4516 3385 2786 5513 12819 2645 705 2586 13436 3386 10232 4828 5210 3231 13437 622 4638 6205 3021 13438 3506 5834 3336 13439 2674 2458 2555 7932 7591 14 9114 6958 2649 12817 10766 7167 6370 4902 4520 3387 9434 13440 3471 5182 6602 3468 8722 9339 9476 5188 3347 13441 3460 4563 2610 5494 5527 13442 6220 2612 10094 7883 8468 12840 8363 4525 3038 1822 3490 9467 4542 7880 8574 7686 7898 5219 3472 13443 3331 4829 3215 10392 3383 7224 1369 2966 7608 3204 2644 7897 3256 7910 5521 8472 3395 7903 2960 4734 10086 3740 9271 7611 10235 7701 632 12843 7618 4602 2587 13209 11701 6802 13444 3485 7697 5366 661 7937 7927 4733 2581 13445 13446 10097 11697 6625 13447 1527 13448 7694 2979 3240 13045 7625 13449 547 3221 12991 6201 12194 12386 8355 12864 13450 13451 10660 6713 8747
95 4684 10622 1478 10311 11232 5052 1646 5678 947 1017 1268 1824 8987 13466 13467 2013 1475 6120 5679 1770 917 998 1228 5632 969 670 5075 13468 11539 4040 13469 3997 1074 1108 1082 1311 1087 5693 5134 8255 1837 1115 1943 4777 1328 6073 5685 4052 8248 559 13470 8966 5688 3797 954 922 13471 9417 2379 5672 10132 13472 984 1229 3857 13473 1179 11534 991 3433 7128 1086 7641 977 3876 4755 987 8854 8873 10279 999 3802 1302 1301 4154 1038 5077 971 1107 2717 1639 4032 1297 5012 1174 952 9398 2453 7161 8159 5645 1886 1533 2216 6819 4189 8823 7642 10127 4909 4084 958 8318 7562 11421 8871 972 5011 13474 9842 7566 13475 1065 9214 6906 8925 3084 8896 13476 7654 4281 2451
96 755 2498 5044 4576 1967 1536 84 5403 0 13559 68 604 1507 1535 555 2489 1376 4271 2654 8314 2649
97 703 2023 3703 691 4171 1776 992 976 1283 925 13576 3006 3983 3802 1299 1226 800 4230 970 3732 6719 1301 1300 4087 904 5099 1173 7140 1917 1278 6055 945 1110 1347
98 1434 913 1027 972 1008 4079 1474 4141 945 947 8829 937 1314 4093 4100 1431 4764 4245 4084
99 1038 1225 3802 1353 3803 7223 4080 1020 2717 1483 6586 1097 6018 1181 12876 1300 1319 3785 3855 1280 5649 1476 3968 790 1101 1102 1175 1107
100 955 4187 929 928 10516 1482 904 4065 959 7498 7222 2370 1233 965 1107 1181 1188 1171 12466 10514 1116
101 3040 7129 8766 9755 13665 11179 3405 4770 8859 11252 2716 3419 12947 6435 6000 7515 8598 13666 3883 13667 13668
102 1843 1694 8189 1826 2996 1980 5283 3090 1520 3054 923 13733 1513 8632 13734 1297 1048 1734 13735 2203 6718 2440 8920 12464 9135
103 1395 1517 3915 2056 1744 1797 3795 1309 1678 1005 7048 1649 6827 803 4149 13765 6922 3732 1789 6981 1087 6919 5328 4032 1854 1643 1400 4474 1019 2099 10703 7480 11416 1015 1948 13724
104 5068 6483 2663 3796 1086 6684 4171 1100 10531 9692 978 1051 1301 5666 1186 9715 1483 972 5012 7160
105 1740 3348 3316 622 3352 7576 3303 8577 3002 7614 11061 2973 10386 10392 7607 7572 7608 10660 4871 3311 6804 7613 3230 10757 4789 7906 8350 10396 7918 7333 5514 5188 3300 668 8737 3466 635 3375 3381 13192 12846 13912 7944 13913 7285 8397 7949 3325 7927 675 619 6630 4734 13611 3477 4599 7629 3506 12402 11702 6632 13914 12960 7603 13915 3290 6375 4617 3245 13916 3356 3218 8389 12821 13917 13504 9885 5234 13045 7911 13918 8187 13919 6353 13920 3480 2557 9336 10249 688 12864 3036 2805 1963 8497 9531 9643 3496 13921 892 8742 7628 13922 7955 13923 12863 12983 13924 8736 4131 2966 12305 9421 13925 12979 4542 12194 12390 3301 4520 8765 13926 4525 3370 6256 13927 7948 6228 5374 9530 6631 12999 13450 13928 9502 8749 7154 8747 3288 13929 9536 13003 6557 3741 12873 12871 2560 8687 13930 11825 4928 11817 10607 9543 9121 681 13931 4623 7070 6187 12030 7914 3479 13932 6258 13933 8008 11205 6161 13934 13935 2644 13936 13937 13938 11204 13939 13940 13289 13941 13942 10768 13943 13944 10605 13945 13946 13947 3217 13948 13073 11824 4872 13949 13950 13951 8688 2584 9586 7630 5621 12405 13952 13953 13954 11828 5497 13955 3362 13194 1967 13956 11829 13957 6390 13958 12869 5712 13959 13960 13961 13962 13963 3193 11025 11597 13964 13965 2975 8764 2649 13966 13967 13968 13969 13970 12481 11691 13971 13972 13973 13974 7337 13613 13975 13976
106 875 1376 1742 555 3452 2649 1813 3344 3348 654 4939 2552 4599 7890 675 11827 665 3473
107 5333 1319 1391 9704 7646 12068 1112 3011 1110 8650 3796 14207 4484 1977 4054 5646 2191 8983 5027 7104 1318
108 9277 5393 562 7471 14269 534 2414 12355 5384 10168 10337 12799 2930 10664 8515 10199 7785 8565 3019 14270 8614 11130 5386 14271 10727 4947 5391 12365 11376 3145 12357 14272 5375 14219 637 5787 3150 9282 14273 14224 14274 14275
109 9676 2489 9567 2496 2566 4583 2624 2598 4137 1376 2677 603 548 4126 2532 1815 2467 741 4324 6319 3193 2527 2778 1459 4924 4398
110 1339 3846 3883 5109 1269 952 1795 14280 1484 4027 1328 14281 2991 11241 11535 4225 2379 4480 1028 920 1301 9803 4462 7245 5098 3076 1624 12944 5068 1876
111 1596 836 10732 14336 14337 12708 12758 1504 14338 12721 14339 14340 14341 12712 14342 527 2827 7102 14323 14343 14344 10872 1162 14345 11561 14346 14347 7046 14348 1637 531 4951 1203 10867 12729 4948 11609 12719 12691 10754 3044 12672 10749 12689 12652 14349 4978 1559 14350 12656 14351 14352 13083 837 7078 14353 13122 14354 13081 14355 14302 14356 14357 14358
112 14381 3140 769 14382 3545 767 14383 14384 14385 14386 14387 14079 14388 3614 14389 14390 2886 14391 14392 14393 10453 12257 757 14394 763 14395 6752 14396 13452 13486 14397 12413 8301 14398 14399 14400 14401 3530 14402 14403 14404 12919 2447 14405 6734 3007 734 14406 14407 14408 764 14409 2892 3532 14410 14411 3068 9378 14412 14413 2888 14414 14415 2472 548 6619 12265 14416 14417 7339 2517 14418 3552 3533 14419 3673 14298 14420 14421 14422 14423 14424 14425 14426 14427 14428 14283 14429 3548 14430 14431 14432 14433 6754 14434 14435 14436 14437 14438 14439 14440 14441 14442 14443 6755 2446 14444 14445 10227 3586 14446 14447 14448 14449 652 14450 6193 14451 14452 14453 14454 14455 14456 2893 14457 14458 14459 14460 14461 14462 11874 3606 14463 14464 14465 14466 14467 3592 10432 14468 3598 14469 14470 14471 1563 11601 14472 14473 2442 14474 6749 4370 14475 14476 14477 14478 14479 4385 14480 3612 11872 14481 3602 14482 9324 14483 14484 2899 14485 10436 14486 14487 14488 14489 3539 14490 14491 14492 14493 14494
113 1517 1617 1554 2056 1248 920 1656 3005 2099 1943 805 965 5259 8802 2422 1511 10108 1073 3980 930 5107 3832 6767 6666 5247 5296 1717 10278 2323 4161 12613 8183 4093 3794 672 5315 918 1102 1611 3822 2358 922 3788 1615 11749 970 3689 13338 1672 5162 1550 9616 9624 6124 3056 7490 1729 1758 13322 7300 1616 11320 9815 420 289 8881 7827 14762 1387 8642 1712 963 1854 10569 1408 1996 1807 8641 2040 2167 1695 2163 815 8652 5052 14763 2150 14764 1524 8191 691 1754 1662 3969 1000 4695 1477 9707 1623 4115 8593 1751 10346 1642 7562 1786 12627 1114 13577 14765 1627 2216 2295 2457 803 5977 10908 1986 14766 3808 3193 663 1170 8956 6581 1481 14767 78 702 14768 13357 14113 13334 2042 8945 14769 2065 6927 3070 1917 938 12471 631 10621 11666 14770 2395 11705 14771 14772 4572 3849 7952 1376 1333 9033 682 7713 6645 7909 2966 8757 9550 13039 2532 4939 6193 5367 13353 14773 12127 14774 8004 4023 14775 1368 6344 8048 9119 4602 2552 14250 7572 10945
114 13453 571 2558 2466 4564 6164 3970 2687 631 1535 3132 2550 1967 2564 1375 3754 3190 68 547 3956 877 3135 4799 608 4318 14254 8665 2517 2519 3131 1534 2520 2396 3966 5627 8725 3555 14846 3674 14847 4398 5530 5210 3028 4548 4582 11 7171 555 666
115 14848 14849 14850 14851 14852 3544 14853 3581 14854 2921 3551 14855 14856 3576 14857 14858 3561 2906 14859 14860 14861 14862 11971 3573 14863 14864 14865 4380 14866 14867 14868 14869 14870 14871 14872 14873 14874 881 14875 14876 8307 3560 2902 14877 12614 14878 5775 14409 2913 14879 14880 3547 14881 3564 3141 14882 14883 3536 3552 3537 14884 14885 4179 14886 3532 14887 14888 14889 14890 13741 14430 14891 14892 14893 14894 3646 14895 14896 14897 14898 14899 6747 14900 7961
116 1376 734 874 603 631 1384 4202 1372 2538 654 3198 81 880 1456 5368 11 568 898 2566 1534 741 2649 12187 2689 2511 7682 2512 877
117 15034 15035 15036 15037 4386 6745 14416 15038 15039 15040 13740 15041 15042 15043 14935 753 14505 4377 15044 6736 4381 13738 14488 15045 14534 14413 15046 14075 15047 3539 3582 14418 15048 15049 9323 15050 15051 15052 14858 12055 14909 14673 15053 14919 14077 14855 14927 15054 14694 2914 12267 15003 14441 4373 14078 15055 14875 15056 15057 15058 15059 15060 14902 6753 14520 14076 4645 4396 770 2900 15061 15062 15063 15064 15065 10321 4372 15066 15067 15068 15069 15070 15071 8809 15072 15073 15074 15075 14853 15076 14551 13456 767 14719 3650 8814 13460 2901 15077 15078 771 15079 12258 15080 14606 15081 10319 15082 15083 3564 15021 15084 15085 15086 12265 15087 10020 15088 14546 15089 2878 14741 3555 2918 14381 13152 15090 13743 4369 14854 4370 14752 4382 14865 15091 15092 769 14876 14867 14419 15093 15094 15095 2899 13119 15096 15097 15098 11600 15099 15100 15101 15102 14667 13425 13424 15103 15104 13737 3532 12255 14874 14863 3576 15105
118 925 1376 4564 1469 1758 2810 1381 3734 1468 1987 5015 1426 6018 6488 3794 1850 6717 1454 788 1699 1606 1623 1243 2436 1112
119 724 6892 5541 3182 4720 15433 15434 482 13143 470 472 501 867 2668 471 478 9369 489 9373 508 479 464 503 493 484 465 4440 1124 6901 480 9138 9161 461 11003 11091 4722 519 488 7432 817 3713 3112 3105 904 2671
120 2536 1376 2395 1381 2709 2478 617 82 875 680 4634 2545 3449 551 4797 554 604 83 2655 708 78 2472 2565 661 877 73 608
121 1058 5588 1176 11529 1798 1606 5277 15589 7513 6682 10015 5577 13581 8630 9015 1686 1469 15590 15591 13662 1754 15592 15593
122 2499 712 1369 84 2551 1668 7 2466 2547 668 662 554 0 2529 1967 654 15605 12927 4801 15606 2894 15607 1822
123 1994 5325 11925 1040 8886 3790 977 14958 6925 2000 1554 11904 7744 5315 1878 13712 12593 1675 1174 1076 15608 3074 1824 1016 2716 2370 1329 15609 1781
124 4018 5126 15812 1770 1864 5329 1744 9240 10977 2363 3792 2096 4283 1751 10362 2003 2307 2278 15813 4997 15814 2956 10964 15815 11795 1312 3098 2268
125 1517 3698 8875 15822 946 1017 1684 2663 4179 5118 3068 12882 971 1027 5686 1463 4111 6404 1420 1032 8057 10556 3693 1054 672 3707 3917 1432 694 4762 1039 6517 7245 1398 558 3695 3928 1008 3706 916 6136 1704 8926 15554 935 14802 1084 12944 10644 6501 3409 6483 5692 4163 6498 2440 4240 1103 1613 10590 3402 921 4773 1389 7459 1003 8868 8899
126 15847 15848 15849 15850 14082 15851 15852 15853 15854 15855 15856 15857 15858 15859 15860 15861 15767 14081 15862 15863 15864
127 3830 1980 3085 14280 6771 2942 2112 5156 10548 6008 6124 691 1737 7808 12633 9753 4239 1981 13679 8647 933 5840 15602 5883
128 2814 2483 3336 880 9913 2708 604 3301 11276 15396 217 15922 2723 15923 7386 315 588 10395 2968 877 8797 9464 8364 4734 3496
129 916 14380 970 3911 2357 15292 7830 1651 9185 1775 8626 12613 1854 6638 12610 5025 2138 15503 5329 904
130 1534 84 875 0 567 10 547 755 72 614 73 1367 1536 715 83 16096 16097 15241 16098 16099 15144 4369 14489
131 7022 4722 8674 860 6899 13711 3169 16197 16198 521 4285 11102 11006 484 9082 6890
132 8589 3874 3422 4242 976 7097 11183 3086 1283 5672 6028 1262 1179 11105 1951 996 2993 940 12888 4240 16214 16215 16216
133 11473 9458 6601 3307 744 3226 5595 4492 702 4916 9913 9853 4526 10381 8574 3205 4889 7150
134 87 1534 2708 563 2532 655 597 630 715 10 547 877 4318 7306 3195 2569 1367 661
135 2472 81 3209 9467 1064 3053 4178 8592 3268 7239 4175 5896 13111 11733 3877 1002
136 1473 1746 976 14953 10113 8951 9218 1707 807 9662 1241 14771 3738 3378 5610 4268 10630 16265 3187 4907 16266 7716 4601 1629 2188 12070 16267 13051 8482
137 15226 14381 16323 15137 15181 14736 15058 14750 13119 15037 2913 13459 16324 16325 15249 12174 13104
138 8120 1156 16573 2857 1219 15508 1588 16574 16575 11554 7083 16576 1550 9831 1559 1221 1573 1607 1596 9771 7040 11543 1563 16577 1600 4983 837 1153 852 2843 10289 16476 1145 2834 1216 16075 1546 1599 12725 9610 1570 12666 12151 12657 16578 1543 16579 7035 12761 4987 16580 16581 12680 16582 1549 2837 16583 16584 1609 16585 12713 16586 10732 16587 16588 15516 11410 16589 10737 12660 7086 12750 14322 13131 5802 14660 11115 16590 16591
139 9317 12053 7206 3253 7853 3452 2585 3266 3295 2860 7224 2579 590 636 3007 596 4492 3451 16661 594 12037 4457 3448 3947 16662 3008 7451 3230 4515 11587 3316 1813 2705 3920 5185
140 16667 14795 15230 14402 16668 14670 15219 16669 15165 4396 3646 16670 14506 15123 14538 15022 14697 13744 6748 15025 15988 3538 14682 15042 11599 3674 3536 14551 3612 15336 15047 14539 14532 15181 14867 3141 16671 15129 3667 14498 13155 756 14683 15340 14507 14443 3539 16672 14392 16673 15014 14519 16674 14800 16675 15124 16676 14797 14692 14738 16677 14503 15269 15233 14490 16438 750 610 14672 14673 8712 14677 16376 16678 14508 3140 15142 14667 15783 15251 14487 9377 15139 14920 16390 15138 16679 13144 16680 15247 14740 14611 15145 14390 14719 15164 15136 15048 3591 14523 14429 16681 15232 13459 16682 14931 14868 16683 15127 14880 2911 14686 14391 10446 16684 15237 16323 15134 16392 2909 14413 4378 5775 14861 13741 6706 14936 2901 12258 15213 15083 14935 14707 15218 14882 3650 14404 14709 15229 16121 16685 15054 14734 6757 16379 6747 14505 14905 16219 3540 14701 15249 16118 14796 16686 3578 15212 12921 14598 14401 16687 16688 14499 774 15254 16123 16689 12268 16616 16690 14599 16691 15055 14414 12366 14666 14917 10440 16692 16520 4369 16693
141 1387 6676 2306 6657 1748 3050 1695 6112 16738 5691 11182 6671 5281 1510 1517 4022 1598 8717 6776 5123 11567 5258 8159 7457 4764 6443 4669 3049 10586 5714 11481 11661 12505 11578 1703 10567 1516 11238 7567 16739 3090 16740 4587 1622
142 1948 1020 5286 4267 2717 5315 11848 4256 8910 9748 1175 11258 3018 7968 3766 16743 4265 5872 9712
143 5495 2597 659 5343 11146 4944 16760 1742 3947 16761 15496 737 11510 10764 4121 747 6535 16762 6155 3921 16763 8370 7817 10036 5496 16764 3770 7671 2999 7863 16765 615 6691 5190 6281 12010 6154 9667 6091 16766 7947 2627 8392 3254 3217 6390 9318 74 603 3192 16767 16768 13439 82 587 4929 6218 2580 5729 575 7847 12014 16769 6721 12959 12994 12821 2618 16770 4508 6372 6357 5607 3896 6686 10667 7261 16771 13487 16772 6305 567 6454 3937 572 16773 7846 577 6792 10084 84 4890 16774 76 5303 4897 2699 2814 3130 10668 3023 3299 16775 6624 9314 12387 6258 5220 10371 3898 16776 7530 16777 657 3201 13589 14157 6201 16778 5039 13644 3205 5352 7339 6196 6286 6223 6231 4597 7854 574 10416 6296 16779 3137 586 15447 1525 2589 1378 16780 16781 3396 83 10765 4788 16782 2601 6165 5308 7202 6225 13411 9757 4545 7334 16783 8435 9912 16784 3216 16785 5514 6142 7460 7589 12973 16786 2787 16787 8208 10087 2584 2630 61 6784 16788 16789 10381 732 1661 565 16790 9316 13440 12961 16791 16792 4522 9856 4628 2702 1377 6066 8722 9549 13412 2963 9222 6660 4796 5604 12872 16091 4502 11387 4629 16793 16794 3231 7226 6150 5302 8169 11835 6295 16795 10378 3925 7338 16796 7594 6962 4578 16284 16797 853 660 7463 3334 3040 3738 675 9455 16798 6449 11388 7057 636 6109 16799 7825 4833 7851 4786 16800 3384 6343 16801
144 3186 7064 3327 9885 7858 6806 3886 14974 3321 2584 615 6542 8683 15587 2651 8686 9808 2519 572 582
145 10 1534 880 6619 2472 2494 661 2566 11 877 2644 1371 1813 878 9233 3959 2535 2778 2511 8605
146 3819 603 7206 1375 10 2895 718 3930 16766 555 2625 594 9226 608 889 4454 3335 547 5594 3135 2517 6241 3203 636 741 2639 624 6814 6090 1527 3128 3127 3929 1287
147 14867 10436 16979 14505 15083 14713 15786 15251 14513 6753 15170 767 14404 14079 15054 6747 12921 10020 14682 15264 16438 15222 16980 16981 9375 16982 16618
148 2836 7026 17065 10722 17066 16500 13452 2898 13253 1212 1137 9616 531 2835 4951 1191 850 7109 9624 868 1599 4979 12700
149 4304 1500 478 9087 11010 4296 4307 860 513 489 519 6890 866 16264 9088 474 7737 9070 9143 4300 9091 4441 465 12167 480 870 862 492 4285 17186 2820 15434 728 730 11143 506 515 2668
150 2968 5603 690 3271 4631 4526 4900 3007 3187 660 5594 6601 3929 2530 2532 1160 837 1559 1192
151 72 4267 558 17205 1482 1280 17206 14131 15641 4585 17207 945 17208 6993 3134 17209 1105 1269
152 9455 6149 3761 79 4562 1375 2895 734 591 580 3770 84 4897 1367 1536 78 563 10572 1525 5219 73 2779 577 4202 1385 4714 62 3887 87 678 3208 4199 555 3040 4706 1378 3199 567 614 7211 755 582 1818 1529 5732 0 4122 547 636 2563 75 3449 659 5659 615 4455 5030 7870 7964 744 1637 72 631 705
153 5736 2977 3108 678 3120 3110 822 827 6599 703 6962 2674 2470 2675 3929 604 1534 2472 6699 516 4566 7432 7440 6652
154 3262 877 2516 547 8259 630 2860 8317 2496 10666 4342 602 7892 3245 1661 603 3228 8726 9224 5656 1746 2584 5403 5044 3192 4644 704 10294 4742 15954 4821 7226 7284 4905 5709 9567 2473 10062 6940 608 3210 4322 6325 7155 755 575 3256 6391 5039 7812 2579 3930 4207 2498 6342 85 4121 10981 636 3360 707 10617 1507 3289 3255 5599 5723 4626 8171 878 68 3324 2401 4550 3455 3306 3031 3209 17347 5727 3920 11694 17348 9496 11690
155 1632 5266 1809 3091 3011 2368 8147 10778 6433 17552 7752 815 6775 4163 12627 9043 17553 13053 2251 17554 10679 11051 11431 17555
156 1011 17565 979 1100 3905 5260 8846 1281 8868 988 4168 11733 13469 1017 11507 982 797 9711 9214 2056 9349 2624 2788 1250 1792 5074 4010 1660 1525 978 4469 3857 67 10576 5697 1330 10774 1025
157 938 5877 13808 6587 17363 13812 1112 1945 10238 920 3397 2865 1186 1181 1049 1943 9414 814 5054 904 12879 1760 10044 4254 10344 8637 4662 7805 3843 1175 8037 4038 1236 11233 9662 4087 5663 1825 11905 1409 789 1102 6907 5337 3781 11908 6979 5072 4052 13549 987 12 1434 14369 12442 8199 945 2346 1775 10017 17788 10796 12538
158 563 2513 874 1364 873 2472 5402 2566 2778 2613 582 2706 6784 555 2527 1376 718
159 3408 3436 5067 17796 3163 8861 4114 3737 922 6134 6397 13699 6388 1938 6443 10552 3762 1104 1051 1485 1539 5015 5693 3005 6791 1451 1315 8983
160 17797 2403 17798 17799 646 9363 15429 17029 884 2408 12948 8614 10665 3145 17304 14237 10662 10180 5765 11166 5797 14223 9935 17168 10686 3147 5388 14226 17800 17801 9278 14275 7172 5798 17802 17803 7176 3151 7183 17804 11115 17805 3144 17806 17807 5795 10023 11118 9287 639 17808 11130 17809 17810
161 4901 2584 6152 14 665 547 1815 7477 7171 3303 4577 16766 2533 661 10619 2500 2458 2487 3299 17877 13448 3364 4599 9202 8376 3486 7580 6526 10145 16922 899 741 2708 2649 555 8687 10 4934 1534 11 660 7951 609 876 3298 8101
162 8162 3127 732 2602 7963 3454 675 6632 3031 5530 3028 7309 8505 632 13030 3186 4638 3493 12264 15013 17916 17917 17918 6746 15340 17919 6748 2906 17920 17921
163 15326 6325 2629 7149 3229 2968 16793 6159 4592 874 652 6716 3136 11369 9886 551 8457 9233 7868
164 14696 4646 15241 14686 17962 14452 3586 17963 769 15335 3612 15339 14432 17964 17965 17518 14644 17966
165 547 1375 2524 7960 3065 14573 16390 17499 14644 4378 15131 18026 16980 15337 774 18027 15059 14452 18028 16996 14503 16999 18029 15099 16675 18030 6740 16731 16681 14365 15565 15138 16652 3598 16219 14457 18031 16878 18032 18033 14284 18034 15217 18035 15238 17320 14420 15162 16852 2883 3565 18036 4389 16467 18037 16372 16723 18038 2450 14661 14923 16517 17556 18039 17340 6741 18040 16114 12258 18041 12183 14868 18042 18043 17047 14500 18044 18045 18046 18047 14536 2917 3596 15074 18048 18049 16511 18050 17095 18051 14390 17025 6759 3606 14798 14076 12916 16380 15338 18052 14523 16623 16133 18053 18054 14667 14682 18055 10319 14519 14970 15237 3650 771 6758 18056 14479 14414 18057 3140 17964 18058 15233 15207 14672 18059 16542 18060 15426 18061 18062 18063 18064 15157 12264 18065 18066 14723 14882 17734 14924 18067 16691 18068 3681 13738 3643 18069 17033 16192 18070 18071 15205 18072 15012 3659 6762 18073 18074 17769 15100 18075
166 5201 3007 4515 2636 2592 1384 6801 4744 2708 899 16291 2535 11 17075 1819 9484 7597 4519 18096 9856 4739 9936 596 10837 12338 1534 11706 3466 9336 16903 4942
167 2598 3379 584 979 4073 4029 7481 7858 925 4893 3215 3895 5146 3941 3311 581 4204 2625 3520 1527 4195 7206 12053 7168 3349 9317 3293 5625 748 1525 853 1815 4789 2489 632 4904 5724 2963 704 1535 3946 10861 661 2527 706 2697 3132 1536 2639 2703 5031 5723 614 2860 3947 4454
168 1434 5694 5014 4020 795 4141 1324 1297 2992 6012 6906 6951 5663 4592 614 717 6819 7990 4695 7166 9205 796 18124 4689 6017 4229 1002 2500 84
169 603 1376 11692 1485 1114 3692 972 2390 1648 18130 2537 2860 621 675 3192 878 604 567 3344 665 6251 79 2686 3025 1813 11066 1815 564 704 2579 654 608 6091 5709 2778 587 5660
170 1112 1047 923 2346 8444 2044 2986 3764 1044 3776 11270 10108 1004 1932 1222 988 1797 1866 1685 4000 1280 918 928 2108 6589 1468 1309 982 1642 2783 5850 1835 1227 9980 904 4495 1312 5325 15915 2057 4775 18131 5137 10590 10805 8666 1016 1014 1886 13471 3795 5697 2179 1654 948 1643 1090 1301 3091 1770 1633 1175 10785 1611
171 2883 14392 15311 6965 18142 14718 14663 6733 18143 16877 10443 763 18144 765 16461 758 16516 764 12916 16857 15140 18145 8711 18146 18147 18148 18149 13741 18150 18151 18152 2919 2891 18153 17030
172 1590 1583 16123 18166 18167 8810 15219 15187 15022 6746 2910 3528 2885 4396 16120 15241 3543 3646 14470 3606 18168 15015 16223 3578 15180 14525 3030 2878 14298 10429 7075 17026 17318 11874 16114 2886 16380 16128 18169 14519 15206 14295 12920 18051 17319 15000 14693
173 6943 4093 2834 1207 1642 7457 6680 4177 904 1980 4178 5324 1049 922 7097 8879 1832 12602 7292 5137 1950 12879 7302 7827 5262 2014 10679 1648
174 15349 16747 14682 16757 15244 18040 3586 14514 767 16132 8786 15182 3548 18284 16391 15299 18285 16608 14851 15153 16113 11601 18286 758 15219 3674 2888 14441 18287 14686 15125 4373 15144 2889 3646 3561 13738 8812 18288 18289 2890 16110 16115 12260 18058
175 2470 1535 1381 1752 3207 1458 3770 10300 2997 3198 2688 10 712 675 8317 2592 624
176 13865 5434 295 286 15283 4415 217 414 15401 197 15613 333 17189 354 18324 5421 135 136 100 4429 5466
177 588 3954 2967 855 1525 7091 72 718 8592 1815 3770 712 904 17088 925 1824 3805 5146 952 1917
178 4149 2108 4084 1788 2112 6680 7971 2099 1004 3915 8829 3862 1744 1312 5276 13396 10275 1452 2013 8189 1180
179 10930 12502 8802 1621 6676 1430 4149 5257 5287 1423 12613 4178 13700 7300 17910 5284 1990 18135 2950 5701 10573 16861 14511 5835 13331 6480 1775 1702 15518 1520 18388 6567 3419 10906 5832 925 6488 6656 5298 11678 5281 5314 1974 18389 904 7751 9419 3515 5295 6 1517 10825 8650 18390 14811 8093
180 6941 3796 3417 6995 979 987 3803 13670 1432 4171 1236 5702 4115 1300 1301 1271 1246 1226 1111 4181 1338 986 1097 14141 1174 1010 1280 1008 812 1182 1231 1472 8976 4482
181 1175 1977 1781 1798 1283 1730 11845 1434 11686 5067 3831 3163 4065 2044 909 1577 9366 14412 4373 7263 1322 1049 3084 18449 13460 4384
182 1382 582 1660 1821 624 855 5708 72 3192 7892 678 6977 602 4715 79 4599 11598 1375 7477 4341 6334 6090 12847 2493 636 4868 7917 620 7896 3973 4904 593 8242 6795 2979 614 1504 17328 14000 1637 12985
183 4143 2942 18459 4171 5838 972 1226 5588 938 979 4139 5702 5650 4657 1271 7127 7987 5579 1758 2717 1628 2096 1051 815 3839 1469 7166 2713 1486 1274 1951 1176 10600 1863 1355 3827 10780 4468 18460 4694 9895 6017 10517 9712 1001 1177 6636 13850 3088 10679 9918 1627 12433 9638 788 2157 5967 5857 8648 18461 1690 1961 5287 1773 6775 1777 18462 12567 1711 1809 1826 10543 18463 10495 1675 11246 18464 4679 5852 1330 12350 1311 9004 15809 18465 15808 4000 4281 11880 4275 13342 1992 6856 2780 2033 1232 18466 15593
184 3432 3417 4056 978 1020 6674 4225 9904 4084 9442 988 654 15672 4235 672 4663 6581 15941 9753 1008 1315 1169 6655 1471 6579 2989 1016 9693 14098 1226 5850 7231 814 970 1234 6056 795 13303 7808 9742 1264 5892 9691 8444 9191 1107 784 10464
185 15284 16731 12268 18558 14719 16993 610 14551 14665 18559 18560 16499 14388 3606 2891 1375 14426 13118 14518 9793 18561 14913
186 4253 14142 4094 987 13634 4166 5148 6981 18580 4805 2099 6834 9747 5837 18581 12440 1733 8998 1046 11903
187 3303 3352 6188 7333 938 2942 1611 9916 3213 6635 7111 1468 1051 7537 1112 10770
188 547 874 9683 2895 4202 2492 875 2477 1384 3069 1374 678 78 3185 4207 2551 1967 580 62
189 2570 741 10 3938 1661 636 1534 717 587 877 873 3939 2563 631 2584 1288 1637 6366 2860 3379 6711 675 3956 4911 665 1375
190 14794 1171 1021 919 4773 958 13564 1761 1107 1097 1253 1262 9662 925 928 6387 1280 8920 1333 18671 788 1918 11737
191 1248 3397 4151 3827 3983 7162 1265 999 979 5695 2988 795 4040 1613 4080 4041 1233 1010 1236 11245 1282
192 14516 15067 16744 14706 15133 15233 767 14733 18674 11872 14263 4373 3579 3593 18675 17204
193 691 3907 1428 5668 8246 962 3003 12573 6480 6069 6132 4082 18494 8247 3005 695 1424 1008 2435 1707 6554
194 3226 604 3132 4120 4108 572 597 7286 564 2674 3272 5344 9936 2649 3945 675 2966 2979 3973 7906 741 2542 10300 678 2494 748 17825 7580 555 16147 18957 11784 17216 9676 18597 18958 3473 632 18959 629
195 923 1643 965 3520 1038 4073 1598 1729 3793 1046 3940 7253 1226 2440 1761 907 787 1987 8256 909 1003 966 1952 5067 1174 952 18516 1107 958 9823 9342 1639 7161 1629 6024 2108 970 1744 10293 814 1114 1319 1783 928 4101 1026 991 1339 983 1983 1017 929 8895 3802 948 1294 3092 12624 1102 977 4099 1706 982 1271 911 2457 1097 12058 15978 8934 915 919 791 999 18972 1101 976 18973 13770 5168 5263 2170 7272 3860 1848 18974 8960 1064 7654 7270 2290 9974 5012 2431 3762 5939 15594 13790 2871 8529
196 14413 14689 15165 14698 16735 14673 15225 17506 2449 15209 19079 14550 6705 14390 18757 18750 14430 16987 14667 18925 14263 16109 5771 15245 19080 19081 14552 16115 15208 765 14738 16225 14969 18034 18558 14963 14461 17505 15257 16223 3606 3548 14457 16195 19082 14970 18722 19083 15040 16120 16882 14420 19084 15126 19085 14467 16380 15195 17318 19086 16715
197 7377 660 10061 3002 6638 3337 19088 17158 9197 8692 13431 19089 5177 14042 2618 18369 19090 18379 7600 19091 19092 2613 19093
198 5044 2579 577 707 5580 1504 3069 1967 2517 3893 2396 6169 6225 5834 3130 1818 2520 4715 2699 3449 2649 2500 7476 2494 636 10040 609 17328 17076 3291 9473 4131 734 19124 3326 11451 615 581 678 2471 624 5598 19125 16915 17083 2512 11443 14153 11459 9502 19126 17162 19127 19128 9313 13941 19129 2794 19130 10861 3477 19131 17702 16389 19132 4928 11657 7281 19133 2600 19134 19135 19136 19137 19138 19139 19140 660 9643 19141
199 7532 590 608 630 9897 592 1535 602 3819 555 3973 604 84 2565 1375 4341 1815 72 615 3332 2686 3131 598 573
200 3719 3104 820 822 826 3720 9022 4811 3117 6651 3718 818 18652 4193 3716 3712 6648 827 4194 6600
201 2575 9334 6273 8370 4546 7685 2620 4592 3296 1369 7683 12140 3476 3395 587 4491 5032 6368 2816 7333 7601 6688 11514 2584 14329 7868 5657 6153 550 10096 734 12821 13190 3341 4821 8665 735 11742 12291 4733 11814 5302 13890 12403 580 7699 8434 4924 19235 7954 909 4474 8915 6190 19236 7611 4898 652 9464 12308 12968 3893 2521 2599 4126 15885 11025 19237 19238 19239 11711 8491 13037 3346 19240 6375 6805 2542 7307 2532 7952 4738 551 6262 13020 16537 13078 11707 589 7167 14657
202 6676 9023 11966 14811 3418 10013 4140 10014 13839 10016 1510 11676 1767 920 5293 1517 7505 1845 14265 5318 1769 970 4105 7635 8165 8938 13840 1695 12001 11037 4666 3071 14245 3091 8854 1282 16226 780 5719 12225 9705 3781 2047 2297 19344 3978 19345 18359 12599 1101 1622 18440 2369 1114 788 2033 2210 19054 19346 12163 10525 3909 5714 17873
203 7432 3116 3107 4194 4814 7433 6649 817 19374 7434 3722 3104 3718 4811 847 3118 6651 3721 19375 19376 821 6650 828 10363 3103 10364 830 3111
204 4311 3724 11180 3713 7430 3719 3112 817 19427 4565 7431 19428 4810 702 7445 816 3113 10367 3118 827 10365 3115 824 18651
205 10012 7221 6133 944 10470 19676 2950 1652 1612 10906 966 10710 2108 6517 1622 9037 11960 12502 1798 9690 18400 1050 1784 4007 977 1769 11645 3980 932 4032 2958 5247 5281 7752 1058 8890 788 6640 9739 7751 9659 17910 12876 1606 7551 4998 3011 19677 6880 1303 9715 19678 6580 6886 5157 6776 1673 2996 1268 1635 1090 5263 5318 1004 3793 7302 5268 1629 1437 1623 14959 9842 9720 2213 3815 4320 1405 1347 9895 15328 11241 13698 1471 1638 1759 7482 2355 783 8147 7978 1468 7294 1430 5053 10788 2323 4483 1429 2039 10985 1992 995 2194 7295 3795 10821 19679 8111 2029 10818 3158 8168 3155 4704 5330 1335 1112 6771 8649 11260 2201 1657 3088 1753 19680 5296 14823 8645 1874 1811 6639 19681 972 6445 1754 1465 5026 3407 1631 4766 11732 8866 8922 5022 4154 6857 15549 6426 991 13777 10558 1966 8968 4040 8974 8957 5028 19682 14955 12164 2457 8977
206 9801 1925 10703 11222 1301 7164 6010 1678 2002 3917 1616 10791 2108 1728 9192 1825 6837
207 1282 1798 1622 3845 1001 19687 1484 1038 1097 11421 6922 2658 5004 15915 6772 6866 10925 2284 3944 1688 1849 2157 5166 1758 1903 4080 8927 1107 9988 4908 12155 10801 1701 1789 1618 1642 1517 12350 3771 1008 1256 1265 19688 10244 9895 7098 815 10332 2148 1610 1808 3085 1113 10623 7537 2957 1826 2221 908 796 12541 19689 1662 19690 1180 2250 2202
208 4178 4688 12602 4466 12879 9449 1270 2184 1182 4225 10401 11902 4474 1987 1648 1115 1300 2990 8788 1184 8906 1410 1101 1388 6132 996 9845 8843 5068 2457 2214 6429 8043 6101 7459 8050 5719 8046 3519 19699 800 6487 9663 8034 929 19700
209 6802 9772 735 2534 10236 3331 9872 6188 618 17298 4902 6361 7901 18605 10092 2612 6170 892 6222 4868 10386 7629 6612 3330 2614 3334 7290 4621 9672 6645 6259 7000 6164 17708 7939 8754 8385 13004 19734 3385 19735 13036 16536 13933
210 2938 10170 11109 19370 18877 6035 5802 18502 5755 19814 12120 19815 9128 7420 12109 11124 19816 5826 19817 19818 7427 12105 19819 9130 19820 19821 19822 7416 19823
211 14693 8785 8806 19289 3538 16510 4882 19907 19908 19909 19910 6965 10432 4879 3618 17516 16062 19911 18639 12366 16747 14717 19912 2915 18921 19913 19914 16633 19915 19916 16871 15351 19917 16601 16317 14675 19918 4397 16497 19919 16745 19920 14997 19921 18215 19922 3584 15302 19923 3649 19924 16609 14695 3644 15339 3030 3594 19925 19926 19927 19523 19928 16012 19929 19930 19931 19932 19933 15157 6734 16507 18926 3648 19934 19935 19936 19937 10451 3635 14644 19938 18965 18075 16990 3677 19939 16656 19940 19941 19942 3658 19943 3602 19944 10458 19945 17497
212 979 2231 921 17345 7258 8730 15425 902 7844 7259 17327 12144 4179 13454 1848 7144 1485 5759 5575 1761 694 4782 5012 994
213 1234 5694 1309 1038 1915 1302 2716 7237 4104 4171 9717 5649 5700 7509 1016 790 4468 803 6980 2135 1104 3776 1019 1271 3773 1096 12213 1227 1280 3839 1598 5704 1097 1073 1222 1254 1649 7235 1224 999 1789 7499 8236 7662 808 9715 1237 6483 3838 1107 3867 3016 1175 7161 4588 995 2184 7223 18515 10053 12158 8637 6111 8666 81 4044 1329 4037 1701 925 1272 4000 590 4122
214 20037 20038 20039 20040 18641 20041 20042 20043 10136 20044 765 2918 4646 10440 14673 10020 13119 4386 15035 14430 16371 15306 15087 2900 16677 2909 774 14933 14863 3614
215 917 979 4122 9693 8603 2584 663 675 603 7594 636 652 734 551 1375 2598
216 1376 7501 9841 2664 920 1695 2566 717 6940 555 7210 602 1115 925 979 1598
217 18746 4646 15730 6748 20222 770 6705 765 14881 17509 14395 17735 14427 15188 14719 4386 14965 14434 9324 20223 16523 18777
218 10088 4561 3263 5593 1525 7289 8376 4578 17661 4403 18076 15959 7570 20391 4739 4787 4907 7949
219 1964 3886 4195 2800 855 1661 744 6814 3270 6962 2533 9271 667 2496 7675 2644 15 2674 590 4631 693 1817 3327 4198 3022 1818 2968 2526 85 3288 587 70 3226 7916 3972 3002 9964 5621 3506 2895 566 2966 2489 6956 1969 7862 10003 6801
220 3204 692 1819 6222 6239 4819 20463 11740 4404 7598 4742 2628 7897 9482 20464 4598 2531 2530 18096 20465 14770
221 20468 20469 20470 14683 14970 16860 20471 20472 16607 16380 17531 17856 19271 17559 17532 3603 10447 16033 20473 19277 20474 20475 20476 14924
222 8441 4067 7141 965 945 1106 4908 7237 1266 19201 8877 8938 20505 20178 4023 1294 5056 1316 1983 9711 977 14129 3802 979 790 1010 1271 2323 3853 780 2783 5883 2434 1171 994 20158 3975 2657 6831 1479 4143 19336 11181 1265 1423 10710 1281 982 4773 1554 907 20506 1101 6544 4158 16531 9190 17337 8662 1226 2451 1177 7979 5680 9926 7568 695 9727 3836 791 5645 1841 691 970 9726 7223 1414 20507 20508 10477 12066
223 7 2475 12 5623 2530 1815 666 2547 2614 4955 10721 5750 9787 10505 847 531 17774 3344
224 18666 2445 765 17039 4386 3602 14606 580 72 15163 2897 5775 14483 20624 20182 20625 14430 16386 18779 12267 10135 18029 20626 14867 763
225 1990 4465 10802 13198 1401 2096 2150 1977 11578 2148 2363 1688 815 20644 20117 17915 2387 2088 11430 1662 11569 3096 13356 2246 3158 18406 12523 2108
226 19874 3606 610 19304 2442 16726 18757 17042 18655 11874 16879 16709 20183 14554 12182 20649 15226 14682 16438 14457 15123 17044 2884 15217 14556 15221 20650 12257 14416 764 16513 15143 2447 16939 14513 16122 772 3626 16223 758 6760 15194 2448 18722 14441 19388 20651 20652 17731 2450 20653 16114 20654 16737 15730 15348 16878 14562 16698 16702 14968 2875 15257 19523 14965 20655 15353 15267 6761 20656 14524 19192 18068 18934 20657 14969 20658 15208 12181 14452 14549 15189 15099 14606 15027 6748 16713 20659 14970 18776 14598 17026 16470 20186 16225 16725 17045
227 7477 736 3307 526 903 770 5383 3751 1286 2564 6251 636 11023 4562 5658 12087 925 904 4178 4215 19482 20660 339 186 11681 409 10398 4427 315 254 15378 9816 4478 2053 4995 2145 108 264 19218 4210 11891 319 387 11372 13310 8377 3162 9801
228 11437 9884 20749 15459 3226 6801 9669 4497 20750 8764 20751 14991 3751 20752 20753 8438 3187 3746 9556 11780 13190 9963 3495 652 2651 5619 20754 3301 5188 4487 3747 10100 9885 19808 4539 1375 4515 1822 597 3324 551 734 4126 7059 607 13056 20755 20756 10034 2797 13043 7055 9560 8343 11813 12499 550 12498 2816 15443 20318 10307 7150
229 3346 2601 586 2643 3266 2960 3295 3462 20762 4828 20763 12402 7608 12033 20764 6804 7572 6958 9121 20765
230 15035 15124 18336 14867 757 16441 3673 18043 17501 18663 15179 18603 15059 20820 756 20562 14871 767 20821 4378
231 6153 1525 2778 2860 11189 547 6597 4523 20822 4137 2489 666 6104 3132 2542 7682 11827 3130 2533
232 907 1402 1772 2418 559 6854 2717 951 8157 1314 4104 3859 6136 1623 7266 9658 810 2865 996 7144 7493 780 7980 4024 11523 6517 4023 8318 7829 1051 6832 6050 1848 3832 3519 8182 7220 3 1434 17247 925 904 13700 10710 4083 1318 1299 7566 5119 4464 1717 8250 1114 4463 6443 797 1734 1401 12202 6019 3762 8591 12351 5262 803 18974 10517 1460 6520 7104 1113 1841 1903 3767 934 6945 1107 1116 3092 7222 2452 6407 12068 778 3905 5017 6450 11864 6862 5123 2538 7691 2184 1775 1465 939 6418 1901 4466 3969 6480 1335 20891 11525 1783 20892 20893 8921 1094 6556 10324 10542 1960 3851 2438 20894 6937 1342 7650 8194 7240 16812 9248 8920 9247 8901 607 20895 11 10573 8960 4268 20896 5133 972 10894 1954 6429 5693 1101 5023 12472 10704 11793 10484 6677 909 3698 2290 4065 11540 2191 20897 1987 8839 1897 2992 1454 5852 10600 4276 15547 1361 4111 2214 1102 1800 8536 20898 994 7535 4281 5681 3980 8034 12530 12218 5844 1951 922 911 558 12066 11539 17721 6546 9713 8972 14954 2365 5870 12206 7661 8982 5879 9346 5022 4101 10495 1232 1345 1099 1333 18155 1678 1977 9944 1475 2355 2981 20899 665 13547 6860 1870 19339 7509 2390 795 8555 20900 6874 10784 1992 8823 7569 5865 557 9 2073 1916 12599 3962 1387 9412 14204 798 8893 5632 1388 2958 19054 3968 12350 20901 1228 1892 1325 10537 18163 9135 7270 1003 1850 2663 6788 4040 4277 673 1348
233 12600 4980 12906 9605 20946 13125 16481 20947 10023 1212 539 4957 12775 8606 16400 7727
234 5502 1369 3064 13253 7267 2899 2444 708 1364 979 2467 1049 2489 5783 2414 5767 4380 5697 971 6 994 5381 19606
235 21022 10822 1516 12428 1914 17188 1438 1628 12067 1634 1611 1727 7557 1805 3520 9043 1004 8934 1810 979 1948 4029 6934 1313 11729 1803 6927 10488 971 6931 923 6937 1633 10481 10548 1911 3964 904 3793 1678 9247 17728 1622 11230 1679 21023 1615 963 6837 12460 8846 2016 2044 4018 19419 2154 5315 1649 925 1521 7162 1040 21024 7481 21025 21026 814 1183 2164 4139 1887 1361
236 563 10 5580 4202 4206 5725 2977 1661 3130 5602 2507 2895 3770 1536 2598 11190
237 1739 595 608 5603 2466 604 555 12234 14859 16755 21131 3635 21132 15291 14530 14585 8784 2914 2906 21133 15289 854 572 3192 2708 615
238 3702 3085 1248 1615 922 5268 1648 2276 4815 8191 1839 1641 1672 15530 1695 8667 13198 1754 21135 13334
239 5028 948 8867 5054 3440 4773 4004 3860 1943 6517 941 4071 4782 982 3707 934 929 1179 3084 8904 4118
240 1037 2096 13584 1517 1845 10467 5320 9355 12534 1101 5007 21151 1827 1232 6654 12072 21152 12894 1351 1318 12574 1811 21153 6635 1837 5142 9826 21154
241 21166 12898 544 1596 7724 4989 19043 16397 525 2828 14314 11611 1614 2837 12665 8789 7080 1556 1153 1555
242 1813 2510 2515 16 2522 661 0 3955 2507 2466 12358 12376 4271 2930 2565 3816 2650 3959 878 666 4126
243 2860 2464 3299 6686 7093 7863 68 1661 630 1535 4522 9496 6175 4788 21215 16763 3334 3972 14326 578 2814 1527 17216 5660 5709 21216 6192 6960 4599 2616 4574 21217 654 3330 16779 3949 9679 7226 5210 18096 15451 2535 10694 9683 12022 3925 3937 9682 9681 12826 21218 16310 17693 6690 7947 16780 7924 3230 21219 18165 2808 8380 9224 5403 3204 7617 21220 2807 1818 5366 3947 21221 3273 2584 5043 7339 21222 19542 21223
244 4912 14016 2740 19571 355 19522 21225 298 11309 11283 19518 21226 8768 21227 125 21228 21229 18324 21230 54
245 10286 7456 1385 1528 996 5013 1367 2695 1170 6915 3402 1617 14188 0 686 21231 583 13753 16544 21232 16559
246 8434 6481 6250 6378 6328 4796 2478 4402 3483 5353 15273 6276 4621 5194 10386 19556 21358 2812 12339 19698
247 2825 10866 538 1556 16455 2857 1596 4953 1147 2826 4989 11611 4959 843 1221 8120
248 1382 1661 11055 6449 7226 19768 7865 17118 9178 4617 2622 17087 1819 3393 5497 21400 6311 3738 899 596 19128 12019 2574 2643 4121 4527 3476 21401 11584 4877 8490 4934 3299 5530 3002 6812 21402 1375 9541 14168 11784 4540 15402 7951 9536 13941 21403 4514 21404 21405 10605 17115 4580 20927
249 8159 1080 5371 8868 5071 994 21128 982 1393 1703 14333 1297 1006 922 5009 11481 4588 9721 7642 3011 5292 8046 8637 6148 3793 13545 5155 16570 10553 8662 14373 12519 7271 912 5654 7834 811 6776 3773 1342 15714 1433 9216 8963
250 1892 2366 185 2167 18544 6556 13557 10613 1754 11959 21520 778 5002 20638 21521 13213 8170 1980 3965 3763
251 15014 18166 14390 14524 19062 12260 15000 14644 14896 14673 14506 14998 14492 15078 14671 15217 14453 16388 15018 14909 15189 20223 15129 16520 17107 15263 21546 15008 13744 768 765 17204 14409 3533 3539 17241 17096 14402 12927 18034 16860 15010 14661 3578 14426 15253 758 3030 15013 2886 17545 4380 15001 9325 21547 21548 14458 15019 14799 3624 14670 6746 6705 6759 15028 756 13464 8712 16116 15023 3530 6761 16656 18148 15026 20773 15175 610 19304 15027 16650 4373 15185 14882 16461 18734 16514 15025 18152
252 3830 1738 1977 1011 7832 4048 970 18161 1113 15918 1107 1321 1462 1810 7639 4073 10989 12531 15500 21598 18157 2316
253 699 2505 2529 666 6301 2526 3187 2481 6597 550 1371 662 661 2401 1383 8259 2486 2566 2977 2896 6509 899
254 11405 2931 21610 11403 5818 18850 11396 21611 4598 18824 8610 10175 10130 11404 2938 9019 12650 18843 12122 16665 10337 21612 18826 18831 644 8609 11115 10170 5817 11176 21613 4332 2410 21435 10663 17309 21614 11127 21615 21616 6040 21617 21618 21619 5765 645 17896 19820
255 3893 3938 717 666 1822 10386 3231 6223 3193 4501 7586 2979 21831 19862 19840 4599 6545 6213 4281 21832 5036 19861 21833 9811 3947 21834 3226 6093 6317 21835 2794 3495
256 5726 3193 16 5033 1459 5697 972 2440 1848 7556 5107 6395 917 1624 6006 6483 10643 916 5066 6338 11731 941 789 10573 8063 1345 1629 3707 5892 20187 2244 9411 1039 4163 672 4773 4028 798 2432 6463 9705 8057 11859 928 1000 1833 3689 2547 11215 3698 18087 21892 3962 4079 16494 16490 17849 1859 1008 929 1779 10578 11034 783 1711 5871 8862 17407 7512 9038 1034 788 1388 1451 8043 5948 14960 6494 1027 3519 5025 8979 4284 7272 8982 16978 949 8718 8075 1426 8068 558 8891 7270 14955 6568 8570 3701 6465 7808 2143 1749 13363 21893 5017 1188 18236 12350 8062 12519 5905 3928 4090 16356
257 5505 3444 10057 9684 9321 2615 4318 1369 3352 3326 2616 2642 2619 3021 9472 4629 14973 3468 12824 5499 6334 7067 7924 12825 6803 5513 1535 3371 7054 630 6958 3473 6188 3002 7585 17696 892 603 9114 9110 17591 3022 4599 3508 9883 3491 10385 19029 3500 4730 11595 7688 8334 3027 20109 8452 10384 4527 21900 10388 6542 4562 7704 3196 7599 12823 6375 4818 6300 21901 7207 3204 19233 17929 7572 17626 10392 21902 8335 11446 3506 6390 3348 4602 21903 7919 7285 9466 5529 7603 2966 4927 7629 13913 5732 10318 17930 12856 10232 7776 21904 13498 3217 12960 12838 7715 688 21834 12983 6822 7073 8748
258 3943 3276 1648 5663 9739 4346 3971 2575 603 6660 1661 704 560 3395 3193 630 1373 1817 5302 602 5603 615 2860 2506 10666 4271 2703 3294 3196 1027 2579 11657 1816 5672 11898 943 72 548 3332 13295 748 4455 1103 1787 4127 660 3298 8738 938 5273 5989 1312 4776 2016 1535 3396 4907
259 6897 3181 1499 509 4295 460 15433 4304 11096 463 11003 6896 461 492 9144 1134 4311 503 517 471 13711 469 489 514 9373 16264 11004 729 6696 2666 9379 6899 470 13630 1126 7328 484 871 465 3176
260 6216 2598 19859 6624 5604 18370 3317 2803 6168 18678 15865 12277 19853 21951 9879 6224 2610 10671 16775 12379 6185 21952 7898 12275 2812 16784 660 8001 3266 10082 3920 6691 5176 6226 15326 17574 8384 17585 12180 10772 5350 3477 21953 11060 4944 6313 4820 9517 8434 5043 3324 3026 2586 8435 9854 3373 4493 5343 21954 1816 19846 3751 7010 13004 2606 4821 6259 5607 9719 11392 18480 10094 3348 10419 736 9811 10417 5511 11068 8368 21955 5363 7208 7579 5172 19561 5661 4629 4938 6346 13024 7617 2815 6686 7055 6178 7890 5360 5171 3304 21956 3506 10414 3316 9456 11054 17113 19091 5358 21957 12378 5523 13504 13038 11511 5173 21958 13430 13647 13561 9466 4562 7067 1958 21959 17710 7679 3250 6192 5732 2648 665
261 72 873 3952 2528 3770 4577 2569 899 2511 5044 5331 2515 2557 4601 11190 4125 12191 1746 4324 2513 1534 10145 7378 13006
262 72 6940 603 587 8738 5628 7091 4455 4501 6765 744 712 855 1821 1668 1815
263 11 2679 602 678 12774 4298 9236 5261 1924 9407 5012 1051 916 2498 1821 604 9981 567 2568 2470 1367 78 718 715 652 5368 1507
264 5134 1685 2355 2072 8147 6888 8256 1973 13337 6008 2280 8652 1072 2155 14152 21944 22120
265 874 999 928 929 946 2642 604 11595 12825 3741 11 891 3817 1815 2494 652 661 3973 10 2502 2852 665 608 2644 2537 9667 7594 2458 2649 3235 547 755 669 3972 2490 587 3348 2552 744 3188 704 706 7629 3375 87 5499 2606 12299 10485 5204 16898 2966 2566 2470 6097 2535 675 12187 717 18601 22130 4179 22131 18128 19332 10019 16648 19292 7962 12937
266 10331 8586 3011 5252 1843 5257 1616 972 1524 1622 5298 11182 8802 6880 19377 6133 10825
267 10441 14525 15300 22139 15312 3539 8811 16995 14442 16874 17731 18766 17504 16864 15085 14418 4645 10434 14663 16758
268 1372 12480 703 755 22176 2694 4504 2697 8679 61 4207 1287 1536 4150 6386 9845
269 6741 15913 22177 3566 16223 14396 3567 21783 17039 14524 14585 16105 14468 16114 16708 22178 16123 6761 10437 15187 22179 15154 2884 14644 14862 16108 2910 15034 16860 14661 14663 14695 16110 15124 14452 6705 18054 3030 12927 14589 15197 2889 17718 22180 14474 14457 12266 12920 14898 22030 16986 15016 14439 14458 14858 22181 2891 22182 17964 16865 16511 19389 22183 9324 17027 18148 15730
270 10286 596 566 617 4648 3395 2633 3347 3462 1819 3381 22212 22213 1972 3340 7920 3499 18331 3371 3476 1741 9340 5506 4136 22214 12194 12398 11817 8729 5525 22215 3460
271 3805 5120 3832 252 10292 952 4657 11962 1264 1889 1450 1020 4000 5152 9977 10711 1434 1824 4474 8881 5121 12216 2373 4068 15982 988 3058 3815 1282 6548 572 587 9887 4594 5723 5636 4997 3786 4077 4244 1307 1610 4298 4178 1747 10810 10485 10694
272 19318 16181 1081 3437 978 1417 8057 21921 16154 21241 22235 1345 9784 3705 17412 917 3962 22236 1902 5757 7539 6511 3697 10018 17458 22237 1387 5017 1032 4781 8038 7549 1020 2073 15645 22238 8955 19257
273 6950 715 1458 675 10496 6522 22280 7393 9409 2979 15455 499 12842 8797 2703 2461 8093 930 6443
274 4179 12934 563 15428 3294 6087 7451 4180 2694 606 22078 755 885 10143 2613 1536 22324 882 22325 6968 22326 15563 17569 712 5608 15110 19118 21273 8665 4399 19164 17019 7453 20857 22327 16559 21376 14888 902 22328 14493 16563 12948 8306 21272 22329 19227 22330 22331 18219 22332 22333 16004 5618 16926 16956 884 22334 15493 16936 14400 2517 7870 62 678 4885 22335 21295 16088 13462 8305 22336 22337 17920 16539 22338 22339 3197 12409 11394 707 0 580 636 5530 3002 4324 3920 1537 15823 666 2592 22340 17578 8162 22341 2396 87 4790 22342 899 11805 22343
275 2895 9941 584 3303 715 1458 2500 2466 11 2523 563 2472 2465 712 3198 718 1534 3298 7576
276 5640 5056 691 3434 20187 3399 4004 8851 22361 6507 6592 1021 983 3969 906 8659 1031 22362 20149 1170 1111 15763 8543 4022 5757 1722 4023 962 3426 9944 996 9985 6993 2440 2988 4284 971 945
277 6018 1262 972 966 340 928 3689 916 1281 3 2438 3441 1454 4151 699 5645 2 673 1008 979 1110 3781 6582 10127 4171 3986 945 1347 943 22363 8319 5319 1104 3983 985 1910 1444 4159 9346 8525 4749 13469 8886 1017 3826 5622 5856 3858 5310 5901 8802 2440 6528 1006 12430 1186 3978 1239 4041 5641 7807 1470 4755 6678 4267 1049 4663 10851 4058 8895 7498 775 1030 3787 21028 4056 3159 2985 2390 9204 20167 3767 982 7223 1024 6051 3968 6501 1010 8868 5165 15820 1300 1437 1179 1533 22364 3917 10655 1987 4701 78 15518 3852 4235 5104 957 12888 1420 10591 15437 4766 944 789 11997 3906 977 8598 20967 22365 21195 5849 13813 10358 22366 678 1168 614 9740 6674 19736 17782 6684 6983 12890 7545 4696 252 10464 3802 7454 1078 8677 4263 1794 1906 3980 15473 11293 5442 20290 4212 7171 652 10286 14054 6128 551 14062 8255 8783 959 672 8873 13558 6728 22367 13699 6522 1082 1097 904 4792 1003 5744 3785 9662 1325 10493 1102 15809 1848 5017 1182 1929 12635 6507 911 1264 6928 18465 675 1401 7110 5646 4665 755 11051 11341 20173 7666 2271 4667 12639 9945 10505 8888 1114 11918 3084 1916 10593 934 11207 11926 10483 1121 560 2515 663 2378 3975 2365 1333 913 2263 1052 2138 908 2457 2717 6790 2364 10899 7270 9799 13717 1280 929 6017 12637 5914 13370 21652 3969 16355 12456 15811 14148 18999 5013 925 13837 5879 691 21666 6550 6997 15782 10512 1106 11878 7661 22368 1885 6870 12446 777 1320 814
278 3 917 6450 9797 2044 1776 3968 1728 1019 10796 4057 672 1444 1463 4073 1072 1885 1064 1892 9842 20025 4281 20020 2451 908 6522
279 1302 4244 3086 1283 1177 1002 1297 1170 11728 3400 790 4472 1003 3402 812 1256
280 5740 14848 10435 14436 10664 22377 9652 3730 11110 14230 18883 10165 8273 2411 7176 7403 5786 11113 5793 9265 11126 22378 9130 3019 14238 17803
281 2306 783 1876 3 795 4152 1886 5717 1401 2438 943 9349 22406 19691 7491 13698 1102 1097 968 7160 1181 3917 1478 11860
282 9237 927 996 6584 4141 4679 15808 10291 929 913 1297 2440 12158 1107 812 12160 790 4675 1325 18109 21542 8911 1333 1970 5955 969 1170 6870 21680
283 8881 13218 3086 2311 6847 6771 6666 4178 2421 5250 1717 1950 7832 1616 1349 4685 1925 2099 814 1736 12508 1684 10710 1312 3794 3085 8146 1405 1981 5850 1038 7562 970 5330 1729 1640 803 7490 3011 6763 1695 5131 6773 1635 17188 5009 2196 5315 12352 1296 7983 1809 10257 1853 14834 10108 1846 10623 1615 1672 3849 8256 8245 1880 7654 8652 6927 1934 11674 16257 6931 2273 12455 1649 2159 3808
284 14270 19043 11285 22419 181 139 19607 215 336 13137 103 21129 5470 15373 264 190 31 22420 455 19602 13870 17198 234 11884 7518 358 19311 19215 5670 1437 10481
285 2331 3814 2982 6928 1943 17280 1948 1420 920 1612 7 555 2494 1758 3795 5293 7635 1851 3049 1064 4024 6763 8911 1065 1886 3060 966 957 1698 1260 1930 5083 4684 1832 10015 1994 2119 1485 1336 3408 11249 1460 1711 8859 942 3917 15554 7254 6479 6396 12023 6400 10809 10793
286 20078 20039 678 19912 2913 20043 2901 22461 2555 677 14 3957 1376 7925 7531 6526 6091 3192 2698
287 2895 603 2584 555 2533 10757 2649 1661 4461 2557 3136 2966 1815 4794 84 567 712 2598 16898
288 6045 5293 655 2418 11036 2982 4764 1676 4149 4060 6672 1700 1230 22493 1106 2717 2778 11528
289 4983 4968 7087 10734 13127 1204 17351 1599 1590 1145 10709 2857 1549 531 7779 12724 12733 1546 852 9787 12672 16400 840 11563 4969 4970 22534 16414 4947 12754 14304 2837 851 1162 10731 1190 2830 11938 12908 12654 1558 1593 10872 1591 12708 4298 11937 9620 14296 12703 22513 2840 4953 1583 4950 13123 12913 10746 10724 10263 2852 16075 5750 9606 12089 10755 1219 1221 530 1578 16076 10610
290 1813 4897 2788 661 66 568 3770 4501 2709 663 81 570 666 9475 6795 3069 14
291 5717 5274 918 1510 5051 7636 1411 6854 8876 785 11161 2139 5701 5293 558 8319
292 583 5190 2584 5656 717 3770 6313 1377 9667 22595 1818 2581 1819 7169 8395 0 3396 2398 8371 11147 2863 6207 5729 12994 6196 17602 2618 3320 2895 15403 12336 22596 8358 10078 9762 11472 6253 22597 8381 3378 3973 13491 70 7823 8171 18955 12849 6311 9683 7230 15910 7000 12315 10386 22318 22598 12318 16763 3336 22599 6374 2814 11711 3497 19758 18331 8192 12328 12818 8491 8213
293 1987 9220 1099 3996 972 1699 4115 6490 4666 8057 6056 9782 17956 1064 4094 1032
294 4739 7671 3008 7061 6315 10074 22600 3210 10604 22601 4550 5494 7274 12297 3462 4489 2396 2533 877 552 3953 715 5047 13295 10318 1821 7731 4123 658 16288 18165 4619 1285 2472 8370 11 11740 20509 736 12309 2500 18582 15954 12240 5039 16074 10212 5779 6068 6223 83 6250 2797 665 677 6104 16286 2588 9227 22602 6230 5363
295 22605 3457 7505 2646 2547 8763 5621 2503 16130 4526 9892 11581 2573 12327 7905 22606 17496 22607 22085 19135 13930 10232 3495 7694 4523 9499 6533 6267 22608 8474 4515 3496 5619 2361 9529 11467 19359 13058 22609 8497 14169 8499 11205
296 969 6880 925 1425 1517 22612 977 1510 1003 691 1051 2663 995 1067 558 1232 2987 1175 2037 9973 4104 6654 2434 3837 2262 6587 1414 5832 1282 2717 6567 557 3071 5123 1101 5715 4023 8161 7636 1107 1516 5107 2372 1062 6074 3846 1281 5 1006 1076 4165 6673 1787 7556 10331 1284 8126 1318 1886 4106 4088 1256 1484 2145 7560 17777 3093 2009 3917 2158 1848 1669 1623 1090 1000 9923 6338 1345 2201 7566 4244 5691 9756 7235 1272 19687 8992 8028 11182 1008 16489 22613 11421 1353 1230 8182 988 20176 2454 8194 18243 6657 938 1005 933 2331 8526 3859 3 1883 6133 5009 1658 1059 5286 22614 4471 2096 1622 5266 7234 3052 5634 3691 942 810 3011 6355 968 14814 5706 1892 791 18353 7540 7757 1335 4684 1617 5697 972 1264 7266 11661 1112 3969 4233 1408 6862 14360 935 1485 7804 8920 7241 3943 10890 22548 1708 1706 2980 1021 783 8157 930 7494 674 1855 1783 780 672 7052 12631 1113 6056 10716 5028 8917 22361 9208 8057 8022 1767 3872 2783 3832 3057 1511 8669 9712 1859 8025 8907 1735 1804 8027 18456 695 1049 982 10569 10575 994 1901 8945 4222 1114 1099 1108 796 1097 2014 9751 6466 8593 4115 3826 6858 1856 1020 1418 8030 2184 5053 12936 11728 5110 7834 6524 1027 971 911 3407 9988 6572 5063 1810 13321 7459 3905 8839 1170 10128 17721 1248 5870 7654 1960 1420 22347 8048 9135 2452 2007 13837 5879 16490 2290 1997 5852 4101 6487 6441 8056 5022 6445 6937 2981 18155 1081 958 1951 4276 1715 5265 5168 5939 17723 2047 2438 2457 11531 5905 14811 18233 2297 5020 8591 10543 3092 1116 4268 8031 15550 1470 10600 973 5025 12161 5704 14955 19420 2299 9944 6927 3706 7668 786 6874 15594 10496 6993 2365 908 10133 7661 8981 1521 6407 3822 919 8093 12519 22574 10579 809 9247 12226 2389 8844 22615 8016 790 2120 12599 6511 2371 13685 13829 4082 22616 4102 2099 8823 6860 5882 2341 6877 6480 2323
297 7352 5398 5753 3149 641 12353 646 10194 4607 2931 5384 5736 5783 5756 2925 534 14218 10183 9126 11404 640 11485 7249 22640 5751 10191 10339 6036 22641 5755 6068 20907 7406 14948 9266 9127 9263 20364 3726 8521 11167 8274 5816 8612 22642 12109 22643 11175 22644 6041 11124 21113 9270 22645 4606 14219 3145 22568 19816 14232 7428 5799 22646 22647 22569 22648 18978 7415 12347 22649 9130 22650
298 13243 6483 1020 12633 15702 6567 4235 22739 9742 15678 17213 1473 10570 6507 6855 17782 9729 13651 1097 13721 11249 12941 8933 5991 5846 3419 1799 18009 7354 8920 8000 7242 17407 21006 22740 8591 1333 904 5850 16805 6338 1841 1102 7128 5025 2290 14962 6056 803 22741 11732 8853 6430 13987 945
299 2717 5685 6507 6945 4663 5569 3822 12519 1058 8031 1034 1388 4236 1051 7166 7558 6050 20972 2154 12487 10643 10600 3702 6055 1850 8670 9724 3701 10576 6567 3399 11523 6448 786 673 1934 4163 8038 11353 1606 804 3831 5661 1729 8916 3839 14376 5759 788 11034 11029 941 6565 5871 11256 8028 1775 1340 963 8250 22654 2279 18232 4668 12532 1936 4096 778 6473 951 3843 910 8046 14785 8182 2248 1773 5880 18319 9723 11732 14199 2054 6867 7979 9945 1442 22751 7254 988 1611 8898 13695 1480 21377 3962 22752 9828 18497 11527 8075 16327 1393 4265 3080 6432 5582 13636 19098 21310 15546 9735 1711 10639 8057 7968 783 8860 6482 21892 21926 1486 1701 6576 1078 1419 1412 10574 5637 18494 1424 5718 4517 6947 2020 5072 5162 3433 9 14333 1751 8920 6513 8709 7244 22753 4768 672 2066 2076 20396 7999 10646 1387 6522 6026 4755 10632 13713 21944 20996 22754 5905 6263 8430 9783 16597 1069 2065 803 1407 2216 5133 4155 22755 4019 7663 5991 675 4398 1637 18171 2349 1776 22756 22757 5166 6399 8283 7804 11863 18211 2301 20998 9972 8166 6358 10007 2282 2014 1961 4114 8659 13857 1866 8841 1485 5974 6582 4770 10588 8875 7519 8855 1408 8907 6434 4117 5105 4031 6395 2197 2989 1754 7536 2324 8905 942 22758 796 2316 11578 5885 14149 6044 11730 20031 2123 6500 21905 3832 22759 22760 15275 15566
300 1010 2603 6581 2806 9775 3813 1177 5131 9711 9368 922 930 1281 7970 5054 1903 5564 9726 7166 6017 9703 4011 7524 3788 946 928 3988 2657 1107 21919 4789 6862
301 4901 8439 4638 3239 6169 596 3290 4902 622 12836 11513 4626 2642 3348 4628 3245 9961 22768 2649 3327 22769 7002 9680 2530 4547 7583 5834 3272 14 3211 3506 4549 3222 13504 3027 8468 1816 4405 7681 601 9888 3493 7901 7849
302 17426 17441 22771 22772 17428 20715 15666 15667 22281 22773 15750 21250 20523 17447 19321 16156 17415 17443 22774 22727 17485 17442 19329 18237 16166 22775 22776 15646 8955 22777 17422 16175 17483 22524 17452 17947 19256 17174 22778 18422 14972 21796 22779 11596 11974 17172 15659 17953 22780 17495 15669 17490 8965 17179 16170 16185 15662 22237 18426 13763 22528 17432 17484 22781 22782 22783 22784 22785
303 1175 1097 924 691 928 4104 8250 9349 1011 1003 1049 1008 966 3854 11161 3802 9980 936 18155 8321 926 4244 4115 3834 8829 3732 13733 2323 998 3872 10547 3439 8319 996
304 5009 1987 1629 941 8063 3854 1437 15821 1101 8015 2453 8038 10650 16329 1794 20232 8026 13354
305 10 669 3226 1819 6090 11 2708 675 4318 665 1967 2649 4711 14103 732 2644 1741 666 72
306 19522 6964 4179 22876 1212 14282 5777 12262 14920 3602 2651 1967 6644 675 2594 678
307 1813 7869 1815 1507 614 2537 9272 4454 7268 2649 1742 603 7580 2708 2500 8467 899 7307 2644 4200 2966 9203 10619 6526 4598 4523 2494 11637 8004 11808 2458 665 1376 22915 22916
308 534 9162 20882 3030 4373 12167 2819 6079 22927 519 724 3310 4445 17799 22928 22027
309 8432 7208 11388 4513 3457 12241 3203 9868 22950 6660 3338 3328 20181 20954 3325 15459 4489 11812
310 4699 1174 4746 927 925 10775 1237 918 18109 4466 6718 6103 1182 928 996 1049 558 2323 2000 3072 1038 8897 4657 3732 1088 1858 4694 2266 1312 4219 7457 1014 13291 1236 6943 9775 1316 1231 7354 5997 3797 3011 8976 12434 8256 12 803 5623 8989 6678 920 1842 12160 13625 1892 10780 4465 10782 2434 952 6046 5121 1805 5330 1274 10010 1883 2988 1051 1251 6828 22954 3915 1319 1809 1300 1776 1323 15119 1102 1097 8089 1849 1617 911 9799 691 1744 12152
311 1845 1284 13626 1345 1173 929 7097 5126 1401 22981 21540 22982 4152 1897 3794 1786 9929 2418 1683 5329 10314 4048 2024 10602 977 7098 9415 6777
312 78 1376 2967 0 624 1815 702 666 16427 526 847 531 4951 16336 20433 18860
313 1504 7268 3954 4455 854 8996 568 4341 2568 1815 9233 2476 1382 10757 3324 71 19697 652 898 563 13979 6559 78 9981 11 23085 678 13290
314 14365 15179 14259 12260 14432 18629 18718 15336 15134 15259 14298 14738 14584 18783 23099 17258
315 6768 1623 5099 2948 5294 10823 2944 8198 11966 8322 8634 3702 6517 6441 1859 13775 1114 1656 23116
316 4134 563 566 1377 5497 5506 854 6449 572 3040 4625 2625 3192 575 3449 2636 1821 755
317 16878 16243 15308 17049 13119 14394 21538 14875 22625 14082 23151 17505 15202 23152 15184 10439 15244 17242 15200 17002 23153 15315 17513 12267 23154 17512 19070 15234 16515 7962 19082 19068 17508 23155 21778 20267 23156 23157 17053 22049 20663 16395 23127 16047 16686 23158 14701 21800 18153 21526 20287 10446 14550 18735 23159 14094 18573 20285 12265 23160 21453 3602 23161 17530 17520
318 13226 10183 5376 10158 7788 650 12099 12774 5383 9123 1381 2517 62 0 73 1536 582 84 23162 15579 5396
319 64 206 53 7346 14015 134 216 118 15394 23218 19215 23219 15528 14016 14035 20290 11893 11321 13873 23220 19516 23221 22
320 2485 1637 855 1661 4492 563 2564 877 4577 2568 5197 3315 893 2533 2535 2644 8795
321 2453 6480 10575 909 977 8028 8038 8020 6422 6856 8902 4778 672 6263 8065 2355 9208 4753 7834 1107 10615 8945 6858 8952 10282 23226 8980 908 8944 12598 8081 23227 8075 12471
322 2510 2515 2584 663 630 1813 675 623 4577 2533 2685 2644 2542 604 2551 666
323 2099 1940 1800 5107 3011 1883 1848 1948 8886 3163 1345 7832 970 814 9836 909 5074 12508 1653 9043 5330 1016 1309 4677 11904 963 4676 2044 1809 916 7098 13198 5838 923 917 920 5312 1517 7485 2993 1649 8846 1697 778 1114 17280 1747 2941 9842 904 6 1824 10791 2096 1885 13712 1945 3917 988 3060 5117 2214 3420 5261 2108 6117 3410 1183 6917 20891 3401 1879 6933 12153 1047 1077 1744 1085 1658 1004 1898 987 2426 16487 6824 1712 1992 1059 2235 21147 1038 1835 3909 557 1344 2023 1268 4190 2982 10810 1003 1055 1893 6385 7249 12210 1401 5320 1685 8716 5081 23235 8934 3160 5669 8897 972 12429 1722 1734 7978 9183 928 3904 3162 1113 6584 2122 1810 1116 2244 12 13724 1853 23236 2355 4320
324 8531 1353 1974 1038 12509 14181 1657 3771 1648 1020 979 5330 5166 1110 4143 8198 23237 1521 5870 791 1312 3404 9712 23238 2363 21361
325 15096 15003 3600 20774 15066 17034 15310 15196 4380 20381 18555 3540 4381 22440 15199 15041 16072 14473
326 7459 5316 6854 1312 999 4032 10710 972 3985 1772 1049 1097 938 4252 3787 2989 3975 23260 1517 6017 928 4029 792 2440 10622
327 7553 1515 2714 1295 1293 1328 3917 5850 4235 4239 1476 5864 3996 12063 1310 7141 1642 2366 1282 14958 14098 7528 8566 1232 1307 4073 4467 780 5012 8441 7127 5071 18562 3439 1272 1234 1185 10054 917 1238 13806 3856 23262 6588 23263 9726 1016 9345 1233 9777 9834 5892 1265 4167 9988 14196 3427 999 1434 6922 1102 1321 1036 10702 1318 1348 7662 4031 5080 945 1116 14204
328 23287 2908 23288 22043 21966 15423 4397 6741 14644 18148 23289 3543 14381 2910 16051 3606 19909 18745 15300 16395 16096 17516 20547 23290 15141 15056 18641 16882
329 4673 5009 11845 979 937 1081 1043 3398 2184 5673 934 5693 6388 6854 8093 18466 6840 5062 6580 6507 15815 803 13777 23298 7314 12429 8933 795 978 9739 4697 1539 930 4281 3431 1783 1072 2121 10496 11734 7489 8823 792 7104 815 6937 10505 2390 5836 8053 3870 1044 13473 8081 9783 20019 9216 798 1390 12218 994 1050 8318 1087 7487 23299 1100 1284 19054 1230 18325 6443 10890 1901 925 2031 2293 1041 23300 2276 22654 1008 22173 23301 13772 5939 20977 20895 17367
330 15856 15647 19246 15767 15780 20682 19261 8967 15667 22729 23133 15855 19248 22727 11979 15847 22528 23304 16168 13762 22773 23305 11975 19244 15652 21406 15857 11596 21241 22287 16171 15653 16183 13759 14080 11985 17444 15665 22660 19599 23306 15771 23103 15853 15863 15747 22893 23307 19318 13761 15864 23105 22877 15756 15768 15858 23107 16185 16166 11981 14081 17955 17466 23138 20692 19256 17437 15769 20688 22732 15850 15748 15862 17483 9640 22530 13756 22525 15753 22657 21240 15648 17419 11978 19254 13751 15773 23308 18423 11983 22524 20521 17432 23104 19249 19242
331 9980 8321 4763 924 12430 5055 11853 4160 7535 988 2992 6 1007 1051 778 6517 2434 10563 12 957 6854 7536 16258 1793 971 5836 6864 1301 1236 8157 665 899 2458 4126 2554 1183 7505 9134 14281 963 3 15687 7481 1841 8845 10540 2658 6503 15331 7640 3784 1711 1725 907 6729 8250 1087 559 942 3832 12207 1921 11240 11866 23309 1789 1889 6493 23310 12447 6906 5023 6486 9412 987 904 5028 1960 5070 11738 13566 2054 2451 1682 21206 12218 8947 13803 790 11734 15524 6121 6398 1702 1896 11850 8822 8889 673 23311 1831 909 933 2866 8900 12221 10483 905 2235 11051 1049 2003 972 20025 4171 1016 21303 21637 9043 9353 13790 10278 2263 9398 9025 7642 6938 4684 8650 3005 1397 13717 10496 20623 13802 1059 10912 1062 1359 10896 2341 1913 995 7668 7994 23312 911 1390 9216 8159 8248 2324 8855 17284 10125 5330 6876 3092 7354 13277 7098 10543 13733 19054 12467 2305 8093 2031 8933 5075 7541 23313 2170 19418 6024 5147
332 10758 1376 4017 583 73 8540 4077 4207 1661 1527 7060 4460 2494 13683 972 5896 10504 9801 4137 9808 2809 8479 14 6000 19736 6054 14634 1535
333 615 7956 13559 2976 755 7268 4715 2800 712 1660 9525 621 14253 3816 573 16898
334 6882 3812 10538 1174 10802 7830 11236 1662 1695 9765 7752 7098 3795 7048 1874 1938 7105 10679 3085 2385 968 7987 8195 13298 18433 2104 14279 1981 3832
335 10716 2184 1173 5588 3766 9037 778 4766 4588 3509 1311 1101 1007 13572 3943 12633 11258 6338 1345 13303 10859 1097 8051 13222 10553 1640 2052 7098 5009 2355 9838 6422 12199 5857 4247 8021 1843 1335 1114 9711 8917
336 12502 16329 1061 933 11967 11959 1917 5151 9037 11182 11958 1430 3053 7753 23410 5291 8616 17281 5293 4665 2992 10245 8623 18014 5287 6477 6619 21540 1052 10358 23237 2781 1790 4455 3097 1815 72 10133 2184 3860 6937 4262 3013 21377 8836 5009 5313 2982 23411 9415 3011 17869 5255 4782 6447 3069 551 734 11735 10563 9659 9666 10927 17913 17406 22220 9348 3052 3781 13376 17727 12617 14783 17274 911 20117
337 8261 3117 3103 5390 7788 2404 3109 8518 9022 8264 3722 1 11655 2933 4811 5381 5816 3146 11123 6651
338 2778 2477 654 580 3211 3288 748 2552 3226 3331 2644 615 1536 3298 4580 2649 11702 11697 6644 2527 11973 4745
339 78 740 10572 10082 1967 666 2584 3237 23470 13942 3747 19005 19358 16271 23471 11739 23472 2707 6660 20500
340 20627 14439 18558 23482 2897 18043 14388 16986 765 6752 3563 14422 761 16883 19269 19523 14731 18742 6705 14702 14486 10443 18034 12916 18694 21532 15048 16377 18100 14970 18664 4803 17051 15197 16503 16882 18777 13459 15230 23483 2450 11600 15259 19296 14699 14447 20223 22032 12256 20662 21484 16646 23436 14389 21326 19408 18783 16732 2910 6755 14907 14559 8713 22014 3600 19155 18782 21069 17093 15151 17054 14883 14901 14913 21312 16649 23484 16194 23485 20252 19273 23486 23487 15143 23488 18785 16921 23489 20566 21817 17258 20831 18795 23490 12259 23491
341 18766 14607 14365 16121 3543 14692 9377 15234 14695 15988 3550 771 16509 18055 16712 14799 16886 15170 15202 18603 14487 14490 21104 18697 8119 17035 3673 14388 15311 6754 17509 10432 17017 17505 18054 8711 15300 23502 16622 14263 14416 14404 15251 14298 14689 6757 14713 14800 17500 15333 15259 14441 23503 18150 3539 21723 14676 17499 15203 3612 17048 21077 14733 18217
342 4270 2467 6559 3193 3183 4322 590 11190 8795 603 14 15823 2800 7285 734 1956 5107 4143 8225 5013 677 13664 65 6597 11389 2864
343 1038 7498 811 4767 3826 784 785 6008 9349 3406 5652 983 4224 1010 9985 3424 4109 7113 3694 1106 3399 3411 1240 11479 3976 3833 6588 7565 4088 1915 1102 12350
344 945 1987 9662 1102 10699 23545 12459 20158 18970 23546 3824 23547 6992 6989 21682 23548
345 5570 9985 5975 6009 7561 9443 1014 14631 6837 6934 1793 13112 3 9735 13683 8652 1734 8055 8042 2227 8188 2276 17849 20944 2216 2102 1116 1717 9411 10855 2363 9023 3517 1615 9345 5704 3735 2161 792 12448 3509 10797 2953 1353 16971 10973 9043 7136 8023 20671 23587 1172 1352 13248 9191 5014 7110 1107 5579 8650 22148 5855 12452 6512 6103 1943 2016 1773 1110 15524 5861 17225 11158 18209 8986 5948 8619 2033 1810 2663 10831 1798 23588 20913 1008 2299 12129 8960 1934 2203 2362 2071 1736 11674 1362 2035 5026 3162
346 4312 11087 11770 11093 23614 4849 4293 721 17144 470 11096 4840 6904 509 19721 503 3178 9082 9369 4452 19723 4308 6894 23615 4858 4444 4288 19727 23616 4723 23617 23618 11077 23619 19726 20220
347 755 785 1849 6008 10541 18386 9037 1777 2253 3813 1598 8256 1437 1072 5640 1608 10048 6124 7639 22504 4073 6483 6855 7559 12429 6358 14817 928 10314 9842 6103 23636 13467 6928 2947 1081 6887 1638 4704 1651 1097 3837 7562 4461
348 9693 1510 1170 1847 9205 23637 13843 13669 14059 13242 14332 8224 1292 23638 960 7166 13834 17573 3509 6387 9699 925 23639 3398 8284 15591 1333 1021 10277 15810 8226 999 995 5682
349 22877 18418 16171 15745 22528 17451 13764 19242 15750 15860 16160 23103 17447 17413 17950 18421 15652 19251 20687 23667 19322 19321 23404 18426 23668 17481 17462 15749 21765 15647 20686 11981 21760 17471 15664
350 4236 1034 2678 904 4766 6532 2440 6014 2679 5066 21960 1738 1281 995 8320 7493 1413 1531 2436 18732 72 9220 8863 2557 9711 10653 3860 10579 791 918 12348 4484 9783 1776 11928 11034
351 1097 7805 1428 3839 14265 10053 3732 1618 1577 2452 7144 1761 1170 1036 3983 1453 1832 695 945
352 560 2575 675 4501 18215 561 2908 21064 583 7053 67 10416 9897 3770 5435 4004
353 11186 7562 915 13673 3198 2651 6473 2570 919 1734 5025 10636 5022 1390 550 1859 6860 4172 6102 12998 15482 665 14 6798 2073 631 3 2783 673 23791 6516 23792
354 3941 14047 4223 10937 22064 15113 11331 9995 572 3191 1075 7243 8587 21593 1038 1268 10778 13109 8705 21120 6393 23798 1617 6730 11152 12478 8897 12 4068 23799 8235 14253 23800 10001 13979 8231 13292 7141 12063 2380 11328 7969 19106 11330 12433 15116 7990 23801 13111 11682 2123 14060 14057 11347 3758 5964 13845 17970 4667 11020 2438 1915 984 11353 7239 14256 12581 5014 16253 23549 11351 11340
355 10083 12379 7863 9685 6822 3336 10374 21018 2605 6142 2596 15891 2584 6285 23859 5616 8375 2641 12387 23860 12832 6290 6214 3231 4648 6217 6368 2797 17595 8392 3452 6692 632 15867 7586 6270 7000 12383 2631 6165 6232 23861 6294 12281 12307 6198 13264 8366 3021 9761 5045 6299 12332 23862 10420 6373 23863 8413 19006 13501 13192 3234 11587 15886 10055 15908 12036 23864 3378 3316 3311 8399 16300 23865 3255 8193 2616 3483 1816 3365 7858 3215 15323 3253 10375 8689 23866 4541 731 23697 3038 6106 3485 6315 6220 7902 12859 3370 19854 3025 3481 5724 20465 7901 11690 4643 3301 7170 3369 19883 8722 9117 19885 3950 3738 3386 13512 2643 2709 10837 5510 23867
356 8675 9455 5660 5661 11692 62 3966 3449 615 630 5197 3131 1372 675 1813 2512 3291 2489 2687
357 3799 3852 1104 915 5717 17796 1021 1948 3698 907 3011 979 800 9697 1753 12502 6676 5012 4105 1302 1335 9999 18351 1110 3772 1226 6387 10490 8600 1348 14956 24546 813 14118 2551 972 550 4320 1121 24547 8080 11684
358 5226 10 877 2507 718 17924 3743 4615 9319 4900 735 15938 5607 4562 11391 4628 609 5189 3226 5208 3017 2651 8373 4530 17590 4460 1286 4618 2812 4549 4534 5521 8376 3739 6161 22201 3002 8203 3472 2584
359 3530 15338 6759 14468 16522 8786 14542 3612 17000 18569 18711 15011 14441 3030 3555 15349 21418 14413 18289 763 15225 15058 15346 24276 20791 14661 21797 19229 17026 17557 14365
360 972 1979 3 2276 12613 2096 1468 5832 9840 3830 1454 1615 5759 1517 929 791 1863 1886 3519 1987 8194 815 1008 2947
361 2406 2930 12 527 16446 533 744 7225 574 5030 80 678 21262 6653 872 7381 2819 9096
362 5603 2569 6619 898 715 590 66 603 2684 677 5627 2621 1813 675 2461 1376 1375 1815
363 6022 3518 24643 6 2019 4002 8848 17849 1252 18660 6860 18174 19990 13380 24644 5586 4240 908
364 11942 6068 18312 2872 1562 7034 849 1138 9607 10023 531 12778 1544 8606 1552 12148 1159 1546 12653 1150 7726 20190 1160 844 9608
365 5541 2823 4319 467 493 3178 4295 509 3181 1493 499 487 503 11003 20095 508 8990 2668 9078 470 24619 9373 1127 489 12646 6896 11144 11081 869 872 480 9065 11002 546 14008 2820 9160 1490 9163 9146 4495 2396 3920 9083 4207 4852 11079 1488 17137 15455 4846 5366 17139 4848 18338 4853 2821 7320 21347 730 17149 24697 4839 9067 24621 19727 13142 9149
366 10301 5536 8461 4318 7530 16130 3338 660 878 6702 4629 4827 733 9641 3207 13235 7154 6601 3031 5301 4822 12480 4825 4458 13591 5374 580 81 3467 6954 15585 3972 1706 2674 4915 6443 2592 4818 8378 7862 3331 17080 5219 20711 8672 7615 6711 9172 15969 4495 4905 1970 10943 3036 19830 24698 6092 20933 9512 1817 4128 7903 15993 4925 2817 13008 2560 13190 5902 5963 3920 21404 20012 10837 3344 24699 13063 6811 24700 19129 9559 3294 24701 10034 24702 7207 24703 24672 24704 3497 9587 24705 24706 24707 22091 23347 8493 18332 731 13950 3460 3025 15389 24708 6807 24709 4829 2554 702
367 1003 7804 5263 6358 1848 6410 1481 5315 6407 994 6519 1342 2029 1355 18660 786 13777 3429 1037 8956 13797 8291
368 11528 9 2440 5631 8916 5 1110 6046 2657 3983 1453 4762 8895 8868 8600 8014 3707 3694 694 15484 8911 6056 6425 15537 6859 1753 8056 9986 1913 18213 8015
369 875 2393 7825 708 657 755 2778 588 2523 2489 4206 3187 3929 563 3198 3185
370 3819 7964 3344 12140 613 3225 1815 4459 2979 12339 15494 3193 14003 5590 14989 3754
371 5367 654 2486 2477 2778 555 560 2491 1967 712 889 2534 2674 3066 0 675 78 3065 668 2538 2532 2396 62 3449 4126 589 662 10290 2566 1318
372 5693 5053 918 6587 4151 1090 978 6443 995 2783 5701 673 4084 7272 998 557 9 2992 11571 1081 1355 803 8835 5579 1051 5547 929 969 1256 1951 1110 6854 2451 909 1014 941 1003 1008 1484 5569 1108 1318 11852 7052 1100 4162 8194 904 1049 4036 1097 2440 1979 797 2663 991 1115 928 6925 1107 8941 7237 1335 1300 1280 10467 4000 13842 2457
373 9445 1175 1006 1118 12466 3523 9693 5950 9997 13112 4026 17987 4174 1350 2665 24768 14840 1418 23313 24769 9903 5551 3835 1020
374 695 7635 7049 3081 5263 1355 24787 16741 1979 2051 1113 24788 11578 8165 8127 3086 5266 17868 10913 4177 903 1837 9804 1917 8443 10016 1296 6676 17836 2453 2023 23207 5645 1253 18314 2287 24789 1642 1657
375 1776 945 7160 1281 1482 3439 1483 977 1016 1262 1008 7161 2440 982 1345 1097 1101 1848 4471 8911 6865 2438 3983 9662 1325 1318 1010 4662 1179 909 5169 1171
376 1495 9952 730 470 507 4300 1165 7325 3180 24809 1133 9372 17131 8672 7432 24810 9153 9165 6903 9166 1124
377 11120 5380 6036 8261 5755 11113 12342 11123 5824 9266 17806 9785 646 5816 12357 11400 2938 18450 24814
378 20773 14787 3152 637 642 2406 643 2408 647 20525 14531 5763 2933 10684 24816 750 13738 12234 15082 15003 16603 5395 2885 23502 3579 2413 13835 11138 16222 640 21060 2411 534 638 649 2405 16212 11401 7839 3729 5752 10319 24817 18218 2414 12774 14696 16052 2410 23564 14915 16717 8809 14932 770 22102 13154 17100 16606 24818 2901 11140 18289 24819 17516 22873 18646 21267 24820 18075 16220 17507 10432 14906 14970 18762 6738 21043 21472 24046 23481 16628 24195 18713
379 3969 9214 4010 4087 7562 1530 977 3980 918 8431 12476 1114 10774 5757 17206 1358 791
380 5892 9693 9436 941 3510 949 972 9444 12223 15595 1313 6062 5939 5974 928 8077 24870 10483 13273 6022 1097 5879 24871 17849 23223 13991 24872 8072 20632 23182 4284 10125 5012 2299 1299
381 11757 861 509 3181 514 460 467 4306 11763 4850 1165 9386 4722 1128 470 7366 7370 2821 9156 1132 2668 868 6897 11081 9095 24571 4300 4723 860 4720 4847 508 9385
382 3943 1444 1651 9158 8290 1616 4167 13846 10053 2432 18138 1232 4223 11104 1382 73 3842 5640 2440 6819 14059 1272 1915 17215 20948 1111 3844 12060 12064 4249 4098 1064 3977 10472 1321 3826 1987 1957 8933 14099 789 5870 5836 5133
383 6128 10850 2060 11738 7241 20633 4262 2572 4760 9043 795 9946 1451 1981 1767 1993
384 0 587 2644 855 2533 2686 1375 3198 2472 24878 710 676 4571 630 4123 1535 7892 2649 1815 8753 2966
385 2820 3178 4319 3174 9157 466 470 500 9161 1498 488 4444 9067 11144 729 4453 522 2667 1163 482 3168 4311 9170 489 2821 9166 3175 1126 7329 4442
386 5166 4159 7827 7832 5838 5291 11224 925 13387 24822 8643 3771 2366 1950 6933 7292 2112 8147 14809 2214 10599 5281 1980 3965 3985 2260 5287 5317 668 7833 1458 2401 10346 3812 1469 1786 1684 1910 3157 1616 2072 1642 941 11359 1479 7994 12521 6018 7829 1646 17910 8654 4065 9841 7300 6772 10594 3905 1427 15792 6638 1007 13322 6492 3791 7642 8933 8649 6917 10018 5760 5701 8632 558 5020 10989 3084 904 1672 15328 1705 6466 1831 6387 12 6635 1053 10799 547 691 6639 1987 1992 7748 1785 1651 1931 8638 2375 4658 2898 10240 6075 8645 1521 14920 9342 1832 10471 10788 8125 13350 13291 13579 2343 11035 4682 8622 982 2237 23224 17282 1923 8593 20225 7110 13298 17993 12623 10253 5280 2679 23811
387 555 2673 877 2703 4457 10709 13116 4979 1541 9624 10727 1159 848 529 8791 4957 10023 1546 1607 13121 1567 11939 13127 5769 1555 1563 1137 12656 1573 1559 525 7779 1599 2857 1199 1542 1543 1206 1549 12685 1198 13128 1590 7082 527 7041 7723 532 2842 1589 1560 1203 530 19970 1214 1160 4987 7770 13130 16476 18532 3196 595 899 11 2494 2854 10551 10866 1597 12905 12713 13131 20048 18529 4960 9432 12737 3729 1207 8260 7256 11627 8612 10713 4973 5786 10732 9787 12708 1603 2455 12898 13122 1204 11546 12680 1152 1609 10740 4980 12684 10867 4948 12775 10868 10737 12736 14285 14291 1145 14293 12691 10748 1581 12089 14304 12773 10741 12711 9609 24898 24899 12734 12686 19959 12769 12709 16431 23243 16429 12707 12714 14319 20208 22818 11618 24563 7106 12749 23453 7730 10751 13175 24900 12693 22512 16342 14312 16450 12763 14315 5742 17357 14318 24901 13180 1212 20304 14321 12729 12806 24902 24903 16846 1201 20452 10297 7768 12771 24904 10264 7773 16076 11930 24905 14323 13177 19958 12802 13120 23753 22517 20201 19967 24906 14316 24907 12783 24908 24909
388 977 20176 2244 2663 1927 9701 1112 1770 1312 11237 1086 929 3084 3003 4773 4073 1704 2000 5268 920 1390 5006 6586 666
389 6814 3483 5524 5834 16130 3275 2640 9319 1637 7200 2638 11387 6201 7891 2630 3321 11584 3286 3348 3741 6267 3489 11443
390 5347 3945 748 6165 9485 8727 6222 4823 12282 15596 4742 2584 3323 2797 7800 2464 2807 5496 15326 5511 3348 3269 4398
391 24037 2398 6164 2529 2531 5206 2532 7932 3929 6516 702 3282 2485 5198 3031 15151 8487 15060 16754 20253 14946 14736 19924 23987 14259 12928 16380 16602 8784 15178 21039 24100 14263 20364 15179 24980 22620 18046 10432 15028 22250 14389 22914 2886 3672 15206 15040 14999 17093 22618 16519 4640 6755 23229 2449 20185 24981 21315 15058 18541 17062 6746 19940 14928 21812 16699 16625 12920 6762 15134 19283 22035 20053 15031 20121 18789 16195 20801 24982 15011 15291 24295 16123 16921 14438 23850 23848 3546 24983 17031 14645 18570 15219 24984 24985 24986 14996 15251 10148 19277 14585 7015 24987 24988 24989 16128 16392 24425 21319 24990 16041 15733
392 10058 6928 10544 5131 1653 15295 1809 1945 6638 8642 2118 1880 7977 795 1612 1846 3795 1656 11674 7760 1839 1650 1019 1058 1638 12426 1059 1644 1040 12452 1112 7992 904 10343 2039 2040 4652 14281
393 2584 1376 654 1637 675 596 555 1815 72 678 3335 5044 573 661 712 3196 73 84 1504 2708 2864 2500 2649 14 2471 6090 66 595 1660 665 3193 7052 8188 12 2538
394 17648 4322 18498 7935 2489 1385 755 614 5709 4123 6940 5707 5403 6091 10668 6765 1818 3192 7675 1813 3954 678 567 3817 6794 624 5708 855 1815 3816 1382 72 2473 1967 252 8794 1372 62 8592 13583 6093 5627 2613 14254 10303 3069 4744 563 652 2685 2537 2564 6106 1668 2710 7303 2518 3973 717 7909 4743 5501 84 10810 12455 5246 1682 788 5287 10887 6070 12 4262 9801 5873 6548 8245 6937 10970 2238
395 8667 2199 10252 2277 17837 13355 12472 11048 24688 12627 13100 1517 1688 3011 20415 949 2155 25017 1639 11051 1622 17873 3826 21944
396 1661 717 3973 744 2644 3228 6367 2496 2570 2589 603 6164 2547 15 9482 665
397 664 2566 1366 2534 1813 2499 7 675 678 4108 2532 2537 2527 4576 7210 3893
398 6416 3003 3428 8046 1027 5110 6856 3694 4769 2431 672 8247 3699 12197 4773 941
399 7484 1517 4183 1051 3964 1392 8153 4220 7636 21017 1734 5272 7650 8825 4995 8165 3080 7481 2421
400 25230 5143 5571 13811 4472 2952 1169 3515 18207 1473 8429 14652 10787 8584 18565 6655 9451 13679 13563 2390 22539 5553 12463 6581 5546 5908 5559 8585 14831 17217 5337 13719 5946 4703 5163 19382 6027 4055 5877 1428 4056 793 11998 11272 3513 7806 4225 1356 10474 8190 8843 4242 1622 18201 4219 5566 8295 15711 2662 5135 25231 11719 9726 1116 5967 10632 13247 938 1360 16530 6589 2096 6057 12157 7968 11216 1329
401 2925 6031 7844 6708 13104 2876 6707 15487 4885 8114 13486 24919 4180 884 8301 15639 19293 23629 8306 15623 9395 5618 4179 5613 6965 902 13253 24743 18126 21232 14873 3065 5502 6969 17550 18220
402 6352 4624 8369 9322 3230 18370 2565 3334 24588 3344 5513 11836 10757 2586 11064 6169 6792 606 1819 10249 25320 3477 5497 3346 5519 2602 5614 595 15945 2644 6245 5306 2641 2627 678 5190 12 12053 620 4516 25321 5210 2579 3021 9681 6311 5364 5359 3267 2619 18257 4829 7169
403 1124 13630 4338 4300 9371 510 11656 499 4722 722 517 9152 1130 7364 9374 4311 1129 7328 3181 1133 472
404 14611 16506 3681 3578 2568 2470 899 2675 1379 1815 607 6090 2708 1664 4126 6732 2545
405 938 1107 999 6586 979 691 1175 2715 972 5872 4805 5704 5898 10705 1112 1313 11206
406 6794 2950 2072 6638 12633 1695 6334 2584 19267 1975 1941 2066 21889 25519 7742 23043 10934 9517 21212 19133 2168 20394 11881 25520 21377 5132 15641 2292 2361 6770 25521 23816 13636 805 5279 2195 6641 12164 9039 25522 25523 23183 13406
407 25022 25538 10605 25539 9530 25540 13912 10079 12247 4927 3458 8493 14009 25541 5391 20012
408 21981 7794 2933 482 488 11093 4442 9090 1129 25609 11019 865 9159 509 4852 2821 17147 21337 25610 4857 14087 21350 4440 25611 1164 25612 9162 489 516 9396 10995 7330 12648 499 11084 11001 4862 6653 25613 25614 25615
409 641 14233 10205 10662 5498 2936 8515 10211 2933 17895 1535 3134 480 4294 10216 10166 675 3731 3525 524 7411 9362 12357 9359 11139 2852 25621 18504 3727 7046 12708
410 18054 14506 19930 20813 16750 16469 16871 14642 19406 4373 24710 22905 14643 3561 14883 14644 15156 25639 24109 9376 3550 8784 22160 15201 20783 15012 15028 14904 12267 15197
411 5009 814 1683 1728 904 920 7562 1113 6834 5074 7535 8945 5583 1889 5026 1007 8250 12025 982 18973 911 20226 8968 13324 6503 8956 8133 9248 7515 9368 7272 11862 9841 1037 15556
412 9442 14065 8236 18201 12580 5848 6058 13087 12576 22535 11355 22067 5895 9904 17263 17992 11158 21582 5868 17234 9450 1181 9452 14841 9205
413 4509 1383 0 555 2486 604 3348 9358 7909 11593 4123 3819 717 1956 1211 847 16471 14291 25764 12708 527 3957 678 10022 10739 20822 3025 7862 596 13206
414 2510 675 8723 4324 3754 11 4577 4710 9459 2557 2681 665 2535 3449 2686 755 899 1458 2458
415 889 5594 6809 9875 662 3738 1383 7880 3225 3495 4526 10302 4730 687 2555 8474 17463 19534 8458 7905
416 3084 7562 8914 791 6338 8198 9215 1462 5256 18155 18087 18016 3826 9182 23473 25849 19201
417 6050 4080 6018 4158 1101 4145 5702 1327 979 1181 1324 10573 6945 972 4023 10349 1325 796 16742 3785 10517 6048 934 1114 4115 1272 9727 9699 925 1663 1113 4065 9662 910 11374 8659 1753 7975 3834 20647 2713 6865 2981 11207 20017 3971 654 741 1746 2503 10911 1314 5056 1338 6866 7564 10493 2191 1335 14110 18363 14766 3779 3968
418 988 3902 2996 11859 1979 4083 4045 8905 4188 1787 19679 1171 8248 4472 1032 3869 1107 691
419 8007 13648 12277 20802 3947 7578 18369 8693 7056 18373 3229 891 3331 2648 11668 6141 5536 19343 5170 9863 6228 6227 25858 2612 703 7868 7579 3920 6369 15960 7167 6347 16534 5347 13499 1536 6165 25564 2586 7693 5176 18381 8686 25859 20711 2808 11692
420 639 555 1367 2703 2864 25862 7788 5391 17166 8274 2409 15726 5755 11378 11129 5378
421 1492 1497 522 18518 518 15453 4441 4444 9078 9065 4289 499 9143 7021 2820 516
422 17125 1124 7366 11008 25863 4852 9383 509 11092 9393 25864 25865 16104 11076 11425 11087 4862 4723 17150 11019
423 1008 1231 7562 1184 5640 7161 8885 1311 1233 1318 906 1182 916 1320 6017 15527 1299 2440 6048 9727 1114 1663 5642 9662 1269 999 1017 7050 1325 972 1827 6865 1271 1097 17206 1787 7114 1110 1836 6504 929 9990 13817 1323 8945 1272 8976 7293
424 4519 2398 658 7688 7694 10096 1368 2482 4733 2599 14 2814 14657 18509 11713 14986 13944 25882 6161 22248 584 22120 11497 13005 6190
425 929 7556 6517 6021 5074 2073 6443 12350 6434 3013 3867 6384 16326 10646 6483 1057 8250 6854 1892 7354 5011 993 2451 3860 4167 3441 5678 909 6462 7994 7266 3908 25070 957 1444 6507 1003 11421 1394 22538 1848 11856 941 557 1267 12217 8035 2663 4052
426 10265 531 540 1572 13121 1596 1566 12685 1600 1145 4953 25295 1579 23241 8177 4955 12908 1155 4976 13174 1589 10736 1156 7027 1609 19703 1137 1544 835 525 11547 543 10732 2830 1540 4994 7718 7723 1587 12754 12673
427 5029 4582 11024 7800 7947 4897 754 4491 3365 586 13186 4823 10981 22409 4399 10673 10694 11590
428 14826 3994 6005 5685 2379 8834 1790 9803 9801 4227 10703 5923 3835 1610 6546 1342 15708 15683 25828 10132 12130 13734 10845 3759 20328 16153 11735 23128 3829 13426 7133 5849 4219 5940 9004 5861 15285 3012 6564 5664 5946 3978 5877 3875 17335 3993 5559 4266 1264 11181 17222 2390 5857 5562 12954 3999 17847 4664 1303 11901 8993 8225 7312 8991 5695 21168 3825 5886 2867 3866 1230 10523 19692 5935 24827 10509 12946 1326 5694 17212 13302 5558 25931 4671 25599 25932 24878 15546 4199 8129 15700 572 577 22293 5976 25298 23870 3867 12887 8532 5565 9903 10881 6007
429 999 10330 8129 16259 22536 5060 22306 9439 12580 13670 16803 4235 1648 9796 8619 8976 790 1473 10474 2613 7489 5892 8993 814 5115 9437 4247 1222 3429 12 3410 4244 1226 2852 1020 3983 5079 8583 4227 5546 1931 4002 18608 6020 1254 6263 5717 5674 3914 4174 5858 1848 1622 906 14826 1521 12888 1299 17273 912 1305 9218 6827 10907 8934 2122 11879 10915 25934 13321 1110 13325 13100 23081 11202 1348 25935
430 21037 22850 24818 20879 14416 3554 16060 18029 3579 24916 18639 23951 14744 14560 760 18922 15104 15565 3591 6735 25939 13118 6736 14390 16669 17000 19389 21646 13129 3652 14745 15582 14406 14389 15290 24221 21888 20247 22041 4397 16111 18593 14262 14611 2920 3659 8786 16986 25940 14917 16854 18036 19196 20000 24166 16504 23940 25941 19907 18790 14727 18288 17258 14083 21043 15147 19937 16016 23919 15146 10458 25942 14298 8784 6747 22006 21964 11868 25412 25943 16623 15096 10454 15340 25944 17033 20881 18065 21052 21314 3634 6748 25945 23990 10435 19925 16520 21073 23559 21072 17056 20223 15002 19935 23961 25112 3640 3537 2901 21548 5771 25946 25947 18712 15197 15206 23996 14942 14478 3643 19283 24151 24082 18937 16097 15203 14728 16317 17063 24047 23967 9324 20831 14970 16513 14683 16126 10434 3668 4373 19945 14587 3531 16041 610 21694 15022 15012 23943 4375 15159 24651 18148 16685 3536 3678 3612 4316 4803 14715 20835 21038 3603 24102 15008 24184 3555 14529 7396 15233 10451 22014 3673 17317 3141 14263 24153 20182 24124 3646 18782 22125 20277 14930 24363 18573 22846 3633 23949 15057 24432 22021 25948 21058 12055 21727 3631 16657 18762 24093 20782 15026 18042 22051
431 9461 2708 1819 898 3185 3226 1815 1534 22591 3482 22684 18486 25559 3479 10607 11825 25952 25953 22991 22090 6633 25954
432 1608 13731 2171 16334 13785 2256 5168 5 23012 1880 11520 904 11969 558 1622 1430 8091 10825 5013 5107 15594 8049 26043 14183 996 5404 1101 8650 929 1662 26044 795 17723 6859 6060 1027 1350 11049 19835 15791 9945 6991 10281
433 6676 2368 1678 1903 3791 2451 8256 904 4029 3011 21467 2058 24642 16355 1783 4056 13211 11051 26046 2663
434 15438 996 9985 7495 3510 9 10557 4995 1008 21275 2419 1081 9248 1333 7166 1430
435 3205 8326 8732 7813 5524 11741 3448 14159 15322 8438 6801 13915 8477 4924 3500 2521 6632 26053 8002 4735 3344 4128 12960 8501 25304 4922 10943
436 666 547 3342 718 2681 2683 2506 1456 3945 662 8 1534 2535 663 11 665
437 2584 5192 3496 2642 891 4525 3948 8458 4544 4126 9890 26111 4526 8484 3276 3205 3751 8497 16297 7878 2644 3738 6316 11691 3918 2399 7887 26112 10862 11581 24962 3209 8486 3460 9474 7337 3467 15950 3251 9957 11440 9315 8573 2649 665 5536 11445 4555 12825 8335 17109 11059 26113 2803 14680 7868 17112 12501 16260 9886 8454 17121 2653 10082 11452 4730 7150 2458 3477 3481 12244 5538 11060 9109 7691 14 11443 23281 22606
438 1848 7929 7716 12341 14209 7708 3500 8424 11705 12485 15467 16138 2558 7633 7610 15882 24730 26118 22201 22684 24773 26119 13049
439 14468 772 17044 3672 16109 18746 14419 21455 24845 10432 15000 14434 18068 16729 16106 18722 14415 6746 17051 21888 17514 18707 22018 17181 15423 23421 26070 19185 10451 17916 14405 19187 26141 22158 22369 24336 22006 6738 18066 26142 26143 12260
440 6343 5374 4820 2628 7007 12383 4832 2644 4121 2808 8592 3288 2797 590 6250 14793 8376 596 2483 6259 3337 6223 5521 3256 3021 7863 8395 7630 2624 7577 8369 6690 2616 9872 7289 3305 3312 19235 15880 5616 26144 2814 3199 657 5661 83 4833 16137 3738 5403 3924 666 26145 5239 6960 4134 4119 7228 2459 18989 3886 3272 23295 5519 675 2701 667 9688 6802 13586 3460 10249 3351 22786 3255 3378 10766 3038 19003 11690 19741 6335 11386 15957 10982 10236 23767 3387 14253 22191 15495 20404 597
441 3203 7006 2630 1819 737 1286 11 12582 2596 6142 10376 2641 3329 3230 9881 9685 6090 2589 3017 5356 6141 19200 6138 2997 4820 6822 6233 26147 620 10 718 715 5352 14044 11776 3292 5347 4638 6326 3344 3453 4516 3353 6958 7868 1382 6161 6239 5522 4902 567 657 26148 1373 4625 5513 20802 19828 6106 18254 7604 3373 13628 3021 4577 10382 19560 3446 3473 7585 2619 6180 23355 7878 6222 25562 3917 8414 1848 19847 18252 15448 13892 2642 2648 8356 18676 26149 7586 7629 11471 17629 17623 12840 22825 7686 3299 13430 5521 5049 9113 6310 12294 7152 3222 25906 7608
442 19471 2721 150 13484 4429 13869 5479 5092 262 8779 9057 20135 266 11309 15280 11301 7346 8777 11032 315 218 16203 297 8774 15395 135 5439 4411 13134 20138 211 5491 143 17253 4435 15611 9052 11371 11486 42 8782 367 26013 19341 5408 8783 11325 229 26110 5489 4434 204 17250 4422 230 2762 18729 25663 8775 455 19503 252 4215 11307 423 153 19647 26105 18730 402 26150 26151
443 4162 12473 8972 8074 3905 11843 26156 1241 5994 6646 6874 20028 2388 7212 1637 9356
444 2452 1426 4772 6855 2527 5332 1612 9203 3200 602 7542 614 5707 1446 6880 799 10579 6338 795 8028 9409 7509 2987 1103 3512 1027 1735 10716 1987 6422 6556 8030 1794 12 8989 929 13723 1430 3694 1485 1393 1101 7459 1727 8021 2216 1114 791 972 1663 5113 8276 1428 2453 10222 9413 8016 8944 9689 672 2166 4771 952 6473 1420 7242 11731 3342 4115 18019 5698 6554 665 2547 14 4751 555 17724 15932 11906 5699 1535 6522 809 13769 6415 26162 25692 8920 8081 3980 8065 694 13114 9010 2365 22574 19737 26163 21276 1749 942 12597 16911 16356 1284 3689 23227 15555
445 1813 7169 583 602 2584 3069 6153 9272 9992 1637 3770 1817 4341 5219 4897 7873 4459 13753 3819 22543 4129 13995 2537 2977 702 62 4206 678 4907 14 23344 582 1364 252 3972 19356 9774 755 705 689 19359 19832 4454 8688 567 13296 26164 26165 13046 6341 0
446 10089 4526 17631 1097 1283 1284 13097 9765 6338 9243 9432 12795 12722 10353 1548 10023 12680 12936 7111 8025
447 15231 23955 3612 11600 14588 26196 14451 25288 6755 24473 23652 14381 26197 16653 26198 15018
448 5344 8449 7150 3920 3477 3294 3301 665 16767 6180 3473 1813 5032 12140 2484 12191 13014 5515
449 2453 3832 3 2480 4126 5708 5590 8467 72 710 664 66 2644 1353 1467 925 3005 7128 957 3706 6393 13650 9920 1432 2432 1898 5966 1114 7990 1901 2023 10887 9803 1924 1622 8684
450 8515 8278 9360 5378 10661 6031 18503 10684 8262 641 11399 593 1813 1739 18948 23471 17328 6091 4500 2615 3971 5625 615 10659 26114 4324 18949 14778 13233 678 602 83 2415 10041 2554 20289 26165 1637 21202 6106 14758 9543 598 3194 3357 7607 4123 17435 2973 1815 26221 19764 9176 4337 11802 14 6940 19457 3190 26222 20294 26223 14754 7 26224 15969 8690 605 625 26225 9772 624 855 11710 621 2489 8749 13959
451 20715 26056 15655 26228 21241 22283 19244 21244 17468 26229 15654 21761 17461 19315 19321 18427 17434 17430 17173 23142 22286 17954 26230 20686 17494 26231
452 14081 22284 21853 6205 8458 17326 17494 17952 20740 16167 25325 19250 23662 875 8491 11 26241 11974 26242 26243 21972
453 4880 26244 16730 3574 14259 14896 9764 24819 18284 767 22846 16062 18099 14492 16996 23829 14706 14712 12916 22620 15195 14531 3681 14970 16004 15168 22532 8728 8113 16225 2897 2448 15337 6738 14705 22035 17528 16698 26245 26246 26247 26248 23427 18655 17016 17326 4317 22911 20606 24929 2445 26249
454 15844 7345 24875 332 14185 21626 17251 2729 13314 19210 13887 21701 336 21709 319 445 15376 2728 26252 15832
455 20281 18697 23031 12184 8712 16863 6741 8813 19032 21196 21054 3618 19395 2442 11599 18961 14970 13464 15284 19397 26253 3593 15197 20791 18030 15246 17258 17326 4383 6736 23832 16996 14428 15248 774 16638 14649 24098 17031 22680 18630 14465 18783 17321 21320 3606 15236 26254
456 3510 925 13656 2998 9442 11721 8227 10704 3327 3482 11151 1637 2697 3187 2551 2552 703 2696 3239 3479 4599 12950 26255
457 14079 21522 15168 15156 14263 15233 17527 14750 19401 14684 10319 14752 15084 15313 14665 16613 15148 21723 14915 17852 26256 16993 14508 20041 24103 2919 14563 14742 14540 15249 16856 4369 19354 21537 14672 14682 16747 18050 16012 15170 12268 24090 10445 3589 24330 26257 10448 752 3538 4645 2901 22628 21049 20147 22030 26258 18035 20037 6748 18099 14611 3588 20097 21050 21048 22932 14428 25939 13422 6740 14935 23535 16134 22852 23269 16323 6738 18752 23553 18700 20573 26259 20389 16463 18414 17763 24469 20249 18047 14924 26260 3537 18215 24418 11870 26261 26262 21998 26263 26264 2879 21492 26265 18711 24252 23916 26266 16099 26267 4879 24520 24221 24281 18921 24860 2594 3236 8242 2584
458 2942 4628 22226 2606 4621 6288 2643 5179 1740 4496 2531 636 3476 4868 10386 13899 2469 3213 3958 3348 3184 13411 26270 22950 22203 18266 7868 4572 3324 6805 7608 8427 26271 11747 17598 3935 9683 3923 7700 8389 17120 4629 26272 17601 6353 17688 7630 9320 3949 2966 3466 4903 7966
459 5553 8707 1340 4104 1610 978 938 1353 1648 3513 6587 4089 5286 9209 6580 1470 979 1256 3858 3515 3703 5138 4242 1100 1181 9756 3983 3763 3424 1171 3831 1097 7563 5576 13302 8659 2717 1463 3984 8190 8911 2987 4143 5054 1477 1177 7566 810 18384 6517 26284 10044 10658 3869 20408 7487 13570 1230 18018 1274 4258 17218 1187 1283 7980 5857 5566 977 15329 10474 8585 1107 5842 5552 9349 8182 3509 942 7757 3523 12155 3826 7162 4161 7491 4162 12878 1316 12350 9192 6338 7522 3859 18463 1471 1311 5585 11246 6005 12152 16527 4075 972 15673 19102 1049 1093 20328 1250 10482 6011 6856 5056 18202 5630 8992 6052 15499 13320 1931 14838 8902 6841 12351 15716 11271 4267 1481 9448 1108 10675 925 12137 7523 26285 8246 25095 5926 9731 18201 12129 17972 9713 11261 4480 5972 26286 5702 3994 1282 15520 1314 18203 3857 2952 1303 11258 18208 1663 6993 1318 10795 14836 10495 5852 11421 15498 13088 21588 10492 22948 20975 10483 9004 11349 14953 16812 18116 1101 11156 5882 1305 6022 6522 16267 4464 4066 8555 8441 2371 26287 7237 18209 9693 13771 1315 11801 12881 26288 1008 15681 11540 9712 12576 8025 5009 21378 23628 6937 927 4670 13050 12161 5976 8945 2390 1051 5844 21006 8236 18243 5883 5948 11216 8979 4265 5959 7048 10882 18212 6492 2263 11364 1358 12224 12552 12580 2128 1020 7707 603 614 6062 5900 14114 26289 26290 9945 17989 4248 12226 5847 26291 5932 3867 4079 11685 1761 6996 5575 922 20234 4045 6053 14652 8048 13992 5885 21651 26292 10831 944 25771 11256 13679 1170 10851 1116 13633 23042 26293 26294 22612 14149 11432 1113 18279 5671 20618 26295
460 4513 590 2637 10693 3327 2628 3289 6951 675 8457 2651 6693 4820 23087 7224 741 2503 3281 2812 5201 3292 2467
461 12144 7208 79 8457 2396 970 7566 2453 5016 4523 3306 920 9824 11024 1090 1112 2555 9860 2494 814 2346 9701 2703 4626
462 6183 6169 3329 4512 4582 6361 3318 3390 1505 735 7884 2477 7477 4787 20754 7890 26340 3476 4633 13946 26341 17629 7916 3492 9684 6311 5366 8279 10100 2574 5407 2540 5530 8725 1815 1967 682 3320 7154 9879 7966 8734 10396 7931 7612 17693 7914 8737 3027 9499 6156 9196 22340 8414 2620 745 6625 11200 5179 12047 6713 9520 7909 2513 10769 7714 5344 10386 25008 6732 12390 16903 9531 1822 2973 2592 8745 8758 12846 21834 7949 7709 4125 4738 9533 12403 26342 7950 9502 4605 26343 9340 2681 15890 8753 8749 13909 18332 12035 17694 14169 12481 14005 13523 4833 3336 8748 14985 4602 3479 6804 2600 7019 4733 4922
463 7062 26344 26345 13286 26346 26347 22990 15894 26348 24793 26349 24670 18511 21601 3365 26350
464 2532 748 1815 899 8363 12044 2574 10759 3344 3211 7909 9530 6607 1783 21955 4868 6606 7603 12578 2708 12856 9760 2595 17582 13431 6090 4603 3493 1958 619 4612 4548 5357 25227 7934 5366
465 654 1981 6117 1819 972 1615 12433 904 2279 4178 1174 1527 1880 612 1719 1468 2708 3839 814 596 815 672 9929 916 8198 1612 4665 2378 11220 7236 1879 3785 927
466 17025 14474 15213 14432 12343 26391 6741 12916 17556 14381 14365 9375 23677 23031 14259 14661 26392 24487 14526 8808 21523 14283 6761 22834 19388 17041 14452 6746 12919 24649 14402 14730 21621 20626 14482 9644 6752 19387 17511 2879 25800 4646 21726 3565 17044 8814 16218 16515 18054 14697 19270 20040 21237 21828 21535 24818 14748 20182 16468 14914 15189 23029 20250 14477 14689 15085 16981 17320 12920 19392 15204 16377 14478 22014 17051 15206 21075 19397 2878 15139 18591 19408 3673 6758 17095 2447 14297 17918 2891 17038 15159 8807 23774 14479 12924 26393 762 16876 15093 17545 20051 16860 3561 21197 16720 14706 15319 21527 14401 17059 15190 14408 14486 764 15988 10435 21314 15140 16466 2899 16685 17720 14588 21806 22629 16134 20097 18693 14846 14714 19283 17014 14089 19070 21315 16617 9376 19076 22827 886 15087 14423 20296 14468 15194 26394 14733 14970 14458 4881 15251 21793 21322 16667 22934 25867 20776 20791 21101 16879 773 16114 10436 16874 23832 16644 3657 22253 15342 14393 9324 15169 22860 18699 15031 19349 20831 23678 26395 21797 26396 18032 19065 16126 15138 26397 16378 13743 7075 15345 22853 10453 18305 17181 17526 26398 26352 18035 20697 24080 14300 610 24846 15188 23487 23977 17325 13144 14529 17523 15207 18782 14088 20555 18556 26399 14385 14440 14559 14536 24655 18781 26400 17244 3067 26401 16542 24989 16123 17500 15259 16642 13460 14551 26402 4801 20004 15607 9391 17101 14427 23834 26313 25961 3585 14463 19184 20663 22621 18783 26403 23838 24003 22254 16652 14667 14646 13742 26404 22680 23842 26405 21825 18068 16706 11874 12344 21406 20738 17490 15780 24056 24314 26406 14862 9794 23849 14428 20373 12259 26202 18270 26407 26408 26002 26409 19294 3530 18806 18694 20566 24425 23851 24763
467 11525 7657 814 8051 1099 4166 7241 12519 1447 7747 1038 6422 10787 5133 20508 9845 8904 7994 10650 9928 10282 1248 2389 3988 4808 6069 20894 21627 8015 18231 17224 9008 6572 4663 22347 1051 9986 18163 7999 10857 26430 2649 4768 16918 22401 15936 4082 2251 8960 2075 2717 10116 1783 10118 2317 8094 8973 2047 8079
468 548 16999 15093 14510 14752 534 5756 1027 1182 911 940 9662 5883 1321 16922 17828 4583 8986
469 590 9677 8357 2575 8376 6205 2477 2602 1815 2596 2616 2489 16285 2802 2584 2500 3948 603 2797 3215 4788 3231 8359 26442 26443 12312 6207 12379 3135 3272 4525 3311 4512 744 6786 5513 13132 5374 9420 26444 3203 6235 6247 4901 11809 7282 6172 26445 6312 6335 6294 6368 6191 1637 6347 9811 678 7874 6311 19128 11470 8375 20802 12020 665 14 26446 13432 10762 2554 4575 2458 12394 2574 7586 8207 6165 8395 13263 12990 9851 2642 9549 5607 19533 6221 80 7678 3007
470 3196 6257 22226 3281 688 10056 13968 5407 26455 5343 20032 14982 2802 9535 26456 26457 19857 13071
471 12003 3689 1181 10278 11344 10930 14180 6730 4269 5935 10858 3409 4218 10857 10711 15941 17272 9367 1265 6674 7539 1649 1462 1627 26462 10559 9724 9972 26463 23046 26208 12533
472 7562 4023 4782 7266 2073 9037 2436 1170 1345 6116 6135 26469 7272 6025 4773 5882 2184
473 25879 21853 2638 11739 13637 1972 710 17820 23866 4828 15496 19787 20011 2643 16300 2863 19788 13185 18987 22407 13186 15737 19793 26535 4394 5030 10035 4538 3293 4318 11694 8395 2484 13488 4491 4270 2615 2613 597 6624 8689 19424 2579 23007 22296 19003 4505 609 24878 572 3205 3248 3372 601 6271 25955 20129 1964 7069
474 10472 1246 4470 4034 3826 3980 4023 9693 7968 784 26540 12888 7231 1426 10464 691 1283 4056 8051 9012 2102 5892 1446 13303 26541 5672 6583 6422 1107 1010 5066 7050 8853 5072 1987 1101 1027 15942 945 3802 2390 15924 12005 5856 10852 3699 1444 9749 795 18607 11227 1174 11843 5942 977 21195 1023 21159 3427 5991 12007 17988 18383 4259 3429 14180 13219 7249 13667 6492 1307 919 3796 4235 24686 4069 1411 11897 11421 4088 3397 9825 25382 13665 15682 9697 1711 1309 7133 7136 5857 9345 9746 4115 1274 13819 5017 1106 19378 12890 1447 11908 7539 5161 21028 23414 7568 5141 5559 5654 5840 22502 18385 3983 2111 12949 1315 17573 10793 7388 22491
475 2584 2674 4515 4598 3373 3481 16137 25661 5374 12276 3390 12857 6805 12280 675 26545 14771 7615 25956 6798 9586
476 22873 14298 18763 16121 20297 16667 26601 15219 23919 6746 11868 22255 14917 10454 23998 26363 23728 20242 24136 2873 22260 16062 17258 19945 19034 26002 26602 13738 22261 17529 24165 20257 18934 20656 26603 17320 16668 24356 21551 26604 24006 22022 3658 16496 24654 26605 16318 16717 22031 3674 24376 24385 24217 24283 19314 9795 23402 10148 12234 24246 22034 24395 26606 17532 15064 26607 14260 26608 24269 24425 22680 26609 3603 20002 24986 14585 16511 24600 24497 3648 19184 16063 20278 24439 26610 25281 3579 18929 26611 3686 22047 22933 23901 23481 25218 26612 24347 26613 24197 20663 19925 16317 15037 16113 14915 26614 21499 25045 24251 25106 24178 26615 24299 26616 25150 26617 26618 24064 26619 21448 26620 20468 26621 26622 23906 26572
477 3198 6319 660 3289 596 6158 675 2533 8795 654 1504 664 877 666 9899 603 1818 1367 2644 3373 590 11838 546 3298 619 6152 6455 7019 6627 3267 4789 7694 7208 13891 2966 4540 2517 7939 10945 2552 3282 3135 9122 3326 7955 13427
478 1624 8184 14812 5257 10930 2945 26628 18462 587 572 14811 7483 17777 10052 1521 26629 8646 1989 23236 26215 11250 8626 3088 18354 21328 9319 23293 12572 23180
479 481 4288 4338 860 4294 7328 1497 489 509 4308 472 503 12646 9168 724 6897
480 2801 580 1967 22951 17570 7961 3967 2570 9364 1383 5660 2458 1637 6334 1813 4461 7675 630 2860 2895 678 13557
481 6016 3694 5622 12407 7495 12 5676 1648 7219 12893 17784 1318 3878 13547 8080 916 18136 26658 12941 11906 4065 4268 3397 907 17849 12408 14768 1521 9693 12201 6103 792
482 5536 4526 3344 4624 20933 2615 11463 11511 1364 9517 1376 596 6107 2552 2592 3468 2596 4822 3303 6153 1742 4516 3291 595 606 2551 1819 1288 3466 4903 5235 4828 5619 741 8461 4517
483 3794 1738 5131 3940 1837 2108 3797 1797 1943 1946 1932 2211 1649 920 10680 1839 2099 1809 1770 10985 1181
484 5645 1756 12520 1712 1296 2384 2944 22356 660 3227 19882 1437 2356 7292 2011 26689
485 2517 4206 8726 5044 11 4458 708 3191 4207 2520 2396 2613 2533 715 2557 678 624 2681 8317 2549 661 9773 6660 3359 6977 7341 252
486 8135 4694 18355 1616 2050 24873 7751 14811 6778 26049 2287 20670 7141 10239 22721 14785 2297 2320 8717 17873 7746 11242 7635 11945 3010 2298 12561 26697 1905 17356 26698
487 1027 7459 674 961 1539 672 1394 7052 962 789 4163 2434 3707 8014 6500 1003 6567 9783 1427 9134 7488 8247 1412 6532 4751 559 916 9 5107 1454 10561 934 8911 9839 4782 7242 6554 5314 10589 6483 8944 16660 1446 1110 12 810 1463 6395 12516 941 8031 8064 13555 1707 8842 17723 15543 3522 4268 15554 1629 6447 10579 4150 5840 8015 10552 11732 5335 8249 4222 3519 17725 10642 21462 5648 10578 8081 5857 1444 20409 8070 19417 9945 26701 4236 6465 783 2239 12519 10349 8709 4117 2678 4071 908 1426 7661 1794 14244 1100 5 12598 9413 1393 19344 803 8056 673 1006 5757 777 4766 8108 13657 7241 2432 4004 4144 26702 9666 2679 920 4668 18025 2203 2992 4921 6507 945 3701 6578 20622 15552 25878 16335 22468 26703 1432 6515 6519 23598 6858 8028 2156 905 7254 25692 20974 17871 21303 15937 10558 937 5927 6989 7565 16909 13788 24657 25704 2008 11863 18999 22490 5116 8246 14123 1960 17722 6566 4697 2007 6522 8078 17721 6263 6565 18233 2075 13370 2175 6478 558 5025 8062 13797 8591 1008 3960 4166 8075 6991 26704 9930 1282 8093 909 955 25691 7511 9247 5009 2382 1848 13053 26705 11878 1390 6997 2128 2783 2184 15439 21673 1070 21655 5168 26706 4485 9251 5939 21304 11734 2310 19685 6529 12080 13802 6878 26707 2313 6136 22315 2657 22313 10933 12231 8572 26708 911 26709 12083 20623 6937 20026 7270 4768 4032 944 6074 557 21665 5962 7518 8836 26710 6582 26711 6548 26712 16596 26713 6060 14171 26714 6435 26715 8073
488 1386 2870 8891 5110 5066 4778 4751 12203 1451 4236 6413 6473 694 7254 8246 7242 1899 4222 8936 6435 5698 4468 5147 13699 26276 21892 7459 5168 13641 1485 7506 13769 2314 26719 4770 12 6014 1830 1425 6500 26720 17912 8929 971 21517 1837 8980 12597 22468 8842 3987 15594 957 7234 6056 12223 956 4755 20213 2102 6023 2871 8057 10793 785 17353 20329 908 2313 6728 7241 1810 14192 1057 6385 13363 7110 22464 3908
489 8459 9199 4821 3205 10090 6800 11623 1288 2527 3312 2642 735 3020 4823 3751 6356 3384 22786 4526 21298 4786 3925 6169 3333 741 899 6781 4596 2535 590 665 15865 3947 3224 570 9517 10091 9198 13187 10688 2610 2459 2503 675 1814 7894 2554 11514 11697 10004 5594 3972 13690 4787 9465 5225 15954 4534 6370 26729 6619 5188 7064 10095 12829 3471 3345 5344 11022 3484 5662 13191 11055 20127 6624 4599 7170 12406 3031 7801 4491 656 8480 687 1963 9466 10837 12047 3300 699 652 10839 2651 6805 3500 9586 7776 6956 26730 20424 17071 7954 731 26731 25300 2458 17819 3395
490 1324 1038 1280 4469 10557 10053 977 1313 7161 5669 5574 3839 15285 1329 16571 910
491 1097 8194 2438 812 929 7104 1297 803 1010 7161 12068 1003 6819 8911 1113 791 972 15978 1859 5287 8159 673 8525 9248 982 14962 1107 1335 1005 7237
492 3225 3252 5191 7150 4832 3226 11457 7146 22299 9936 2579 5598 21005 20311 26351 11474 20302 26744 3289 2674 6193 5218 25363 8466 6109 3307 19740 5538 10862 4590 7156 7157 5236 25933 11583 9327 2606 6155 15739 25651 22634 9568 26745 1375 3037 604 9867 6626
493 16399 1214 1583 9624 13128 10834 1563 20198 835 1152 13173 16474 1160 1547 19709 7358 1205 10709 10712 10297 10298 9619 1560 16577 12148 14307
494 9677 2575 3193 6282 11473 889 2395 4562 3455 9422 9909 8577 7896 2538 7887 666 17158 21869 15938 9509 603 3373 4526 3390 14 3356 10083 4583 11589 1970 7695 4789 13984 1383 4592 4733 26749 81 2394 6713 2630 8763 7 13616
495 5479 30 2719 14640 46 666 702 13477 15355 322 11486 19517 194 26785 15526 19224
496 3438 4001 2275 13658 7133 3439 8186 1232 9192 4023 1182 929 2378 959 970 790 11421 4 8198 20408 6491 7512 1008 26628 1010 997 7980 17187 1235 7515 10953 3837 10830 5558 1328 7136 6045 5667 7564 15705 5665 4011 3864 5861 13546 2180 7115 5669 2438 11243 4755 558 2457 13706 977 9714 4473 5164 3983 12949 26786 16334 12157 26787 8043 8525 3846 13553 2234 1107 7131 5068 10985 12447 1304 9948 8194 15538 1797 1954 7979 8848 22290 8182 11265 8552 5870 1111 20018 1059 2230 7139 22573 1230 15327 9945 21464 5641 9988 7526 8966 6869 1256 9349 1281 4025 3975 9711 6127 5744 4028 2517 3187 10065 22364 1242 4464 21990 809 3802 13858 4675 10536 912 5663 5136 1102 6585 4808 10517 12459 26788 3989 13210 16847 1097 13816 10486 6593 775 3883 6875 12069 6017 12068 7126 1053 17227 11256 20986 4244 7970 4752 18162 8598 12351 7527 5078 20235 903 13851 6937 19996 6998 1896 12473 931 2092
497 6481 15322 7595 6170 23864 5302 9910 6140 6379 2796 17629 7002 8192 12582 3385 7476 8737 26812 14829 9527 14001 10103 3329 1286 2515 4624 5499 1456 5032 4828 13497 8375 11694 11147 6333 7594 603 4536 10414 6962 9876 6223 12038 16189 8407 13514 10285 13638 6347 731 23356 11708 5351 11811 13528 6238 13500 4901 13078 8449 2595 6614 10420 7697 23702 4637 6330 2607 6157 735 6142 6692 8752 2632 3204 3476 24797 12015 15893 5349 5505 3949 9675 19030 1963 15907 26373 7679 10368
498 3342 2574 6227 2464 6368 6207 654 2575 6457 8366 5526 2606 6228 0 8384 12383 8330 3227 3204 555 3291 8387 6328 2484 8357 7167 22113 12241 3282 2641 6208 9517 17613 6137
499 12615 3011 988 1695 10237 14811 1517 10916 10927 1986 5299 11520 11237 2096 7762 8626 7486 5009 8140 10259 2950 5836 12618 5067 6584 7499 7758 2062 1616 1662 6830 2361 805 1051
500 24592 2681 2614 6090 22225 2642 1668 3949 22194 13013 25226 4900 3256 6420 71 3971 6273 6364 2641 2704 5591 2708 4905
501 18187 15635 26852 25568 17569 901 19284 3068 13727 894 7960 17548 8728 5502 18274 21271 15624 26140 24919 23569 26853 20514 26854 12422
502 6841 1681 2323 6055 10786 4167 23525 1776 5946 5028 5329 1640 1691 1977 1531 6857 4111 6881 1695 2253 2953 1672 1468 1669 5266 3404 1717 1684 6666 1996 1809
503 735 5594 3333 2621 10302 3348 14 8335 3459 3743 4730 6643 7890 3500 8343 7072 3344 6951 6159 2560 5538 20293 4892 4600 3488 2638 2674 4392 25018 4582 5202 16295 3948 2552 3036 4495 3472 8205 25917 892 7623 2796 11380 2816 26589 2793 7697 9502 9966 6344 13150 8764 8341 9522 4515 4526 10288 8753 1739 8461 15322 22084 24679 26886 7906 687 7716 14829 15459 4539 741 20933 26887 5196 733 4131 9913 9539 2789
504 919 4760 7266 8800 3962 7834 557 8945 3964 971 982 2196 18515 9248 8956 12448 8958 779 787 1113 4769 809 1065 13324 2457 16216 966 6927 5852 19739 6834 5006 5701 15758 1101 21460 7569 10495 8986 3092 8249 940 1362 11734 908 11530 26888 2294 6475 7650 22755 925 2376 21672 26889 2346 1342 20026 8946 10327 19566 25332 5693 6024 7354 8093 918 6395 23406 18228 26890 17284 11858 978 972 26891 2268 26892 26893
505 11042 8717 11953 925 2108 1401 1517 996 11184 1872 1518 1744 920 2096 16663 7097 1678 971 2980 22725 923 14181 5334 2659 2073 973 10015 968 1622 2425 916 3703 6015 15795 2451 16226
506 663 8208 746 13648 24730 24803 9334 2602 6232 5354 6289 26961 13530 7092 5216 26962
507 976 2709 2489 10102 3815 12536 3917 10908 8632 12618 10896 1917 14148 1706 26963 1753 1936 9025
508 5036 4630 3330 9677 19031 23394 8365 3496 3311 3458 6332 19051 690 15885 26802 12036 27049 11711 7703 14992
509 652 2570 2568 78 1037 1651 1719 2025 9842 1791 9846 1455 22721 1788 3784 2270
510 14800 16864 14431 12367 14402 14858 16377 14511 14736 14611 27058 10437 4385 7076 25856 8817 23717 7258 24846 14846 6746 2852 16004 16029 14591 763 27059 17458 4386 14492 527
511 22160 18042 15207 24003 21620 16112 22037 16887 17254 25279 21086 24044 18054 16751 17057 15184 24980 21533 22045 24522 22618 25857 16497 22018 15140 18795 15170 24347
512 20018 1359 6869 11178 1360 16315 7317 6545 1390 1036 2250 3799 13854 791 1889 1325 5914 1231 1329 1241 7509 12557 4910 925 5978 14134 5291 27075 4277 1328 11736 1233 12061 14197 21680 21693 10781 1112 27076 24692 18024 13815 6017 11216 27077 2096 26901 1038 3011
513 14747 23671 8784 23908 14744 21204 21038 20815 4397 14262 23959 14602 19304 14295 9308 16626 18739 12916 24095
514 6367 3002 702 2526 7307 3198 4197 2531 6319 6972 6364 555 2486 0 2570 2396 734 893 7879 652 3929 568 11797 18165 11637 2485 582
515 7817 2598 2656 2526 547 614 4576 2613 84 2906 2489 1367 12086 4457 1813 652 22749 21742 14 2395 3971 1815 2547 4196
516 678 572 551 6449 657 25460 1661 3770 5497 3241 1637 3956 879 8359 6914 589 71 6823 4202 13722 665 14776 7873 1377 1815 734 2859 3957 6364 652 689 61 7675 12179 740 6794
517 3706 8246 5698 3428 778 558 10047 2961 1794 3907 944 8800 15536 9134 3692 18316 27135 6023 2082 11031
518 1286 7594 2527 2584 636 3819 2972 3947 2789 1815 1661 666 8440 7268 72 7878 4324 2649 2471 1814 5179 3378 3303 899 6822 3294 1365 3332 3945 573 3184 2535
519 1058 11958 8188 3771 7561 27143 2440 1611 3073 8644 3060 4764 1662 1468 1758 1615 2063 11968
520 8332 18372 3381 2619 9331 5176 19844 7152 2807 2586 6178 3196 4903 2596 27150 6172 8373 12294 10411 25908 5303 19851 2794 20885 26926 12274 25594 8375 22980 2642 10690 2578 25548
521 8459 15870 555 2683 5344 603 7692 7609 3885 2966 12860 6713 27167 9502 580 18473 3231 3348 4871 3300 27168 5350 22096 8405 18620 19181 4136 9532 16139 4733 2778 13288 9684 9542 7715 9031 26961 9033 5518 27169 27170 27171 2708 16363 26593 27172 6613 27173 10394 27174 4939
522 2500 1813 3819 6977 547 4137 2788 19841 87 2598 744 3037 9509 7090 7394 8243
523 1510 27237 5321 6987 12547 1420 1831 5319 3160 2119 5679 1682 18243 15919 21259 1017
524 3106 6651 7435 9022 825 4810 3112 7434 7445 7436 3716 16348 6600 7438 3119 828 830 4568 6649 4566 19374 10364 3709 3110 4741 817 3117 3719 820 4812 3712 7437 24550 13888 3723
525 20817 14723 15219 22058 15136 14387 10024 14998 6761 14486 6740 14083 12265 10440 15236 10320 21104 22914 16622 14501 14503 18031 12183 18049 15240 15238 18288 10432 16864 2919 16856 2445 13144 4370 19297 23483 16187 14926 14076 14512 2897 16467 18777 750 6736 16377 14075
526 5902 3839 6123 9998 17262 11994 8231 9997 11030 1168 8867 3516 11031 5895 3510 3689 787 7458 5938 9665 6522 17987 11216 8043 12576 8236 918 1875 789 21585 21586 6511 3692 15546 5954 691 5640 10939 8065 13831
527 546 2470 1661 3819 1886 7958 665 6164 744 2494 14 604 7955 652 2966 2979 26530
528 4198 5713 8395 25563 10419 16793 5347 10414 3226 1637 3299 3947 3383 19850 3008 4625 3306 5364 19843 7570 5656 892 3021 6183 4525 3262 2586 3926 4600 2644 3196 6822 25562 4834 7947 9318 5604 2527 6090 20707 5349 10057 11697 13024 13504 3325 7900 3344 2708 675 9530 10837 654 3027 3378 7694 1816
529 9624 7779 1590 20195 19947 10267 1214 10720 12667 13128 12750 2835 9613 15111 4979 1189 22534 7030 9593 531 20427 1198 9619 1550 1140 12775 525 9614 22876 19045 10611 15112 1203 19347 9596 9603 1209 19705 1584
530 1517 1618 1695 12502 12593 1278 4484 19674 11211 13813 1808 1925 10927 24750 8128 8642 8144 5255 1889 9194 9896 3492 1903 13672 717 4105
531 17812 2470 8725 9883 2613 2533 3955 2461 9772 703 2676 4271 2544 630 2489 704 602 1535 2505 550 658 3301 1372 7731 590 677 3302
532 6417 1274 4275 3 2678 20019 1356 962 1735 4236 15936 9750 21927 6532 1420 1318 6478 2251 7388 7459 8063 1775 15417 16355 12082 27316 1433
533 9345 3796 1302 3417 1362 1984 27349 9184 3905 18967 27076 26500 1348 23292 27350 1168
534 667 8376 26357 13900 2642 11453 6178 731 12334 8452 10090 6169 8331 3337 2630 25538 4789 1813 15441 13561 25526 6182 5713 4637 27377 4519 676 4633 7897 7688 7677 7055 7905 2646 21856 5351 12377 7694 7608 4877 8741 1816 2458 2537 9511 7598 688 8488 26445 6347 11066 8762 18256 12999 20312 7927 13069 12834 11820 4821 5202 19734 4886 2612 4942 11517 6343 2813 8492 21309 7901 27378 11831 16138 9560 11463 27379 2602 3740 24679 27380 23523 4933
535 2685 675 2489 2542 3132 1967 15744 21407 22525 15756 23140 297 14133 3979 1313 14134 12058 921 904 12599
536 7800 11375 2551 3193 4507 5612 2477 4583 5661 4137 4535 8753 11742 27415 21383 9460
537 9859 8693 2552 7932 3282 3288 679 892 675 9936 3184 654 16 1174 5055 1848 795 999 3205 4474 5225 2707 622 2515 1819 7208 596 10102 8313 13233 2458 1815
538 9827 4165 9836 11239 988 4149 6767 2096 19713 1809 1886 4241 904 3089 19881 18243 7143 1897 1640 5838 7760 1751 8195 1319 18135 5310 12199 12626 3942 4104 1279 1879
539 21120 5566 939 22829 4225 5575 8172 7990 11257 19866 8705 23872 8947 14072 22067 4028 22147 13101 3873 23613 18137 8225 4281 1471 11214 6869 9241 796 991 12072 1895 2662 11532 9988 11246 5993 4111 12351 11354 15116 5841 7969 15546 23790 10941 3835 23874 1264 14054 25893 22063 14069 4174 10473 903 15930 7123 22070 8987 11523 1099 2380 19865 14842 6393 7512 3783 6730 6684 1795 11331 11328 13110 27426 11199 4079 6075 22718 8284 14068 3758 21686 1846 15114 10940 4263 27427 12457 10831 1315 12177 26652 13636 3856 4806 18438 11360 26650 22539 19867 3978 12 6545 10910 9437 10033 5875 14059 11105 2045 11358 9916 2099 23801 938 19864 11736 11901 9004 3979 1178 5704 14055 1622 25772 5665 1332 13108 9713 5842 8620 3994 4809 15115 14070 15117 8226 4234 5878 26770 3012 5884 22355 4462 26788 3735 1362 3397 1434 12478 1265 4657 27428 4158 23808 10889 9205 18243 27429 1701 22065 4019 11357 12943 17269 23510 5865 4102 11336 11340 13845 4093 13242 10508 22354 22716 18155 5985 10518 3999 23893 4464 16742 5933 22653 5994 4238 12571 4240 27357 24517 4265 925 6866 3760 972 8224 4040 4688 1337 5888 12949 4185 4275 23174 5898 23550 21581 5904 5857 999 19990 5859 11152 14060 26498 2154 11728 23875 2263 1876 27126 27430 4176 14058 26656 11337 21594 6061 8533 26425 1297 10894 9997 8297 5014 13112 27431 26651 1936 3167 15806 8976 27432 8229 11333 19569 11687 9349 8238 23878 12950 11683 24921 17265 1360 20618 27388 18124 10942 4187 1009 1610 3968 26628 23876 11667 15694 10535 15688 14045 5947 13843 5925 11363 12130 12554 5569 1333 2213 4156 23789 13662 5911 4175 26536 6910 24922 12006 14193 4277 22830 25524 9943 14062 8583 13273 10937 26653 20746 27433 22669 13851 17776 14149 22938 5892 6674 14628 11253 4001 1100 13563 11685 1268 11265 27434 11688 5570 7968 18565 25388 16251 9998 5852 5972 9444 11879 11329 9906 23787 27435 18200 27436 9212 1284 1071 2663 13784 6926 27437 5967 11432 17914 1020 13562 20641 5976 5864 13633 14061 27438 18383 8055 26738 17227 3755 5571 20958 5890 10107 5953 19108 9443 4268 11150 14050 20970 4685 27439 22548 18597 22719 8182 2096 27440 24643 15275 1757 2250 16148 2206 3983 4995 6719 18435 27139 21693 27441 6589 27442 6017 27443 1979 3837 2229 21680 26696 16253 12350 11421 1303 3826 4683 1250 26426 9733 14047 15805 27444 1302 14256 10120 15828 14073 14056 5999 10480 13684 14071 27445 27446 27447 1168 18459 1896 27448 11048 4139 14954 6117 12563 27449 4667 11330 4110 21593 6777 17923 27450 20031 5962 1313 22502 7380 27451 27452 22652 10846 25435 5553 27453 14629 27454 10106 12084 4679 16812 1897 23196 12550 15811 27455 18465 1811
540 20885 25236 658 7226 5497 7898 4119 3302 21400 3336 14 12042 9685 17117 3202 5178 2627 2542 2614 4615 2555 4394 2689 6956
541 633 2645 3973 9883 17982 3882 666 9567 655 659 13441 16091 2999 636 79 678 10402 2555 630 2485
542 18752 14259 25129 14507 26196 18105 14600 18763 8308 15144 3597 16987 15988 14747 16069 24287 19033 24418 23905 14595 24166 14295 14705 24208 24406 23933 16063 22025 27457 18064 24323 18938 20365 21412 23914 25788 14928 22011 20001 23911 23910 24317 22376 24661 24501 27458 5776 26768 14622 24097 3683 27459 27460 27461 27462 27463 23990 14529 14742 15019 17200 23930 23253 25004 27464 23838 24911 19405 25797 19188 13154 24496 16982 24477 27465 27466 24117 22389 20593 12924
543 2576 13687 6482 10954 8670 10587 6523 6437 5259 9475 10989 8140 9838 11598 13753 10288 1019 15546 18210 5506 717 10603 11375 17329 8616 2985
544 1819 4324 3266 7 555 72 2644 3449 1527 568 2548 2470 10230 12990 84 3203 3335 7820 6597 4133 590
545 17595 2578 3451 5499 8369 6701 9507 4796 9517 10091 4828 7901 14 22078 1970 27480 15741 7355 7875 4789 3364 4820 596 3273 4732 12033 7937 12960 13913 7572 21224 19842 4733 3466 2974 4580 8732 20479 13022 12983 27481 16290 19178 3204 13002 11702 11825 21897 13045 8492 19461 11830 8501 10607 23521 14989 13287 10232 8500 3500 27482 2794 10670 8009 22918 9964 13934
546 9442 13112 10773 1021 5561 4748 643 534 23247 20507 5556 12579 5697 20412 11152 10474 18198 4077 5671 13671 9900 13563 8224 1093
547 6243 1745 4628 4632 8007 3327 8574 7625 9473 5243 11701 8294 12855 19851 2586 12251 17123 13523 9548 5045
548 10298 16458 1597 12754 4961 7106 10732 1203 9787 25625 16455 1138 2849 651 1210 8606 13176 14315 7720 12759
549 1899 2432 9135 14197 8977 21150 8431 21650 5939 1451 13799 9732 15436 12458 22591 5955 8103 5159 15693 16813 23197 18454
550 22823 5612 5204 2563 6251 14 4897 1637 5656 2557 582 580 1967 11937 7025 26390 27062 3973 4576 12839 2979 4126 1813 1504 27395 11607 25928
551 15461 6342 24960 3950 2399 8201 11844 3289 6158 2598 3348 10295 4509 1819 3462 3751 5598 741 20886 12495 3381 2584 4904 3448 2607 3918 3307 5366 10863 2788 5834 7062 9509 7070 25872 9461 10376 3205 3344 10090 2601 10034 3378 8763 1740 2594 1376 702 2458 3924 15939 4555 5188 5350 2807 26187 21954 1661 5594 3302 8732 13560 5036 2648 3477 2966 3972 3945 25526 3492 7572 6243 81 2812 7004 2489 3282 2559 2533 10412 6660 609 5513 587 3299 19535 3213 4632 3325 7672 21894 2505 5179 22580 1816 27592 10421 5363 8764 7625 688 2805 5176 26531 13038 11450 12481 4603 3331 4559 662 2816 6222 20102 1817 603 12582 548
552 2898 10227 5776 20260 15250 817 1 4455 75 9196 4710 590 8461 0 678 2549 10864 631 11749 2852 22534 1212 1161 9590 9624 10714
553 5251 3160 13387 1974 8631 14762 5281 7485 5295 5838 2271 6635 9936 8176 10791 10801
554 14 2458 75 687 7580 665 1817 2998 2547 734 11818 8687 4124 652 1815 551 7951
555 17949 19317 19253 1384 19230 2477 11652 4823 11 17436 15855 17343 21799 19321 15852 18291 20685 22774 16171 8955 17172 27626 19258 22283 23210
556 5510 2614 9339 2464 1627 3056 4818 24749 2589 5603 15740 3273 27260 65 17693 2547 24790 7681
557 1107 1223 1327 5681 7123 5650 2781 1810 14202 1776 6872 8238 10495 9366 21025 1359 999 10799 17288
558 18654 15188 4369 18694 26168 2875 23531 21807 22254 20475 21805 14674 21486 17748 20480 26297 12264 27645 27142 19300 19824 27646 18773 15348 27647
559 12634 4083 1813 5732 555 5044 1815 72 6090 1661 2458 12 678 2976 3344 8577 8497 6088 4122 2649 665 10145 11506 11827 13067 596 14
560 2099 2944 3766 22222 7161 14811 7758 796 27689 10360 10358 1228 14182 5997 3996 23213 21462 23858 24828 27690 27359 1225 1230 21992 1944 10355 2329 10823
561 4820 629 2598 3017 2589 2651 2646 9282 2620 9497 4929 3496 10695 4926 81 590 550 675 3193 9482 12304 7947
562 9636 12623 2713 8125 970 7639 1626 10678 1782 6924 13359 3059 5299 1826 3794 2419 13337 15807 8654 23189 2270 5317
563 2861 2788 904 1517 1268 4126 1967 2584 3002 590 6955 3323 2536 588 1529 15 2781 3309 2515 7884
564 3786 2108 1649 1744 4093 790 11253 2323 7527 7973 1902 1785 20212 2705 1670 8648 3837 3049 2080 21461
565 8200 4119 2808 3348 6333 4638 3207 7274 9683 3947 3344 3457 2528 7073 10318 2636 3385 19373 3468 17007 3021 22957 9421 13645 6389 9313 3339 27483 3351 3028 9466 15742 4495 3472 7878 4404 3302 10385 9109 665 1373 3491 12642 2571 3217 8731 19791 7898 13427 9865 1958 3476 7916 5532 10350 685 4833 596 5341 4548 7931 15738 6230 7924 24641 4734 7003 11061 4820 13899 2973 10660 5344 10392 7890 3266
566 1838 1866 1744 1662 615 11945 2375 5283 3814 4685 1690 1634 5314 13228 814 2025 3055 1647 2256 1058 1785 6814 6680 5723 1736 18386 2161 18966 1038 1622 5344 657 9708 1980 9978 12058 1842 1827 10798 4465 6639 6919 1712 17282 4679 6887 27714 17180 10058 22436 7537 7763 13723 5270 2020 8285 18156 3157 7745 2118 7105 7756 5321 11253 815 18002 21031 11932 7482 8649 2456 10343 7977 3810 1618 1749 795 12426 6263 5288 1268 2017 1352 10291 1773 952 15546 8846 3815 1401 1253 1329 2164 3404 1241 9975 12549 10812 2033 1858 4463 2040 15828 2150 8799 6833 1976 12432 25435 23167 1877 3813 1904 7111 27715 1899 26499 1800 27166 2266 7161 13920 6557 12598 1960 2250 3520 15591 23150 8249 18435
567 2997 12429 10785 1316 17280 1611 2379 1716 3808 4073 970 3781 7997 1758 4009 3902 1606 1019 1793 3941 15330 14582 6837 9920 5643 14171 3379 2454 1766 4681 2456 2290 1851 13212 10783 1020 1633 805 1981 1949 6833 1065 8652 2047 1940 1517 4178 2293 923 11037 1627 9705 788 1717 1904 11793 21465 5067 4260 1639 1878 1718 1984 1333 2077 12510 2150 21361 2286 10932 8444 2070 963 21360 795 12161 2061 2021 3083 2227 1833 5852 21024 792 1690 27670 12454 1722 27672 2064 1612 1650 1990 1649 1308 12471 2663
568 20564 9326 20548 21964 18107 6742 2883 15147 14851 14747 10149 21080 20552 11868 27725 14546 10756 16889 20560 22025 14588 26753 10435 23918 23913 18634 21998 24128 17030 27726 21125 23255 25047 24276 22162 26938 19195 20372 27727 10140
569 6243 3381 10284 3492 13504 27728 2584 17611 4871 7928 2648 9536 13015 27372 16389 11824
570 5366 7821 18582 2644 13429 4526 6273 17299 2617 11606 8721 13687 5531 10769 4637 2645 10772 8376 7332 15865 658 21177 7073 5308 3471 8367 4828 22869 4119 7884 19768 3346 8399 3324 10376 7898 2651 5515 2592 3466 587 21885 1815 1376 18077 3380 8735 7895 6370 3205 5539 10004 18583 3496 20463 12286 7695 7911 7574 2489 5662 7675 12032 5514 2618 7679 12020 8458 13193 2477 25888 7858 4532 11066 2610 11657 5525 25504 5520 10771 4708 7671 3358 2649 7456 21868 3503 11744
571 1128 9380 6080 18337 24810 9151 6897 9171 9149 495 18520 4169 672 493 6079 7325
572 3069 1661 2864 855 2996 904 4230 3992 12429 923 16806 6455 1637 4459 734 9549 3925 2598 4131
573 17914 8994 19338 9765 26651 5916 22716 780 963 2056 8472 7162 2421 12554 1357 5852 4079 5546 2075 22718 4275 9665 22653 9255 5933
574 2593 2605 4821 3328 3924 2604 4901 6156 3366 3348 3305 3343 7167 3330 3318 1741 892 1740 3375 3347 3476 5532 3506 5533 7612 5341 6250 10386 1816 7914
575 1052 2355 7565 6338 7562 7266 13700 1442 1464 1987 2368 948 18326 9245 6101 8867 557 6026 15550 9930 1761 15547 2073 4004 22486 908 21642 6488 8016 18236 11028 962 2337 2110 18097 1448
576 314 308 17004 23329 15474 21258 25666 13306 17939 26555 25251 111 19632 409 4435 5423 264 24 25242 5473 19664 2766 11891 427 13866 25239 15842 217 5482 14029 19504 16830 23336 15835 27781 27782 26014 26561 25445 19495 20422 297 27783 27784 27785 27786 384 2765 21395 19223 14028 262 19594 20489 149 141 19669 25118 19521 21702 15405 21389 25375 19444 26559 23383 20362 25265 27787 25127 27788 19657 27789 26031 26554 27790 27791 304 19226 15391 425
577 1390 2783 933 2991 778 5651 1012 1101 1710 3906 958 6907 6496 1841 1734 3698 3917 3869 954 1345 1103 1886 8911 1924 4228 3084 1463 1114 6429 4670 13703 7562 1056 8925 2009 5836 1667 1038 8016 1289 4792
578 3327 11622 2682 7150 9868 4783 27798 4515 4628 4539 6626 4589 3456 13234 3747 7062 5598 19888 13417 3483 6334 11055 3495 7146 27799 8007 17638 4543 5662 8341 25019 17844 20713 14159 7860 5538 6806 4500 10302 3481 1967 8344 2483 3920 1739 9528 4126 3378 7208 11583 12495 2653 4632 11380 9874 22211 3461 3225 10692 3390 9461 13276 25661 17650 10034 15464 18716 4394 6948 7890 17123 19004 7073 18011 14154 20954 3459 4526 699 3488 11745 892 3384 613 2552 17075 586 9871 11467 566 584 620 8471 601 13263 15739 22205 3491 1740 3328 2611 11060 5407 5621 1741 16276 8340 9507 9484 2579 14250 5216 10286 11066 17077 23469 26903 20310 17899 17463 9880 3886 6534 24698 15459 24674 25922 15939 7155 1816 3027 9486 664 3316 4137 24607 3293 3348 3313 24834 7900 19773 19798 24589 7013 593 3326 3184 2638 2551 6811 3008 3302 4600 11474 3479 3745 8723 596 4903 2470 15505 20955 5520 11657 7613 10095 11446 27800 7694 7906 11588 9456 15322 2476 7625 4602 10075 3492 7706 16293 7623 10076 26681 6722 3485 8475 7616 2636 24681 3746 17082 8337 6193 25855 12313 7607 18328 4829 7573 4490 26033 2487 27801 3340 20011 4603 20010 9889 891 15866 8339 74 2606 8463 12853 3289 19759 27802 4892 27803 10984 8577 6268 22579 3304 7088 17603 4487 9494 5179 8481 3347 12240 10837 7571 9643 11697 7951 8002 9114 3344 9523 7937 19010 7157 10235 23637 9586 7928 2615 7107 20755 19020 26745 16916 13912 18945 20957 14167 4555 8746 11057 4580 12999 5344 4717 27804 22096 688 20014 3500 8346 2975 25644 12319 7927 4541 12030 20749 2605 14991 12857 3752 8687 2708 4868 27805 9561 17702 27806 17704 9524 12499 9340 27807 27372 4888 27808 9563 8494 26913
579 1813 3384 3751 4786 24577 4823 3219 4613 742 3320 25405 7692 3344 6328 1661 2628 3947
580 4722 2668 25847 517 480 489 5543 675 0 678 568 66 2489 3187 666 2549 614 73 1536 78
581 16488 8577 9915 2814 4898 22294 6239 13588 10034 2708 3362 7150 3294 19560 15939 9484 13263
582 7862 3017 3327 4821 3313 13434 3506 2644 1819 2805 7622 3274 3267 22096 4622 3367 7918 16321 9538 11712
583 3462 3330 13434 7000 11746 10091 6250 11606 7207 3315 9686 3365 25039 2636 10766 7460 3740 3215 17653 23397 10232 3950 3296 22590 3353 26364 3471 27480 12830 7894 6958 4833 8416 6326 19029 4828 2622 26346 15959
584 15226 14663 2910 15142 15639 8301 18712 15261 18632 18570 774 22701 16380 14682 14414 17509 9375 16375 15066 15563
585 126 236 15367 5410 4478 280 4208 2727 255 16281 340 15400 15475 4216 7390 4212 147 11292 2724 13317 2743 15618 193 2776 13304 355 26551 17189 15613 5437 15474 15280 384 11489 22997 261 185 354 16920 252 8782 7346 414 397 14639 279 267 7711 270 218 56 288 19512 224 221 278 8773 156 19608 4427 8771 14189 4476 26803 5415 153 5468 4429 26239 19340 4407 222 290 4408 213 405 194 364 14641 11297 215 371
586 13136 384 7711 23058 152 197 13308 191 211 26014 357 8778 19476 7390 13870 19572 13314 19622 9404 4412 368 26555 19473 9406 17792 20301 5476 21365 13869 11304 407 419 204 22136 23691 19657 8781 287 27873 19310 23362 136 20698 4410 26728 10947 19311 5466 406 430 25447 19480 18730 36 297 300 5446 23333 409 26948 20422 147 16202 4361 19313 19650 350 20346 15393 13609 370 27874 15399 439 26031
587 3 2437 8535 971 1021 5651 3917 678 1007 3084 1114 813 6 2452 2454 6121 2453 7516 7565 6436 4101 977 2480 15257 25721 19084 12924 17044 772 20650 17326 14089 750 4396 16115 17523 21332 15565 9645 17964 3602 753 16114 3533 18032 14468 20780 3610 20828 498 17128 2822 2821 9075 507 9082 4855 25973 6903 4300 4308 471 478 16972 12409 494 21338 13141 475 469 9386 11091 1502 1128 7739 14576 17064 9166 27889 7363 4853 869 1133 8674 9389 25976 11759 11019 4451 25989 725 16973 1130 6080 460 721 9100 9953 21341 7320 6897 4722 17145 9088 6079 461 4864 6900 27890 9387 473 9385 4444 6653 9153 859 730 4720 459 479 16974 25406 19109 6893 8672 4305 1501 2666 4293 11098 9369 1127 9165 9071 11768 4849 499 4452 12997 24559 25974 9154 4453 6083 7733 492 493 9155 480 7367 2820 7361 856 11761 4724 15419 6699 865 16264 9146 6076 21335 24810 26815 9396 5544 1132 4723 19722 24784 4449 9954 6892 862 1124 9136 6081 7318 9066 25847 4299 9141 9138 11008 7366 11425 465 9383 3178 17137 19111 17140
588 3240 2589 6806 587 9889 6266 6516 14680 27907 6534 19004 9856 3489 13192 5216 10302 5218 7208 11624 9317 12963 13436 8360 4638 596 2630 3347 3348 3327 9528
589 2452 9342 3005 8028 6567 4791 4101 12880 24762 7542 5641 7458 10556 6384 993 1994
590 601 4870 19693 554 555 626 595 17328 83 1821 574 4647 4123 3288 1816 8169 2973 566 12855 584 3316 3967 661 1525 1822 755 1287 582 3326 3291 3506 609 3304 2684 4129 705 2966 603 3027 593 3340 3381 615 6625 3348 4794 9115 2649 12845 7622
591 1529 1815 1637 660 1661 9683 11742 741 3323 1414 2657 1774 4129 3927 665 13722 12304 82 4455 855 2458 689 588 1822 21138 675 2539 4124 2999 2979 13694 3819 8753 1376 2636 4128 705 27922 27923 27758
592 1817 1535 1371 7212 630 0 567 4576 704 13590 6715 603 7963 73 7675 6940 80 2788 15984 65 2563
593 3453 5521 2808 6180 6378 2619 8576 9859 7067 2460 3348 3326 10232 3488 3344 4632 3500 7146 15993 3333 3381
594 5627 4643 703 7850 6209 3198 1661 10350 8467 11 6199 17587 2515 18994 7847 2979
595 2551 7 567 7073 661 3046 3879 2394 10072 547 4123 2497 654 716 3223 2512 4120 7731 10 5624 4572 2511 2468 2862 1367 2703 83 550 2538
596 2790 7891 2685 660 3452 3738 25921 13588 734 7816 3002 5196 4459 2623 3268 8795 5198 6701 4401 1813 16488 2642 3343 5188 1637 5513 891 9472 3468 18618 3303 4868
597 630 661 704 2551 2545 2481 1535 85 2500 1375 603 2496 4457 554 571 4203 73 2861 2966 6092 604 7874 2778 27961 84 679 5367 23895 3139 11972 1817 599 10839 9503 7532 3646 22155 22943 4337 3187
598 4171 5133 8586 7567 6487 8249 4259 4082 17226 7968 18091 17217 9008 3414 15616 4461 19679 2495 14204 1000 5670 15499 3011 6519 1027 1960 982 1794 6446 4144 949 7241
599 12 23376 5419 11296 208 131 11486 23378 678 2976 5483 6068 18689 11139 13582 1597
600 2557 2675 1815 603 701 678 19061 68 675 604 1535 3135 6617 7892 555 547 608 615 3447 2649 3930 1745 654 3288 584 892 1739 1740 3973 4500 3375 2552 590 744 2470 14 79 7261 564 574 7956 2489 602 2542 3191 4123
601 10565 1248 10580 1116 3092 8920 8015 6511 1461 15680 8589 6263 6859 10851 12002 15941 784 20169 4069 9746
602 2478 2708 3342 1367 4126 66 5033 7594 7 1815 878 666 1504 880 7356 2895 6795 1742 899 73 14 2649 3972 1822 2979 9805 6526 1375 11 1813 855 8159 1113 10002 673 558 7654 11926 3762 678 11774 3473 661 2500 2966 603
603 15361 26012 4913 135 218 13304 15380 10299 4355 11283 11308 13868 11288 5479 267 367 199 27421 188 7346 394 172 5439 149 450 230 408 7347 103 15383 15373
604 22897 27068 17955 12601 19245 15651 23663 21772 19568 19243 15649 13755 20689 15863 22777 17172 15647 13758 28036 17439 17434 22728 11976 18423 17450 17442 8955 17453 22774 16154 11979 15657 16175 27414 15261 8817 16465 16684 11600 19324 22236 14080 22886 21766 21767 18238 19596 15658 21733 9640 16182 4639 16160 20688 22526 16181 28037 22783 17472 28038 17953 15644 17419 26230 11596 20694 17428 17491 26055 17454 15662 22885 15646 27376 17469 23822 8965 17474 17414 17413 18240 19318 14006 17488 21251 19256 17176 17945 27070 27194 17494 15849 17944 20521 17432 23657 23607 21920
605 21702 4481 4785 2639 4457 546 15 7476 2538 603 7394 13255 7633 8004 4337 2966 8076 28044 11506 26140 6964 13253 9808 4523 14
606 6680 7302 7104 8647 6116 1848 3980 18433 11859 10825 21377 675 15821 3527 1910 3968 2418 15602 13198 7827 8920 1003 982 4484 1333 1072 7832 10483 1426 1874 4169 949 15521 6135 21135 5009 1997
607 3273 702 551 23768 13645 3337 5612 4124 22611 79 2657 7249 8093 5263 2290 12221 7819
608 3522 7983 16331 12566 12226 1989 7668 13827 22348 23365 11478 25839 19547 14121 5702 4280 28086 21277 20237 27153
609 10411 10423 8435 3017 2537 4550 655 1376 2503 654 2584 4626 2682 5627 2681 1967 3751 2598 6325 678 2468 580 1367 614 4324 79 615 2642 1375 0 3947 547 4575 72 1385 5661 2858 4457 84 738 26281 876 7898 4707 3754 7869 7446 4126 12480 10229 14776 568 6301 3888 2708 878 19783 2396 9914 665 14 4798 6189 3395 652 7878 5344 87 10414 83 2814 78 2636 10004 6196 578 7 4123 657 8413 582 6273 2649 6065 6095 7356 2644 6940 2526 3031 7896 13525 25563 4592 7510 13591 4491 25908 591 4394 1536 717 3239 743 4536 18379 2596 555 2533 6212 6151 9197 1661 666 6375 1813 7820 12990 7226 7340 10230 4133 27961 2478 630 3972 3817 567 3923 704 602 3255 16793 12825 6191 9887 6803 5352 2548 12243 6357 6346 5723 1956 2641 10419 19746 25562 4546 2549 5513 4206 3021 4454 2602 624 5709 6106 660 4495 9791 4897 13889 676 4744 12374 2487
610 20405 3327 8463 3301 3459 3306 590 4818 2649 4617 4600 6803 21139 5197 586 26579 7900 4786 3197
611 3282 3461 8497 22243 24510 702 7207 69 3973 7577 8592 3301 10034 7055 7897 4821 13276 4901 4497 3327 3321 19836 6693 2564 3362 3395 6169 2491 546 9868 7580 6241 14 3002 6206 4487 6204 9423 2520 3378 9860 6273 2544 1817 6153 3337 2521 4819 4509 15954 2555 22577 8471 11060 7585 12501 3953 1967 7060 6303 11461 9861 6346 5032 2624 10302 9315 21353 8217 2537 8434 9676 11059 10133 955 4598 9474 4730 2503 2554 17589 3302 8435 15322 6601 7171 4644 3193 1752 8248 12858 2782 24641 3390 9494 3476 7905 3294 5205 9568 9499 8851 3495 13438 4526 3500 21628 4262 8764 19004 3749 2437 12480 4501 7595 5009 6159 8763 28096 7625 4877 4551 7854 2560 5216 26515 9884 618 4554 9530 11471 5717 2660 7629 4657 1113 8837 13912 18468 9481 5834 2807 7701 10305 9586
612 17950 27949 23493 17410 17427 28099 20044 6642 3602 19324 21922 15847 14080 17173 17455 19596 22773 20679 23612 19250 15777 27196 23112 27408 15773 22782 18426 15851 15776 25013 16177 23605 23106 17442 22660 28100 8967 16171 26056 11987 21772 22732 19323 15754 17411 21796 23869 18420 17489 15766 20677 21249 27410 16160 28101 23141 15855 15857 19251 19246 20683 21921 22727 22898 15744 15650 22237 27409 10021 22523 15753 15770 21785 13756 16184 23307 17175 23134 22287 20714 16185 23494 15768 28038 23136 21251 23139 23104 24959 15860 11977 20693 9640 22731 21765 17177 28102 23147 22285 20718 15751 23499 20721 18427 17171 20689 22784 21924 22894 27412 27199 27192 13760 16168 17944 14081 20723 22284 21771 20724 27195 16165 22733 27376 28103 23660 21406 14082 28104 19258 15767 23657 17469 28105 22281
613 3205 9470 11581 10425 10763 26750 2587 11379 3381 17926 9502 21400 28106 4522 27402 11624 3357 3477 7906 3340 7603 25617 12960 7803 11511 658 20884 1742 12855 28107 28108 6372 20128 3500 4532 28109 8400 6632 8364 1741 6090 3501 20033 11443 11439 5727 9116 24770 3348
614 550 8723 2681 8891 1232 5017 3011 2184 7494 4782 8659 2476 1290 1078 22495 1775 13695 16216 6358 9945 4765 5899 10116
615 4115 1749 12352 904 1719 10800 6942 21031 2088 10915 13214 2458 14152 1312 6937 2064 6717
616 2449 15786 769 12181 16106 19070 17520 18217 20287 14389 14924 15182 14642 18783 18575 15627
617 10302 9110 3346 3311 6273 6169 12869 16130 7146 9228 6158 5619 2537 16895 19004 3021 3254 13754 12825 3378 4525 4594 5536 8471 10076 3741 2458 8579 19551 27708 7198 2628 741 710 665 7900 7891 3481 3468 19891 4514 3298 5216 3331 6330 11058 8691 11585 10096 4868 3472 17074 28137 10034 2600 17072 877 8486 4488 4827 3450 10100 27669 4491 4539 13984 28138 11440 10095 4527 8205 5344 13205 3202 17160 19754 28139 17080 4533 9492 6295 8007 17463 20419 24698 2580 4889 14156 580 3302 4829 25369 5231 24641 9880 4600 9502 17122 3751 7615 18096 12976 4548 5535 8477 10837 5202
618 3618 18921 3680 9793 8311 15290 14530 16227 19935 3555 16026 14917 23676 28141 16395 23948 14295 24648 20001 21697 23923 22000 16377 16020 24463 22624 28142 24479
619 19 8782 199 11281 9062 13309 21702 5417 8776 15280 16280 4214 20138 8773 4476 232 296 5445 252 10946 9700 245 231 5432
620 909 6418 2649 3692 8250 14006 5009 7272 702 6407 25960 7270 1012 8960 6358 7128
621 1886 1399 21206 1087 1445 4082 4238 12883 6517 2439 937 909 2012 3084 1639 930 9844 7834 558 1065 8250 6410 10481 5009 5678 6443 5270 2783 18202 7535 929 1345 7104 1848 4075 8045 1318 6546 6385 8023 10111 2290 24724 6937 2228
622 5044 1661 10 603 6367 1535 4122 11 6091 3192 602 718 78 712 1815 2494 572 899 2644 5331
623 4156 16148 977 1264 28182 4223 2988 28183 15293 8587 17974 13273 2664 1113 21374 11243 2563 4743 1504 5966 16529 972 1121
624 601 2790 4600 1288 24772 28184 733 9482 28185 2624 744 73 567 716 3947 7464 16298 26134 27253 14329 10286 6093 6727 11188
625 556 16013 28089 16630 16621 6738 19909 15205 24530 18026 22251 21477 3644 28099 23957 24267 20268 26360 28197 26201
626 583 6168 15960 10759 5834 4596 6090 7276 6142 17658 17644 1816 6222 27049 28199 13057 8356 7803 922 28200 6171
627 14813 8896 8431 1530 8972 14204 11851 18345 6906 1465 1901 9727 14191 10499 4152 26212 996 11478 10495 999 17208 11043 4043 20080 1102 10325 1359 26894 4284 4282 27076 4462
628 10373 10088 3769 2503 4572 548 6693 7866 4819 16286 2398 16283 7859 6220 19461 9910 10302 9481 4119 8212 6313 3938 660 7916 5308 18989 20309 3490 3312 4523 11743 12481 7891 16285 8483 5711 10004 1822 8452 5407 12835 8364 8435 1286 24948 3008 24895 9425 3301 2683 26200 4511 3466 7276 4890 10076
629 7958 3819 555 630 1661 603 6940 11635 7303 14001 8352 2533 755 9885 2477 4713 2778 4712 3467 3970 679
630 23063 11484 16830 21 254 270 19522 26150 15371 15376 173 7346 208 20484 19212 22418 21704 19481 18 21705 28272 13599 21716 19208 28273 17888 151 28274 23221 393 438 19984 5091 26466 15357
631 5856 5857 955 9437 8446 5547 5916 8846 4139 8133 5112 22543 1625 7643 1804 18405 6006 3157 15521 1690 3088 2112 10815 2129
632 9418 5294 6673 2306 8669 953 6981 1744 1045 2379 17188 1879 8846 12 814 1026 904
633 78 1967 587 583 624 7073 6277 2998 5044 704 603 8440 6199 2494 81 1815 20888
634 588 71 2515 4523 677 9898 4202 11 3770 5369 553 665 899 7356 7690 4707 2697 14 7580 1505 2510 13039 8435 22543 6805 2554 2458 6526
635 5322 4023 8869 4164 7807 28151 10778 3515 6517 1173 1003 9662 904 1182 3187 2682 2554 9904 3793 6583 6865 3440 14960 1345 6864 4065 1089 3398 547 3779 1009 3853 5576 1342 6507 13101 7317 1101 28340 5014 4281 8659 23881 972 6578 11340 11360 22353 6048 14073 9665 1008 10941 8663 1617 11348 10773 24920 1815 11639 855 2979 22150 11152 1097 13112 4247 691 1984 10630 12462 1325
636 9110 10379 9685 2483 6361 15957 675 4576 3336 2616 3334 4460 2612 3476 6803 6960 8395 2484 4638 7934 678 6822
637 923 20120 1531 3079 11908 8161 17188 1801 2166 977 3767 938 1482 14184 1345 4261 10277 6470 6585 6828 7490 4028 666
638 3347 7451 2628 7867 3316 12042 3230 7819 4324 3372 891 17115 3448 3291 4937 17298 3471 3212 3492 9340 13261 13271 8171 19464 10368 1818 13498 13078 18994 5614 15910 27878 6357 13942 9760 2807 17607 19900 5521 13067 4943 3362 10004 2797 13935 28377 13934 15906 7868 28378 16363 22082 17816 20497 28075 15947
639 1173 1297 812 979 4115 1319 1331 1097 4065 972 1003 3785 10517 1116 1333 1783 8920 3969 5015 14110 6263 5025 10490
640 5499 2808 6153 4455 2485 5605 2511 2641 3037 3210 3244 4500 7000 6974 678 2998 1285 552 25778 660 9683 5049 3947 17593 4460 7224 6223 16189 73 3324
641 14366 1662 11732 8873 6395 11481 6446 5162 6338 11863 922 14267 4750 1631 1442 2007 9666 781 778 27936 2317 19685 19684 13091 1394 2251 5068 10716 4163 23406 917 11262
642 16617 14415 3672 10432 14588 16852 16857 26993 15291 14298 23936 14611 27885 20252 20876 18940 14519 13152 20656 3577 21038 21133 6735 3674 23905 14507 2903 14407 16754 14644 13460 15001 23651 24008 28429 18922 16745 17043 15067 23911 16129 14997 22019 13118 24005 3555 18712 20271 3677 23913 24996 24325 16319 14946 19925 14295 21807 18921 15154 8786 19314 24040 24073 23919 22036 18791 18112 27884 15153 18765 16026 19304 21132
643 18005 3204 2478 2595 2396 3292 2598 2808 7966 9224 1819 8330 12379 5531 4834 609 2584 9687 3237 10097 2618 6343 1815 2612 2484 3330 8187 745 6142 4460 579 10984 7002 2581 8327 4525 4549 6618 4515 6259 2619 3365 3924 2677 2778 2401 3371 7614 7673 3290 5499 588 3241 10 7931 5374 5044 4318 2631 5034 2398 5729 667 4901 6250 2481 3031 5344 596 26115 5302 7896 5513 7576 677 3347 6956 665 2547 5343 5029 4510 7280 10669 12609 3136 9227 3021 2594 8368 19839 2630 2551 3326 16790 13493 4868 21218 5522 6222 6315 3353 10759 3203 3217 10091 8395 692 2638 4730 1958 5713 4902 12832 26663 12820 9685 3038 17010 83 3472 7889 7689 6632 7914 2611 3267 3496 702 5179 3230
644 16119 3619 19071 17050 16394 15339 19282 14606 16686 14673 22905 20828 2445 15081 17853 6744
645 15241 20004 14263 21066 3533 13744 24113 3673 884 17327 19177 3616 2876 15998 902 750 3030 18059 16188 14717 24400 14609 20910 610
646 2593 6911 3193 13591 4577 11455 28489 9463 3002 10692 13592 4530 22446 9480 4796 5535 4487 5341 13427 21569 4583 9936 3326 5518 13276 28490 3027 8466 4789 2600 8474 3477 4510 7279 2560 665 24552 10387 3304 9885 3316 7598 11513 1970 3920 2674 25678 12964 17463 10392 17120 8475 2975 4398 5179 4598 2653 3239 8755 3347 27677 5612 13510 2606 11725 5407 8463 12842 7694 12322 12496 16776 13917 6534 28421 2689 9538 17638 4574 22416 5366 11840 22081 7019 23700 2627 3008 11712 10763 11453 12972 9550 12963 9543 5343 2589 19087 18011 27876 12248 6613 13960 6630 9547 2483 25842 4733 25783 6615 17649 28491
647 15071 15208 16121 14458 17047 16133 15063 16217 2892 14685 6740 16223 14902 9376 14562 19401 15219 3673 24138 14889 14870 21815 19073 14517 24150 14897 18268 14488 14894 15309
648 12350 2355 1114 8028 5645 1460 1340 1322 1386 10546 1485 2584 8867 4104 7549 6855 1106 1783 1101 1007 7540 8944 7562 7505 1776 999 1170 1870 2290
649 27738 3984 6016 6018 4065 5138 2457 7231 6049 9711 11999 1103 28497 8963 15719 996
650 7757 9210 16695 2662 12519 8048 4663 14681 2082 27054 3701 2007 22347 3412 8021 14956
651 680 548 8592 3342 3193 6728 12 6064 7171 8723 6940 0 4577 666 4169 3953 4323 62 2781 7073 3184 11 1457 4459 24695 2709 663 12847 2699 2651 2519 23510 4846 4299 252
652 21524 10440 758 17731 4373 23023 3579 15349 16691 28524 6746 15035 23004 25761 3591 13425 16891 16722 21814 17063 19184 21789 19073 17258 16504 18111 26753 14747 14606 22254 22385 23556 21974 22440 15022 18787 22678 11872
653 2566 855 603 6823 10 7402 1374 10042 877 2542 19697 4459 3929 81 12 2781
654 10409 8690 615 10411 6189 6325 10403 5174 12302 582 6723 25649 28207 14037 5177 10414 2961 12274 13511 6184 26914 2400 28534 8329 5616 2641 10419
655 6598 12 3945 0 73 614 1813 2598 6962 9791 3342 1287 554 87 9909 875 2966 555 602 7575 16922 2569 11 3135 8687 608 8004 1637
656 1137 12906 1599 651 1159 1221 27247 1562 7078 9608 1560 13130 9770 1559 13582 7041 1544 19711 13122 1207
657 15483 1226 10291 12070 4692 12434 10777 15809 1313 9714 4680 3415 9979 1354 1648 2105 25435 4024 7317 1361
658 1230 917 6462 21445 3708 12593 907 20172 11208 14952 5856 795 1425 1408 1393 21935 925 20410 10311 10473 17865 2120 6521 6947 10467 6478 9010 12532 7159 1177 8040 2216 7749 13092 12084 11906 14171
659 5099 22362 937 21259 13844 18662 20911 25890 3 22654 6527 1903 6410 4103 25391 955 6380 13726 1719 4684 10280 12 6131 1257 1100 3123 20291 1867 5759 8933 777 10644 7216 4042 2370 1901 27431 11534 25638 1993 2 10585 1078 3406 903 17565 12893 10774 6521 10638 1063 1291 1017 14373 7163 4064 3783 7255 5632 12436 2111 11234 4666 988 18154 20808 6401 6386 4184 2097 13724 2781 19018 24762 3990 7135 6584 28120 23217 13472 2439 1776 16495 9846 911 4094 1343 1462 15285 1472 2224 12931 21160 3733 6543 26896 2170 8828 1848 3908 2171 6412 957 18497 11789 8874 7976 26278 7828 3909 7826 1533 1842 9802 1936 17334 4169 7250 6467 27315 2225 14139 7272 15814 6575 10646 10059 1025 13785 3004 4095 13676 17278 5705 10478 6122 672 26649 1835 22290 23603 4032 10469 18580 4058 1994 7119 8853 9754 1798 1904 3408 25896 15566 16695 22581 2016 2375 15552 28543 6787 1850 2216 6145 10812 3781 1744 6396 6547 18278 11243 4060 5064 6121 5956 3124 4230 1085 4164 10427 27135 7515 4678 7301 9747 252 9009 3867 8282 1087 3757 1413 17729 4050 21206 2991 3011 1695 10573 1890 8250 26356 13776 17227 21464 1896 26788 11249 10470 4022 9755 11916 6548 7245 10811 3978 8841 798 4113 11791 12956 19994 6448 28544 8857 21926 11734 17872 1406 10283 12469 22435 11248 12555 6674 18131 23782 13780 1517 11420 3975 6562 5311 10845
660 7052 1987 943 6768 5296 5675 6840 5050 5719 7977 1100 907 5633 11519 1274 6839 11793 10932 1108
661 12171 10339 12354 5381 2933 1557 3148 1196 20195 17905 17907 7032 14291 531 17774 841 10032 16854 3593 27063 10755 12685 16873 23272 24899 12758 27065 22633 1590 9601 7190 9590 11115 13981 4980 12674 17358 1151 9607 5788 1212 23452 13180 4957
662 28241 22113 5044 590 19791 893 2528 3950 11844 10307 25405 20302 7897 2652 25384 26419 19812 13167 7290 6644 17607 21886 23471 11606 17879 6363 17706
663 18386 10641 10643 13251 19420 6947 12058 8072 8570 5647 2065 3414 1436 2092 784 8951 26044 4102 27318 28570 13363 1704 4696 28571
664 4673 6661 1420 1639 925 1712 3414 14333 2145 1940 672 5330 13838 1283 4072 1000 26050 6397 1699 2276 913 1344 7999 9697 1451 792 6773 21628 15275 5879 7052 11906 1030 5131 5672 3519 4062 8075 11734 5062 7565 10126 910 1795 5017 2105 1342 1917 8909 14369 6425 1023 987
665 899 1038 5104 8662 1182 991 7494 1280 1027 1475 9949 1312 787 1097 1855 1037 2438 5640 8908 1101 9043 3823 8194 3442 1299 2457 1837 5650 3125 928 8934 982 911
666 9061 195 4407 11491 231 16200 11483 19212 19500 15282 106 107 414 336 99 201 4335 13136 5426 13869 8772 222 5431 5437 8768 8678 5477 4432 13864 4409 295 15122 11310 11279 149 269 15395 147 267 20342 132 262 5410 251 96 19616 2721 13884 19505 234 194 5478 371 17888 252 143 10946 229 254 5414 397 24 193 15393 26078 11277 26464 109
667 15167 16502 2920 6741 6746 10454 17063 26190 24295 25131 3641 24448 28628 24527 28629 27214 24493
668 1819 10691 3346 13001 5344 13003 11188 5236 7927 10837 22747 11463 25873 25041 25482 11820 21402 27755 11831 4907 4829
669 5044 2489 1373 1967 1815 582 2860 567 675 677 7309 5204 1821 6732 3344 1376 678 12 615 1637
670 6325 5279 10372 10410 5175 23393 19089 25908 615 6243 2500 10418 28016 10406 28277 28630 28534 20132 7155 16793 744 13438 23392 7604 2694 16273 7862 19091 5709 10070 18248 79 7600 10420 3243 6956 5364 1815 7006 5363 7579 8329 3324 10421 19846 25562 2648 28631 3489 3301 12277 6173 10424 3263 4582 13499 1817 5353 5171 18370 4900 6665 590 6765 17597 899 4742 5188 3002 3028 10412 18379 5173 5176 21952 1382 5350 2797 23286 10669 25737 7685 12285 8689 28015 5170 2860 6948 12294 1373 1370 5177 6182 5368 6814 4632 8470 8364 19843 21955 7090 6257 5197 2535 3264 2489 3348 7567 2613 8735 2586 2798 13648 9197 2708 5067 18263 3027 23766 13432 7284 26187 13078 15873 7694 2607 7803 19535 28398 13801 4042 6872 3824 1899 4462 11793 27698 12923 7118 4996 4263 10911 9926 4113 13351 3803 6589 8444 4463 5996 5671 5138 3052 6019 3520 20823 11209 12624 8934 12892
671 19289 2549 660 586 6953 3818 10003 2506 8468 6506 7694 3394 26366 2584 6609 7055 4547 22225 26822
672 6892 11765 464 15387 857 520 12167 4311 519 4319 9086 11085 9149 1130 17142 4726 9165 25972 9390 9388
673 319 5084 11307 33 4421 297 352 211 209 4416 8778 13149 7387 230 336 11032 19984 19452 322 190 43 8769 11196 5480 7386 160 18724 8779 194 13480 7343 5409 299 27718 11319 13875 20142 42 19341 4414 15840 11318 246 240 13862 386 11647 8781 15611 9052 8783 408 171 23 13594 5492 5419 7389 186 139 406 387 4406
674 19032 10024 20069 28662 14416 20471 2910 20795 26173 11867 20610 28501 18641 23250 27094 21814 1637 2979
675 3094 2366 7752 11644 21234 8646 8641 4040 5271 12615 13329 7639 21549 18433 13338 9037 8709 10915 6888 2131 3011
676 28663 14737 19350 14855 14875 14894 18697 14517 16881 15184 14503 3612 6762 19071 18103 16370 18799 26783 14458 22388 3574 17105 17354 18788 18268 15066 28664 16610 23749 14077
677 12258 14707 15045 8815 19391 9644 17919 18066 10454 18570 22841 14470 15348 771 19523 12366 13119 19078 9376 20078 14259 22844 24943 5771 750 3657 15093 15053 4390 25221 14528 21239 3582
678 3065 9644 16703 12260 6759 24197 9323 19396 15012 22025 14600 14451 22103 758 14478 608 687 10290 21964 603 6752 8813 7303 17033 8711 6745 20790 2906 3552 18739 20271 19936 22836 14939 15206 20068 2879 15126 14752 18713 10066 15137 4370 4377 14399 3646 19458 3589 13464 4803 21797 18695 14935 18559 16115 20799 630 1817 563 3198 704 2489 1535 755 1504 18556 17342 712 3063 18290 9657 14921 14511 20772 14520 2913 2443 10321 23553 21096 4126 16520 14400 2396 2528 4368 18960 15099 14396 9378 22255 12928 19937 18963 13456 6243 28681 19392 20776 17051 17058 20791 17102 19404 10436 16712 15301 14865 17254 24082 14846 19074 18712 3630 21803 18102 20651 17504 19393 15183 21101 14748 24143 24144 16641 15039 22837 24161 19277 17048 15254 17063 19155 25213 23966 14726 16126 16655 3282 16748 3647 14728 3651 16652 18630 14283 24072 7357 5203 615 3188 5030 22854 19409 6642 16872 10025 3602 2918 750 24146 16072 15024 18602 22914 7691 19227 21200 14741 678 2564 14409 17523 11872 23507 3669 3627 5771 15003 15084 19388 3559 18573 27012 14683 24138 19410 9936 14882 12919 15209 6706 6762 21317 14645 20792 18778 24190 22040 16017 16656 16991 5776 28682 6704 14892 19275 4390 16644 3598 16687 21412 28683 23834 11601 23440 6750 17053 12926 23287 20783 28684 18675 2886 21009 22860 16128 24105 22907 3569 16110 28685 17759 3605 21826 17732 20785 14897 22033 17044 17042 27645 17536 23837 25005 21547 24238 9308 17181 24239 15142 15042 14532 3549 17855 26794 23422 18152 27282 22701 25354 17326 3612 25343 26191 21804 16690 3674 20777 21015 26254 20880 22054 20889 14467 15179 24294 564 16643 3140 24116 18033 18574 15195 17853 8118 12924 22254 14502 19076 3539 18068 16642 14905 21764 3545 3540 14671 24289 20286 14494 14735 25755 20831 16440 19297 14384 20223 19924 24087 20786 3532 14675 17060 24324 4380 20148 19286 25315 23531 19292 13454 18274 12938 13452 14672 14489 13462 17089 3585 21084 17532 20827 24315 18812 24314 17092 14647 21293 17861 15097 17002 19930 28686 17545 28687 24319 5774 4397 14916 28456 24350 24351 14094 15211 11874 22122 16225 14895 19062 26423 9794 28688 23950 25750 21074 16123 16439 28689 12920 6737 25758 18806 24520 16393 27747 24200 19036 23424 24413 19397 17498 23035 25047 18271 15321 16705 14591 13739 22258 20606 15090 20613 16921 17244 28690 21320 24358 16677 26061 12925 19188 14443 28691 23017 9795 25710 17184 3531 14906 23127 20605 25104 14874 22434 14463 20697 28692 27276 28693 14664 23439 14561 25348 24069 17500 24481 28694 2889 15051 17750 28231 22177 20089 17538 13154 20773 28695 23251 14527 23026 28238 14701 17320 25153 14914 556 28696 23901 20053 28697 25350 28698 24425 14733 27243 19194 3677 10440 20784 22273 28699 4375 17203 28700 28647 24935 14432 27486 28235 19195 25700 22811 28701 21046 16996 27110
679 7224 11440 4830 2579 5029 28702 28703 11746 9109 11024 4495 11838 4926 28704 4515 8577 9469 7898 20391 7913 9882 8217 8476
680 3055 3805 1991 10278 14811 1730 5650 11253 2099 15292 3812 15390 3053 5290 18135 8146 1719 1264 1974 1694 5856 2358 1813 3126 15823 4122 580 3337 717 7169 11268 1675 1253 7981 6916 10873 2133 9013 11857 7760 7481 12626 20159 7826 5857 2207 15684 17567 5864 3166 6359 1647 1468 1112 2112 7749 11260 3057 1858 1616 3162 4036 10517 8167 1943 3095 6130 1942 2106 16594 1714 10925 2985 6818 1438 22429 1623 1825 11674 8626 2013 10985 9243 7294 2136 1280 1936 5328 9827 17266 7996 3815 2056 18609 3164 2953 10703 1342 2096 2390 11182 2993 10323 10478 6835 3809 1268 1769 1917 9341 1011 5326 14371 2157 1181 18003 18229 9435 1899 18122 2166 9005 3779 9752 4909 853 7746 566 1789 2790 1377 5506 1637 6449 2895 5582 3079 9947 20634 5287 21624 7977 11181 2115 8870 28711 21363 6046 5699 1333 2378 9931 1810 5918 8295 5972 1823 1792 1733 2024 27744 10804 1296 1682 5017 7745 1886 4652 3098 8651 2172 3842 4234 4665 1775 1538 1618 1820 2284 1738 2255 3909 1641 9244 3835 11184 2026 1831 2080 21464 11254 791 1874 12130 11240 18433 6777 12163 5669 4238 10009 4262 12507 1659 12446 10787 7048 5563 1648 10357 987 3832 7110 3824 1678 1462 21687 3826 2244 1975 6573 3766 1966 4281 2047 2439 2001 2992 4231 1061 2868 27218 11793 977 1102 18020 10650 21031 1226 912 7526 5262 4650 928 2457 2108 8719 2363 11249 8974 5681 2370 7499 8907 1028 1828 10489 26126 3807 13297 20393 6103 2201 18156 5932 15920 6857 3792 10471 2009 1701 1520 2297 5939 1670 10594 5285 11540 11926 6512 905 4997 1625 2299 28712 22474 23727 1892 7543 28713 978 999 4704 2431 13555 22760 8986 12538 792 22430 1749 3703 5329 8051 1903 6492 1731 12466 6780 7666 10345 5316 8972 1959 1312 3851 920 8048 7122 8593 10588 22581 12621 678 16331 4169 1481 1809 14955 9253 22466 1465 2221 1806 18658 903 9662 2365 3431 2011 12213 2355 8075 6122 2120 904 9943 2055 4178 5947 10557 1610 1115 5612 12140 10839 12839 3264 5657 79 5352 6155 955 1652 1925 27185 1116 3092 1622 11734 8956 10915 923 12557 12471 8977 4022 15555 2230 7108 10462 1658 28714 3439 5569 1038 982 4277 952 2128 9245 1867 23169 1835 11051 2325 4143 2323 10814 1361 2250 25690 12489 3090 18406 28715 21639 6385 5914 1639 1859
681 2558 678 624 2533 2689 666 9899 2686 72 369 246 20330 336 2466 560 2696 2978 2687 2547 686 8537 2489
682 1648 5050 1657 12200 9659 5291 7560 1517 1800 8927 1886 11720 3944 1845 3837 2958 4667 1470 10471 8148 13409
683 18165 668 630 1821 5044 1815 4123 9227 654 1535 2778 615 2649 2476 14806 1375 10069 3959 6091 675 1365 2709 4207 603 4710 5658 1967 607 1381 2478 4911
684 1080 1938 1248 19377 10349 4007 8976 12352 1648 6862 1333 972 10596 13321 6546 9946 1874 10027 788 5672 4143 8788 1485 1663 1989 9024 1794 2079 1799 8128 10681 16813 4149 2314 925 1465 10924 1078 5017 11678 1987 17796 11251 1466 672 1318 20232 15285 1299
685 5374 5711 3203 3215 3304 4598 686 3295 7958 699 892 667 26083 3471 679 10386 18005 3347 27149 10373 15950 6645 4602 3490 2778 6958 5494 8376 2674 2805 3365 13928 25009 2532 13929 8665 11702
686 3322 2552 2530 3213 2612 7570 18990 7332 3312 17697 3346 15325 4820 10098 735 9530
687 372 208 19484 11649 5472 15366 19984 420 15370 15800 269 15361 20139 5088 9052 294 398 378 403 310 23056 11313 17005 13594 26944 352 13601 23314 412 19448 21364 131 19476 5476 429 17789 2730 4348 23071 366 5440 414
688 272 143 321 14186 5410 5424 2740 414 94 202 208 108 4409 22864 319 19487 19219 19621 218 19 4407 4216 255 14033 17194 362 146 92 301 14027 8781 26947 26109 19988 15840 358
689 12387 5036 6228 6257 2564 2895 5658 6090 675 6694 17329 6313 65 5657 26138 6316 9869 20391 4546 12995 7634 4731 6262 4128 4525 13930 17927 24557 8214
690 20468 16227 24012 14607 14365 20877 21481 18692 23982 20381 24112 15145 18925 26986 14507 24140 20002 21083 24064 24014 18810 22852 17514 28881 20733 18713 16128 17918 25395 28882 24000 3140 14714
691 1101 12154 5053 1663 13391 1315 17333 2228 7511 917 908 8039 13277 6877 4272 24546 5986 15760 10326 2191 13797 1916 5009
692 1614 22509 16844 12710 2849 1591 12912 12786 12732 14319 9768 25627 23753 28595 11545 11551 7721 20211 11940
693 2901 3628 3636 3639 12 2053 7249 19937 15041 16062 19944 252 7711 22136 4209 21356 3552 21526 20697 23942 19076 3536 24200 22927 6968 16632 24334 3555 6738 750 15565
694 3005 779 2324 1975 6429 28912 959 2120 28913 1735 28914 22468 2362 8841 5836 1248 10888 13382 1810 1051 2341 3832 21303 26439 8081 26713 8075 927 22759 928 5013 8968 933 2365 778 13277 28915 26417 2305 6518 22395 5076 3399 1104
695 972 1106 1282 6579 1101 1307 27221 1290 1110 20232 1231 1361 1648 912 1359 1350 3016 7138 8869 12462 14114 9883 12466
696 559 7565 4031 3986 12199 5106 5005 1783 3092 1397 1038 912 931 1953 1790 1412 1706 21896 787 2992 4023
697 5738 3 10151 20962 11162 14226 28154 10194 5765 2926 4331 650 14232 9289 643 14221 18885 9264 28962 14213 2407 10336 2404
698 9461 3461 4796 2653 10302 3463 4555 11059 17109 3479 12495 2399 6343 25860 7055 7208 9868 10090 8746 3460 15471 10945
699 4958 4947 16434 840 1575 1162 13128 7190 1137 850 9607 7771 19949 12807 12915 537
700 6733 6741 14298 21976 14685 18101 18336 21158 19395 16998 14550 24965 15988 20781 17769 10446 16859 16979 20588 15063 7401 16394 17499 20796
701 28035 16912 12834 9892 3743 26680 5212 25466 11707 9880 676 6802 3738 11449 8466 2712
702 4147 3907 789 2451 942 1848 2004 1504 3084 909 10496 2657 911 1701 12468 4111 8015
703 26575 28828 29015 25618 9331 5520 29016 15899 18521 29017 18943 15894 17085 22958 13029 13036 7688
704 18166 2900 12919 16464 18700 4380 17734 2897 14896 13738 16605 3569 14540 18145 16850 6748 6759 24106 14535 14546 16123 4369 15340 3594 6736 14644 6757 17518 16133 16324 12267 19397 21104 14721 15079 16859 3528 3674 3543 15219 16517 18041 3140 25223 6760 21419 9324 7018 20146 19271 13155 15014 25749 25412 16599 14089 23921 19877 14719 14259 20792 19396 14935 6762 26158 610 14441 3623 16126 20624 14413 14394 21156 15025 18070 774 14405 26571 22619 10025 18059 20297 14496 18573 14970 759 15206 14690 14492 3612 16056 21077 9376 17243 18555 14699 15022 16392 20558 21698 26995 14649 17045 20779 13744 18783 16650 8711 20800 4386 23518 3145 678 3530 6744 11398 12415 65 14936 25997 755 889 2396 555 2548 21847 22913 14447 4801 20607 25216 17258 22623 17538 24420 18112 2901 18770 4315 18575 14519 23099 2898 3610 22017 25133
705 3839 15714 29032 2279 1176 5017 797 3405 5026 4116 14376 12438 7166 3861 22751 1787 7253 809 4107 7241 4033 6833 1057 7119 28544 25393 1848 22393 7808 2106
706 1813 0 9936 5044 1367 6090 554 3 9 7104 907 8034 5075 788 1539 8250
707 630 78 3292 3187 5663 7716 2517 2486 2966 1817 11666 2566 6151 62 7923 1367 26225 6989 12216 27364
708 10498 1631 1170 1356 2987 13572 1181 1284 21027 7999 10616 6857 29062 16494 7539 786 18581 28660 13555 11906 12213 798 9209 16490 11897 25931
709 7142 9472 9192 968 8188 1717 3519 1250 907 1598 15593 3398 7225 3346 3819 9461 3196 555 10860 4904 8007 4589 10034 13588 566 596 741 9845 4463 5576 2426 780 7166 929 7161 11267 999 3905 11793 2390 977 939 3986 972 3404 4462 15107 3813 3416 10939 5672 5842 8619 2121 8232
710 11115 24924 4331 11395 10216 9785 8508 638 5784 5386 3145 17020 16419 10339 5742 5383 524 5829 5787
711 7 2494 11197 628 3506 3326 3344 7631 19860 4602 17700 3493 4914 9566 22088 9515
712 9181 12065 5629 4171 1701 24757 3398 11862 14191 3847 1116 1352 4183 8042 6869 4182 10501 1297 11736 780 6870 13827 1036 6877 3802 8077 3519 3865 18515
713 560 3929 2649 7226 2605 608 2537 9852 1813 555 1815 11 4868 3196 2533 601 4869 665 741 12187 4576 2500 550
714 19949 1573 1595 19947 20427 9590 1545 11754 536 5769 1581 9613 23452 20824 19959 2835 19711 20190 9624 12794 1221 9621 1575 12790 16481 29088 29089 9623 16414 9609 1205
715 1006 10495 557 9756 12072 7661 10859 1899 4695 9713 1099 17207 13827 1318 10486 4281 4055
716 16623 14735 23290 20800 14438 24101 18742 18931 18719 15165 14748 15127 14543 16753 27488 14702 3542 24154 21451 15316 18759 14093 16381 26571 13742 15049 14692 12921 14937 26160 18035 10025 17016 2883 17041 15190 17052 3574 6736 15093 16384 14673 19402 3140 774 22007 758 22909 21646 15251 14674 15226 3533 10436 16712 772 4386 3606 10443 14458 15334 15054 21198 17509 16134 28683 23084 20910 18285 15259 15162 14935 771 13144 24066 15213 18696 19069 24933 6753 23508 16987 14283 9323 14914 15080 20878 14710 11872 20377 7398 17063 20664 14563 13460 3543 16380 3592 21726 17861 18642 18168 3602 767 18773 2875 16699 20831 27351 3598 22860 19405 15219 18713 25802 14489 3674 14492 2442 22625 14495 23829 19404 15105 20373 9378 23844 18783 16385 20881 14537 14848 3610 19411 14488 20366 14664 14915 17092 20274 12366 14855 3571 4640 770 16718 2897 14799 3620 6762 14486 5771 16192 29092 20123 3624 17258 761 769 17059 14884 7401 12417 22905 14851 6740 14882 15207 18740 18449 23842 16651 20250 15098 2901 757 15037 19396 18570 15044 17523 27528 18700 24289 17245 16465 16439 26989 12267 14846 25807 2888 28687 24057 10440 18287 2443 22933 22373 17545 15021 15060 16684 17049 15265 23852 16655 16677 14474 18099 24103 18709 14541 22121 14494 26182 25602 24600 18697 18289 21977 13743 20271 4389 20697 15081 16611 12258 6757 29093 24294 9763 27828 21413 14432 7396 4380 6642 17002 15317 27486 21021 23005 24333
717 1113 6358 916 1848 8159 1101 3964 1008 1465 2452 5404 4466 5684 4791 8906 10565
718 2584 18165 712 9936 2503 6619 73 3185 2472 4944 17813 2966 19179 4454 10618 29094
719 150 270 167 11309 101 7347 262 11196 139 15529 4477 15278 15282 4913 215 2743
720 586 702 1534 555 1815 2542 899 12961 2592 4783 87 665 594 2649 3920 679 1375 7476 2651 9992 889 4602 607 6098 3945 7952 3893 2532 19574 4458 12968 16312 9661 5009 919 921 10133 10674
721 7711 7389 4478 14022 20134 5084 13239 15526 13876 188 315 13477 23378 13479 11368 230 13312 9051 29116 11890
722 10858 5315 1175 5162 1539 1454 2438 984 10279 787 15108 11789 7994 4685 2099 8089 1101 4023 3092 2453 9712 15799 1171 1345 5075 11862
723 16410 9607 1553 7039 1590 12726 9787 14303 14293 12679 1137 1589 12775 7078 19947 13174 1546 4994 1600 4980 14306 1609 12707 10610 1562 19965 14307 8606 12684 7730 11611 1567 19956 12683 13122 24563
724 4514 8596 4561 3298 675 1383 1559 2833 4980 1596 6526 12600 837 1607 4580 15106
725 18 321 190 8778 8775 11486 11318 5489 257 5092 28218 5453 18729 13598 13149 11651
726 1113 8963 21438 22974 2110 19683 21658 10555 10899 8068 8012 22976 5025 675 3189 16596
727 20533 17306 12090 12097 22642 9295 21435 17309 18977 28742 1573 5381 12753 12109 5786 9130
728 2295 20669 1517 13723 938 5295 7505 3965 4587 1781 6595 1256 1009 5278 6770 17777 8123 1997 1659 15292
729 1281 2572 2440 1775 1008 6862 1335 1311 16494 5871 11224 1663 5879 1269 4273 2191 12598 22575 11216 23473 1097
730 1114 12 558 2480 907 7565 1313 1783 8248 6 2440 1007 15588 26539 29169 27528 19325 23148 21190 24936 29170 27521 3602 20517 15639 21180 6968 15638 28019 14736 767 26060 17520 29171
731 7897 735 6250 6223 660 3950 2796 6251 2805 4734 3017 9516 11831 9121 13005 16146 10056 26773 13065
732 9731 12580 6883 11031 11359 17217 1008 10474 12026 6011 1473 10831 6063 13989 2107 19689 7129 16328 2250 1943 1854 26332 13657 19344 6858 15555 7108 1775
733 15197 16395 20069 20071 17408 16465 16057 14682 15350 22011 14520 16605 24112 15035 20075 27202 14935 15072 16191 24740 18745 22051 14859 16393 28499 18700 22021 29177 21471 29178 27694 23268 25965 15158 18036 24363 29179 21479 15185 5776 14083 16521 29180
734 21708 15371 15368 19470 9700 301 9818 376 124 19452 21356 19666 303 225 20486 5465 208 13313 2724 26805 318 23218
735 863 4847 9160 522 501 500 460 513 865 463 490 7327 4440 6890 27627 11013 11014 13631 4291 464 23409 6697 503
736 2755 9106 5435 15612 19445 9404 11298 18595 28218 236 29197 320 88 194 450 2735 26581 8819 15362 288 15800
737 3225 22786 6800 13184 2642 7878 2703 8458 25299 3378 17646 2564 22239 22707 27894 3460 7905 12049 10232 23866 13003 4638
738 12501 3348 3226 6806 17118 2675 7801 8497 25746 11197 22577 20316 4502 7054 17463 10302 9499 3751 12397 8732 11624 20955 7623 4530
739 15238 21157 9764 20551 16505 4371 21774 25814 14732 2898 25800 7401 9763 14674 6741 29207 22914 26173 23651 23538 22801 24858 20564 24198 19399 14365 19408 4373
740 7524 1312 1226 1484 1284 1112 3851 1117 1026 5882 1110 10486 1280 5879 8976 1236 21633 1302 1358 938 3734 5914 10525 5989 14113 4281 1241 14144
741 0 1364 2466 546 1376 3970 550 704 68 607 2649 2558 2566 604 1383 14 2458 3893 665 11190 2542 1817 2536
742 9463 3470 854 3306 3269 6158 1813 22709 10037 10060 5231 3029 5733 4618 9915 8348 11386 3448 7900 25650 7224 3197 2689 13192 7869 10762 731 6325 8497 18373 12242 4929 3207 7070 4488 10691 11191 4495 14655 3301 13429 5590 3746 3189 19807 3481 15504 20131 28045 2503 7202 8365 9454 3311 580 1746 5834 28185 8338 11841 676 12180 6785 2459 6727 13638 2627 2794 13151 8463 7199 8440 5234 16291 6624 6725 2695 7819 9514 19778 8466 19793 4401 2648 1529 17581 13438 6955 6619 2656 2538 15443 13593 6597 16269 3886 19004 7071 3223 3297 3469 4525 17082 19798 26821 4798
743 1542 2827 10714 13174 16437 1555 1545 22735 1567 1159 1563 1546 13131 1594 9767 837 7086 10745 1570 10741 18731 5398 1584 1189 10023 13122 838 8607 1541 1609 1553 7723 2857 14303 1191 9598 12737 1601 9431 14292 12745 1581 844 12726 1559 14293 12758 12773 13127 11611 10755 12089 19959 8791 12684 1573 14285 20445 12757 14314 20050 4987 1590 1205 7770 12653 1544 1586 12736 14312 1201 9591 16431 14308 11410 525 16478 1603 1207 1556 10740 10732 14319 24563 14306 14302 13175 12911 9786 10748 23243 16451 23643 7080 19965 20304 24901 16450 14324 12713 16846 20452 12753 13177 12756 20201 29244 10753
744 8413 19743 4539 12275 2601 6170 14159 2643 7900 3448 2637 3387 27705 7289 3470 702 16276 678 6537 13191 3395 9338 3741 11589 29266 5596 6265 13637 7059 23088 1527 16969 6948 11802 7872 22597 20009 28209 660 20127 4547 4917 4556 5723 7819 14756 580 11668 71 5234 8335 2484 4582 13593 11742 3209 3388 1752 16298 704 78 11440 4615 12 683 2638 4600 8341 10078 26133 11510 16130 14653 19771 22110 5621 5305 1821 19772 6201 28928 2559 3886 666 26580 11066 6727 28414 16893 8348 19008 17161 25364 26521 6540 3344 20010 19778 19788 22300 29074 3740 17435 16786 19805 7697 3497 6343 12500 6299 25368 10076 22664 29267 4394 10862 10100 6268 8339 2653 8477 8476 24961 10230 8458 12034 8398 19775 22349 8382 3324 29268 26461 1367 29269 14167 8349 26821 3472 10695 19763 7800 6094 5731 3742 29073 15825 16269 9495 15886 12821 12818 17707 8475 6331 1504 689 11588 4123 27800 28534 22195 16900 25876 615 20239 24674 12014 29270 65 19526 16767 17082 8437 8345 8763 7927 3744 11583 1972 12326 14806 657 9860 26921 11456 29271 3749 3948 9522 7625 13918 2807 18261 7672 19126 6808 2795 6097 6152 5205 613 21142 5540 20238 20918 26751 19755 19812 27168 16902 12999 18468 8450 15270 8750 8004 14654 7070 8002 12403 7717 17638 13037 10694 29272 4541 12190 29273 3289 28800 10083 688 79 2702 20931 9200 4629 19792 25880 14007 8486 19178 22091 4592 13161 28054 12242 11464 8497 7903 12827 22296 20494 8762 5713 11380 19779 10407 22708 14656 19123 12249 13417 9880 6356 6314 5536 7938 11831 3460 9856 8377 4930 3492 25387 12485 20920 18250
745 11440 28288 3483 5344 19742 4730 12858 6610 6200 658 6692 7335 3753 8474 4509 4486 7070 6809 14758 3324
746 5748 8479 3184 4491 8001 78 9671 4583 686 554 4455 678 22749 6090 710 3957 6110 6164 11782 17812 3139 2594 19828 6088 21861 19831 7357 0 7309 13254 4707 8688 1821 10041 26223 7825 4582 8242 580 27958 1287 11506 18416 7925 21830 6526 665 3348 4638 3972
747 21173 4952 18534 1202 10264 7033 28393 831 15511 12663 17391 2832 15509 16423 20193 20430 11944 10725 10735 11937 8132 11942 25113 16336 16346 11619 12660 4977
748 11600 16860 23482 22849 27215 26472 22639 19325 3068 14260 15187 15202 23035 13273 2364 29293 14432 7397 27045 16105 996 18645 16107 22130 22177 22180 14678 21425 29294 28967 17736 21815 23231 8786 29295
749 8435 3028 3022 3316 18944 14044 3326 2633 11440 4904 26812 16661 4548 2683 3496 5352 5530 13434 3027 7613 3473 9482
750 22673 3910 1622 6771 13229 5250 1517 7125 22279 29301 11879 11352 13344 13384 5679 20115 15600 1874 1876 7505
751 23612 27648 22284 15648 23494 16178 13748 23608 16164 27408 21799 19250 17434 22898 21808 17411 23611 22528 15664 19251 15855 16180 16171 19321 15857 14080 16155 15773 15650 17433 20695 29111 23136 16154 17425 17450 15849 15853 15653 19246 27196 17428
752 1324 944 5017 1048 1734 6021 3905 7654 9842 6507 10558 13777 6426 972 13837 8093 26482 1181 16489 8650 7666 6588 1700 1333 6937 8182 9003 5068
753 5502 29098 15019 15289 11805 20883 23250 10444 19164 11748 2827 29325 11617 10366 7433 7429 10363
754 24960 11622 8579 590 3304 3327 3481 4547 3226 1742 9484 4632 3488 5188 8574 7055 6806 18006 3496 9461 3196 4520 7614 20311 13996 7920 15939 5344 11446 7013 2547 4730 877 7333 3344 7283 7952 6798 2593 13450 15993
755 8376 12241 5526 6481 7604 4124 2608 23261 10370 3373 24776 5533 2630 5359 3816 7892 12400 2790 6282 12384 8356 7697 8405 13525 5366 3300 8737 3466 12978
756 2597 3320 8331 24667 12296 25038 10393 7693 2642 6692 21296 15960 6176 25744 13534 13514 7672 3384 6361 3021 5536 4521 8762 10103 29330 2620 2586 8472
757 16655 12920 17001 19824 6963 12938 14512 14544 27204 27694 16059 29338 22789 21967 20069 24856 25804 29339 27202 20072 28501 15207 21972 21203 8817 3547 3541 14863 14856 24075 16054 29340 3544 17032 25709 6706 25342 24934 18921 25750 14875 17002 29341 27824 23850 14455 29318 29342 28167 23426 21320 21503 20384 18036
758 1113 12466 776 9945 3962 20027 15936 13370 10550 26046 29344 11923 13555 8068 29345 14335
759 9176 2504 5186 572 594 24696 6814 25647 10004 13895 16296 17601 3294 678 3367 3196
760 5014 1001 11342 5704 9205 1027 3 982 14070 10474 14258 12070 1475 9702 1345 14049 23871
761 16807 18202 13570 7592 591 18214 911 7909 7580 2554 1622 904 14953 4281 29355 7751 789 13555 10490 1361 8057 18212 17725 5950 13635 3429 14114 27264 691 9987 3703 2980 9209 6022 10794 21378 12466 20944 1924 8663 4178 10915 10630 10928 15926 21116 18209 11051 4259 21639 12625
762 3193 2972 603 2554 6455 1742 2466 2681 1815 2708 7476 10376 11 4868 8797 3027 2500 2966 2527 2458 4454 2644 7019 2968 3348 3492 6152 7890 636 6542 11973 3291 8748 4638 10250 609 7927
763 12886 18840 3147 650 2933 524 7256 638 10209 9238 4331 13223 19360 17935 14571 16962 13622 4179 16960 16548 2876 12932 15628 14493 25581 8017 902 16927 20514 3065 2918 750 3533 17031 18743 20726
764 84 23077 2644 572 8004 2708 2468 13291 661 3819 17231 7020 14755 10839 12989 5030
765 4345 418 19517 2748 23074 23073 246 429 2762 8778 360 2741 345 281 25253 23796
766 11757 482 2823 3168 4722 14087 2497 509 522 4293 519 1128 4852 727 6084 865
767 15631 12932 20516 23898 19149 28443 20847 16087 21376 16935 27793 16950 27570 23315 25581 20279 29376 8019 18117 29377
768 9783 7542 5147 4779 1684 6425 962 15812 24575 1419 17334 3072 9739 9736 1392 11252 17796 4234 1407 1645 6658 1882 10254 1023 1413 1948 1231 1114 5062 903 7219 4703 1347 1775 1753 1776 8931 14048 4139 12446 9242 6019 979 1284 3004 20912 8911 1336 8023 3785 23781 14057 19363 19308 12208
769 5732 7277 6322 2963 7073 7900 4786 3348 3211 4404 3473 3316 3303 4904 3306 596 3367 16287 3486 3472 5197 11381 3219 11838 6170 3503 3294 3002 15741 13984 685 19883 3385 8002 12964 13923 8003 29398 13262 17694 11713 11830 6106 29399 29242
770 15039 3592 4378 14542 3599 17966 18696 12258 14510 18218 17527 18646 3539 13155 26360 12257 16876 22627 2877 9375 14502 16521 18711 2884 15227 15228 16499 23841 26159 23561 20123 24645 6761 26402 14649 15104 15188 23856 18106 12920
771 8930 3094 2942 1888 1468 1176 14279 1619 955 22428 3164 1785 1749 1784 10966 934 1831 12521 8586 5701 4178 29412 7826 3060 2019 1239 3807 1694 1910 1717 1444 6687 3159 4143 29413 9190 11210 6387 3771 6571 10791
772 3480 1740 3312 7446 3034 3347 6701 3205 2653 8458 11055 3272 7213 8399 2652 10093
773 732 29401 11692 2589 8387 6822 4562 3373 2814 24976 4707 8007 2605 4632 6233 8732 26922 14973 3473 2484 3918 8343 1739 2653 19135 5596 26905 3211 3926 20011 27244 8746 15938 9484 16969 19178 4561 9885 29119 9461 6201 9198 29254 9318 12318 4735 25825 19896 6632 7819 10105 3367 6724 3232 4526 5216 9586 5536 1964 4922 14168 8340 8500 17668 1972 565 4937 8003 6766 16923 23089 28938 8002 11442 13172 11816 11820 7479 4551 2702 3327 11457 4916 17702 3448 19899 748 22786 2636 624 10100 22958 26670 4945 13115 16914 24668 29418 11475 10607 609 3751 17331 26384 7572 7073 17332
774 9180 1622 1038 3809 1260 6122 2781 1516 1695 7292 5290 1797 5287 1945 3866 1842 3861 2235 2346 1903 1770 1001 1925 979 1020 25294 1951 8907
775 22195 2589 16274 6210 6660 3222 5362 6686 12279 5342 29245 2645 6685 26147 12272 21255 6632 8426 9109 12336 1286 2584 7715 7684 12189 678 11744 12 14328 8384 5037 15496 8386 4820 6620 13413 18267 7796 28887 2627 3299 4629 6389 735 12307 3217 12312 5196 3365 1529 7902 9674 27010 10372 13025 5234 16761 4394 3301 16296 13285 27830 12405 26343 2793 5341 11708 3272 1790 13411 2608 18247 7916 13016 8371 25452 12316 19856 17697 12014 17582 28817 8373 29265 12371 28827 24699 12978 27589 23701 16782 19852 9329 19132 8400 1819 2797 22205 2814 10288 3273 9855 8208 29280 18329 8489 16189 13003 5242 4828 26926 8163 2632 8406 5729 26916 28933 4636 7228 21882 3231 10608 27089 6256 28875 17580 12319 18251 6318 8365 16773 10094 28368 21854 4817 7683 19024 17605 3336 29017 3373 27171 18249 16764 29428 12281 7629 27682 25742 4621 7155 29429 13448 20478 29400 4871 12962 29430 25739 19849 28894 2578 12848 18988 3329 26340 7803 12302 9113 12959 747 8397 2999 2647 3392 16767 16769 12969 10904 5303 27590 12849 15827 16770 29431 2641 13191 17657 13267 7847 10141 4944 29432 7449 3752 12185 24974 26801 2638
776 5344 19743 2584 3481 2642 11055 9470 9719 14170 5218 3021 19746 3483 12604 12825 4401 7205 6781 16900 4944 4599 19812 8475 586 4562 2644 10306 5595 11585 7057 3738 6334 5214 4600 11443 7065 9500 16306 2638 6177 8734 5199 12847 27621 2805 11454 4530 11440 3500 4542 11066 7625 13444 9198 1284 16662 3310 5508 11700 3472 4492 2577 19760 25656 3362 10231 11705 7925 21300 14656 7927 10505 9199 587 2807 20756 11784 9553 3947 29437 29438
777 782 10873 3850 3833 3840 1181 1020 6729 5892 12942 977 8960 11919 20635 10326 8969 21276 1300 4281 6857 1701 8968 13641 8942 3440 5951 1663
778 15125 3587 18668 3581 12266 14870 3030 14083 16078 16890 17241 18736 16128 25761 6761 17320 14736 14526 14478 18066 14649 22860 11874 23402
779 1541 2830 23272 9602 17774 10726 23273 5384 17905 13131 1153 10023 16579 18179 25764 12758 29463
780 2646 14757 10089 2690 2705 18848 9289 11115 18506 2925 14224 8506 10197 7793 11174 11398 22742 2938 18913 28718 8523 17305 18507 24541 10337 21435 17306 18911 20960 18825 18505 11122 20961 11627 18854 18177 17168 5829 24544 3019
781 5311 6882 23009 2244 12641 5278 10777 5320 1751 3057 1950 19264 9706 23681 10807 18465
782 10827 1022 9008 20171 5905 12949 5672 5851 9746 3518 3835 14952 10464 7231 4056 13552 4235 15675 29480 25898 20809 10873 4696 28095 7809 22502 25891 11789 4267 4281 16694 1407 6001 17374
783 1069 19863 7569 2031 1510 6448 13836 2054 18171 5 29487 2274 1859 7547 26889 12599
784 20490 1822 20802 3002 2620 29491 8373 4137 26927 10286 9117 18257 13046 29436 6166 13500 13002 6633 9468 13432 7227 5173 13541 13529
785 18646 24054 18964 23971 24650 15140 16704 17258 17318 24137 24099 20079 24283 24479 24354 27486 24937 16048 24171 24503 29493 29494 20760
786 7989 12457 10483 1065 2143 26162 24852 908 6877 1101 3851 788 1350 12350 2365 6388 2310 29495 21950 21261 14101 2294 8841 3826
787 3335 7820 2896 717 6236 678 7340 4456 546 664 2538 3754 3956 3135 2486 2517
788 2039 14815 1611 8645 958 5052 6466 2216 12 996 11209 982 1831 16659 7760 10803 7161 17566 11360 11220 5870 8190 1936 4022 1003 8195 911 9214 2363 6678 4281 4012 10782 6514 12636 24756 9712 1835 2366 8993 1168 12470 3866 8445 12062 5882 5067 14071 2096 2323 1952 14069 24831 7833 803 12058 2273 2994 5122 2060 27218 2418 1648 29522 4686 2868 5891 10486 7526 20974 4653 9662 12940 12457 14204 4019 8077 5914 9659 24747
789 280 208 19571 367 336 11486 13137 29524 218 322 297 5482 2764 150 186 215
790 16990 17731 21539 15012 25639 23014 18218 17964 17730 22619 26657 27227 12181 14969 29307 17502 21531 18655 3646 24250 21068 23230 24144 24103 14858 17514 10446 21604 14861 3674 14862 20043 18700 29147 12234 21331 17732 16220 17258 24712 21547 14432 21100 24808
791 14750 14665 25787 23516 22021 16096 21314 14365 19348 17105 23559 18106 26362 20280 20299 14858 18745 20367 14585 10447 20657 16628 14440 16626 22680 572 20017 29525 27960 689 2461 14889 16463 18742 14088 18104 20462 12929 26762 16097 14922 24339 20366 3030 14419 22860 24048 21621 15140 2890 19932 18646 18697 23556 3648 26160 15255 23563 14531 7258 18127 902 21916 20384
792 652 0 551 4713 552 3002 2526 710 2778 6645 22243 22242 6241 10067 3920 587
793 3481 5619 10694 17158 15954 3378 6962 11691 6244 3132 3738 8451 2653 3277 7055 7678 7224 9880 3462 1536 3193 8435 9850 2527 13192 25735 18957 8475 13414 20407 25778 15461 8337 8473 2859 4600 21731 3741 2458 675 1383 1818 7682 11059 5621 4888 1287 25832 17111 665 740 3226 21036 8376 4551 4834 3500 11586 81 27667 9522 20130 15462 17702 892 20312 29526 6558 4928
794 1517 1695 2481 2709 2778 568 555 2651 3956 1967 7532 925 679 2551 654 603
795 1815 712 3069 3198 855 13296 7461 11638 1661 4126 13999 3189 73 3816 5501 61 2860
796 20252 17718 16669 14970 20468 14415 16852 3674 14686 16882 23158 16227 19185 18773 17769 7397
797 20552 20564 15133 11868 29482 19032 20575 16496 11867 10430 18107 10429 18032 25941 14688 22814 14538 17966 24296 29558 22873 28310 29559 24120 26190 15197 16744 28501 29560 26060 27203 26057 18147 21080 17098 15289 26834 17755 26988 17258 18641 24433 20601 14938 21490 29561 22796 20073 28685 25104 29562 20553 28831 28503 10149 29563 23266 22795 16759 19398 24402 23427 15043 22844 24602 18270 19072 20071 24365 28515 29564 21775 26038 24610 23988 16877 20612 20038 20087 14663 20829 8286 4880 16654 29135 6761 22011 29236 23437 29464 27618 20578 29565 27465 22620 29427 28832 18601 16515 3603 24183 16042 11870 21635 20595 20593 17031 27279 24286 16375 25217 29566 14091 10148 10134 29567 17861 18574 12916 20554 29568 17772 20063 18151 29569 25335 24738 21422 26767 26321 21535 29570 21469 14457 24476 22801 29571 26323 29572 26001 16116 17770 17859 28517 21325 28167 29573 29574 26391 22389 20559 28841 23831 26842 20581 29575 20594 28584 26843 26393 20609 28840 29576 29577 29578 27038 29579 14799 16024 19298 29580 16319 29581 29582 27474 29583 29584 14528 23761
798 9739 7974 1699 6656 1762 1684 1846 4764 5258 11677 1468 20668 9737 10874 1225 1695 7557 13715 1651 1633 6502 2079 6637 904 8142 2010 2051 17832 17867 17866 9801 11222 28680 5722 17339 8444 6670 1995 7764 2425 2980 10245 3410 3804 25097 10481 5079 8443 1931 28033 1387 29597
799 16878 23031 3615 21410 14588 18046 18774 14485 10436 15010 11599 6754 3673 20085 15015 3672 14486 14488 15008 14644 3530 26312 15023 15071 18100 17258 14509 23424 15258 20577 28780 6706 20733
800 218 414 108 215 2721 19219 156 2755 11492 295 208 193 15619 4429 5421 201 15360 143 323 196 4407 408 240 217 11308 4363 401 241 10299 124 398 144 344 229 286 9106 244 209 8768 4422 420 15611 270 11309 7386 5478 4433 5422 15366 12356 19434 135 5084 5474 145 19487 4415 16200 9815 19988 21364 13483 443 255 55 319 262 4406 5440 17197 205 222 234 302 384 254 17883 17252 17886 5491 15358 297 126 386 17791 15832 199 15396 15395 19732 450 19474 5419 394 5092 247 18523 11647 19505 4416 19522 5439 15833 4347 29601 267 147 5410 8771 15399 5426 13882 13480 19588 100
801 18424 5603 15646 17445 17479 12828 2600 9332 17462 28101 6642 16172 10089 11585 702 29609 9222 11593 13255
802 5282 2950 3021 7901 731 1742 2390 11587 7519 7104 1749 5523 6572 7913 9413 21624 9860 7614 665 7004 16494 15435 6937 1403 2014 8855 8166
803 22088 1536 13504 9271 7620 21955 14041 892 6192 4900 16270 12313 6808 26929 16832 2609 29622
804 8212 27603 26979 6481 20805 26419 3281 4548 21281 2817 29635 19861 13041 8760 688 26718 15882 4945 9030 27816 16819
805 23479 10867 12716 1212 20445 12713 14325 12907 4964 12754 7770 4946 7086 12089 1599 12707
806 8592 755 62 665 4204 5610 6793 4455 5044 5593 624 6954 83 5403 658 1815 666
807 18001 20617 8444 12510 6717 5264 1333 13053 10933 18171 8986 2457 22313 6767 27229 2212 1427 10900 2228 14330
808 934 939 6450 5892 6009 4267 5199 3701 560 9211 4111 12220 24689 3835 9985 942 10464 20944 4056 5554 4344 25094 9742 7052 15980 5840 1960 5928 1959 18209 13635 10566 14953 5972 7979 5135 20978 24849 3527 13202 22280 18203 3886 10892 28214 19027 29643 1333 1342 9662 8557 5936 3837 26640 27349 807 1321 4182 3983 4088 12443 5974 14198 1434 27076 7314 1250 6877 1482 4040 7162 14149 20982 9345
809 1517 17355 927 5266 4162 10679 14278 10240 10237 7760 8175 8147 814 7788 7837 7752 2942 7292 3049 8445 9820 6772 18179 2425 1622 6936 21377 1848 8182 2072
810 2780 7135 12 1725 1835 5011 1260 10570 2869 28124 9983 8878 4809 623 12280 83 8470 4394 3324 7211 16490 8929 12950
811 765 14503 17540 20297 2447 19400 14441 14381 17964 6750 26399 15259 14519 23426 17258 20656 28374
812 14304 16344 25077 2857 14356 12780 29655 12691 23644 27862 1212 29535 1214 29656 29657 29658
813 19687 11570 1618 5249 1874 15602 3011 5250 4079 5270 1885 1892 3088 3689 13839 6584 1694 1628 1846 23793 1521 2039 921 8647 1947 2003 1945 2138 21207 6717 5278 13407 4093 10475 2366 6767 2291 1843 2285 12543 22879 1654 20672 10058 11795 1469 26721 1838 2066 10016 25089 1719 1649
814 8512 17802 5795 23778 6036 5779 18506 21432 5787 11119 5807 21435 14275 14223 9132 8260 12361 5766 7195 18505 17167 7474 8271 17303 23350 9785 6035 5799 10183 14241 7188 14274 21987 17170 12122 11113 22558 14232 5785 5828 29661 675 12109 8609 18907 25884 18905 19817 8792 5767 9127 18182 19814 21838 28008 11124 18861 11406 26412 11116 26414 9261 11139 5783 29662 11114 18828 6041 27371 3198 10839 1637 20962 12105 4607 9264 27585 29663 18501 11109 12342 5763 12110 26411 3145 22645 29664 16213 19819 10197 25083 23544 28522 4606 19509 28948 29665 29666 5755 21111 5781 25376 28726 27099 9290 12886 11174 27942 5391 18857 29667 7180 5762 20106 29668 5808 5761 21736 7794 18983 9124 7187 28759 29669
815 3338 702 5344 3467 3237 4404 814 5712 6315 4550 8213 7709 7949 8401 15465 7276 17703 4942 18953
816 8925 8430 27577 13555 6441 7641 3766 16814 7272 10560 13777 4032 17721 8057 8045 4178 10653 911 1039 1711 17722 8039 8220 3522 1049 7663 4474 1065 4222 10488 2122 4772 912 8664
817 7556 14602 16755 16748 21412 19334 19428 7563 7052 5931 8619 2452 3964 972 2457 23959 24125 15291 1008 4267 1517 1463 5852 1333 1002 5893 13354 10630 1114 12580 15593 23886 982 14112 8972 1097 2649 2860
818 14056 22828 15114 14047 22832 10107 22068 7239 28340 9997 10910 27430 3969 4688 23174 2136 13113 14053 23790 10504 13101 14067 22067 22147 19865 11328 10891 5566 4156 22149 20618 21587 14831 5972 2679 14256 5841 29675 27455 20988
819 8592 3189 1383 4200 4137 1967 2651 2674 889 2477 2573 878 18169 22629 24612 18713 11192 16500 21621 4804
820 855 12826 712 1661 6367 8151 632 5216 5188 11056 3362 3925 2533 17080 9865 14829
821 6772 5719 2950 1517 7758 18400 5299 10825 2996 3832 24688 904 3771 11572 2983 29107 10931 8586 1333
822 9814 9816 4209 376 235 8697 5479 21356 5473 15280 19985 19733 9818 15391 318 15279 222 327 177 13875 21708
823 2584 5499 3325 2586 13431 6328 5350 3245 4538 6803 9481 25915 4398 3303 2787 8673 29246 7617 9530 10605
824 3245 3348 2703 4119 3327 3316 9885 6803 2605 4520 892 11446 3355 4638 2778 3295 3272 4580 7627
825 10432 14847 21550 16869 3638 2533 4708 6737 23502 24166 19069 28233 20243 3686 24445 21559 29719 16063 21560 29720 25049 29721 22906 29722
826 1615 1284 2216 918 2314 1432 4115 5125 1038 928 6419 5026 5108 3822 7240 8065 3 1465 1475 4770 13836
827 10710 995 2196 10774 1462 1859 14767 17284 8960 1707 3527 11913 17724 8031 13790 5836 1775 10506 8108 1959 4484 2228 8094 6514 3963
828 6575 1463 1775 21950 26215 1958 2560 10660 4871 6374 13012 4907 28244 29311 3325 12398 24734 28407 22992 21281 8498 29728 6181 17300 19181 13998
829 230 13149 4477 126 11884 270 119 211 9053 11194 9058 15620 143 5092 11284 414 15474 13480 7390 5458 8782 4215 186 7711 15835 21946 319 21910 9 365 178 252 285 389 4208 255 11309 4412 147 11301 26803 19471 355 19342 19340 296 267 13309 11308 7385 8773 5479 271 4478 2724 297 4358 2756 4418 13136 5439 2735 9405 229 141 384 258 5416 4429 15379 20138 4433 103 9104 282 125 203 136 199 2729 5482 5475 217 386 183 150 280 15396 15391 15475 8776 11032 277 11276 167 367 408 13877 339 215 156 425 340 361 208 300 272 15282 303 17883 113 184 209 11313 382 190 20949 2736 5084 4406 341 264 5440 127 8700 290 13484 18 19476 243 2721 27 16830 378 2719 4216 225 4217 102 13315 357 17003 13311 135 8678 13872 8778 299 19443 38 323 279 5436 322 5468 21365 19987 14034 15281 11299 362 29729 373 394 7389 2767 19435 5473 11371 25271 26804 15280 11300 246 13240 19595 8775 19988 23069 4481 5483 421 321 15836 27424 7346 26014 13310 21948 165 124 301 5408 5442 244 15840 27927 352 187 19733 224 391 7386 15378 47 9105 19455 363 13483 458 170 4363 21356 110 15279 14030 15377 192 17253 33 19592 19473 4209 457 19311 261 13599 327 23691 11293 336 359 231 291 401 368 305 19623 20698 245 7264 28176 356 8769 8695 5467 19482 5412 241 210 310 15385 5437 13866 262 22968 5456 16279 17789 20301 149 4437 139 406 2726 132 19655 13485 9052 21002 19436 14033 4409 8779 23314 5443 19477 15121 385 4913 58 398 17795 16280 9814 25119 21371 4413 96 399 194 5409 5485 25270 17250 4213 15373 22519 26007 7343 24 295 15382 16203 21911 19985 15384 18728 13557 369 5426 387 419 11891 8701 409 57 11302
830 16317 3623 23910 23933 18692 4375 15126 23233 3633 9375 20909 16126 19063 14664 15262 22060 19065 18784 24927 23487 17027 14620 17545 13423 22629 28848 24101 18035 11874 15158 28820 22056 27274 28524 11600 19880 22943 23158 27819 16964 27545 23654
831 3002 2602 9872 7224 636 609 3294 3303 3474 7168 10422 5171 3226 12390 601 3196 26336 10229 2513 19838 7278 20802 10764 2784 10421 21600 9485 14328 6284 5173 15326 13501 6911 12480 3264 18370 22686 14008 2707 677 2858 3479 5513 3500 6208 620 5305 9116 892 12391 11452 13984 3331 10693 13892 7590 11447 2627 6225 4547 2797 8341 18254 6286 20754 11392 19846 7600 6173 9487 2565 7888 11382 3738 3886 705 19750 19783
832 2649 8738 2656 679 2644 2533 7532 3135 3754 2531 2778 9852 2461 2684 6153 660 687 566 9482
833 319 4412 156 17883 13315 18 15404 5471 299 36 5445 341 126 5479 27964 108 11194 264 5442 254 5469 15278
834 19198 11302 5475 5473 23377 5483 223 358 10948 124 11290 8779 4477 28533 4365 9404 28519 215
835 19325 19392 16542 15191 17044 15072 1151 24055 16115 16513 14606 17181 12182 17056 22158 17022 750 15085
836 624 4394 8765 4129 13900 29806 7066 892 8365 13150 6332 2641 10984 3025 10232 27753 6633 12390 3347 3021 12046 11705 15901 25563 9273 3375 22081 13263 5356 3346 3289 26930 13502 1958 13522 5614 9550 7154 6180 682 9524 3383 4638 7693 4508 7715 26667 7682 19560 6290 2643 18480 4876 4942 10370 29807 2812 13533 6959 9574 25780 665 19133 22096 11453 1816 14169 19050 2605 5306 7951 25465 8748 10764 25482 13060 18947 4943 15899 8331 18472 6098 29808 12846
837 8985 1538 13564 9693 1223 12890 8051 1008 1115 912 1622 24514 8663 4049 4469 1899 6008 11051 5885
838 667 3017 9482 7303 2797 3949 8395 13519 6222 17710 660 7886 16537 1382 3069 735 14658 7825
839 5767 16234 2412 8274 5755 15578 8521 5391 17345 1160 7718 12656 540 1559 2857 4994 1590 10265
840 9139 517 11093 520 484 481 486 4859 4442 9168 4723 466 11765 3178 9162 470 9066 4311 6078 6079 14087 501 17134 11076 4293 24580 497 487 858 4300 9150 7326 725 4297 4309 495 16974 2669 2821 2666 25979 521 503 19725 19727 9384
841 6891 11084 7022 4836 488 9372 9083 9068 1500 482 18164 11079 4844 7262 29866 11102 4865 29867
842 1325 3515 13566 9727 3975 5892 4232 1333 7979 7050 15712 3875 15697 14180 15682 5860 3092 27608 11334 9416 8616 4698 5717 7527 15700 7749 4668 17364 4249 9448 10566 3 3158 4093 20164 2111 17788 7299 13719 7223 6838 1783 3833 21518
843 1107 1318 5644 1325 8441 795 3813 4042 809 1320 9712 1312 12058 3802 6387 4152 7989
844 7339 7688 3301 7706 15959 12305 26448 4132 5536 6331 9574 15973 735 3292 25782 21309 16190
845 657 1813 7268 5305 5044 1815 5238 1745 9178 83 9936 23007 621 9885 6795 665 7355
846 4225 12212 18139 3981 9902 9905 5842 5875 13108 5014 10910 29898 24921 10831 12740 12132 24643 4008 4267 5870
847 1892 12564 20395 3901 10680 10977 2011 2344 21024 1757 2294 27242 5266 2130 2297 5260
848 680 563 1525 78 1504 10 686 2557 875 3953 7267 3893 5590 3957 8467 603
849 2649 20506 16597 12519 2027 1315 8659 5553 6856 1629 6338 9413 14834 1034 9242 3514 6395 13569 1000 4268 8089 6554 11997 4114 3436 4094 784 8591 23703 6500 7808 1961 4668 6858 1439 8859 1345 8045 9748 3434 4236 19378 18231 6567 965 12006 15930 5515 4207 17639 4065 19308 780 3092 4111 972 4751 15716 8869 1022 7809 24685 7245 2156 7459 7388 8049 4069 4113 6566 7968 8936 5017 4344 1955 1032 5054 5058 13555 558 7231 4250 4742 10671 911 14100 23649 1735 17562 4081 775 9002 10489 16494 4233 12461 2440 10550 25889 4663 8998 24752 2371 23596 14174 11249 22661 13351 1448 11917 3826 4052 6443 19417 9700 7711 32 11285 17725 4078 5 4816 4032 983 2314 18233 19420 1023 26701 17911 13657 8070 1931 9749 8937 1772 3962 939 22940 12437 8063 8291 9945 9439 2365 15936 2128 6938 4056 19991 908 1670 15926 27017 20036 12598 27316 2187 22752 21652 21633 6075 11879 22174 18235 15973 4940 5076 11920 3414 4062 29678 2007 12472 4267 10896 9922 6101 1409 28117 16911
850 2708 2396 9772 7268 1374 2473 1364 604 712 3135 608 3342 1815 9936 3856 5663 12 5758 5014 5704 15117 4225 4238 2231 925 1112 1824 3467 5300 4575 664 630 661 675 669 3958 2500 1967 4887 1504 1366 3945 2458 12847 1535 4911 1368 657 12269 574 3065 25151 16558 19154 13622 17920 14572 12402 26217 8817 2918 3552 2461 13152 2906 3684 7258 662 24927 11603 884 11805
851 1448 889 5701 5576 1008 3863 959 4115 22842 27698 12887 1340 4225 27354 22715 4746
852 17758 23671 17104 896 4179 17028 14427 17514 15029 18924 19907 6746 24171 18783 4378 16657 17258 21060 23990 20525 14300 18964 23926 18449 24049 19065 17769 16099 18921 24347 10440 14415 20266 21800 14457 16115 23834 17093 14508 5787 23928 23932 11409 534 650 2930 16985 14451 24274 19927 18112 13118 27553 16871 19935 23907 21964 21058 24283 14531 24279 24203 6762 14921 24256 24206 24442 20613 3674 3030 25404 14295 22374 24412 16063 20789 24125 24405 24019 24299 24308 14717 24738 22388 24419 24414 24439 3670 24116 16049 22266 23940 24328 24426 26606 29599 10148 24431 23422 24121 24472 22261 23975 23017 16041 16072 18029 24857 24371 13464 19300 14585 21126 15565 22260 24435 24035 24034 20795 23947 28092 24460 24273 14091
853 3203 4789 2803 629 6660 3346 5513 7895 7947 4516 596 4534 3950 2858 3303 1815 12840 3304 23445
854 13200 10576 2158 4754 7131 1312 11037 798 7270 7536 22935 3732 6927 1891 2341 8248 1063 8081
855 14514 12173 18790 16985 14013 16380 16123 15486 18042 17550 5611 12260 11599 15206 20864 14427 2885 24919 2889 17019 764 14414 884 15154 15240 8730 765 20514 16996 14089 14738 15141 16108 20525 12920 14435 15022 3612 11874 3030 13464 15236 15204 17241 11601 27837 758 4179 16882 14415 18058 20939 24647 18274 17258 12938 15632 17966 12184 16638 14557 19408 21532 24807 10451 10025 19304 16542 20834 2448 23531 15179 14662 18773 14298 19283 17093 26202 3663 16979 17100 12927 15131 15582 20260 15197 25693 25315 16932 8288 22987 14970 15029 14649 12916 14474
856 21623 4697 2332 1688 8014 6511 1876 1023 15555 7052 5679 21261 7662 14955 6857 11578
857 1175 4152 800 1232 1336 794 9712 1225 8472 9184 12894 14118 10238 792 12452 12350 9943 1250 12456 19336 27928 434 7123 2096
858 1226 1855 1770 3702 910 1879 1312 1421 943 999 6592 11896 2432 1298 1320 925 1038 1915
859 1813 2673 1382 5590 5580 3770 5403 2598 5031 7825 1637 4459 702 1367 6455 2965 7959 678 2895 8795 14 2688 4202 83 1956 25035 3881
860 7966 5534 13436 7900 8377 20425 688 4487 23096 3460 22408 13270 2576 13187 4819 7289 13938 16364 7941
861 1231 6583 13219 978 8441 7223 3980 1610 889 1648 2524 1334 809 7979 6018 19201 23019 972 6519 1242 4054 928 4104 16847 3986 23745 1899 13301 3420 1271 14139 1263 976 3767 4675 10517 1181 9715 22364 15285 3996 1105 986 1002 17776 11861 1281 10480 5967 1848 6103 934 1472 1021 10966 2440 18670 630 10627 2539 0 600 2687 2654 3969 7653 8968 21444 2457 1482 1188 9 13554 1096 4468 1017 2534 1097 16839 20758 1315 1113 14379 1290 14113 10626 1228 11736 10554 1170 10988 28952 1317 940 12157
862 25514 4533 10607 7951 6220 15894 27481 27878 27812 10098 10659 13287 7955 12038 8002 2633 7267 3034 29979 13947 6602 9542 13073 13963 27170 25530 13939 19137 11744
863 5579 20161 8584 14112 5546 4004 5857 9986 11990 8077 6993 12178 11256 13051 14197 1648 1350 2120 2111 1182 2993
864 21851 5611 8304 3064 22328 20864 16849 29162 13623 21274 29990 25527 15493 18300 3530 9644 17029 26121 15635 29086 17550
865 14076 16634 17091 3603 22102 15255 18710 2920 3646 24218 24044 3633 24192 14447 10430 19187 18112 19184 14726 17261 23676 12266 16921 18111
866 972 5316 9842 5312 14960 23100 12435 3786 8934 3785 9043 11903 16814 20899 1859 9929 1092 14144 4084 1773 20758 29811
867 9471 7155 16313 4825 15819 10236 7869 595 3205 4555 14252 2642 3500 9507 11691 7584 6172 6161 3382 12831 16893 742 5516 6334 3746 7168 22249 7851 12642 7065 9199 16262 7900 7150 17074 6660 10387 3739 5536 13190 17112 27717 7629 4923
868 20518 3616 12413 22637 884 6966 3068 13622 12938 6883 13822 1350 3735 12486 996 17373 6854 2453 939 9366 10127 5699 1298 5155 6527 2191 4469 8971 1110 29303 11734 5009 8920 6589 1225 1107 11736 14130 14200 6874 8968 9711 29032 4793 1299
869 1231 1315 12888 4808 10795 6511 3907 4239 1827 6492 1116 5892 30033 1960 5937 5138 16810 9983 1485 8045 4677 6874 10827 14955 1977 7661 4022 15926 5994
870 19245 11984 11981 15853 27412 19246 15647 18240 13756 22528 17954 15767 19322 16175 22287 22657
871 8732 20302 8466 25102 5713 5526 4559 4403 13044 14656 25681 21854 13056 29119 20241 8499 28619 3273 13618 3770 7694
872 3525 638 11404 22378 3731 16073 10177 10152 3727 12171 11115 5786 8513 643 9289 2930 7788 11378 21838 9236 12774 10130 24978 5395 5799 27764 22555 9126 15787 5779 8561 7787 10204 3524 17802 3154 22553 17896 5787 22184 21437 9239 11133 30047 5390 23783 5399 10202 18842 12781 21980 3726 5383 5812 18182 12357 11136 5756 5800 5814 21111 10340 5790 18841 13226 2938 18505 18876 11130 15577 5766 10155 22412 11126 5500 18886 5797 10224 5377 10201 18827 9124 7190 526 833 26548 5737 8268 21989 11131 10153 8521 18877 18894 27005
873 5663 3925 3310 9915 2500 6688 20916 19087 13258 30048 29027 17475 13270 3460 3346 13184 11716 11698
874 12011 1375 3308 2536 8479 7691 26134 24961 4786 9968 11454 11440 6342 3336 5232 26145 8450 2579 9880 4523
875 13889 19200 10409 25858 4123 3957 10419 3888 5403 3937 13640 1637 19203 4459 740 13107 28015 1817 5660 738 3741 5621 20885 14037 2858 3972 6972 13236 13918 4868 17078 6265 22105 28209 16900 3485 9461 10034 19024 15939 19759 8337 3751 3378 555 1821 5204 7682 4562 11439 20706 20712 13417 29266 19786 19763 2627 26432 5614 19532 19004 6225 3396 20011 18254 14167 9848 16268 8377 5040 15743 6726 2966 7813 4543 4600 22634 13588 717 678 10062 582 4717 6251 5709 732 574 17625 19805 19781 19896 1815 7062 29073 6533 10249 2515 17114 7811 3483 75 19785 14208 4715 2563 3886 12385 19546 13186 28997 660 18986 3749 630 4539 7814 5723 8398 3227 2527 2489 28139 79 16305 3740 29496 22748 6200 19812 4400 4632 25637 29310 27177 14654 4888 11382 22597 10288 591 1529 26053 9522 7948 4887 10620 4509 19421 704 11626 3905 15682 19994 14952 8947 6453 10543 20968 3478 6540 8463 8345 6794 3344 3038 26274 23291 16893 9862 587 7058 3346 28785 13255 8751 12402 12863 19423 30051 19424 19059 6092 19772 29101 3312 7575 1536 7902 6066 3311 30032 4643 3295 12835 25515 26369 657 9336 28422 6296 6363 19023 9544 21961 18943 11696 1456 17928 10375 22112 78 12606 3316 16302 15969 12039 18994 3887 10688 10081 16272 9225 577 15471 13449 6765 7335 21878 1527 12037 20495 3361 22868 3347 10983 1375 602 17376 22081 10105 636 3487 3357 25501 9319 8683 9322 21118 755 7675 25463 7631 4829 11706 7625 11055 26365 8376 9574 18998 14756 27088 18990 4136 3380 4494 9563 24636 3471 30052 30053 23293 2812 15886 28423 9231 12409 19014 1742 18991 13942 7332 25511 4742 5657 10093 9421 16296 2602 29436 4547 23589 7926 13267 20500 19007 9686 13035 2800 2785 1367 4127 25729 6625 741 12845 17922 9566
876 815 11794 7832 1980 1786 1874 10815 1662 1654 3049 3085 5002 5838 1517 3795 2957 1901 11675 30054 1353 2167 6939 13333
877 14846 16607 3592 2897 14642 14689 14672 12255 14409 12184 15022 2883 14506 8118 15340 14695 14677 15181 21239 17000 763 6731 765 14451 12260 21320 2443 20797 18169 20092 14644 8808
878 15260 10453 18108 25220 3672 15000 16108 19283 14485 16714 16726 20799 20816 15299 12916 16727 18783 3674 21200 16115 2889 15020 16698 14415 16882 24005 18771 10435 20659 16109 14646 16725 769 15195 18742 25693
879 11987 15649 16171 16176 22525 22897 13748 21760 22890 16175 23663 17409 22731 21240 15663 15658 20690 16181 19242 19599 9640 15855 25202 21029 13762 15753 23146 19248 21766 20696 17458 23135 23667 18418 17172 17443 23108 26810 1813 22236 13760 2693 0 614 17427 19251 23112 22877 15779 22892 23609 19247 19250 19259 23325 23109 17465 19320 16169 15746 21790 15668 9646 19315 21924 14080 17434 22728 17473 22780 22774 21772 16170 23658 20521 20679 16177 27059 22730 17946 23608 27414 13761 15774 16164 13752 23134 23822 22237 19596 22527 18291 23495 27408 22783 24536 17472 28038 17948 17429 8955 25014 28968 17448 8965 17491 15656 18425 16173 22281 22895 17446 22526 27419 15643 27410 27411 15646 16155 14972 22286 11620 79 9992 21863 1382
880 7604 9466 10688 5525 2638 12043 18077 9230 3364 6190 19002 13447 12960 11741 9544 3025 12958 4521 3460 22949 3947 8689 25529 19468 3488 8412 9563 3324 10607 14971 13930 8192 12815 4579 15967 12050 13002 17596 4486
881 599 1375 2474 1661 2466 555 603 2584 7817 11 2681 1815 6795 2401 7477 4572 9032 741 3298 9122
882 11030 13088 4 5931 8582 17994 2665 944 6834 11031 5874 9988 2365 904 5944 9997 9447
883 7529 1794 787 785 6487 968 937 2184 673 558 1454 2783 8875 1848 8907 935 6854 10589 15548 10593 11731 6937 7128 3706 6451 8065 1631 973 8150 4697 2782 949
884 18962 18692 16608 22251 2894 10436 20038 4801 20551 19185 14533 14588 21201 16227 19314 12184 16657 24181 22124 24241 19187 18940 23251 14427 4179 16648 26311 884 27074 24302
885 8567 1330 9730 25297 15941 25702 1753 8061 27003 10522 12552 5857 26738 22520 1711 27337 2265 5864
886 1181 6869 5937 5891 12074 9713 945 8963 1120 12459 7979 1119 1248 12152 13360 6193
887 4073 21687 1038 1687 13465 8800 1598 9949 21145 5079 11729 12070 12472 11043 916 12058 2440 21678 2663 2230 6997 26900 19566 1783 2335
888 972 3509 22981 3703 10474 8089 7744 13850 4795 7975 15791 12931 7498 1273 7052 15108 11906 8870 570 977 4908 636
889 9409 8015 11900 1188 2440 1105 3827 814 1386 7661 8888 3397 1314 3980 2263 5169 8972 1554 8083
890 7111 1809 13825 1362 2316 2241 6860 2033 23405 11051 2258 3404 1657 14132 1906 13794 5937 1333 2175 2288 2150 3837 2162 2333 29348 1904 2185 2096 2088 5882 6997 5974 10629 948 2365 2245 6989 2099 6717 2329 20637 21906 2957 13051 1182 2363 29495 2323 6870 925 10007 1800 7826 5960 1656 1188 2064 1113 4284 1618 5697 8652 3085 1663 14120 11684 10490 4652 5329 1976 2136 2011 7482 2061 1984 6874 10976 2087 1615 17275 1622 9945 6018 6055 2286 1112 21682 803 8968 815 795 1521 2250 1485 1858 2209 8094 2980 5026 2274 957 3917 741 2552 10986 662 2319 2212 10290 2301 8076 12058 22754 12471 14116
891 4983 5177 5364 5173 30103 5175 3340 3281 25858 678 9859 681 4515 2483 6068 4298 5363 1816 8727 28777 252 4212 5339 5350 1942 22682 12390 7841 9187 2898 3602 12 5273 6157 27564
892 23981 10140 23975 24308 24051 24084 29144 19917 24171 23970 24196 23932 24310 24302 24328 23909 24241 24341 24274
893 13880 19646 30115 238 22545 19445 26581 2742 23073 2753 11317 144 2767 388 17887 17939 25028 23620 28864 2758 28218 15843 23060 15362 23369 18725 23367 319 30116 8703 27664 4412 28253 25247 15846 13608 23708 374 13137 247 4427 11305 429 423 23072 8694 4349 15832 13601 2768 25259 23068
894 13720 1001 9924 10259 5977 1880 2262 6916 1886 3904 1520 1521 4670 13716 1442 8801 1008 904 5687
895 6730 10334 10579 15763 1103 941 1425 1446 3707 7832 1027 8943 7495 8071 8892 1222 6522 2314 10561 2432 5017 9692 7254 8865
896 1027 6993 6859 790 2276 1848 5840 4281 5056 4472 14204 6870 8920 13544 10495 1002 4277 11662 18590
897 9364 4572 654 4324 2864 2506 705 9909 6455 555 4887 2966 2489 6977 2649 1822 603 6732 14 1813 2458 2979 9805 8996 26931
898 19918 24021 20811 25103 24008 23823 3621 16056 24323 16041 24070 14904 26264 24414 16374 17324 16030 24317 20656 16655 18808 26310 24328 18701 22254 15032 22795 15783 16882 20480 18270 21963 23084 21509 23035 14427
899 11197 9457 3448 3481 4505 11440 8007 20921 3337 7073 3452 5214 3746 10076 4394 19004 5596 8340 8360 4543 17161 27621 5178 11691 12313 18011 658 7821 19759 4539 6201 6265 12835 17078 8339 25039 6268 8461 5607 551 4891 5508 22945 9860 10690 6809 7055 4541 6725 11586 14153 16786 11694 26220 3886 7872 3740 17901 3378 22666 6225 17697 28997 13501 8348 891 17119 29256 25922 16968 3957 4486 8354 13186 4832 3748 22632 13436 4515 3334 5216 652 7900 5834 9549 22296 4829 71 2478 3472 3211 84 11066 3384 5621 25880 20009 29266 14167 16893 19527 2653 9319 2397 12240 6539 6721 21961 12827 4730 2647 5045 8475 13593 26270 14155 8474 26904 15459 26953 19812 7571 9856 4600 2601 9507 73 16900 2461 7059 8193 4506 12500 6782 28845 6806 18653 23865 9175 19009 14828 19426 10075 5234 20918 12238 62 2393 13290 7915 29101 7208 3500 2636 597 30141 9861 3306 3490 7817 28828 11188 19003 16970 3495 5196 5349 27207 17069 3738 1816 7153 11454 8204 16894 8337 8477 8365 29175 28498 660 24961 10095 16306 22748 14654 26952 16276 5191 27177 8753 8344 11025 9848 11635
900 13422 16729 14935 6741 14882 17533 17504 6748 14381 10432 23462 17733 21798 17105 18068 15206 21975 770 2906 18288 17100 21976 20815 8730 8302 18061 19150 25314 15424 884 16551 15493
901 3305 2647 3348 7339 3007 590 879 20308 3213 596 3290 5513 3476 7900 4574 3262 2649 7856 3378 3318 7209 25021 4500 636 13526 3295 14210 2644 20919 3303 3492 4905 6357 2964 2519 3743 2652 7073 6804 6322 11057 2500 3266 22724 892 2685 10306 3203 13427 2537 29455 7613 9936 4615 2576 8577 3230 584 6143 15966 3347 4644 2695 1456 7618 4602 3455 2605 3326 4520 10619 3493 3239 9532 11638 11387 4130 10232 9516 13258 7914 9913 29728 21751 19133 22142 17080 22991 7951 10376 9543 13968 26306 7572 13970 8364 13963 3937 3324 18622 13614 4940 9685 13939 8745 9461 13948 17882 9492
902 23233 14420 14474 6750 16225 17964 21757 28308 18042 18570 15197 22855 15335 17031 19400 2448 14969 15206 15090 17242 16108 17095 15204 16395 3673 17319 6746 17092 16114 18695 19276 14441 16243 23571 16881 21769 2395 22860 18070 15159 14846 17743 24063 26202 18714
903 2649 3130 666 9671 3192 2966 614 854 6092 675 30149 7955 10472 26251 7930 6437 21563 6263 1876
904 3817 2396 7283 15274 675 6251 5627 6951 2521 702 5619 30009 2709 2522 7207 2778 13254 18943 6806 26693 1956 1709 2510 10100 11590 22601 2531 9425
905 25119 8676 3555 4359 2777 2730 4427 8696 2772 2762 2741 16207 20949 7345 238 23367 13483 25446 23072 17791 8773 167 28226 26110 319 19226 25664 108 26021 17198 26238 25449 407 42 29670 21357 30160 30161 315 10949 186 19521 412 30162 30163 13607 13609 26024
906 10232 4893 25557 2648 3326 18077 4787 18618 2616 3215 4789 3341 6960 26796 9495 3466 17605 22698 21883 15990 10094
907 16803 2491 17367 2661 1886 10855 1027 8249 1340 9443 9255 5930 4008 1299 3703 1359 17972 18212 3510 1648 5154 10573 25703 25370 1020 1473 2390 23883 5871 13686 8585 5972 4225 18234 18439
908 7225 16276 3186 8340 25021 853 1661 21167 7857 19233 11022 10249 8475 9549 4528 3130 3262 3344 2487 891 7064 9527 22114 892 8450 15872 1816 26474 11697 16294 3226 14 3477 899 21908 22299 21143 740 3740 2963 6296 3492 4546 3347 6811 10386 30019 3324 4599 3479 3819 3460
909 2420 3166 10343 11792 6124 1625 1692 7125 10598 11342 3 2022 10964 22308 20232 3812 30170 5271 13399 10990 11569 20117 9038 2124 4063 13659 8170 19366 3415 1279 6917 10916 26484 12536 23123 30171 5936 14811 17971 2292 13326 6924 557 21459 15641 25870 1751 5001 12508 2958 25519 4007 24573 13100
910 75 9936 659 8592 4322 3344 550 706 7896 4124 2507 677 656 704 574 602 1504 4324 79 3770 2705 3182 868 4299 12264 14868
911 6554 6856 4772 8011 2239 10589 6729 6465 10566 6565 5073 10576 4771 6023 962 11541 30173 27453 22316 10585 7129 6474 558 8249 10496 10636 1281 3004 1707 8109 9989 5672 2011 6425 21632 6473 1120 916 917 1312 6113 10464 2440 6489 783 8024 8057 10532 7270 8067 3003 4087 1110 3870 10877 27841 8027 5062 6069 1446 6858 3527 1734 8037 3412 28915
912 12917 16516 26512 28449 18704 25785 16112 23156 23013 30174 22158 15219 16647 22156 8113 20836
913 5374 1318 1038 7300 8837 1669 3917 1642 5266 2052 5268 691 25747 10596 6827 6916 1948 13585 2098 15498 1521 10108 1468
914 2657 16252 11353 14255 10941 14256 7990 996 5706 7223 5842 8663 14062 5878 27434 4174 9443 21594 11344 5904 10535 5948 27358 10115 2451 28064 9452 23180 6410 30187 9445
915 15398 215 5446 8775 150 11307 367 9059 178 20144 5087 262 297 286 4430 5085 29936 9399 8769 4411 5092 209 22864 5466
916 3817 2473 2557 3816 7935 704 710 5610 4455 72 876 8259 630 3972 21830 2979 11704 3878 14580
917 17515 12144 22986 8288 26120 12938 8113 4883 15624 14013 20520 15424 21295 22288 21184 30203 28574 16079 25581 29335 25569 14435 19151 30204 30205 28635 15427 15431 14570 23567 16965 23826 16003 15490 18126 19288 882 19414 16566 15628 3346 2816 19330 19149 8728 22636 884 24261 6708 21916 18298 2887 25568 12270 21849 28442 23529 21915 14491 21179 30206 29747 22075 30207 16089 16925 22843 16937 16539 27654 20283 24742 887 15432 20846 26853 20840 13486 15639 18306 11756 9391 23580 26101 6978 28441 18344 11604 28355 883 5611 19227 885 16545 6707 16941 25584 28638 16077 19290 30208 15727 28558 22331 26217 16001 3067 16944 29051 19332 12419 15999 13461 16540 28639 11634 18060
918 4708 11440 5305 3346 9884 9860 891 25385 29452 8474 27383 4493 5616 2579 5530 3379 17073 2864 11455 2979 18483 26926 23807 28484 18944 4555 19770 15877 6808 15443 7070 9481 3205 26580 4786 2860 2564 7868 8348 4543 10004 29198 11704 3306 9774 3483 20954 10261 7171 4509 9849 7336 13925 7896 6334 4507 7898 11796 3241 3324 15472 10605 28028 4394 3920 22944 10078 5188 10103 10390 5520 3026 6323 11024 8476 6962 26234 16304 10425 4524 2805 3344 7224 2399 4322 16900 11697 15495 13639 4924 11385 4927 19753 27402 4554 665 4487 2592 5210 22295 29267 4540 736 3039 6783 6806 7530 22596 7571 9200 16276 6534 16274 70 1376 27210 5619 24681 8480 3738 10761 16359 8486 7207 17578 7927 8193 7625 13710 3746 9522 4521 19005 22196 3310 3495 5621 12501 14680 26333 30211 22634 19801 2816 25603 19872 1746 24772 7154 14991 11786 7056 30223 7922 9586 19556 4600 8354 19772 17679 16893 26907 20130 1818 12308 4888 4923 9462 8360 688 5499 3332 5344 16307 7013 21202 6377 30224 27582 20756 7633 3017 22597 3500 10317 9886 13918 17660 12029 3751 12051 4531 13255 20749 23591 10286 25299 4526 582 18183 9121 25955 20494 25681 17902 9875 19812 13030 22344 17588
919 4515 892 6958 3947 9515 14993 17646 30070 20479 15878 9523 26545 13952 22917 12411 13966
920 10406 665 8332 3348 3479 5359 1963 3298 6343 5242 3025 8414 3021 4495 11024 10083 11 4398 5661
921 1813 5513 3263 8685 3025 68 2537 4599 10375 4458 1637 9512 4633 2807 16305 3008 4635 13927 24798 26155 688 16903 3294 7625 4649 1527 7632 6088
922 6804 3021 6273 17121 2564 5511 4582 682 3278 16137 7929 6627 3496 8763 3953 4733 12047 25922
923 23635 9081 9078 11764 4299 4442 9142 9093 7371 9147 7740 11426 27890 4450 15421 11017 11096 4319 9372 26815 25986 6897
924 2216 7996 11963 5258 1882 9739 11955 10972 21889 11953 22292 8153 5004 27442 2417 11037 1748 6677 6126 12564
925 1369 11927 5879 1610 814 1842 2366 15546 6570 5838 13392 5321 7752 1880 7048 7311 12534 8175 4022 1706 1835 5319 903 2004 1387
926 5499 4498 3349 597 5539 7894 5723 2705 9879 590 3472 5204 15872 7274 24554 675
927 1813 5732 665 1375 567 675 555 1815 604 608 3008 5525 6091 3192 615 624 5709 575 2649 717 582
928 19314 14514 15223 16068 12927 20250 16644 14403 18692 18708 14494 14482 16756 14447 14284 19395 14563 25693 22102 21314 14584 16504 15194 16730 21322 3030 19388 6709 17095 22636 3677 22860 18149 16848 6761 24807 764 772 16017 17511 15025 17319 20791 2886 7398 17261 19392 21417 2446 18071 21805 24041 23205 14425 18784 17092 18799 22372 21047 25802 26399 16123 17031 29642 17529 19945 25700 14465 15343 30262 15196 30263 20373 11874 19394 26747 21551 18812 22434 23426 18667 26763 25785 17539 14455 23483 24451 25335 26573 20726 22386 24319 27110 21020 30264 28235 30265 29551 21846 27743 23949
929 1181 18276 7637 9813 9815 21626 15367 4213 13133 5704 1690 14070 11207 22063 1691 1609 1719 7311 798 2216
930 4442 24559 25620 489 11087 4850 4293 16974 727 1132 468 7324 20219 519 9092 13318
931 9627 12794 7036 7777 4957 19954 18532 18457 10722 21622 12807 19949 9604 19971 2429 1548 21439 19968 27554 11616 23401 27248 22586 12655 10747
932 2454 789 4126 2540 2524 666 1383 879 718 1488 11081 5543 252 19643 1345 12 11900 2440 7542 5148 6566 10564 1268 8936 6522 5698 962 11508 8247 1775 4764 4761 1446 3706 903 955 1264 4791 15538 7220 8928 8883 2156 13769 6856 2101 2441 8930 9220 8800 1799 1485 18973 6490 1426 2451 3084 7128 10591 8917 6546 909 13547 6482 967 1953 15549 6387 4806 1096 1848 4485 15763 1333 3813 3707 8042 4782 4004 8023 1987 11989
933 7861 2642 5505 3507 3215 17816 7585 6315 6802 8483 16303 28137 23302 3932 6282 29816
934 712 550 2564 555 1383 603 9453 2965 1813 1660 7477 1661 5590 2864 3770 4504 2523
935 13513 7478 3312 13192 22213 19460 7200 17162 15868 19461 19787 22634 8346 6727 7071 3017 25405 9200 23088 4486 3448 14329 8416 28277
936 6853 7090 8361 7949 13012 5530 28244 19762 13150 4580 675 30301 735 12316 6798 4494 10369 13065
937 8188 5031 1627 7536 1444 3909 2248 1670 1639 1622 1981 1719 1684 2035 10931 28262 2201 24831 2055 25970 22439 1612 5718 2957 21991 10784 30302 22472 2121 29102 1359 2352 11662 2212 1903 26214 2227 1674 23115 12223 23177 11216 1387 14137 15483 1990 1061 1811 23811 2294 2173 2301 18597 1350 30303 803 16664 2328 28039 23195
938 215 15359 11884 191 230 5487 2529 5440 19652 11369 13306 4409 144 19607 105 152 57 554 550 2966 2466 46 3193 4481 15839 8702 25119 26555 23076 8700 4353 19638 13149 15374 24955 8756
939 8479 22578 7916 16783 12390 3373 3497 7898 3324 5510 6614 3340 15901 2605 6207 4629 9879 6322 15867 4548 1963 5512 5356 6644 19871 625 7603 3023 12312 17691 7261 17641 19887 2647 8357 19717 5183 12374 16907 7688
940 4429 309 4428 250 355 19733 15378 5447 5084 386 336 8773 9401 319 7711 357 286
941 4587 19882 4112 25111 1105 30347 1312 3904 6993 3092 1762 999 5852 2365 4045 1106 1320 1107
942 13632 1426 10700 26735 4809 5882 4239 11031 1019 13987 4003 15711 1020 14652 18203 13680
943 16931 12424 18066 28639 12422 19290 22763 16967 25586 29652 18223 16078 18125 20515 13462 15429 19162 29651 17029 20832 29747 30351 12614 12174 21183 24742 18274 16566 19142 769 26853 4883 15729 902 19145 16006 25566 17517 17024 25573 14417 25576 15999 30276 24993 17570 19177 16089 14873 15424 5611 19326 19167 29164 11675 16082 20844 19327 7258 6969 30352 25315 21182 15432 17023 20939 16542 22843 18129 18127 6968 20520 25571 17522 12420 16962 20514 29051 30208 18221 15997 22002 14569 28610 8112 20517 23566 3067 12416 16563 28635 15633 21730 30353 2876 16547 19360 16984 16550 27233 30354 22330 17550 15639 21180 18060 11165 22332 11805 28637 885 16085 21917 22336 23572 13728 28442 8286 15490 15430 20837 13736 30312 29038 12425 26857 19163 26058 27967 22075 27120 15628 19165 27117 22331 12145 16933 19414 18062 18118 23527 23528 6976 29039 16005 23826 21375 16956 19168 16950 16954 19157 20854 30319 8017 29680 16541 21852 22074 16983 19144 22636 24262 19597 30355 27566 9391 30356 21915 28558 29041 16007 26121 14092 18269 20784 16653 14396 6970 19305 17920 21190 30357 6710 23568 22987 18063 22337 21728 20861 30358 29835 19169 15558 29478 21178 23571 19170 9789 29212 29799 19601 23570 30310 16937 13455 20841 8116 16959 887 19288 17548 23576 16928 28443 29830 26854 17521 26865 16941 25316 28641 7844 15634 16003 30359 27992 19159 19146 29211 15635 19172 25318 18275 13461 23577 19161 29825 17569 16951 16565 29822 12412 30360 26059 28091 25317 9392 20940 16568 24869 17244 15727 29660 26858 29837 30313 30361 29970 27567 30362 29040 16935 15563 9166 499 28851 2668 20851 19176 30363 30364 19361 30365 20865 12270 26861 30366 30318 17018 30367 21271 29826 30368 28640 30314 30369 30370 29828 30371 18306 30372 28638 30373 17066 29831 29515 18225 16002 16564 27525 18787 759 10436 3602 23579 30374 18303 20849 3673 23037 29325 20863 11605 28304 23765 16961 29086 30375 30376 3661 25585 17529 26723 26646 30377 29053 29214 20847 30378 30379 30380 8115 29048 29044 30381 16540 29824 7961 27523 4610 30382 23532 30383 15561 28512 30017 28799 11869 4179 22343 30384 30385
944 7684 7306 3294 606 13263 30387 12391 6160 13437 11471 9117 3492 9113 13507 8380 3213 3008 13539 6633 8741 17006 3299 7686 28257 3373 615 6290 2966 3220 6279 7451 6184 2648 4603 3023 7278 6195 7955 3819 8396 1972 19555 13498 3919 7617 19850 3186 1661 4394 83 29002 2578
945 13681 3399 8660 3835 18136 8051 10472 14375 4254 4267 10898 5579 10518 22402 16494 14953 17234 14836 1169 9904 13569 3982 15925 25094 5842 5885
946 20251 26282 24409 14585 25945 23990 18937 24712 3629 23536 23287 28684 15205 29550 20564 21052 14600 21557
947 4156 10939 24874 8238 14062 11358 22146 5857 911 1358 1102 22715 27445 13788 13829 2142 14072 14114 6998 9443 5014 1648 10401 3992 10481 1350 13544 26695 9735 1020 3397 14073 14069 9438 5702 2159 6546 9636 5884 10491 30405 11332 10462 27455
948 4598 707 7224 11122 205 8769 13480 7387 5470 280 2547 2554 741 2458 6805 4526 3738 6809 6806 16553 22843 19116 3068 12938 1107 925 938 7661 21554 17494 2538 4871 9640 14648
949 7730 1555 14303 1546 12743 10717 1201 11611 10023 1601 1214 14292 13127 12913 14322 14286 1559 1206 12900 4979 19947 1560 16432 16347 19702 1159 16437 12801 1585 1547 1216 1594 9431 14285 12813 15015 16026 18763 29706 11556 14290 1212 1579 19952 14288 19959 1581 8607 1541 14315 10835 12666 1603 4980 10755 14325 3623 27979 3534 18783 24116 22006 14747 19355 7191 10685 7472 20435 16431 17380 2857 14311 25929 27561 29847 20445 14314 19043 7417 5398 10205 14238 11930 16213 1614 12753
950 9936 6151 2569 877 899 11 2649 9272 12402 3959 10618 6526 573 657 2461 22750 623 678 1375 6977 2570 12392 4459 83 2568 78 8479 8688 603 11506
951 6827 6152 2998 2513 5859 8004 9850 6111 22720 3053 5050 8658 27807 15831 17700 1648 1521
952 21764 21039 24028 23991 16071 18635 16050 24265 14745 21078 14945 14711 610 18414 24074 18937 16192 14903 22160 15268 26039 24205 15220 21481 26758 25134 30426 24392 22026 14614 25158 17561 23403 26630 21529 21265 24113 3671 23825 29543 14859 21044 24844 18770 29275 20561 25139 24140 14682 24409 23951 14624 16461 29542 22029 3537
953 7959 2539 3817 568 7932 704 7580 2532 1535 7675 2557 677 3187 8592 2533 17347
954 17964 17092 20656 20182 17031 14970 6741 3612 27997 21322 2442 16726 14434 16114 2875 18066 18773 17045 15197 24098 14532 2884 19392 12260 17044 10025 18751 17513 14736 16465 774 3030 24999 18714 16734 25930 15072 758 17258 14649 21332 18783
955 8080 13850 672 2382 5072 14954 10900 1299 8551 1097 13799 1001 12142 22755 3969 20746 8238 2457
956 9904 17973 18204 5902 25267 25771 15435 13808 23174 25231 25268 15688 27453 10463 19991 6474 15690 2381 5963
957 5067 26786 4752 1225 1321 20173 1345 20758 966 1420 1120 910 2452 9949 10596 1281 5852 6937 21467 13850 929 1100 4281 6877 8972 13399 12074 1116 6878 6592 11209 21650 17284 13773 10529 8655
958 1374 1379 568 555 547 5044 2470 755 3939 2568 3930 1529 3195 1375 2995 4324 5580 7268 2649 2554 1815 4341 2863 2967 1637 21202 2895 718 1378 7355 4455 7356 10063 2533 3816 4202 3770 6067 5660 3925 72 899 574 602 3481 85
959 5475 4481 9813 153 13480 8778 19733 367 19732 13875 5466 357 4478 2767 11318 15282 257 19985 363 176 230 336 15840 11302 224 13604 19310 23058 386 369 19474 170 11322 149 362 368 25272 21911 8779 19311 15378 20336 8767 5483 11324 23314 195 23622 6728 5453 694 10505 17794 406 18728 2739 387 5491 16200 15478 23330 5478 19626 23362 11371 25257 11294 339
960 10741 1159 1573 2835 4994 12665 1206 1583 16343 8177 25295 525 8606 10611 12667 9624 16472 1607 13176 10022 4952 12908 11935 10867 12735 30469 12912 2831 1197
961 1019 5 9043 927 11224 1517 3011 13374 6887 1345 1462 1445 2418 1794 1408 3964 4178 3084 918 7459 1677 1880 1846 7987 1695 18672 20643 1855 1233 19377 8977 18123 1897 20913 2189 8999 1913 24751 7048 1925 7291
962 5795 5383 21105 7469 9668 10339 28171 18842 16665 21839 12102 7470 21435 18897 27630 24886 23742 5747 27629 28048
963 15149 15261 21011 17733 21798 16879 18770 23835 15077 27617 20801 14506 15136 14405 20245 19271 21975 14416 9323 14969 20145 28265 23944 15197 2891 27903 18713 18739 15253 16939
964 5094 775 5105 1442 5076 6410 6446 11028 5405 1027 7459 11895 6461 5161 21892 12197 6151 557 6494 3708 1095 11178 3689 8067 6016 15914 10308 8830 2014 23805 3692 18087 3419 1425 12502 4038 18088 1704 3707 9989 5697 17723 19344 9664 11882 23818 23804 16354 6532 8539
965 4219 11902 5143 5545 10113 8548 1236 4759 1825 1399 670 4269 16152 4225 11181 923 2111 6437 2019 1409 9908 16809 13244 1222 906 9696 6508 1450 8581 21170
966 9260 3151 650 2927 10196 638 29630 18859 14226 15574 16249 2406 12107 18365 3015 11110 23742 9935 20903 21105 5391 20532 5787 18892 8610 21836 9286 26199 3152 10212 8563 28601 11127 7188 10168 21435 7470 18179 10662 11413 14271 7182 15569 12357 13420 21110 17165 22643 20534 25197 20536 5389 9128 17312 17803 30476 11175 7792 5738 12097 14270
967 1697 6917 11182 1115 1099 6865 20230 9423 1333 1182 16659 25622 14359 1097 2663 19268 9713 4065 2099 1881 18972 3245 1038 996 1910 7270 1006 8476 9245 10483 1108 2011 1984 948 934 4154 4281 5335 6869 10484 3813 2191 1010 1335 6858 558 10495 11216 7804 3084 1101 1359 9662 6874 7631 675 3496 11512 2365 4472 7114 1761 14808 8074 982 1170 8972 8194 28098 5690 8655 3834 972 966 3323 10525 1021 2440 1008 5640 8662 20233 928 12459 3441 5695 997 3823 9251 2378 1246 1916 10325 584 4539 603 3479 10501 1233 1354 1281 8907 944 1185 1102 9253 24757 12350 12074 9216 20746 7166 5870 3857 23222 12472 8848 3057 3905 3400 3096 10086 8461 2605 3301 15539 1345 5026 5879 5835 6774 2418 7749 13793 1892 2106 2201 10628 6028 11927 1098 14194 11702 11810 7939 7073 991 1116 12218 15759 8986 15994 9247 27710 18233 6387 27672 18162 7658 4675 1320 14132 5934 4585 3092 790 1329 999 1485 4084 691 3471 7613 2483 5056 557 6877 1171 1901 791 6878 802 11538 1106 3839 945 12475 11478 5882 20636 9342 3460 939 4276 13831 20983 6017 1348 5862 3832 8920 11523 1918 5994 1325 9945 7161 4182 929 1188 2355 8978 4028 20988 27775 4781 1110 4268 4152 795 19566 11049 11684 14128 13090 21650 14121 8023 6988 10524 11923 12566 8968 5953 10326 9974 5937 8483 3346 4136 4733 9550 11043 13836 30478 1701 1299 2102 6868 4278 20236 5160 8977 1917 29717 25966 17208 28570 1315 6989 2457 13051 7518 1350 21563 10490 22575 8076 940 21658 5944 7927 9643 13029 13938 12462 6870 6519 18171 22522 2209 796 5974 29348 23223 2662 3397 6992 21674 11048 14149 16333 1001 7354 4277 1114 21159 10128 4282 3837 10486 5569 2301 81 14109 8916 15560 4100 4274 1709 19054 10532 27337 21938 30479 1342 12599 11044 1316 9775 8950 5947 11342 16739 6585 8570 12058 12519 7241 4808 16978 16598 10675 17334 13394 21688 2318 22401 17911 6857 18231 4275 6944 23601 2363 672 20187 11910 10121 19679 2432 21893 11915 18025 9410 12592 12461 28118 8089 14197 6991 2187 7220 1027 1081 2317 8048 6993 5017 13211 18024 14136 15932 26709 674 11536 18236 23748 941 16593 10829 19420 17572 1020 14955 1713 21651 16597 27076 6554 1032 20628 10576 30480 2008 2228 1753
968 12981 6228 7716 7611 27603 6369 7693 12842 13501 2807 4907 26219 1816 5530 8330 15326 2703 3348 4124 4796 13648 2586 10694 4398 2574 11023 29635 13263 10404 9546 28556 30481
969 1821 4123 2458 87 2649 14008 14 75 2967 855 1372 2651 4717 717 11693 3887 9895 9409 977 12634 1527 10264 6091 12247 9992 12990 5204 30483
970 23651 14703 3530 17340 20364 16850 16383 3646 3615 17258 20280 14512 23446 15144 21049 10443 16515 24106 18056 23977 19316 26168 3674 17514 21816 21075 25721 15167 10441 24218 14620 24334 14508 3606 15005 14381 22048 26404 19068 30506 15581 6754 22629 16882 16671 17200 24429 26754 25995 19328 18051 15192 14720 3672 15018 15014 18601 30507 17105 8711 18153 16218 774 17102
971 1080 2419 1834 1981 8668 1639 6928 1809 1770 3398 1879 1060 1644 6130 1913 4281 4103 1241 25381 6939
972 1420 1174 1016 6546 9781 1413 1348 7165 12586 9723 1267 21925 916 999 987 5638 1064 15417 1466 9220 3004 6858 4095 18671 3520 966 1031 1451 6906 8159 13632 4751 1987 1706 1753 10581 9184 22926 1794 1027 2312 8032 939 12233 1417 3983 6425 1330 15911 2306 3903 12200 1089 6263 903 1402 6435 8865 4766 2314 13550 7459 2572 8944 673 11861 2158 5161 2379 2661 7236 2081 6507 1087 14817 4220 1284 7642 19377 4677 1182 18199 26185 8922 995 6479 1043 15940 10490 12195 24725 13696 957 17776 559 10589 1734 6490 9663 6478 5100 8554 2082 1350 7242 21960 1329 9247 8250 1629 7354 12880 942 6482 5064 3417 9743 15929 8045 9716 1116 1835
973 5170 3482 9938 4601 8765 16091 13003 25530 22306 5190 9313 21087 3274 11204 9302 29071
974 11520 809 994 8182 17284 984 12068 5336 9974 16743 9842 7763 695 1090 5249 2991 8923 5882 20743 10600 12566 1350 5934 20758 911 23806 9245 23227
975 3149 5824 17810 7172 639 7788 12109 11130 7192 5384 7794 5802 28750 12364 28743 7406 5807 17797 10662 7182 5396 3145 11115 18844
976 3555 12258 14606 6754 15170 12267 16639 16618 15343 14492 3606 14591 13460 17237 17090 14642 15065 19069 15197 14718 15339 14550 15188 12919 17240 20305 16998 24104 15063 26160 17861 6760 20252 17769 17241 22827 16390 16384 16979 8118 23836 17964 24101 4375 20094 22256 22254 758 24986 14297 29114 14584 15081 27732 15187 17544 22765 25424 30515 4802 29191 25819 22370 18740 23437 21805 13253 8116 17257 18269 27490
977 9504 1970 9528 10232 4739 4903 7590 3499 2600 6948 4730 2643 16908 3500 20764 7705 12960 7937 8759
978 3092 1010 1734 20899 10703 809 5 977 11209 999 1111 8655 8911 1003 4219 928 4010 3706 3835 4585 8023 1333 5757 9948 7975 12466 9730 2081 10989 3980 6074 10829
979 5621 4515 4539 4392 2644 8340 10539 3304 3751 5243 4592 6193 7208 18470 82 9860 3456 11469
980 6819 1112 27659 3883 4107 957 1533 28098 3996 2106 17566 5078 1109 6073 1328 3861 9711 6579 3983 1315 1311 1178 17334 5882 11718 20895 11256 14249 5270 4013 11053 8655 27468
981 19969 10298 4946 23366 1587 8275 10729 4980 30081 7079 2857 19947 1584 9598 12773 29849
982 4375 18071 20792 15172 11872 18745 753 15184 15081 15099 18334 22287 20661 18748 3547 17031
983 13987 12881 6422 4782 1020 12576 15543 3515 1848 6465 22391 4045 28660 22316 12198 10795 8058 6023 1027 5856 3419 27337
984 23543 5861 15930 7246 4095 8238 10000 3379 15695 3378 4156 22717 23873 12528 15293 6370 1281 5916 22067 25899 8426 10535 5899 14073 1350 4243 30524 30525 27358 27447 29499 19865 28067 10474 21374 775
985 5611 8117 15639 15432 15427 30206 2788 19534 21140 14 3198 62 1367 597 1536 1385 572 87 6342 1504 8382 636 563 7 6097 78 8004 4592 9319 66 2563 8377 10288 666 7282 614 2814 72 10620 1525 5723 84 755 652 1527 705 0 547
986 7600 8329 7448 7337 12832 10423 7585 9761 2616 18372 5177 6377 7092 3324 10083 19120 7854 3486 26855 8171 10408 20132 10418 10407 2609 636 16793 3378 4905 27746 5358 10420
987 1318 6387 7501 1003 4781 1987 1719 1451 813 929 1469 946 788 6680 7098 10473 972 2201 4031 10958 6717 1598 8256 1663 8198 5015 2255 1908 1859 5644 14794 11037 7660 14822 4051 9827 1662 2162 27714 8933 928 14265 9135 3090 17283 5325 948 1864 9946 2363 2253 6103 9690 10825 10908 15547 11520 20255 13342 8140 9841 1915 673 10276 3410 4188 2953 11662
988 3327 6267 12277 4621 8724 16784 3247 5536 11448 10100 20311 4528 3972 3294 7617 2627 8452 7154 25872 2674 3288 3338 4491 6601 6783 4123 3738 6090 1819 5834 7205 18615 4526 25387 7606 15883 678 6805 9300 29077 29623 3017 20103 10839
989 6220 3738 13190 11581 25557 11443 5713 30548 19772 2966 29320 3741 4515 8205 15871 15462 5594 3745 2653 11459 20407 11657 7147 4826 13447 7059 3272 9860 5621 20494 7205 7625 4530 2612 20014 8732 3306 11386 4789 9873 8373 9200 11712 20755 17844 6267 8692 8354 8004 26094 19793 3344 19421 5727 16916 30549 2707 6481 9560 3495 6662 4496 19895 5510 3466 5536 8353 19884 3949
990 19029 3972 9677 4491 3924 8721 20391 7897 5363 10373 29173 7966 7604 4638 11741 3358 6249 3249 7067 16294 10091 3339 15964 9310 17299 4525 10093 1958 18007 3950 6282 2645 22602 10372 3471 5612 3466 3491 8738 3236 3496 20483 3341 22213 7289 4731 18582 12390 2648 3395 13263 3295 8731 3037 2656 5657 4821 17653 10097 2460 9660 8473 11669 3034 2812 10085 24677 19087 2976 5036 12840 3328 19840 13151 3347 9339 26272 3384 7895 5350 7009 4403 3008 3320 6688 3365 2483 13892 25385 9482 4126 18483 2577 7224 7591 652 2680 4911 8359 4553 7706 8470 9320
991 21165 4540 20933 4820 6316 30049 4922 10943 2642 2638 5202 7207 29644 9511 7617 7883 17695 8492 3492 10945 6632 7949 3344 8477 6098 2500 1375 2805 9991 13206 15597 8732 1746 14829 30551 4925
992 4208 15610 103 209 4427 13884 11290 4210 8777 8772 252 18601 16128 23205 17258 6746 25695 18812 24294 3602 12366 16113 28487 20577 8778 13607 19313 14206 19223 26021 30176 11372 9105 28990 264 2762 19497 10948 15393 19671 11316 13480 297 369 28286 406 30152 21357 11371 25244 322 15413
993 5851 3833 3510 6022 22504 20234 5672 5857 6054 29497 28070 3332 84 30557 5924 6988 9986 28489
994 14606 3591 10444 4316 18071 16121 21100 17514 3593 13155 14686 18051 15018 16522 15208 19873 21077
995 13545 811 29536 11915 12222 3514 1046 9662 8937 776 6008 10651 3975 20628 7999 798 9002 7498 785 4760 1783 8043 929
996 1132 9083 6896 11003 11091 1127 4442 1164 4859 11426 511 9101 4311 18452 503 459 9066 489
997 2625 23586 734 8414 14653 22542 2631 17159 5191 735 10404 5523 2600 9478 2966 81 19534 2638 7694 4398 7154 2803 16095 3348 8433 8451 4535 3466 19535 21881 11445 12191 21402 19028 24971 7148 8577 7014 29270 8573 26687 10837 3747 17654 7013 6805 26902 16801 5349 4541 9476 2630 7706 13024 6094 4924 3017 4743 10414 19556 7625 28793 10690 4829 10095 5193 8435 25744 11588 3504 8480 26515 10100 4124 8734 1967 9499 24840 17109 5535 14252 7003 3025 4496 3324 7697 7927 26531 3949 11591 3273 6621 6625 9522 1822 3219 19756 8002 8746 2646 4548 1817 25368 12319 3241 2522 5203 8243 7205 10076 9425 3476 7909 19123 7615 6152 3373 17108 19872 7932 7949 4937 2805 6320 5344 13709 9529 17118 19831 19545 9517 7852 4615 9030 5536 9509 2503 26383 3739 4600 4523 4598 7716 4744 11443 10233 8744 6311 10839 7628 11462 7707 7776 2539 7708 14991 23591 8461 27842 8753 1383 13150 19016 6809 3496 24552 12253 13206 16915 8693 12045 29804 12033 7955 14657 9536 22690 15882 2395 8205 16913 9340 2518 5218 6940 5236 2521 688 20310 2644 6732 741 3327 16919 13909 29273 8738 11476 28528 5598 22957 8760 26734
998 25238 1298 1476 999 4244 1225 4171 809 9704 1652 20187 19715 13847 15791 22132 2038 2323 2390 5912 25769 8803 6044 1446 4236 5669 5839 1936 1472 5644 1811 2714 1329 14962 1293 1796 8250 9035 15554 7117 6926 6565 8249 14100 1415 2418 8153 12210 1317 6589 1246 21542 13567 15697 4188 3004 11214 1022 923 9693 1078 5068 3813 929 5563 4756 12058 1827 23262
999 7146 10090 11473 20308 25829 4627 11445 576 28493 10862 29916 3472 3481 20310 5191 5035 3331 25461 3289 4917 1456 8451 4918 9913 6295 3277 11474 17075
1000 1813 590 2642 3954 4577 4711 6803 580 2569 3770 9233 3198 1815 899 880 23086 11457 9422 2794 1160
1001 4115 9 1761 2584 1008 2649 665 5113 3980 1815 8944 666 8045 7218 1412 5017 8034 10848
1002 5693 3839 1038 1539 1009 14834 11845 5268 1090 1554 1721 8839 1658 3089 7645 6717 17959 1113 1723 5311 5310 2150 10601 5321 9765 6116 13374 9709 19712 7482 2096 7048 10989 1952 2159 1889 21890 10603 12219 11416 13725 2138 19263 1430
1003 14813 18345 1530 7555 20016 9368 23116 28094 972 1348 803 10890 1881 30596 22615 11374
1004 17090 14403 20781 15150 756 16219 14427 16987 19075 13423 19068 14718 14487 24326 16622 14668 20092 26236 19064 22835 26538 3624 14605 17100 20259 20256 30023 6734 16728 6754 26353 3574 22048 17241 16674 18055 27325 19926 14928 23434 24106 18713 22262 25343 14691 16043 28022 23945 23424 20086 22268 18654 17461 29888 29391 28020 25423 28195 14713 14444 25749
1005 11146 912 5629 28789 2061 2336 1787 5989 21023 2003 11415 2941 20638 9977 8644 23181
1006 11178 8256 1038 1520 13100 2061 12070 5635 10893 26463 10029 2218 30601 6935 2032 1517
1007 15129 14678 6762 23248 24022 14749 20259 25279 25112 24028 10455 19908 24121 8784 15250 17261 23997 26280 22177 9795 23823 29145 24279 17199 27046
1008 2251 11043 2228 20990 1362 14842 23405 21665 15440 4278 8085 2301 2382 6860 8977 10573 18233 11688 28093 23081 12565 26046 14140 2305 1663 6992 27450 18441 2359 27925 30088 30619 9795 15642 26066 26714 10897
1009 22123 15186 15029 17045 15207 19408 17320 12916 14474 15217 19033 14365 18075 15124 18646 23838 16717 21697 23935 27013 16056 23954 3674 3638 22350 17031 19922 768 6741 11599 18215 24656 24037 10139 27514 6746 8308 11874 23959 14725 20004 14744 18064 22437 10025 19944 15159 14706 23233 25748 23158 16123 17261 18692 18810 4801 24104 3583 16064 16019 14295 18963 3676 21475 24243 21086 2883 22442 6740 24134 24116 16856 3612 23923 17769 2875 14300 9324 18032 18767 24258 23841 15090 24068 3528 22387 23929 14917 8809 18697 23834 15188 15236 18217 16882 19402 4800 19184 14384 18105 19398 22257 3656 24002 21045 22860 21132 14517 23989 19928 22005 24316 24133 29143 16036 3637 24259 10138 24297 23654 23921 25283 24369 13464 21774 16624 22036 24026 19067 3633 24108 24242 14904 24817 24528 22017 16135 22827 24980 19934 27325 26202 17500 14538 17544 2443 22151 24349 14672 23022 23730 26473 19880 16994 17885 24660 26143 26399 18764 18798 22620 21038 20002 22276 16553 24355 11603 14435 19601 4179 16648 3065 18128 884 2903 24423 20257 14598 23249 23422 24084 15235 22265 22153 24029 15581 24360 24271 21800 774 24382 22010 14929 24371 21020 24438 23361 28784 24427 18781 24400 27553 24376 24288 25151 21498 22376 24338 24459 3650 18941 24117 24388 24422 2873 20001 23026 27460
1010 6091 68 608 899 547 666 72 73 3192 2489 654 1367 6795 614 2966 2542
1011 5888 21308 791 2251 3842 4028 27350 21682 18625 23896 26713 6869 5870 2384 5929 5937 19946 27161 10888 10325 2166 13854 2212 19996 2457 23187 4259 30641 14132 23194 2305 2206 12563 23192 12595 3841 30642 1770 1312
1012 472 15453 18448 11099 14087 869 4310 11097 520 16972 4852 495 4444 11100 15455 471
1013 5009 3794 6907 11342 8828 9842 930 1104 3781 10481 1450 5697 15518 1336 6854 8934 940 2122 1426 6573 966 12351 8952 4764 1097 8851 1056 1333 3826 6018 1107 7490 1794 3520 5 988 8023 2113 9043 6464 1188 4230
1014 6408 16743 8911 7098 9025 3794 22920 11523 2096 18160 9415 8175 20643 15517 7048 12629
1015 20798 14259 15204 16380 3577 23503 15013 14748 15129 17341 17058 14999 13153 16385 30643 6747 14939 17523 16617 24645 20663 2446 16376 23678 14460 14485 17048 19065 17557 23829 24138 4313 16654 15133 25280 13453 21769 24927 14441 22626 16868 14488 20305 17320 15226 2445 20297 15170 16123 15231 15187 25284 26036 14470 14442 12267 20775 16891 15011 15339 18061 20280 11163 18737 6750 16857 16864 14606 25412 15225 18695 20371 21421 3555 9644 14593 28683 2882 2892 14432 14284 17513 12916 15582 15012 14698 7074 15252 17556 15125 10025 14935 20122 14419 12255 22628 15037 16468 18783 17185 24530 24416 21326 22252 23426
1016 5396 20903 5793 10339 2931 270 7384 2930 638 3525 7788 3524 19448 224 19733 28007 170 27721 19495 646 25201 14275 28738 28346 11127 17165 9124 25185 7835 28345
1017 7466 9019 2405 2408 8613 7406 9262 7172 7471 3727 3019 15576 2415 25191 14220 17801 11134 9265 26410 6923 25641 6036
1018 3459 3186 3485 7150 24796 4487 16141 4888 3301 7927 3327 27699 9847 12052 24792 21746 7625 7906 9859 4589 8459
1019 7231 10652 7488 1335 25634 22065 26655 21584 23798 14070 12466 4088 4056 2419 1884 1008 6837
1020 20132 3344 10411 9301 3229 9864 6189 6953 3492 3898 4631 660 10065 5513 25654 3332 3471 1956 10249 1815 10408 11697 6140 16789 7594 28388 26096 743 11807 7930 12384 17642 27684 17639 2625 29362 11440 17352 3489 1816 3352 615 7900 4830 6212 10 10669 1457 7904 2613 28844 26113 7706 7921 30684 3477 18378 9502 3021 3211 5540 30073 4730 16796 17654 25066 12292 7613 9503 3473 2630 18375 3303 8480 7578 12860 18371 3130 25729 15872 11054 10694 3025 7603 2647 2631 9197 2794 7617 688 4599 6091 9315 5535 4601 16801 27591 8477 4600 2605 3504 4829 4644 7912 9512 1964 3023 7680 23358 6172 3392 8351 6092 26789 20885 4123 10095 9642 7573 17122 5614 7600 7616 21431 7572 13487 5364 6347 6628 17162 6625 5598 7908 6370 3482 4898 17612 3291 10086 2537 4597 2796 4542 2632 3476 13024 9682 574 10316 10485 8007 10945 5709 4603 7890 18263 11439 7927 7697 29403 9530 1965 25645 3927 2807 8746 10097 3319 4594 3348 3364 5360 12291 6956 1972 8396 11598 25562 17655 17613 4834 7822 23357 3363 2600 4705 5607 25525 13444 13038 27586 11704 10837 10691 17671 7875 5536 2860 2975 570 3325 3349 6713 13526 23590 6142 23359 7944 5345 12402 9936 3230 70 19883 744 2393 11624 11637 3133 8002 8753 3508 4322 2548 13165 10303 7949 11442 30685 26137 7948 6311 12294 5729 12975 79 5403 14755 16293 8392 3741 8673 25545 4525 9229 6685 8449 6631 25011 3194 19780 17926 18380 5358 26679 6163 6161 16314 14164 12863 19809 8743 6630 5524 7014 16301 4614 6152 13504 9492 4638 12391 9557 20705 19123 9537 7623 12319 29269 12305 13045 11059 26188 2519 892 8683 23291 20034 6175 25909 5361 28955 24671 19760 3316 3937 6223 7215 13588 9527 9893 11444 26461 17681 12247 12310
1021 9040 1517 13199 13832 18587 10538 8827 1342 3164 20065 12602 3807 10006 5270 1688 1789 13220 23237 5055 8628 13580 19715 8626 12615 30686 14811 10559 24747 6677 13299 18354 23236
1022 4216 384 386 230 15372 16203 11680 7386 186 209 4208 167 15474 150 9813 4214 15802 5092 21356 5435 5485 9700 8783 262
1023 4539 2638 9719 4495 4730 2653 3362 14655 3468 2537 8461 29623 14167 7 16 8360 11 7823 9891 19126 7151 3036 4394 6808 3472 4507 4592
1024 18532 4950 11930 2850 10732 4953 531 11752 23417 16415 2856 4948 13428 20428 549 12688 4964 3044 12655 19039 12656 847 4962 10267 16480 4954 1211 11564 2834 11545 1203 12735 17385 4976 7178 10270 16420 526 1587 833 9595 12737 2844 4989 3041 10736 27859 12652 1208 4959 12702 11937 12659 1600 12717 14317 2828 2854 20446 25628 8699 7081 13750 1574 8789 19703 16418 1217 9770 12724 16427 1162 2833 12675 1206 23240 27248 544 19660 9620 1199 529 1546 28890 835 17774 28588 16340 11931 7078 12784 12672 4971 4974 12691 27584 16403 28853 25632 11542 3043 7084 16435 26100 26660 1596 1607 22515 1156 16460 16422 12909 15512 12786 4955 16436 21175 4961 7040 27393 12654 11618 1568 16405 11613 15515 11941 16837 12700 22737 27638 22510 11610 2824 1540 2841 29847 7765 10726 25630 10733 28891 1558 12664 9275 12904 27559 2836 22820 9588 11557 11938 20192 542 18586 8177 4977 7417 534 10686 639 11166 14302 12748 7042 19100 831 17396 16449 19951 7077 27963 12767 10723 2852 7724 17390 20431 20442 1196 12899 28659 10022 2831 12903 12754 4986 14352 1154 12714 23419 29911 16458 10734 10551 17379 16452 28307 12912 29183 12901 16425 541 12710 16841 27392 16416 4972 19702 4992 1220 16398 23243 11615 11755 13178 20449 22518
1025 8782 7752 6927 10912 23078 13097 12627 10908 1335 1513 1519 17268 23794 6641 2297 30696 18407 1517 1520 1522 1695 6133 3697 30697 2305 1627 22423 2417 8196 13099 6676 30150
1026 13628 2568 20888 11 2682 3967 2528 677 715 660 1534 6090 83 3959 4575 1525 2569 8458 2570 2790 652 1637 8004
1027 1503 4855 9390 4852 461 9147 11093 4310 3180 728 11099 520 11086 1500 2820 519 17126 501 7321 17129 1129 7319 8674 866 6076 7372 5542 8672 11097 4864 487 492 724 25981 489 7318 1126 463 723 18452 11071 9396 4447 6890 2668 1488 16974 14087 721 11091 24946 7363 7325 6700
1028 24349 16025 28770 21964 18188 19350 18557 24438 26846 27105 21621 30025 25788 19195 24216 3606 25045 14415 17031 16128 23433 24102 25816 28092 15020 16058 19298 23017 24425 4373 26765 24278 16123 29061 14457 25354 24356 17532 26940 28391 24610 16048 3615 24276 16657 24399 20125 26767 27291 24009 24916 24650 26298 27526 24338 22156 19037 24306 23528 30704 16937 17100 13729 18963 902 24201 24243 16542 20070 24506 19411 25219 26880 17184 28697 24319 24347 24500 24209 6751 13144 28772 24044 20145 28648 25107 23977 21842 15197 21547 15170 27293 18783 20613 3614 25768 6746 19194 9795 18270 20257 22260 19185 9763 20094 28786 16499 9375 18702 19934 29707 3669 16107 4380 25217 26850 24026 30705 16059 23025 26061 22123 24457 24239 24179 20830 19398 17769 18781 750 25048 26881 29007 14718 18923 23923 19390 20572 3646 18092 14470 17750 16043 15136 18795 18431 21125 23435 22161 29730 18112 27733 23423 3621 30157 22272 14688 14531 16017 28824 19928 24108 16856 24499 24114 4640 16887 30043 15023 18962 14682 29395 27466 24529 29195 30706 24116 30541 25055 16072 28769 26942 14381 24371 27540 30531 27458 30707 26604 16227
1029 938 17775 8838 10774 9242 6395 21573 5945 3409 22832 5902 11992 9450 5701 1172 11265 4079 1265 13247 12072 9734 2011 1484 6579 5959 9733 4100 5883 10123 10486 4806 11736 7162 1009 6866 10487 974 4089
1030 4207 7775 7696 547 2680 2468 2895 666 5626 83 5657 7014 4123 663 79 5373 2649 84 4887 664 2527 4707 8458 5624 717 3334 3241 657 12402 636 1367 4323 21860 555 1527 632 6691 567 3332 66 4599
1031 899 1815 567 636 72 1534 11022 855 4592 11692 7306 5030 3213 3298 678 892 7019 4594 2565 2494
1032 16220 16129 16127 20004 24253 15251 18736 21798 18032 22022 17735 14963 12929 17732 21547 24116 14964 23402 14519 23022 16642 15582 4373 19412 16994 23998 23989 22700 14701 6740 14501
1033 4869 15819 4514 892 3449 252 19647 7264 19803 3347 5679 1639 547 8165 7463 4870 5624 30720 16899 9122 2656 654 7713 609 678 741 6385 788 1798 10490 62 707 5537 7629 21459 11662 21681 4019 12173 3616 22426 16931 21180 16089
1034 3018 1061 9207 8083 5859 14056 1332 21581 8238 9732 24828 16491 22718 9205 2390 1875 21594
1035 630 7268 2860 2568 2535 11 1456 2462 18253 1815 6090 87 1459 909 3089 17246 13734 7309 8796 899 661 2500 14 712 1661 3237
1036 1372 2651 10 2477 12972 10100 1814 4341 2979 9522 551 6805 665 741 18332 3025 13442 4548 13255 8757 688 27752
1037 17253 190 150 8779 18394 14026 13594 14019 5440 13595 9788 19633 8769 2757 28128 171 2756 336 11493 22546 4356 398 4351 21705 21386 23329 420 13480 45 15359 363 19310 18393 5489 2775 8858 11032 5483 23074 247
1038 3461 29882 27816 17651 22609 6161 8395 7200 12340 9539 9536 12495 27606 26384 28528 12051 9581 17844
1039 1112 4472 1003 929 8194 2663 1855 2457 12024 1267 6524 9217 10490 911 6582 1102 4018 3092 10283 8978 1178 16216 9218 6512
1040 20260 3602 22350 22122 24465 24245 14725 24519 18270 13118 20004 21964 24300 24460 24433 24660 3673 24211 27529 13456 21498 22795 22793 16056 19402 19195 22800 24071 23424 30739 18783 22151 27516 30740 29888 26314 24500 22806 27500 30677 20734 26040 20182 24392 22444 24009 24456
1041 1003 8182 977 929 972 11539 7270 2337 20969 691 2871 13781 6857 22290 15936 19566 6937 4059 19054 11907 776 30748 4071 14335 29344 12074 9010 6992 1113 6860 5144
1042 14381 6218 666 2968 23672 23621 8778 14 13774 3 11742 4374 4398 16501 3602 18736 21048 16096 665 7580 61 704 2545 30629
1043 8453 17708 5723 734 30071 10086 5539 3038 2616 21218 25510 3364 9226 3195 2979 12850 10093 26796 12033 13489 657 20503 4739 3496 4134 3508 18623 6960 3378 28352 3255 6766 1525 3362 25511 20500 7941 685 3272 23296 3947 17587 7228 3925 853 26114 21885 11055 740 6150 27912 7597 30761 6336 7600 10232 13268 30550 2599 29775 12484 30741 9549 11692 18998 4594 23281 13890 29327 8472 15957 8399 16283 9273 4324 3747 5724 15866 13451 3334 26524 10604 2533 614 7929 6090 4540 7339 3361 666 23739 2681 3215 15471 28107 13255 9118 732 7067 27896 6727 13637 7170 6327 3445 11515 1377 16300 22682 7858 19466 12303 28423 10101 3368 8411 10768 8395 30111 19862 17612 5610 4561 30762 8202 30763 5605 28353 5030 17299 23766 16272 6067 9225 6449 6296 11068 19232 22344 12835 26802 3497 16794 2796 18618 4206 18950 24833 13280 7332 27815 10081 28422 854 10375 2860 1536 15962 20512 14253 4888 7608 3486 18606 9686 23279 14580 27612 4642 25512 8340 28436 12973 12037 13266 26686 3332 6331 7908 21831 12296 30764 27624 14985 13540 10391 17623 8402 8722 4136 11389 28424 11671
1044 3972 2533 2895 666 19061 2860 5044 4129 6093 574 7675 2681 4715 16182 17459 14972
1045 30767 15487 21972 19228 19330 15913 3064 18184 16083 2878 901 17564 3065 12381 12382 16546 8817 17104 19317 20078 12266 23228 13105 8786 27837 6963 19415 15625 26856 11633 7260 14566 20861 6743 16082 20573 15317 11600 15252 21273 20697 10431 6968 8460 607 4577 8467 877 10657 552 3069 5602 1814 4207 21353 27266 16078 17421 22525 22332 14523 2447 27993 2445
1046 1035 2438 1787 1001 1284 2440 954 784 4065 10589 1017 11537 1914 1063 13566 14281 4592 6263 2452 1057 5074 2652 5692 1281 4771 7648 5697 10710 11860 7565 930 7997 1440 1772 12892 798 2196 1711 2390 1097 1101 557 6388 10386 2454 978 1107 10465 12429 1825 5028 909 9713 5068 8182 5099 1446 6511 3412 11864 1064 7135 3943 7243 13834 957 6548 18211 3986 5076 803 1823 4032 6787 3092 10325 6937 8863 2649 15831 1627 6443 6410 3520 966 1390 814 1827 9247 10877 1241 2346 8256 5882 1177 8835 1629 1081 10496 7654 1026 7241 3084 10349 11734 922 8093 9988 14955 7549 13657 9784 6008 15934 6869 16331 12489 11910 14110 6877 23817 2273 2075 6411
1047 19516 22 20140 93 140 227 11320 37 11283 21387 400 135 92 17252 124 15399 5410 146 11291 7347 15394 15380 286 178 19617 319 34 134 9406 119 36 17893 414 19508 13482 14021 14015 26466 11493 29343 26107 19484 23374 9052
1048 17743 3611 14670 16380 22441 22021 3538 21801 23955 3679 21999 24193 14949 16016 16717 15349 17532 24221 6740 25154
1049 892 3315 3230 3318 6356 8722 25299 16286 9421 4828 18998 4520 748 11624 19760 1375 3215 13057 12862 7937 2963 4638 30776 3294 19898 30777 15993 22092 22082
1050 4248 28983 5014 14067 938 5704 27427 11331 6393 920 4587 17914 22833 9697 1852 22308 22830 3012 4688 1292 1182 11357 17848 22354 6007 712 9205 2489 13818 22355 8705
1051 17112 5593 15402 4730 741 1816 20310 13586 2651 9460 3289 10095 10860 25377 17162 8763 9856 10880 25872 3339 20955 5244 6225 28398 5609 3229 4526 9859 25387 17111 7895 19013 13504 5524 20311 12254 25920 25922 26933 25919 30034 17067 11456 29250 12043 5242 9484 4544 3021 20014 3379 4600 6370 23280 4124
1052 10694 3956 10286 731 5187 7963 12608 9879 1288 3485 732 4744 17639 21579 30782 16248 17594 6357 6286 17329 25301 587 23085 1956 591 3028 660 3282 2979 7682 80 15984 18260 12140 6094 4124 3821 4127 4629 28600 12289
1053 1101 922 2783 3962 2451 7652 971 7645 955 9 2438 916 8318 994 12573 23001 1401 3969 17206 7480 6407
1054 25860 1963 8463 4819 7919 14653 11588 17080 4730 675 5727 10286 10235 27087 11692 14012
1055 8322 26469 10328 4320 30790 17849 24715 21465 27308 10630 3703 11157 30791 5879 12459 8106 30114
1056 15915 12511 8627 4101 19739 5 20891 1300 1616 1871 20893 11352 4684 10785 2250 1653 12475 6371 8960 7996 3962 11519 9011 2039
1057 748 3298 1378 572 8002 13269 26971 24964 19129 10147 13940 4898 1746 13068 9643 3375 9761 11717 2966 12052 22991 1383 9112
1058 1038 2018 9820 6008 2166 6887 1037 3822 11645 3910 26162 2135 2323 10362 1865 1867 4687 7225 1385 16778 16494 1639 792 1608 9744 3404 11327 803 23858 9414 1719 4809 1944 23816 3941 1058 1183
1059 1616 14279 3011 2040 3795 11791 1695 1468 6933 1296 6646 20629 2157 30751 11051 13100 12162 5298 10928 10125 1611 20402 11187 30805
1060 12255 765 10436 20092 20801 16108 7074 14672 18754 3606 18793 14718 18749 16885 27996 14503 20950 20371 15129 17057
1061 5612 6532 3322 1848 7834 10349 6259 6170 1113 2184 6358 3320 24947 3037 4124 6913 9761 7067 1021 8467 8336 3219 11023 937 8250 2803 7167 6443 2484 13505 19564 6094 8401 6239
1062 10694 6149 28058 5513 20492 5190 6711 5230 3320 20406 82 5201 12406 4927 7891 3257 16968 13008 6536 19026 12035 30424 4617 5227 16922 16094 25549 24552 13015 1958 20419 6821 10605
1063 10416 3950 28207 629 9685 3215 9465 18951 6142 3254 688 13279 17298 8753 6328 4738 29490 3289 6223 29748 17879 26665 12405 13984 30823 23523 20804
1064 22552 17169 18869 2935 8615 18813 8514 18883 12365 11114 7413 5781 2932 638 5755 8517 25862 9283 10196 17020 17798 5808 8268 25200 10192 2937 27102 23519 5397 4330 15726 11115 17934 28725 11654 30832 5787 7410 11141 16236 7465 4332 5394 8793 11412 23102 22570 7794 11404
1065 1813 6153 603 608 6090 2966 2470 11 7019 6151 654 2979 2778 687 78 2552 10945 3298 1817 1970 10290 13255
1066 17718 18064 18188 21972 3650 14506 3645 10446 15056 19923 18790 21062 10430 21552 14300 14478 4801
1067 26645 27117 3065 19289 18185 25584 13252 14491 23574 30355 30595 30839 28635 19159 18293 19414
1068 5527 7897 4127 10286 13921 9759 25875 18346 14043 7942 21871 6713 682 14658 14978 30071 25529 15894 29106 10396 8408
1069 10576 1008 10637 1333 2081 4118 1027 6856 10556 10638 8589 922 3692 1062 8015 2457 6358 10565 8566 1417 3421 8027 8041 1675 12460
1070 16383 26799 16107 7016 21079 18121 23422 19184 20831 26178 18557 17750 17738 19878 28551 3601 26280 27215 19067 14091 29469 26631 16054 16986
1071 11041 1908 17287 9397 28081 1850 8183 3813 6717 2942 1722 788 2122 3849 1979 13735 1627 2040 21360 12429 7561 6687 2236 1719 2077 1798 1736 6635 3807 2260 2253 7826 5277 1902 1881 2363 5330 2150 10986 1990 8195 8650 3159 1731 2035
1072 14310 13182 11542 12147 840 10836 1579 1560 4958 2827 1543 525 4960 10732 12672 1570 11937 7040 1587 3044 1202 1156 651 1140
1073 14970 18793 21331 12181 17731 3606 30732 22123 6762 21813 25707 14389 22158 8713 17735 17502 16220 14411 14526 18782 17719 3574 21817 21962 18783 26956 16704 19412 19400 18574 25722 17045 18108 16990 15197 14416 14527 14644 24615 16994 15241 17965 17261 14503
1074 13373 1510 6047 2425 10650 1695 3056 1008 948 8189 11966 1767 21609 4138 17833 1850 7752 1783 2958 24572 13094 1879 5311 8030 1706 972 12025 2099 13715 2024 3011 2950 4155 2146 8650 918 1754 18392 3837 7234 5257 11318 1874 1333 1748 3703 3418 18456 8174 19377 9245 2944 5832 15555 8667 6870 2047 941 7294 2100 1386 3969 15795 12471
1075 12705 23479 17357 19044 13126 10723 17359 28890 18533 16429 13120 12743 24303 2847 12914 15516 27863 30128 11566 4958
1076 9319 12391 3889 26148 9940 6269 11064 6189 3885 6160 2784 4121 8396 16775 3761 6172 6662 8421 7288 10409 1746 555 19885 7339
1077 10302 20463 7153 9860 3038 3488 7889 2600 5032 7905 8343 19534 7813 9499 20101 7070 8422 9484 24532 9586 9526 7208 11707
1078 9834 25595 22614 10490 21633 5947 27974 3092 28854 10506 11578 18440 17276 1523 13836 23117 6494 23120 23181 8015 4781 2293 6116 14131 11430 21377 4279 6018 13343 30897 23122 1688 23170 2356 14137 1072 1114 6989 1761 3795 2345 10921 23125 2322 10532 2365 11435 2099
1079 795 2077 972 6717 1761 66 1984 2363 12472 2069 1993 1830 3085 2162 6927 1981 792 18564 15814 20398
1080 25997 15163 3673 3577 15010 30118 24981 7075 3606 15012 610 3536 8786 14674 23834 10625 23840 2901 14388 758 12920 14381 15219 17046 20252
1081 4645 15062 15196 20096 16890 16881 26799 14405 2875 19523 14799 14437 14488 20252 769 24655 28457 15226 30902 3557 18066 14477 16964 20820
1082 3983 5682 7489 7528 14281 3163 8788 9500 5679 28632 1276 10810 8144 10961 1183 1624 1756 7486 11255 4682 1682 1400 1805 1809 7985 1766 10473 1108 4088 20912 3845 9975 1948 5732 13469 3378 597 1098 5870 9242 0 636 755 6873 30915 7491 7825 8377 984 9834 1247 30490 12587 16495 2235 8935 3996 4084 4996 3779 4678 79 944 10828 21597 791 10477 13221 12894 3856 11020 12063 1234 3878 3165 3733 1931 11273 4672 1841 14179 2242 11527 5143 1648 3789 18562 1619 15760 1954 12176 3846
1083 3025 3225 2860 608 19747 5344 3306 684 7276 26811 7585 15460 7688 5520 5621 11455 8577 3008 15322 7208 4730 583 4554 2979 7623 892 6958 26273 19742 5530 10539 5374 25660 7572 3490 6806 18944 3326 5601 4629 3751 3495 6802 5834 25099 4819 4515 9859 23725 13936 3346 6810 7629 15389 30918 9565 27582 11844 30919 9510 20013
1084 14054 20958 22671 14050 9205 4027 16486 11358 16252 3522 11335 21581 11901 2661 19867 11329 14066 23638 11340 10773 11326 24574 12072 5551 16253 22718 14256 15694 9414 13805 22070 17923 5078 17776 23790 14255 18234 5672 5841 5985 4281
1085 13199 3995 4073 1695 8618 24688 22722 5075 11185 7757 23207 28319 9243 4178 1296 925 9973 2948 7566 19673 1891 13331 3054 28350 2368 6464 1916 7519 1348 907 1312 8840 958 8220 6359 2019 1783 18587 6 6383 8873 1690 5636 9242 1648 3089 1010 8787 2196 4221 9356 2331 1008 2039 8248
1086 665 4124 660 4625 17329 580 1371 7342 591 4583 12481 2458 8930 5404 23872 1345 14 2554 550 5612 7481 4764 2659 675 6094 10694 4548 8665 7 2515 1459 4561 1817 2860 7107 4140 3941 4205 5367 4924 29975 10249 8377 3028 12087 3127 10505 3211 8753
1087 24 455 324 2744 13481 21913 19497 8771 339 11307 153 19498 4407 399 20143 229 15282 336 2737 286 5492 288 19503 2746 8773 4421 19511 17253 25057 19510 8819 19659 21393 297 17195 23331 5440 4433 13594 15406 23340
1088 22661 10890 10316 8179 12438 10360 17224 3049 6857 15671 21160 3413 1931 20177 23150 5682 9419
1089 9567 2526 1336 15714 6442 11034 4076 6859 3843 12226 4047 12414 16331 4651 18163 4078 4096 1901 8709 1348 18413 20045 7809 22550 4268 8986 14377
1090 14046 13113 14058 9207 14071 14049 1020 9195 22067 3812 8541 14062 22146 21592 5920 4086 20972 11331 21585 10941 11333 4688 22353 10891 22717 1702 1340 8882 3850 11252 8223 5961 23010 3766 13345 11346 13242 9193 13845 30932 7239 5982 21120 10107 21574 11994 7969 14072 19581 9994 23799 25893 19108 13672 21582 5573 11338 5858 11919 14838 17970 13088 21466 8588 23808 5895 12478 6393 7533 13102 5957 9212 22354 5876 9445 813 11686 2955 26652 6004 6003 8233 21584 11347 5853 25392 1706 1071 24716 10049 14835 8587 14053 20641 25931 5868 7546 5873 1303 21588 791 20995 30478 18670 3986 2021 1673 4036 22308 2259 5863 10830 6129 17980 26647
1091 18934 19928 18936 24847 3637 25748 27730 14598 21741 24313 24394 27903 21450 27901 25442 24445
1092 3203 3008 9494 10659 21866 7966 892 22591 7952 26664 5177 7460 25738 25458 27704 10095
1093 26743 15159 28967 17752 3619 3553 23266 17258 27539 22911 3681 3600 23028 17036 29393 29926 28784 30934 23205 30935
1094 2293 23118 4704 10679 1640 11260 3048 8670 1688 1714 2040 10343 1754 18464 1977 8647 3085 13213 17553 11569 10915 13378 8170 2292
1095 3472 27683 7868 7059 6506 10982 3324 11697 4486 7864 9458 3289 4403 10539 2960 7065 9028 27667 12842 8440 7825 734 3945 3276 692 5041 4401
1096 1051 25094 3826 4484 7805 5840 12633 9748 9985 6000 15499 20157 9987 912 5138 15719
1097 1376 1819 2488 5367 2606 675 3008 27258 3508 16536 12052 13064 17673 30938 7694 7939 2812 735 13956 11833
1098 724 7021 11075 6892 9388 461 481 4444 9139 9953 1125 7325 1126 7321 11099 2671 9147 9374 13888 6890 6076 11011 9146 9063 16973 15453 3180 519 4312 21398 501 9385 9160 3178 9087 11085 518 2820 6904 5544 499 9156 4448 11080 7023 7739 11086 4451 18448 15455 9166 9396 11019 516 6080 473 15457 17571 19111 4309 17136 1128 4724 6078 17141 7326 7436 19722 30945 7735
1099 4119 3305 19533 4869 9497 25662 5616 7155 3367 7207 25850 2483 21731 7694 3950 7014 4526 6481 6282 7715 5308 18254 657 3324 6685 4601 5521 8364 3466 2816 9884 4548 6392 16914 2814
1100 3765 6414 778 13775 9776 6520 4484 1405 9980 16806 11525 5013 10592 6430 917 13555 2290 8920 2031 9843 6776 4795 5139 1000 15799 3527 4474 930 6410 7270 21027 10532 4066 7222 1022 5265 10887 4224 14378 9409 3434 22410 20189 972 1775 12598 2047 1953 3973 4459 84 4022 28041 949 11735 1790 5699 27337 3978 15932 1393 4227 26044 3689 4336 903 8853 4754 4007 21652 804 6263 18454 28043
1101 2649 2651 2532 3362 13909 3002 7951 13030 3313 21403 11477 7628 27347 24633 27405 22691 13618 30968 29073 13964 4514 5530 3036 9875
1102 1813 712 5044 1504 1815 899 10619 877 6526 2535 10 11 741 78 7633 10145
1103 22418 15532 15529 96 382 92 127 5457 414 19435 15365 4422 264 267 17191 5460 208 5430 26077 17888 120 13604 229 142 19512 234 321 53 11679 320 5479 20484 15371 11305 17889 28473 307 19606 23512 23371 28532 11317 375 24940 23711 342 19612 26555 2737 391 442 174 341 319 13871 427 156 221 4357 5473
1104 14770 23010 4026 9443 5842 6022 17979 1917 13245 6058 9255 17551 6857 10511 10651 4071 937 7494 13090 1061 20645 12222 10565 11915 1449 6567 2031 2783
1105 17091 18053 21313 10439 4396 15211 2879 27826 14447 23850 16990 14901 17100 15314 2449 26236 16439 24616 17740 18942 16989 3591 16107 28088 3600 17258 30486 15180 18694 28087 28646 18571
1106 5123 1333 5318 26043 9037 8632 8836 957 8906 3832 5403 3972 1956 855 11952 1640 1415 6402 9852 11795 1688 3404 5530 14209 1038 792 2032 7778 12089 1599 10908 2378 14110 4320 13694 12985 4504 4155 2128 3187 3907 3812 6529 3851 5311 8094 10909 12472
1107 28779 7536 1081 6443 26820 14801 6013 8948 7550 1401 1783 2783 911 11342 9356 3696 922 8093 1113 8953 30985 7654 11737 2341
1108 21247 26122 17177 16163 25456 15746 15748 23819 17447 17418 17952 20691 16175 23606 23133 17478 28101 17179
1109 7169 13646 3324 5195 4827 3021 12040 1964 5196 3373 3483 3304 11697 7825 567 3927 7073 2708 899 1958 15949 2485 1815 1816
1110 1176 8051 13850 12025 12024 1890 1315 12447 11861 5672 6928 1842 13371 10111 1682 4123 4126 2686 1637 12537 6816 1616 797 10956 7333 9718 10582 19201 5068 1340 1850 13780 20758 1899 23003 4672 10058 11020 17219 2003 12587 558 8947 26720 4684 21144 2081 989 4014 24659 6552 2662 6842 3792 2717 20989 7986 912 1722 4764 1709 8182 672 10128 11216
1111 21967 27982 20560 19065 26175 18962 10456 20576 26995 29839 24343 23534 14521 24301 24256 24212 31001 14262 29707 10445 26842 18069 10139 23974 24407 30992 22270 30541 3623 29706 23674 29742 16059 24460 28833 26324 24358 18092 604 2557 28557 2914 22122 15291 6746 24485 16011 15340 22252 16717 25804 23908 14519 29141 24293 24412 21043 26726 23422 21842 28772 15000 26767 24462 28840 19185 24198 19350 20581 28657
1112 2805 8454 2535 663 3938 555 603 0 10 665 5839 2393 8482 1815 13296 10145 2470 2778 10071 10619 2968 14 688 2979 4540 3477 8004 3025 3298 13964 2649 13255 4136 5770 12415 19155 14606 2900 19072 14543 18270 770 22076 21668 14263 17917 15582 1361 4225 2661 9007 3978 4592 3945 2487 1813
1113 24068 24173 18541 16056 24271 18936 24070 16010 19921 20576 27325 24201 21964 18763 30026 22276 29150 30336 24980
1114 2642 21402 5190 2795 7478 4399 4708 405 10694 131 3257 3266 7958 13019 7825 891 5046 6624 3031 3319 7073 7230 4403 8475 20481 2595 16534 4744 4508 5407 2613 7914 9202 3743 8396 4533 13898 13438 6239 16816 9719 10037 6165 27717 18415 1958 5507 6313 6558 618 12371 25662 2574 2796 9487 3948 7617 3310 702 3752 6662 15905 12186 25744 2807 20017 577 16792 25657 7003 8691 12242 12313 6180 3296 3345 1752 15954 26096 13505 13437 6228 2627 6210 4594 3741 9318 24949 13525 13526 8734 8406 6237 22480 2628 3471 16309 3311 13495 6215 21605 9890 745 19852 3383 7697 2790 30274 20822 7682 6620 6369 665 9109 5504 9681 27261 3919 746 12860 4603 10697 17665 29403 5239 28996 13509 18371 7634 2973 3896 6614 6258 6294 26919 13432 12019 29330 16775 6160 1385 13500 2586 678 31019 13506 18483 5350 26374 21400 8434 1968 9530 7775 7215 11635 657 14158 7005 7013 19541 8449 8735 25320 28257 6181 14328 6340 7693 17609 6347 80 8391 6357 6346 16535 10903 9521 12311 735 688 3222 5347 13514 19555 3456 18473 6152 6631 19128 6250 27343 8758 7949 7055 3342 8242 27250 4541 7604 683 6261 9536 19847 25780 6378 4820 19840 6311 18313 13517 2799 24777 16918 8314 6959 6289 2649 6232 6632 24760 2564 6166 3324 28847 2794 10368 13538 21297 13533 26639 17961 10764 29807 7679 29902 13532 24731 5351 16304 8435 18716 19535 3478 4907 2963 27914 11462 19124 29379 11445 9492 25509 20239 13960 17118 16293 8763 3920 5616 21579 9582 8497 27348 19088 6714 10860 27878 11695 7942 4503 16662 30286 24973 5340 19809 3751 2707 26373 17876 9558 16915 17123 19279 10485 574 9880 25475 8010 24884 6155 4931 26529 5234 6090 10839 29918 26932 20313 5520 11703 20318 21404 3384 7887 8477 21283 10862 8007 30999 16917 10233 3742 12976 22609 5308 4632 27379 21403
1115 566 6189 2500 3933 2527 6106 78 8690 20294 6535 9498 5593 580 3491 747 18372 4898 2708 3936 81 659 6149 3373 3303 2895 17982 574 16277 12284 18677 606 16776 3200 80 25323 6091 8380 6201 3741 20885 596 9487 14044 591 6302 3357 2804 17608 9964 3318 12973 8371 29938 28849 2538 13705 6254 27754 7066 6280 6161 4636 3127 12013 19560 21955 3313 3923 8577 10318 10317 11381 6265 9310 12819 6207 8211 3947 10392 3290 11505 1972 13946 3348 3267 25037 10075 6246 7572 17328 11446 6097 4574 3262
1116 3331 12822 1741 2979 9495 3021 5509 13427 10659 2645 4731 24794 13909 3245 3196 12871 25304 13969 13905 7572 3492 13256 5499 21831 30294 8003 2593 31027 9685 6616 25484 21223
1117 12230 8769 15395 5409 17892 23378 23330 132 16200 19496 8771 387 31037 19470 19222 457 26465
1118 1188 3439 1027 5 4071 8247 3826 5977 1175 1003 1428 928 4115 1051 5015 2662 8920 1353 1649 2191 4065 10326 2365 1012 7644 999 1987 8907 1092
1119 9685 5032 2592 3210 6958 21224 7954 8409 12982 3351 14979 1958 26083 6611 2483 4626 30599 8369 31040 13007 7868 3233 7952 17702 4633
1120 4961 12661 10870 4980 12678 10289 10023 16584 4973 28393 16581 17388 531 16425 12753 26970 10867 12914 1160 2854 12680 7777 14320 10871 28362 14358 10866 11617 23753 26660 1596 18540 14345 27234 1582 9598 538 11612 12663 27236 1573 10868
1121 1800 13101 6058 12554 1652 1954 12478 4156 7499 27434 10910 27427 4084 22068 14056 5920 1644 28212 22939 19105 26652 21594 27428 5014 13395 18596 17872 6877 2134 19867 2178 4240 4234 14073 11340 7239 15113 3516 10846 11363 5841 19865 5910 12539 4006 3909 10247 21593 22651 20412 1763 9812 1002 10907 1517 10237 10681 6989 9415 3813 13385 11961 30519 2308 13857 18194 21209 13377 1670 23081 3703 30334 13374 10243 23179 5120 13380 1695 13831 7759 4937 6638 7505 23811 2958 10980 2093 11676 8626 2261 14128 8139 13381 10932 4149 5257 1072 31044 29102 18172 24573 28613 13398 11955 18545 8633 29694 29954 1751 10242 6637 20031 8191 25331 20402 10030 21212 6646 13356 13716 11538 10912
1122 5697 1775 5013 1706 4758 6507 23656 5120 2664 21623 1426 1987 940 6858 4760 14100
1123 1637 0 555 2895 14 2401 3219 3501 3347 3135 2584 22870 2860 3972 4123 3344 675 7629 4638 3395 3490
1124 15723 22633 7779 7081 23741 1590 10753 10867 2825 12914 1160 9598 1584 844 12758 12771 4983 16835 19045 1559 11748 28359 19100 27066 11750 14344 4956 22818 10728 12756 2455 2429 25764 2856 27734 1573 12769 9831 1198 539
1125 1817 15340 14263 15314 10227 3506 13238 3751 1815 3190 2542 3375 603 3002 652 6088 464 13543 15455 9384 871 14301 23511 17905 22534 14291 5819 18876 30526 3209 70 636
1126 14542 17735 14752 21757 2889 751 3646 18808 21289 8730 16542 19826 20572 17063 16851 16619 15039 18736 14705 28450 26171 22128 24336 16636 18793 15248
1127 11905 16532 27155 4809 14832 1778 5102 4240 4087 5868 6553 8223 5918 17975 19581 943 24828 5908
1128 461 4855 11019 11096 18339 31059 6902 7366 4852 30603 11069 471 4854 1124 27086 18338 464 29140 15456 31060 4722
1129 6481 3754 4739 13694 6159 2533 13912 735 22767 6809 25956 3205 7955 3483 8437 6332 16902 4632 20937 8449 24758 12021 3204 4131 3135 3471 8732 16903 14657 4638 2703 18653 13929 3378 6948 22210 9540 2538 6621 15879 16363 13003 30845 25967 9677 690 3466 13956
1130 8462 15952 14036 15946 6606 15738 6389 685 8383 24554 9879 7812 5499 6539 16795 20112 5223
1131 930 23877 16252 4065 9993 10106 13101 11358 22069 9193 7970 19868 11339 1315 14066 2121 17290 14276 9996 14182 5017 3905 4281 3519 1101 3849
1132 25542 25038 7685 8202 8363 5540 27406 7868 3292 13505 7697 4924 4542 8421 19535 7714 15906 12958 17586 7688
1133 1901 1794 1008 11256 5882 1353 5759 1111 9713 2663 1960 13090 8972 4028 9008 6877 912 2365 4276 4808 5062 1314 1376 12459 1886 1472 8194 4908 20807 7668 1051 14120 21679 929 4139 5009
1134 1688 10915 13409 918 12502 970 10933 11569 10909 8626 2095 11875 23117 2440 23189 13404 11433 13356 2162 1391 2360 3011 13217 8658 6545 10929
1135 8129 21465 10630 16527 15803 952 2011 23870 28654 8542 13658 31068 24755 19102 27352 17998
1136 7207 62 1459 3945 590 3219 7928 12194 7 3402 2007 17248 8093 5263 1987 2577
1137 7827 10346 5251 6771 1906 18003 1786 3771 1426 3094 8173 7977 8647 2421 5672 19881 7748 26167 6915 8643 9036 1980 1388 23812 1670 1521 1517 8788 10960 1100 8181 2040 5318 8667 8122 5291 11418 1608 6519 3703 5296 3807 3011 779 2167 6556 1659 13840 11183 12626 9023 10907 6402 13328 1981 8642 2262 10569 8624 18354 6934 7052 20617 3965 21377 2309 10965 2452 590 2703 3193 733 10404 3335 3947 5363 2524 4870 3060 13198 3049 1874 8632 12556 4281 1910 2099 5257 21007 1949 2293 1468 8626 2047 1657 2141 3096 6917 13368 2075 6768 1688 7294 2273 2958 11040 5050 8837 1751 1524 11790 1627 1695 2100 13326 1717 14762 12536 2131 13342 938 4178 2235 25521 11578 1785 8875 9724 4999 1988 13409 3047 2292 12572 10823 10792 13341 5297 3050 11794 20644 963 1777 996 13404 12561 22865 8887 2066 803 18433 2369 3962 9258 1353 21520 1754 1615 5852 8191 11051 3157 5013 19379 20416 13384 10016 7108 5280 17553 2216 12613 1784 13828 13403
1138 2649 1815 5044 14251 6319 1456 2636 3282 675 7019 3135 3945 27081 2979 19829 5530 6164
1139 5178 3746 22200 1813 5619 5307 7224 4892 7171 2503 3342 17612 22296 3740 24633 4503 25681
1140 1596 12897 2831 10267 840 11938 12654 17400 8699 12704 2846 2852 10272 12902 20049 10022 27082 12679
1141 2797 2812 6222 13496 8329 21142 13519 6192 25907 20885 31079 29380 24734 18513 2630 13890
1142 19321 16168 23256 17428 27626 19255 17446 23609 15854 27195 23210 17461 21799 26241 27071 27373
1143 26433 29071 24674 3387 11386 10608 5727 9222 9114 2576 6201 3237 3035 17902 2582 8389 26147 10095 9865 26734 7461 18992 28916 21142 2628 23701 7699 13020 742 3260 4830 4943 4924
1144 3849 23207 4022 9715 8147 2947 3997 6114 1702 1294 3158 4021 13298 23179 815 5366
1145 6314 3204 15442 6315 27483 27152 29245 17607 6137 6912 3330 4626 690 3322 29242 9481 3496 3949 8217 2674 21353 2544 9482 7588 7699 12341 22201 4322 7611 4398 22681 5032 12829 596 24641
1146 5494 10687 7629 2630 5048 8436 12840 15741 12186 4618 7686 10660 5522 4542 2589 731 2600 17708 8731 7150 19537 14653 6516 2808 6806 2592 12279 18623 26523 5531 18511 3496 5034 4898 25646 3350 8390 28240 20463 5496 12384 618 7001 7901 15963 9461 17109 18257 4916 7608 7694 13928 25850 8408 30111 9228 7206 10034 12292 9311 27401 4732 21279 9673 29418 8376 17300 10056 5521 18346 18078 690 31085 12957 19137 20499 13005 13003 4206 17712 19464 28378 12483 15869 31027 13166 22120 21223 16358
1147 14970 28059 27012 22012 20813 16657 20364 24012 14474 14485 24092 17532 23961 31092 23481 16028 10455 30215 25049 30504 23990
1148 15005 21548 18635 3672 3633 9793 23911 18936 15022 24126 23922 15026 18923 18111 18069 21972 15063 8784 611 29531 24184 17885 14457 14477 24077 15188 26762 15228 22034 24207 23933 23924 3687 16318 20185 24051 18933 20264 16072 16056 19931 18110 21045 24117 24234 24980 23905 21514 24279 24241 31096 10140 30744 28650 15028 3632 24843 15289 2026 2059 25358 18321 5095 4661 13789 23930 24405 12892 28674 24270 16063 24387 23913 17324 23928 25205 24211 19928 22399 23855 7269 18215 23981 30745 21973 14561 24519 24258 24501 23974 14727 23824 24388 24230 14585 14743 29142 24407 23730
1149 4167 1314 1675 9134 1236 14816 1263 10345 5315 9342 945 9717 5469 414 198 22863 26106
1150 15788 17306 22742 18182 19112 9936 6559 607 18889 2938 20906 5801 16239 534 22643 14240 30797
1151 19314 6762 17718 18675 21786 6746 6738 20007 26301 19907 16072 18964 26244 24028 14477 14415 23676 7580 14709 18925 4380 3668 24225 22122 2703 18782 14365 18646 17045 18783 14447 22251 12266 18787 14284 14747 20250 3633 26402 21201 6739 4375 17235 3663 25755 8 24046 18032 15067 24130 18575 22839 19912 23422 18807 18803 31098 16880 14492 24600 10148 21092 28692 24171 12260 31099
1152 1335 790 1302 1226 21252 20639 12456 9662 10678 3904 20911 11684 13780 5880 6470 14955 5934 4274 1114 2365 6501 9216 12566 4908 19379 1100 5949 27431 8194 6028 1318 5852 793 30080 30651 18345 21467 10537 20173
1153 8470 12400 17604 7153 8387 2612 26673 4877 29966 4404 30916 8476 13280 3038 18077 11476 3384 31100 12033 21161 14990 19466 22594 26164
1154 14166 7070 5216 13276 3251 4819 4515 3461 3483 3390 1008 4260 3824 22685 9523 20922 25656 23865 6222 7715 17639 12406
1155 3473 6632 21902 3373 12817 731 6375 3329 1815 4129 6361 7682 4489 9466 15451 9936 7356 6536 4638 7608 4599 13899 24796 13921 13928 7603 12303
1156 6230 16291 3466 12824 7608 7595 6331 7703 12851 13281 8737 15976 1107 3509 1097 23019 7142 5138 17839 5547 10486 7545 12830 5930 13854 999 17682 11781 31137 5526 17601 14989 6690 2589 25605 12050 17010 18078 26349 12485 13166 30846
1157 15028 17255 6750 15186 14867 15129 15104 16108 17258 16618 15151 2886 17519 17503 6735 17057 2443 22841 14884 15241 20068 26956 20089 14846 14484 23836 22860 20122 17325 19395 14464 14559 15733 14094 15731 15188 17544 10025 17532 19409 30079 16859 22254 21424 19282 21416 21414 17859 17101 18557 20830 6757 27539 14404 25796 2448 17011 17098 17529 26409 18803 31092 15319 10148 27114 23434 29123 28022 22903 29963 16343 28587 1599 16447 23852 29262 30232 30263 22370 27274 7018 2857 7078 1607 25335 17096 15250 27106 29191 16921 9795 14393 29261 22902 25153 17543 27279 29549 30202 19067 20735 29031 25785 20059 16875 17508 31138 21805 30467 20726 25424 29980 27486 25712 22277 21020 17184 19187 29170 20093 16218 25760 14480 6708 23318 25816 19169 22154 28573 23577 29124 25817 18274 29039 25803 29510 12234 31139 23437 30756 27732 20798 28231 30488 26408
1158 5672 15822 14128 13837 5840 10852 6622 23705 6001 22487 8920 21672 21467 13987 3399 28316 27836 31142 28072
1159 6656 13094 1616 10908 1517 979 2236 5285 11183 1695 23811 25595 2425 8972 10928 3980 29298
1160 3839 8014 2384 5277 2227 2197 2021 1674 1673 13337 1719 815 1950 2335 1606 12223 1662 3344 23505 11446 704 19640 11826 6822 4903 2966 10802 2024 23183 2138 23857 2218 2200 2216 30148 3057 18141 1625 9412 21944 1749 31154 6717 7224 8738 7536 3186 8218
1161 15841 25375 20488 4425 4481 18393 25115 2735 31156 8779 14187 2775 2742 29592 5435 23073 25240
1162 30984 6322 26729 6212 1819 3473 19840 12018 7926 12388 2643 30274 30685 12835 4735 2697 6155 15909 13496 10369 12496 19806 29380 8002
1163 11326 15711 4267 3789 3856 28151 1100 21571 5920 16742 4658 17838 1876 1342 4238 8555 9241 27308 5403 6715 755 582 1818 3449 4175 14062 15117 9195 5841 5893 11340 1519 6409 5120 6423 11688 26425 4156 3755 4234 7525 14061 17264 21592 3429 10627 27432 5704 29226 26537 4240
1164 21107 21111 12122 7793 9123 27102 13147 17165 28747 28345 19114 11400 28344 12109 25491 28347 18913 31163 7465 28763 31164 8510 11408
1165 4000 1357 26278 8963 7137 10826 1840 2954 12064 26226 3427 7661 8143 20988 4090 26640 5849 5839 26814 5587 3397 7658
1166 6263 2214 1452 1821 555 7210 6193 701 2778 6718 679 603 3282 3770 666 6153
1167 2874 16607 15265 15217 17501 19082 15342 17718 15305 23508 16465 20184 17513 21425 16243 16684 23156 26513 19383 21009 31183 16382 23205 16381 3550 18783 13739 14489 31184 774 14649 14298 765 16119 27006 12184 24711 15191 19409 22250 21800 10436 14479 23509 17055 27883 14674 15059
1168 3291 6199 3007 8202 22106 10095 699 3315 2580 3950 3394 590 3971 26681 17651 7942 9889 20126 14167 11472 629 11448 7895 3924 3748 29247 660 4889 11474 9494 3203 17603 7059 6811 4892 3751 7625 12192 3390 9509 596 11671 28702 7154 3500 9507 7798 27333 19765 26982 7283 5374 8466 28058 13912 20752 31189 25099 28622 29759 27896 27622 21746 22944 13952 3252 7156 22196 9484 13949 27880 29331 6344 3342 3483 9891 3492
1169 661 547 14 4939 3135 3298 17702 654 31191 660 11502 11828 23049 630 665 26780 10839 14775 5033 8009 3211 4129 2649
1170 3950 22786 10004 10695 7224 2483 16666 3306 4626 9481 17960 3333 5530 5032 2816 24800 7207
1171 13658 939 17221 1663 784 11720 967 1827 4243 3906 17212 11990 12026 23882 1014 6075 10852 29227 3836 3510 22504 10526 5983 9711 10490 16977 5926 5984
1172 13134 4215 8773 167 26805 4217 186 339 15840 11482 209 19448 8778 11680 28034 28229 19645 17903 31193
1173 10953 1610 5680 21444 8257 2378 2440 1884 12524 9973 2001 10329 10708 8788 13639 6670
1174 15129 3674 3599 12265 16323 14436 14798 14796 20815 6744 24090 15306 26992 16616 24138 14704 16520 14534 3561 21784 16461 3537 2909 16855 14695 21782 14496 28449 9376 23156 26195 14918
1175 3536 15173 23672 15071 23476 14902 16856 14423 20811 14908 22873 21049 14939 30833 25002 13738 16655 18573 2897 16690 15035 15005 3674 15038 3625 16499 14970 12255 21539 6706 14259 14674 26845 14415 22040 22025 8307 27826 767 16192 14965 9377 14964 20246 13153 25284 11599 18783 12267 15258 4801 18712 7015 26794 15028 19523 23834 14401 20092 19402 15040 6762 13155 26354 14606 14441 15015 750 15189 20546 4373 17014 22048 16386 14645 15060 19184 20663 14402 14673 27884 18032 14445 27282 16376 15050 21325 14996 28454 3562 15582 15565 22874 16650 15014 15216 14741 16195 14925 16118 24259 14473 19920 17031 15143 6736 15181 16682 18709 16323 15058 16522 18713 16182 15254 14912 26103 27269 24611 23427 24256 6761 17258 28135 18789 31208 18787 4395 10756 3552 19269 29047 3672 23900 7398 24932 14935 16600 22839 23449 20558 24429 26996 610 15290 14463 25801 31209 15184 14611 18701
1176 1040 6414 12472 10951 1772 5028 6729 11729 12475 1475 6938 7128 8855 11849 922 4147 1038 6859
1177 7991 2979 3784 10491 28245 10474 5893 12001 2532 3516 2978 8440 707 1102 8687 1325 11684 8665 13565 12131 6011
1178 6801 7601 4539 28257 13918 11691 24552 12283 7625 19802 10231 7073 26822 22690 3738 9303 14987 14983 7196 14167 28108 31214 13939 3306
1179 28389 6097 21468 16282 999 1984 4075 17364 27578 9945 2111 1116 11209 5914 3516 2440 925 1101 10325 6054 10889 2127 23704 3844 29724 20152 6061 4815
1180 2589 9860 6316 6193 891 3454 5598 2649 3493 3193 741 679 3226 27606 19784 665
1181 16187 14282 16391 14492 15209 10435 20364 21013 15188 16617 14481 18788 22351 17503 17445 16188
1182 12293 2804 6282 1813 624 13516 7617 13531 23356 23395 17574 19831 17686 7682 11710 12236 29490 15389 7965 6801 7927 13521 2546 8005 8280 3222 7909 5365 7013 17589 9964 7620 24606 18196 12277 25655 587 7908 2645 1963 13012 10670 19531 744 2794 30261 11205 8500 16905
1183 3002 2803 7932 8435 4636 20803 1819 2642 8397 7686 587 6334 12852 7888 2489 3379 4536 5513 2807 7941 3254 938 10839 3207 10837 688 25508 13261 3332 6092 28379 3947 7955 9273 19809 16915 9512 3738 4207 29105 13927 8753 2487 4603 7342 5515 7715 14955 8746 5190 7625 7279
1184 28051 21436 5808 10222 9020 10209 18502 28724 24891 30259 30414 28347 28741 10172 25080 30410
1185 11744 4491 12179 10390 2968 10100 23284 14979 10394 13003 17606 31225 11504 21568 13263 8752 31226 15741
1186 4148 1616 13297 18357 5257 20065 5667 6656 2425 11182 1682 10259 5832 8635 11963 1019 8720 10016 10013 10239 6130 6676 4038 1748 10596 6667 11677 13094 27467 14836 8190 6671 11183 5256 911 18358 6857 1874 12858 19766 6320 22613 9739 11266 26797 9047 13716 3905 1882 2195
1187 7894 4540 6619 21831 5833 2818 13908 4944 22289 11717 582 11713 555 14580 15975 657 13003 4925 678 6392 9808 5234 16820 12294
1188 9013 7052 3977 10829 1061 7496 16597 4268 9158 22574 7505 20809 13853 19336 18021 1233 8972 10533 11043 12074
1189 1039 17363 27386 1417 10639 1753 5097 22174 4668 16976 7498 4184 13360 13657 14801 20166 781
1190 4084 1303 13577 7314 3069 16359 12140 8377 7682 11626 8243 12847 11710 8158 9873 4497 2052 22752 11732 7007 7014 4495 636 24839 12839 26279 6644 5199
1191 24080 23832 14083 22849 14088 16657 26353 14642 6761 19408 22679 14649 19185 11874 3530 17092 9795 15197 19184 16649 10446 18809 19187 20092 17540 18270 19394 23426 24429 21823 6746 17258
1192 2648 534 4599 2121 1695 10277 29107 4038 28806 11187 1517 10919 30154 7661 10932 2130 2661 17989 23080 27973 7996 28613 2147 13321 21893 6937 18158 2956 2174 13353 13409 15601 10058 18172 31024 17872 31247 6117 9931 29692 11734 28031 12502 1481 3011 23193 2120 10930
1193 12 4235 784 3844 15616 11993 21466 3399 1612 6052 20975 22671 10472 9983 17226 5862 9904 999 1353 21465 3689 17849 814 8663 6007 8552 17234 1648 23165 3833 28121 10492 12138 9712 3850 5923 1984 9972 1987 8051 6000 7311 3298 2458 705 4003 10831 17848 9693 4267 1936 4023 5579 3867 14953 5885 3707 8129 10112 5897 4253 1615 3092
1194 3495 7695 4730 7592 7880 3348 5513 15322 3481 3346 5374 10392 4591 4526 5621 7590 4869 10128 4731 2560 4548 3493 665 4598 7691 2554 686 19534 7906 2616 7572
1195 7688 12187 4538 10091 9421 28424 4621 3370 12823 7931 16292 1958 30880 6713 12320 13261 15467 6343 6282 25555 11594 31258
1196 1529 1525 5657 659 2649 5179 5723 7858 14 7680 2458 7890 2652 4516 591 7882
1197 9711 1316 1862 1102 8111 5669 1820 3397 9413 3905 1960 14062 3429 4063 10487 1914 6007 18550
1198 1002 28966 10467 4112 3516 14048 10846 4806 9007 3905 10911 4093 1107 808 8042 14056 11198 4000 11357 9205 6579 22147 9443 5985 4667 4192 5014
1199 1369 1375 7697 13005 6644 9811 13048 9559 550 8187 4548 25745 4940 14983 13928 26377
1200 2549 14 7623 8757 6810 4819 25955 17078 3027 9543 4126 4600 7476 11446 7070 13043 17463 7154 18416 21751 20012 8748 3380
1201 2649 665 7580 14 4313 15168 26501 2883 22007 25695 21807 4881 17918 2901 758 23654 4801 15607 11603 3065 16943 12175 884 4179 14591 25802 21019 21635 10227 25999 15219 29980 6731 26890
1202 4335 297 22998 7347 11289 11319 11307 286 19472 414 13480 8771 198 11194 147 11313 15395 170 254
1203 1816 3351 25323 7693 12384 10086 17658 17644 1967 28107 21857 10369 28850 15273 7572 26824
1204 16419 7195 11122 11627 12359 5396 9128 14232 27866 11552 18902 27867 20534 24888 22645 18411
1205 2797 12384 6216 13437 1815 12305 8364 3326 9310 18487 2584 25299 5605 26342 10694 19129
1206 17812 10284 6342 5657 4638 615 16767 603 2859 3127 6097 3299 2814 9530 3925 29477 12964 6557 14979 21753 19799
1207 10985 7481 1080 1239 14175 1737 10974 7996 11791 2368 1977 1430 1987 2421 23734 23812 6851 22760 925 9820 12 27580 17728 791 2285 13467 2165 2202 2011 18564 2250 31303 21943 3050 1979 29749 2151
1208 24 17937 276 25374 2725 284 15840 12230 23622 371 17886 8779 17939 25673 18397 15121 5483 2728 385 8769 16202 2767 19433 297 19626 19454 26728 357 15479 19218 11324 19311 407 4413 28251 4412 222 15355 458 21003 13605
1209 8284 3403 11345 15388 8830 4022 14063 29513 5873 6730 10910 1051 694 9195 23878 26654 4752 8838 2679 9995 14046 10940 999 15298 1353 19865 972 5841 19867 14842 10000 5884 27428 22715
1210 7517 7808 1097 1107 10859 5882 673 8222 3843 8172 11264 1409 4089 3404 1350 7052 10492 995 14171 6993 14172 2230 925 9740 910
1211 3236 11450 4923 19749 8574 9880 19806 7150 16912 9482 20929 28333 14012 14165 28815 8343 13610 19782 30050 5538 9522 10235 26382 11716 8500 31198 11784 20013 8499 19784 25488 6785 18314 11622 9560 19134 13945 27606 20325 17158 17123 4943 31166 13043 13958 27801 11471
1212 8469 13186 7573 19535 18469 26564 1963 30018 12033 3394 30570 11702 23008 21223 7700 16367 8735 30820 21222 4789
1213 17096 3646 28091 25785 14434 2884 25110 15064 26192 20087 27494 12264 31250 29546 22680 18557 24935 14708 21009 24929 14547 16223 31318 16116 26246 21846
1214 3362 6153 7909 8201 9461 3395 4403 30787 25933 3301 12471 27606 11380 17843 4940 27347 9500
1215 9761 2702 386 7333 25874 2574 5521 6322 10414 7608 2968 7054 7629 9760 9110 3267 636 7890 4121 5183 2602 1816 13504 17575 7092 7697 3344 2814 7694 25649 6161 26796 13441 6198 7899 9112 615 22078 8388 570 6390 9521 4615 6326 7914 2645 7861 17589 6362 5496 6357 4549 4877 5616 7282 7934 3925 8280 7822 28603 6690 8396 22114 21883 9421 572 9671 12044 10143 1817 9684 20943 587 602 7677 17673 13262 3017 17596 7572
1216 2976 678 2661 1929 660 2518 25040 1529 9312 12 2781 6538 1222 8111 2651 22755
1217 8470 3310 8753 5029 11458 704 10837 1535 8546 16359 8434 3002 10841 10390 6808 6601 31321 2594 3467 8577 27752 19772 13232 24802 4487 11439 26681 8500 9670 4540 1813 11709 7693 2966 31322 28368
1218 8497 8458 20954 3263 7906 17080 5530 874 636 3310 4509 3230 7686 660 2966 4582 3348 668 5522 9513 7629 2674 2584 9522 3025 4542 8745 8477 10386 7907 7897 704 10372 13928 2612 1958 7451 3267 3339 7949 4517 6625 3467 2593 12191 26468 9678 12983 18252 13560 5527 2797 18483 9519 7169 4738 11782 3301 8343 5520
1219 15207 10025 16983 24176 6736 11872 19395 15235 24528 14523 18769 18713 24046 24222 4380 23148 27502 24108 24179 12927
1220 22897 9646 22781 22891 21241 15756 21923 20720 27197 27191 29514 29818 15775 17454 22783 15765 11978 23305
1221 8274 638 12365 640 11162 18886 5808 20541 27772 10224 12099 9277 25030 5785 7406 10208 13147 18683 12107 7467 12102 18177 3144 17805
1222 23063 22546 2728 28217 11892 19451 201 310 268 275 178 25446 14641 17941 19310 29592 391 23064 13483 28126 28909 238 23621 29594 5452 4435 8818 196 46 26011 5428 19603 407 28 246 13598 5409 218 286 364 26109 23219 15840 378 11371 17892 17198 150 419 14637 412 29595 121 295 290 316 21370 19311 143 276 11324 24952 210 455 100 15837 4425 5492 15832 370 384 458 19733 171 350 102 208 5415 19476 24953
1223 23613 11527 13469 14142 1255 13656 15713 7310 15684 5078 4230 15979 991 3779 6834 24691 6567
1224 5779 3525 3524 534 18839 10183 2934 10220 5383 17801 26548 7788 6031 2415 10165 12112 5752 5765 5814 6030 638 11485 2410 17805 5793 4962 11174 11400 9126 15567 12774 11378 5754 15985 16231 12120 21989 18398 23102 11168 5785 5789 22553 21106 18849 8273 5796 5756 640 8513 21979 27761 10185 2930 22640 12119 9265 31326 22559 7352 13226 7191 5377 17931 16213 8521 18916 2933 7465 18901 7842 10201 11173 24978 5817 24540 19814 2403 28971 28399 28538 7838 7412 17020 16826 3154 11404 18905 13420 3526 10204 8610 5735 5807 12697 16075 21163 18917 10203 10161 11398 7183 25959 14218 7766 8558 25026 14239 7407 13421 11133 5802 20961 14234 16825 13576 12105 25493 11405 5824 11115 12348 524 11402 7411 29662 31007 5822
1225 16969 675 27178 3332 8471 10315 7013 6107 7715 10943 31329 4515 4922 9033 11639 8502 13931 8756 19140 9121 741 7949 31169 23725
1226 10028 12626 1782 7832 12618 9949 1859 9048 8141 7 18509 603 10927 15807 10681 1657 8802 1296 10259 22960 6640 3766 12553 1617 4281 792 1112 1986 2358 6024 11958 10993 3011 3047 13325 21377 10791 13321 2157 7758 13327 1059 22222 1658 14367 7761 2108 2047 11567 30850 18123 8127 5314 17835 1797 21151 10549 6638 22866 2195 5255
1227 22125 21091 18572 3592 24218 15606 6734 18648 18270 26399 16439 26355 24106 28197 22385 18075 2880 9764 31096 22629 23834 14526 664 16500 21413 20528 24030 24002 17257 18070 20819 3586 17860 14893 20374 24934 18799 17092 21823 17185 14620 24599 14848 3613 30682 16375 15235 22621 14441 25727 19394 24389 13460 17534 24649 14646 20378 22837 15184 24131 3567 2873 25708 28231 17738 17746 20281 16107 30213 17856 28196 26799 16054 20367 25750 29340 12928 20785 9793 23654 24861 14447 23853 14613 14622 20090 27042 29307 21495 14718 29924 17538 24988 11601 25768 25700 28900 26104 31301 16735 28459 16392 18788 19194 24314 28690 14091 27732 17095
1228 7325 508 11093 499 6076 1130 4309 11069 26051 2668 6893 14087 9394 11772 11082 9396 4297 9136 2666 30095 25994 16974
1229 5600 4523 10420 13500 13430 899 7673 20708 5354 13984 16270 8424 8392 27167 25907 12309 14210 3289 27061 2694 4556 9304 28078 6337
1230 19700 6018 1832 1180 945 944 6499 19994 795 16571 8182 2438 12486 10525 4585 7490 9214 7166 1470 6831 1318 27388 4281 3763 1256 7540 31330 8096 1260 14143 31331 27775 30695 20988 10901 26356
1231 16017 14691 24738 23949 12924 3561 3643 16497 24215 16719 15302 26845 14924 18045 14859 18783 21699 16051 2914 15083 10446 2913 19349 15209 5776 3623 22016 610 26174 13118 750 3675 756
1232 17517 15628 16934 3065 18274 16565 15558 18591 16933 12412 12416 12932 15998 15152 19601 16950 28442 14567 29162 29836 16080 22987 22447 18296 21376 29746 28443 16886 21730 18781 17066 21187 29212 15997 25316 25577 11675 17550 25574 12420 11805 18219 6969 16954 13455 11602 19306 15563 17029 15624 15637 21354 19159 21180 22843 29822 23576 20514 20858 18294
1233 17321 14519 26256 3673 15026 15988 14686 14298 15250 14445 15028 15126 7075 16126 15014 16128 14682 20525 15340 18046 20084 15123 22531 14535 15010 18772
1234 3344 22226 4731 3365 11204 15465 13269 23770 10373 16285 7290 8428 8008 5530 3395 11833 8578 13968 22092 17010 3359 12485 13067 19734
1235 546 0 2598 3342 8540 2464 12179 4905 3817 4575 1536 1813 2649 2809 2566 7477 7708 7909 11639 3139 78 14776 555 1822 547
1236 6142 8575 3031 10303 25546 30019 13901 3480 11834 7902 3348 25102 11698 3038 5306 8416 16804 28523 3922 8940 8753 6713 21898 10093 28377 18196 13612 14636 7632 31347 12306 31348 25843 4940 31349 4821 31100 3350 8760 13190 17699 19790 30785 3376 31350 5529 31351 16289 26597 5614 15389 13616 21404 9680 16141 31352 17826 22786
1237 23864 12271 7688 5526 12029 27258 30110 7000 11476 12320 9870 9670 30600 4907 4940 14657
1238 6204 10100 3139 3227 10883 12481 7862 11657 18006 2649 7060 8473 12313 7858 2573 891 11440 7208 6802 31356 1819 3479 18234 13912 11810 3209
1239 26235 24976 16284 1967 3332 624 28267 3396 704 10657 6093 631 1383 1813 602 10102 2562 85 2798 7775 712 3972 4905 66 73 6367
1240 8452 4789 5242 741 5598 4526 2612 11461 6295 4713 608 1967 2644 1375 20310 2966 3751 4600 3344 16923 7697 5601 14154 8732 11459 3945 660
1241 4112 925 11523 5665 1475 672 10490 6450 1117 23018 10787 3418 1000 31366 1420 13547 11906 10503 1234 1775 10650 3434 6572 999 1329 1351 5160 20173 1005 6 2438 911 17567
1242 18932 29744 16061 21814 23252 23761 23847 22812 24524 20564 31194 24815 28517 29565 22261 17751
1243 22877 16157 9640 22894 11980 17178 17174 23404 15658 22286 27199 17176 22889 22283 15749 15750 29818 17949 15663 21767 17494 15651 31371 18237 21248 20689 22892 27071 19315
1244 2596 14827 13331 15586 1622 13321 2355 3290 11961 8185 10133 23811 7832 4782 6103 8141 3011 10240 2363 5123
1245 5308 6141 2484 7010 5032 12481 23859 6256 6157 9669 3204 3261 19541 26346 13439 6239 13897 6633 9526
1246 3298 615 25925 9936 3303 6087 624 9272 10 3135 6795 87 83 6152 73 2636 6367 2966
1247 6776 1937 7542 6566 8852 14183 783 1038 1000 22345 4236 6572 8554 2156 1032 1292
1248 19749 3746 12027 9853 15458 17685 2869 20047 31375 28615 28209 8763 7154 9546 10100 4929
1249 4345 28217 310 30115 22420 29593 29592 2732 195 4409 19665 16279 15842 27784 413 29771 341 15279 350 22863 17890 409 27422 19504 28175 2763 15479 20355 27786 5425 25451 15385 28254 5436 16281 20360 167 21258 9814 15840 28903 9816 100 210 290 282 5415 5446 4434 28225 31376 25122 27745
1250 12089 1193 22072 20432 12899 10733 10718 16575 14292 4961 11166 15509 11608 544 12652 11940
1251 12012 3473 4599 5201 7224 3298 675 7378 17348 6795 2583 9847 5536 596 24796 4574 8476 24728 10286 3294 3264 26155 6786
1252 3891 40 19453 14641 423 11303 17250 11294 4434 25447 19985 13485 28252 8819 31383 25246
1253 17182 24271 24241 24294 24374 24042 21038 30719 31384 22026 30539 24033 26850 3633 25404 27320 24357 30185 31385 29588 24492 31386 24913 31387 29587 31388 31389 30158 31390 31391 29629
1254 4204 4798 25366 8359 17085 4016 9859 12392 23471 4644 13237 3394 658 24728 4630 29709 8416 16285 13929 5219 29490 31393 3311 3237 15948 8461 18261 3367 11476 3009 21953 28377 14989 24639 25304 15447 5515 2569 19557 11464 3239 14005 19060 14253 3740 3480 10761 20240 3001 3376 28796 4925 21380 7170 11837 3007 3508 19129 8440 4514 21194 22082 4787 2998 25826 10055 27060 13159 26223 10369 10982 678 17475 16820 23767 2613 10902 17654 13488 20919 5242 29502 11711 15735 29238 12815 6811 19810 6090 26910 18132 8459 31100 28861 7858 7872 22593 10004 28044 20752 2399 31394 17123 25466 31395 30570 19358 21746 3344 7224 2708 7868 5723 28942 30625
1255 24976 13451 9956 13932 16786 5236 26887 30836 13008 11454 22747 26135 31078 25617 18552 14977 17844 19888 10075 12032 12815 27807 21429 12961 19003 17698 17067 25387 19422 17604 20239 11188 8492 22106 17601 27223 9327 17155 6342 6201 14830 19024 10095 6723
1256 18650 24022 16657 21970 19389 23838 764 11163 14435 21182 27074 24259 24423 16115 24306 24473 23927 24289 23421 15016 28838 24293 26245 20260 18107 24405 24422 28089 24414 28784 29547 26794 14588 18964 31399 23913 18809 24929 15257 28584 30156 23924 26726 24279 24288 29801 8786 27458 12260 31031 26768 27290 14602 25162 25107 29158 30528
1257 16225 18760 17027 24030 14553 20656 14537 23557 16499 14419 20810 24413 24926 17539 20652 23434 19228 18060 16015 14548 28455 14752 18106 22440 22765 22700 14674 30174
1258 10675 7052 12930 13672 1244 11417 5054 8154 1107 1318 910 14067 9043 6546 14073 8583 9812 8544 5663 4045
1259 6487 5009 4795 8988 22079 8972 5950 6465 12598 15555 13731 10118 10094 663 8199 16355 26708 26710 1001 6395 13053 8045 27929 14955 13370 21652
1260 2510 71 4599 2536 13687 4583 7309 13645 2788 664 563 12187 6955 2524 4523 4207 597 2709 3819 9883 11201
1261 14878 14488 16133 15198 21293 10437 20820 17258 18268 17050 17099 15174 12920 16735 24105 23655 17861 16392 15318 17507 23737 14260 17056 15140 6705 14432 27821 6758 765 16736 23154 6747 3552 4397 15194 13454 14393 16125 761 6761 19398 21787 21812 14642 14876 8119 26256 3684 15204 16613 25963 15210 21815 14509 16372 2894 26059 30250 19073 22386
1262 5363 1816 26515 10880 741 568 7070 5342 5598 5244 9470 9859 20310 13504 7895 11462 698 8763 7154 15402 26527 8201 3373 26675 9492 3379 7058 3738 4206 5341 4521 3346 3473 3751 3467 11456 4730 2584 10034 12043 5242 14653 8576 4600 4526 6370 5407 21955 6143 3489 2605 9460 10417 25680 3021 20014
1263 14606 16871 24995 25930 15016 17718 16657 24174 15257 21780 12182 24599 25044 18675 19065 14526 22370 19186
1264 4635 3352 2644 20481 18472 27812 3919 25782 28956 9937 30266 10089 13035 22445 23349 24949
1265 952 1003 7566 2663 982 15292 10127 806 5330 12512 1281 8042 911 4465 12525 2154 8845 14372 4101 928 8968
1266 4267 996 8663 4079 9436 1097 1629 3706 5892 912 6136 17234 7161 7909 1114 9945 15672 1010 5947 6519 4099 10532 18214 14114 20978 18203 5900 6022 1753 18244 6859 6494 5056 673 18212 19992 9727 10578 6061 14126 1101 14112 5072 6997 1333 6860 6993 1299 12598 18236 9209 4908 982 28064 20618 4008
1267 20556 26311 20557 25793 22041 23251 20795 26398 6739 17408 24524 26842 28837 3601 21079 30733 20575 21511 29624 28099 21478 21966 22801 20548 21490 10149 20471 29456 31436 25938 21968 26958 24186 20598 27469 31434 15013 16224 22373 26510 20602 16024 15287 6645 29177 26838 20601 28505 30024 24365 24240 16025 28645 26302 21498 24009 31437 24162 19077 24444 31438 14436 30243 24115 22834 26840 4326 30951 28832 28197 10135 25941 22679 22231 23673 23761 20579 20594 28503 28557 26034 28517 29467 22874 31439 30336 20390 20875 22835 21794 16986 31440 17771
1268 15716 3962 2390 7655 18163 1934 7494 16327 2717 23597 13770 7562 19054 10855 8048 3847 18413 4698 6857 8945 12152 24873 5880 18326 18020 7554 12224 15555 11912 7231 4265 22616 12489 21252 18025 1359 5854 1619 22347 21642 15936 11034 26641 1975 8124 23805 22753 999 23744 10118 18466 6429 6870 2065 15559 27337 908 16484 2317 2318 29444 5888 922 19685 1708 1616 19344 31441 26709 10632 25636 22315 29219 14127 15560 29218 16595 17563 2322 20896 21905 19420 2663 3434 29696 31442 8099 1324 28470 4082 6682 14107 31443 19182 587 13955 4089 28190 20031 5986 26714 8977 8102 3813 2228 8060 8105 26711 7496 3837 29943 1642 12083 21674 6993 4071 5166 28930 4111 3822 6878 14132 1439 28913
1269 27136 12842 4580 21878 9847 21875 31126 25511 15964 3289 3925 14 21568 10620 31351 31100
1270 16437 29848 1159 14345 16431 20435 19100 11750 18535 28438 29382 3528 14519 22379 14419 10750 11753 3684 16685 2906 15514 1602 7047 28877 2834 7037 23055 12706 10737 14349 12766 1209 22737 20460 7190 8699 20429 1160 12755
1271 3987 19366 25595 10114 2422 1990 10361 2270 28711 1974 11036 15522 8651 9035 1981 14821 6771 6502 904 13097 1765 11222 17268 5293 1622 11951 1764 1921 1733 1264 11367 6570 6663 957 6569 8128 15919 1842 2028 19715 4764 5638 9741 13099
1272 13189 1956 7899 1819 3929 78 6091 2805 8415 7862 19697 3192 1967 2484 18265 748 13056 20013 21307 3738 582 5610
1273 6534 20127 555 3362 603 2513 582 1536 675 4207 72 73 3198 3199 19381 8377 3761 580 5657 3948 660 3971 577 7 663 689 661 1378 10572 1367 3298 2814 1377 7282 9480 717 3819 7896 5723 591 1661 2858 1385 1527 657 2459 4459 2563 2564 25464 66 1814 1525 552 7303 7339 9676 7858 2652 9887 877 17329 3184 7307 2805 4598 677 2458 7802 7617 1371 6149 572 84 6803 6619 614 1504 547 78 4710 7580 3126 3887 4561 1821 10070 655 7171 3282 6067 29012 26580 17078 19426 27799 8456 26004 20010 3133 6094 6290 18314 2792 19003 8497 6268 6265 5711 7004 10075 6977 20131 8193 6449 3740 4515 16789 22543 25020 4828 3738 75 4589 4917 23585 4394 597 4547 4897 28999 6427 12040 14579 21881 13593 6533 19788 19884 6251 11739 4888 7592 7582 12481 19848 24840 3336 14210 5030 659 3886 680 17961 732 9757 11584 6342 9469 5614 19763 1529 7356 79 87 4507 0 12140 11742 14 9462 18093 19773 20011 2628 3378 10095 10605 4491 2649 26442 2559 9586 7680 3289 4122 2393 4124 71 3247 6199 2816 1375 7073 17700 7963 22632 4199 2485 11702 19785 16796 12282 6535 7215 4786 9549 4580 25656 3301 1746 10839 11705 15 2707 1373 26515 1376 3209 62 7825 18992 2646 9234 15823 5606 10620 14003 1822 9518 7953 2570 19770 1660 560 4123 5607 3302 4626 6099 11834 3327 7207 4539 11711 10764 22204 11710 3925 30824 20929 10288 17704 666 3324 2694 4717 8683 15952 29688 2703 9340 4738 7062 4523 3482 12480 3236 12030 2645 8379 8382 7169 702 14002 3448 8339 4924 4925 4398 13270 13901 9508 8002 4937 16922 26127 4128 12052 8463 15899 31472 7575 688 4940 22111 1637
1274 1886 16090 13320 1020 9436 17220 792 9711 1629 5840 8292 3981 2527 16 4137 8051 1977 3851 6674 10492 3873 2154 14111 3084 23745 1841 17778 2370 3422 3984 14951 911 2290 4185 3758 1420 4474 25231 13634 2440 23474 1340 22603 13683 5883 14062 5964 5842 18207 19102 4070 14046 1974 14832 1848 23800 9902 23879 9437 5922 6501 672 13633 17210 16256 4027 10910 26255 1954 15499 17226 22537 5579 15711 10474 17848 1268 9988 4661 20635 13852 6927 28245 8960 5948 10603 11906 5875 20167 1093 3839 2273 12456 11216 2312 12950 1778 8444 3509 16491 22842 27698 3824 10529 14836 15685 10484 11157 6598 17289 3850 9205 2230 999 775 5929 27257 16148 24754 14132
1275 23209 20721 23820 18422 17171 18424 11985 21924 21819 22781 16177 17448 27411 27196 16161 17495 13755
1276 4049 13653 3514 17334 4162 5009 11907 15275 1775 5017 16490 21931 1704 971 15543 10576 1485
1277 2814 6542 17900 4497 30209 12497 31364 5035 9559 3251 17880 26376 6342 20318 13010 9454 8757 14991 8002 26517
1278 22211 2560 3348 23393 741 3031 6067 3204 18253 657 2552 3027 4925 3493 666 1526 9569 13931 586 6375 4598 6164
1279 11556 10551 2831 12675 11550 21172 1595 18538 12901 10743 12735 18536 10754 12914 27863 12753 2849 17392 12906 30606
1280 1388 5672 21428 3492 5661 2979 6962 6783 5194 747 10896 1819 4786 5834 29232 6155 3920 3837 742 3477 3220 5553 6297 3946 4821 4933
1281 690 7000 24796 22117 3204 3957 7897 657 2616 21869 664 4924 6137 13896 7460 12830 4738 13921 27033
1282 7346 8700 262 14019 414 103 4427 38 420 11884 264 119 321 26013 215 150 15372 15611 22136
1283 803 2154 788 2062 3808 1468 12892 1979 1051 673 904 10587 5759 971 14279 1846 9922 2716 5693 13653 6775 7968 12941 5926 9437 14248 1182 24715 10640 7141 7231 8059 2678 6507 4072 1794 10515 12633 18242 24689 13663 17988 17372 9743
1284 29726 31039 8004 16270 25728 7602 3489 20918 624 3348 13234 5030 14 17083 3381 24837 24672 13511 2557 29074 0 62 6794 547 4394 755 73 1385 666 78 3770 84 7215 2649 5403 563 567 10668 6091 13295 2686
1285 26391 3581 22180 3601 16243 23250 27469 22804 29236 29207 13423 30863 20875 14528 29744 20058 26840
1286 12291 11814 5540 6632 17692 24553 15882 13536 4731 21652 11742 7701 3231 11711 12390 28405
1287 6803 17079 5523 25037 3488 11476 2651 878 892 5540 12851 3304 10386 7914 18551 10385 6601 12853 3327 20954 15402 4487 4603 22142 7572 7945 7890 11474 7615 8477 16969 4589 8732 20957 7056 19779 9536 3252 2805 14984 9556 29091 9550 24729 9545 20752 6813 3266 7613 3226 13206 14168 11825 8758 3316 19810 17080 9553 9543 19138 4939
1288 16610 20560 18641 14644 19945 14889 11874 19067 24312 27747 24857 9770 2827 14489 22056 20073 29572 11169 27768
1289 9306 25185 5802 11398 7408 25233 7189 28978 21617 30290 11110 8520 9263 646 9235 7416 18450 9264 7421 9020 5755 5381 11126 3152
1290 24253 4287 9160 16497 23933 20369 24911 18042 22620 25345 24863 24042 24372 25169 24358 30218 24468 23463 27466 27461 30911 27320 10140 23946 31219 29629 31503 24482 24287 29722 31504 24256
1291 11124 7173 11115 17306 18896 7406 5391 11398 7465 10160 8508 5767 18848 10935 25192 7403 6040 18913 7411 7417 7788 7172 14240 17310 12112 11117 5799 9129 9268 18879 5741 14237 10661 5382 28977 29662 7195 5392 21106 15568 17313 18503 11174 27983 24537 15572 2403 21616 10174 9288 10663
1292 16707 15345 14739 15256 20092 18121 14848 9324 6740 29006 23487 18108 15130 16624 17500 15987 17498 14588 20258
1293 13689 17074 13442 8448 19462 8475 5234 11668 12287 4549 3306 10660 7617 25543 7154 14252 9484 12043 9853 31452
1294 1638 5297 2419 7645 13686 1642 1777 13342 2085 1902 13836 2033 2208 13844 6511 798 6982 18659 18466 2212 7108 10007 2342 6767
1295 8336 7654 7128 8535 2365 18733 1987 8841 5836 911 5009 11734 21671 7642 18228 6874 8977 2783 12599 21672 31062 9245 6860 930 5949 6024 13731 7104 7972 2305 8075 9412 13800 8986 8982
1296 5635 11880 8584 3983 1182 6022 6492 4223 3427 28858 3980 23880 7991 9711 11991 1027 996 10873 15499 28953 9906 15683 5672
1297 7889 5494 4637 3947 4739 4538 4527 7014 7629 3330 2584 1958 3344 8753 14991 9459 3751 20937 7070 5520 12999 9336 10034 25825
1298 5732 4403 13687 22203 2610 3376 9484 5186 3008 8378 5407 636 3347 13233 7281 10086 21886
1299 26037 17324 20253 24313 14592 23991 19910 24521 31518 19935 19928 10139 8785 19940 24181 23992 16227 24283 12921 10460 9793 30027 24439 24418 26942 31390
1300 1815 9936 3492 665 899 2535 10 6619 7775 555 1661 675 1367 11 7909 1534 1813 3127 3211 7864 84 10142 604 7171 3344 1457 2481 2396 4563 73 8482 13689 11692
1301 13315 404 21708 108 20138 386 15404 215 4217 339 203 126 8710 231 27662 15833 319 210 17197 185 264 22136 8771
1302 12600 1160 12703 832 1578 8607 1584 9831 837 1544 1567 9598 30510 844 1541 1191 9590 13125 1192 544 1203 1207 23241
1303 28931 939 3839 14955 999 1859 1320 5739 11122 18862 5791 5815 11111 16828 9819 4298 7175 30881 12095 25084 24537 5743 646 23177 4608 9017 23888 8297 7166 1468 11432 558 2102 928 12504 8076 22582 19566 3298 21146 2279 17278 31146 27187
1304 23795 15878 7694 705 9335 5034 9421 9936 3185 13986 13037 13536 13009 4940 23861 13036
1305 2605 3476 5356 22078 17707 2630 19846 6320 15944 19716 19535 7619 7916 13023 27343 24555 13437 8426 9494 6557 2807 18487 12993 13502 19717 13522 9575 20915 13529 5352 10607 17330 5173 19904 9532 11823 31531 13504 11785 29411 26388 13913 19857
1306 15541 4781 6473 2191 11880 3867 8044 6561 27972 1028 6525 4022 22583 22316 21932 6906 2451
1307 6715 1815 755 6090 11 665 2649 636 6526 8687 3348 7686 3325 11204 2708 11827 4939 4872 7629 6183 20707 13504 13267 21955 4733 15411 19517
1308 3187 2488 2524 787 1081 7128 6443 995 8034 7166 1066 994 6 8911 1113 5645 7603 1816 1855 558 29087 1007
1309 4403 19120 23392 8395 5202 703 1536 30107 7907 20705 13157 13500 2793 8753 31264 27252 555 29526 4526 5594 13056 7929 5603 702 16915 27588 9880 5353 10100 5245 678 26145 15874 2644 29322
1310 11458 5494 29596 18521 21566 3038 13942 9885 13943 4638 4940 28248 30823 13172 13945 1794
1311 1329 3979 5267 18544 2278 11038 979 7828 10357 1112 2216 1342 3905 5275 7752 20116 2104 22360 8644 999 12352 10616 1976 4149 2157 7977 1618 8172 6635 8827 1984 8960
1312 654 1333 2606 2977 2532 908 919 966 10484 3204 5107 2530 22321 2538 4572 7713
1313 18686 14217 11139 5799 14241 5752 5735 6068 4607 9132 11170 11115 18912 7788 9650 2408 28050 5383 5780 5756 17802 28969 2409 7182 9125 5755 10181 5783 9785 11552 5742 11409 14240 8512 7470 21984 25192 15570 8510 21612 24893 5785 17166 17170 11122 10213 5824 12345 5802 5811 5828 7192 18179 17307 18685 25884 2856 1593
1314 17079 590 10100 12253 7205 26527 19779 14991 9492 3495 4130 7955 4509 9860 5520 3746 2708 20749 12030 2397 9586 7208 13710 27180 25405 13619 6455 6783 18512 4603 3226 20756 16248 17110 4394 12306 3460 10861 29407 9500 13204 676 5662 16275 14777 5191 3002 11063 19768 22344 20928 6098 7146 3378 29710 14167 675 4600 17651 8500 3738 9560 11462 13206 13043 9459 23679 22748 26597 8732 567 8685 4551 7069 6152 6806 7073 5218 26910 17162 9890 13433 12244 7895 31143 31259 25227 31202 19897
1315 23943 24037 19945 19079 17559 16631 24151 14744 7075 18640 20272 16510 22762 26608 2915 14747 16135 16857 20585 23481 10444 18941 26037 3640 3659 24093 3536 3673 18702 24033 3537 23553 24818 6741 24246 31542 7396 24370 16519 15289
1316 9149 547 668 889 522 9953 6080 875 4852 7325 499 4442 17126 7371 9159 6076 7319 508 2671 2820 520 9093 11144 6904 9101 11769 4864 4293 7328 7366 11013 4845 6892 9168 11768 4445 9095 11015 9166
1317 1807 6933 2346 22172 9842 968 9697 1612 1666 3762 4764 11927 9930 923 13250 2189 1665 31543 10010
1318 11659 3920 11840 7013 4496 2599 2796 3273 9482 735 67 4629 10056 17577 25843 6691 7678 25593 23679 9675 22248 8505 4121 26091 9495 13530 31141 13030 15472 13956 13071 702
1319 21095 17854 17100 20525 14904 16875 16630 14548 20259 16618 16634 19064 25209 25273 18646 14260 14402 20761 4879 16504 15007 26360 14915 14911 16012 21413 17516 23965 24859 23672 20077 20469 19353 15082 18931 15037 3536 14485 16219 3606 18696 14507 16384 13155 24523 12234 14713 18720 23023 17258 24109 18166 26071 18429 18051 18039 25290 15017 24037 23991 22046 15351 16121 26190 21964
1320 925 5009 1615 1776 5290 913 2980 7104 1454 889 7272 21208 6430 6135 5107 6519 1373 8949 10818 18659 3964 1629 19715 1416 3047 4668 1058 8248 6849 10847 19058 3095 6675 11791 2256 2354 22429 19368 2081 10791 1881 7828 9194 5314 8804 1702 10012 18609 4178 10241 4149 945 2988 4909 2385 1110 8616 1297 1016 4236 9750 6405 10823 9783 1765 1622 3085 4105 10344 1751 20116 4665 23093 3915 1623 795 1260 8851 1003 1113 7655 1901 12446 17724 9949 4115
1321 15590 3827 2189 6883 12593 21691 22307 13624 4070 8548 6050 2102 27467 5155 1329 7563 2341 13766 1061
1322 5250 1809 1874 23237 3449 2573 6917 10256 1469 20394 16898 9297 13409 11879 13386 29538 21212 12536 7802 27190
1323 25179 16766 2649 7215 10837 16914 7715 8748 4907 7686 7925 13016 13255 9574 13262 6092 4128 7946 20805 2979 12960 14000 12966 12850 1376
1324 10139 14485 16123 14365 14519 21805 23671 20950 14674 11599 16987 15140 15186 16122 8118 18788 22911 27778 8305 16549 29162 13154 13457 15731 17532 12260 23836 18602 14621 18059 20271 21201
1325 246 26023 406 27662 27663 5483 4426 23382 4434 23330 5438 21721 350 20333 29877 13240 391 13605 21393 15414 28626 25241
1326 24218 18559 3672 3587 19400 15051 21621 21093 20305 16115 19280 16879 17097 14846 17531 17534
1327 1426 1116 557 9413 4117 7246 1000 5 7458 3872 8045 10274 4761 11569 1485 20758 21672 20027 27577 2251
1328 1176 1019 10806 11221 13556 7292 1728 609 6481 7749 12 7977 963 7685 13504 2650 7686 3925 2584 3272 13432 3237 6528 21869 15518 4792 6343 748 17693 4898 2600 2814 11574 6635 9827 10314 1702 6440 5526 3122
1329 3019 5785 9019 28724 28746 12111 24538 18857 14242 21986 4608 16241 9132 21736 641 25376 14241 18688 9290 18686 18895 9016 9130 23270 18915 12364 27984 20108 11395 31565 14274 30259 7409 31015 7420 29631 29353 31566 31567 7421 6038 24814 31568 31569 12360
1330 6331 6803 14154 3329 10388 6960 3008 7290 3486 10386 10004 15958 5171 3492 1819 2642 9811 17646
1331 23760 6290 7825 11700 6392 7604 7230 5172 6280 10420 13499 1815 19540 6212 12390 8401 14041 12321 6347 6377 13708 3344 27587 8377 15468 4824 3039 26370 7002 28337 14993 6692 18622 3972 15910 2458 21280 13275 14992 11713 8369 4529 20111 2797 27207 26085 8752 5616 7290 8395 21279 8574 15899 30762 31578 8503 3218 16310 21876 8492 13003 17626 26717 15965 15881 28353 17694 2398 13644 19011 13040 12849 13928 9893 12047 3217 4940 14981 2616 13067 8438 6196 18989 23296 12967 26752 31405 13274 30169 30764 29817 8482 13915 21309 12320 18682 11717 23698 12330 19545
1332 5366 10368 3002 4247 2663 5939 4139 1790 10977 4281 1321 10030 21261 1268 4656 5672 4022
1333 10081 11177 3330 23284 10698 9981 9495 9224 3394 6152 13894 7901 16364 28383 26093 3888 29885 13187 3460 27843 7916 12044 17827
1334 7607 5341 3346 10094 7903 8736 10373 5499 14005 7901 2599 12864 12824 2606 18080 7290 13968 15465 4789 13057 609 25529 7909
1335 18237 11986 8965 28885 23496 22774 22896 29818 22657 27375 11981 15754 17455 15779 21761 2633 7625 17429 3335 27410 27200 22775 29743 20740 24536 26056 27191 23136 16158 16167 31583 17440 17343 17467 29292 17479 27201 17473 29372 19138 20728 23500 17466 25597 17481 31584 17434 22525 3506 1819
1336 17206 3093 1008 16743 13826 9212 5053 10600 1305 6596 5167 20990 29450 5948 3509 13215 10513 9945 27441
1337 14547 24319 15077 24309 774 15204 29460 18700 3595 20286 18784 15197 15064 14283 15565 24070 26182 24421 2448 24497 28821 14076 20274 3612 17181 24336 17031 30971 25785 19909 20094 16441 21972 27272 22913 3537 22302 14546 11872 17750 18809 16605 26881 24600 31003 15053 16646 3667 24565 26767 15125 15099 16223 16055 16037 23448 31031 21844 28768 29221 24333 16051 28918 16882 29297 10148 16614 21498 16048 27512 29587 25721 16026 31586
1338 10392 10386 10660 3304 8722 6621 13914 4520 634 3460 3252 3493 4638 3950 6960 4137 3289 4530 7629 4730 609 3186 7572 3027 7905 8414 3347 7897 4818 3002 7618 4734 9482 7224 8438 3496 1822 7694 10235 4602 8732 4605 7688 13921 5366 3333 2968 7937 7203 7630 5494 4789 4589 13045 4525
1339 16523 14661 15041 18166 884 17018 20773 20663 18100 21828 16013 15023 16126 20788 16515 15582 24246 28165 15031 11600 15039 14645 26742 27132 24649 25346 26190 23483 12366 28701 23424 16503 14538 13456 14427 3673 26880 14519 14935 17062 15170 13739 29800 18790 14671 3646 16120 23900 13463 13464 17098 27289 24465 27540 25053 27296 16112 18153 23427 2450
1340 16056 26509 26850 14427 27036 26604 21564 18791 17324 22001 25204 31462 29145 24216 29141 28629 24373 27466 30343 24497 17063 19362 6964 8730 15635 28092 29629 30871 31601 29005 27512
1341 10406 11588 3460 11714 6800 19800 11583 8456 13639 12237 2689 7906 8466 17816 13690 3484 3333 13187 13206 9586 3502 16358 4559 8004 13030 26951 4789 891 6065 16364 3471 17826 4638 10145 22082 13184 11642 17819 3291 9847 31603 553 22209 679 22695 19886 5525 9512 20756 4739 21879 3490 11506 9033 30742 8499 20500 29973 16288 9543 3746 20127 3508
1342 14674 16392 4375 27006 22008 6762 24110 20475 15565 16022 20038 28503 22791 14259 26992 14091 27726 26309 23850 18145 4368 19408 3957 3187 2557 16877 18759 763 20044 22130 16265 10432 15913 15029 17859 27094 19395 30472 19391 22627 27981 20876 17241 20366 15053 25760 25353 17527 24509 14669 16759 26396 29695 30799 26724 13119 13152 23441 20063 17750 31617 18557 27303 20087 26880 21021 18693 29426 20626 12267 17030 21320 29427 20772 29153 26059 17752 26002 17921 21447 7112 28640 20864 19405 27779 22456
1343 15235 17058 14415 20796 14260 8118 4801 15209 20525 17027 20577 29922 14284 18068 2884 23421 23426
1344 17171 23495 7171 665 2544 15855 1376 710 558 2358 957 4523 3955 18422 29703 16166 17458 22780 22781 17469 3963 1984 1724 23496 7707 2461 675 4179 23145 16174 18291 27413 567 21796 21251 24535 15853 17343 19253 1057 9646 22733 1794 17176 23510 949 21642 18084 7955 2530 14778 17290 1859
1345 22187 22870 12047 7705 7629 3739 892 13960 6339 27169 29271 29501 9543 24737 11824 11468 10837 29780 12857 15901 8748
1346 8593 9718 1428 6857 8251 20491 15714 10532 9945 4275 16490 14182 21205 12008 11356 16943
1347 6767 2664 11795 903 6525 14264 10877 10335 4697 13844 937 8908 1448 5151 17993 23020 3005 912 6937
1348 7703 26079 7898 13166 22202 7630 28815 11148 13285 28076 13005 9808 9542 3371 31325 15973 18484
1349 655 22980 5044 6093 678 709 6962 10694 26114 875 13979 23739 3185 6067 20829 657
1350 1691 1675 1831 1834 27143 2147 17959 2223 3012 10502 4685 2257 1538 1468 2202 6661 1789 1290 20973 31154 1765 3156
1351 14042 586 3351 17156 25387 3294 19023 7623 7572 3301 17663 5354 7937 18077 19553 27208 11624 13443 10862 10382 11702 13257 892 12228 17619 9331 22116 14978 22492 3204 26564 15274
1352 23166 10679 3098 14823 8170 2280 12536 815 1743 1688 8934 2208 12557 30171 29956 12471 2039 1648 23188 2316 1784
1353 5009 8250 1638 13847 1753 9714 8531 7128 22066 1096 7555 8824 12227 13731 10327 22972 18320 21252 3962 7641 31050 26469
1354 1284 21892 967 5698 9237 7246 3694 3826 19882 9662 6937 8021 5094 15555 5026 2500 3754 2712 7716 23473 8053 11531 3005 7654 27918 2365 6789 22522 5314 14148 6565 22280 10893 5905 1345 20026 7505 20213 16369 2058 14134 1105 30062 2032 13053 13363 8570 12070 1265 13355 9559 6799
1355 10570 5697 11421 7171 1825 1719 4616 3488 2869 2216 1445 1749 2201 5877 1886 6928 8586 1973 9846 8960 12960 1473 9543 17702 3252 2634 3303 2121 1468 15993 3245 3420 9213 1984 19097 2021
1356 718 7059 9859 8353 11384 83 19772 6541 10318 6389 24590 29634 3214 9178 30625 1288 700 18615 17232 3381 15585 23088 3036 29428 12406 13001 5194 3472 7914 4495 4524 4636 11024 7338 16092 10485 4574 3491 7611 3026 660 7604 4924 7625 12819 14154 6090 11476 17599 2613 1742 80 3372 3027 26523 3205 6630 2592 9563 596 7927 3285 3186 19831 6557 9502 10605 7916 6201 9582 15443 22666
1357 10679 2025 1788 1401 1670 6933 3771 2167 2157 1712 7752 2363 1675 21031 11876 1880 2358 1284 12534 10809 18543 10825 12591 1361 1342 1710 4178 17288 8632 16839 10517 8616 1694 2148 2238 10496 6546 18354 10915 3096 2421 13360 6869 10925 11051 6550 2100 9708 27892 17878 6854 6488 908 4816 20622 916 23726 10602 2557 5314 11569 22920 10603 5310 23365 8651 21944
1358 11930 27963 1596 16397 7100 19709 12672 1191 1201 13131 12689 539 7078 2824 4947 12710 27573 19974 14352 25371 531 29184 25630 23753 23759 12914 29948 13179 20150
1359 15758 15555 15936 13363 8572 5854 13793 28113 13851 6993 939 7498 11045 14107 5955 10900 1188 2432 789 9002 672 21674 15642 18495 11637 23052
1360 3471 3466 14159 8483 2584 21381 4580 3738 7927 7611 14975 3344 4637 3346 3301 20509 11697 7279 9425 23261 596 741 19812 16093 3479 18578 15994 24812 3493 18514 29965 4554 5594 9586 19015 13003 13524 3282 4638 9113 4525 6375 29128 24790 8592 13447 26348 22446 13938 3302 682 4738 3371 14987 11707 2814 3380 9550 12052 13984 688 27699 13036 3507 5530 28413 26980 4871
1361 7655 1020 4266 14628 12 12923 6111 12216 24576 14838 16807 1264 958 13291 22669 1257 26449 5168 6501 5719 29724 3979 8043 26640 3515 13577 20161 11736 3844
1362 6637 13327 11958 6676 14267 7298 1743 3057 3795 25623 18444 22422 6657 13385 9006 11676 5253 2323 25934 1748 22216 14808 31572
1363 7869 755 22056 29869 1489 23619 4723 30950 489 24722 29139 11773 494 25977 515 4452
1364 26634 13831 14114 16331 8016 1325 1020 7549 28620 28250 8027 17248 7161 26709 28190 7809 5153 8103 22766 14173 805 15706
1365 1857 10563 8957 8921 2341 1397 5111 13790 6 14955 17912 1325 8077 11734 1236 21639
1366 12649 7325 17133 4296 16972 471 13319 725 7734 466 1163 25994 1126 723 867 1502 4294 4720 17936 504 507 1124 4443 2822 9161 9155 9374 4292 4311 514 25973 2821 7371
1367 11209 6861 3084 6857 30985 4758 25111 10483 945 999 1021 17333 8963 4023 1101 4908 9252 8972 8431
1368 16636 23914 24175 24112 14585 22861 16171 15002 23918 27374 24124 14261 14494 20253 16070 8784 24483 8785 14605 24141 21477 23973 26297 24213 24256 24272 18812 10025 14618
1369 637 18731 643 2414 8609 11126 11138 2408 5786 7403 18368 2413 3151 641 14230 2403 8273 14243 10165 18366 11132 5376 16235 6367 1099
1370 21419 10436 22805 16712 17058 20381 14478 16515 21067 14458 18604 20182 8807 19405 22272 18781 9794 16676 2448 29222
1371 5707 7256 26943 22743 31647 5779 13225 5797 12120 2930 5751 22557 22566 28750 25079 26415 10167 10206
1372 2800 8434 2807 755 574 21366 27424 19490 25663 23711 19624 31018 15834 221 22547 19586 15843 25060 27835 25671 2756 2754 25270 13596 19636 31650 378 321 366 19628 2733 23513 304 28324 15621 23622 26503 21394 24955 373 31588 294 2769 19664 11892 31651 25256 19476 357 24941 41 9399 20422 25249 31652 23686 14019 27783 25121 25028 19473 19611 13305 5458 11280 25261 252 31279 7264 25260 23373 19496 301 19483 20360 25665 413 9816 31653 15473 29874 26561 25250 19649 11891 5427 245 4481 29771 27932 164 18396 31654 21392 25449 12230 17005 23694 30116 23069 7390
1373 665 7073 7171 707 10392 7607 17080 20293 1815 11584 17070 2606 14 7618 4458 7694 892 3473 687 4603
1374 30624 2649 4600 10302 23468 2708 26131 11582 27953 8764 17651 7207 14991 3500 29091 891 31465 5173 13541 28437 8492 12052 29434 12337 18485 735 20032 8500 7619 13502 19846 26119 13943 16389 8743 7013 23086 26825 2638 8763 8735 29233 3021 17492 29883 8347 10621 5243 24760 13960 18482 24631 30551 18175 29003
1375 1336 6546 4146 1385 3439 1235 19691 1521 2078 2388 25838 30303 10779 4159 27153 4764 14116 15808 18243 7507 30816 2942 22488
1376 1828 13097 2297 3397 2251 6133 1361 10349 1362 1979 2247 1471 5818 534 24901 562 7183 30979 7827 2299 2195 11899 13052 18171 18442 10912 11879 11187 2173 2130 934 10928 11572 20672 30805 4908 8920
1377 7491 5870 1017 7121 2783 1859 3012 11539 9043 21689 4185 1554 952 3423 1706 1775 1408 8869 1318 1225 22467 9002 21625 1476 4815 991 5856 5926 11910 12207 2077 7494 6465 1315 16597 18230 2047 1999 917 12508 1695 1993 2202 1649 814 2066 9845 3520 2065 798 11253 16226
1378 3065 27970 15487 31358 14435 16569 31284 21271 14013 12144 884 2887 19177 12938 30588 30586 16563 14491 29821 18295 16565 21185 19307 22843 17261 16029 4316 27117 7783 24992 16551 19290 30591 30590 12380 31660 21181 6710 30396 29716 18191
1379 3945 3373 2584 10539 1815 1816 4820 3477 12047 7629 0 2464 1535 678 2557 2476 7379 679 1459 1817 7 18467 663
1380 2414 7403 8266 11115 9127 20965 5829 640 124 201 21370 13483 259 11884 355 4179 6709 23385 16126 20092
1381 22100 12409 27149 7703 27049 3374 21873 12288 26083 3394 4738 28249 9421 25648 12828 18953
1382 2808 10095 17592 17690 17109 6458 3920 12973 6326 6238 6721 9421 16774 13644 7460 6362 7070 17584 7617 10409 8390 4731 11581 8396 2398 4124 15496 5657 6207 4493 2814 8373 23626 6534 17596 15322 6806 26515 7887 16130 26590 4896 11188 22664 26922 8692 3748 4889 11443 15938 8691 4892 20239 8497 12961 4899 9889 10075 28414 20919 20922 6265 6540 23303 17668 3740 26432 14654 19024 6722 22747 12500 23862 29076 2402 28420 6723 6343 10078 30824 8753 3264 12818 8489 13205 4551 19020 7055 3495 14680 10233 19872 16916 3749 3761 27888 28704 4562 29256 27588 11450 4829 26525 10231 8478 19812 2579 13008 3302 11780 6713 5030 9965 20308 20494 2646 11691 11454 20935 7150
1383 14889 20625 24058 2903 24071 31001 18791 16072 24089 31672 29733 23035 30831 31538 30893 30678 31673 30539 18270
1384 4257 23703 4250 7240 11915 7498 785 6059 30144 10531 5850 3833 9695 3521 24768 2365
1385 8142 7582 28329 20973 8714 13321 10258 1517 13218 9946 19266 11250 10240 11678 8128 25624 11961 11663 23207 14823 19672 11967 14277 12618 1019 5257 13331 1883 1835 10471 3161 8136 1948 7996 1908 7759 12622 14818 13336 13376 20676 25595 13327 12529 1751 31676 11955 17834 1860 18194 5636 22217 31024 7753 13330 5276 13348 1892 23092 23215 18584 4659 3909 1994 1851 5990 2086 1782 2235 28804 9043 5016 4149 1733 10559 25393 1846 12522 20120 2264 7664 1880 2357 1624 7651 25392 4676 5330 4084 4681 6763 13364 21685 20643 6881 9049 1775 12534 2164 6565 3162 3166 13419 4703 10987 9822 5682 1812 2133 14281 2985 3516 25838 5323 18564 11959 1748 2026 11414 11968 6504 930 13715 6657 17870 1652 27558 1276 26790 5896 10549 11957 10584 10239 10918 8144 22232 26047 11952 17835 7743 16738 25089 14367 17417 22219 12 28262 4343 10931 17274 1821 8242 854 4752 13385 5248 928 6383
1386 6960 7895 7868 4517 6286 22226 2584 7073 7228 6310 6212 29205 5353 3037 16906 25547 21599 6162 5504 10762
1387 18066 24989 12918 20801 26313 24063 16108 3612 19398 3030 18714 21800 12927 14644 15184 14649 14584 22849 16653 9795 18783 18557 15209 20608 28449 26839 17529 27277 17052 6739 26957 10440 26402 15090 18148 16609 15206 20878 17100 12184 14088 16390 17258 22303 16225 15607 17045 22254 6746
1388 20230 25379 3048 5075 1867 2096 8195 1112 8980 2040 18211 11259 9049 1728 11031 5844 3773 12518 26206 27714
1389 676 4707 679 65 2530 682 2531 665 4523 5034 6911 684 2797 14 686 4592 690 687
1390 20369 15242 21503 21052 25814 24164 24014 16105 24397 12415 14716 21039 25147 6734 23463 20007 28882 14947 24867 14091 14862 29543 26176 14874 3671 2901 24099 27980 14869 26244 23672 19912 22026 22850 23553 26262 22847 24930 7017 23825 27276 25796 26767 19034 31669 24001 18926 24096 24860 24912 27829 24370 26458 24257 25309 27902 25172 24483 20882 25146
1391 9242 15797 13572 10566 3943 7459 8021 1842 6488 8930 3516 6430 8057 8868 6016 5281 3962 17187 5107 17785 18085 7313 8876 15720 15799 2009 5141 4147
1392 19469 9060 414 19206 246 357 26106 13483 2762 385 19620 236 143 17892 350 11302
1393 9339 7608 8459 3466 25504 9466 10660 584 22213 10099 3027 21868 13257 7616 4402 3347 12960 12336 21253 1958 8736 4603
1394 20435 19100 11750 24823 24824 11748 11556 20518 543 7024 11942 27066 24898 22633 23480 15721 29064 16589 12705 28359 30469 17393 20453 22817 28878 28360 12811 13178 17382 10117 855
1395 2651 581 19408 17258 23205 12916 24965 19075 15207 13145 25423 23426 18806 24451 17508 15639 19411 19225 24315 14649
1396 14440 18449 14557 23490 15058 14432 14093 21101 26405 18781 18774 15186 7400 17063 26002 9644 24080 12260 19314 16068 18189 758 26218
1397 12189 7687 18473 17659 15990 2709 7586 5797 4582 6632 12824 8737 24627 24631 22100 4633 19182 4733 16819 9576 13065 22245 4940 25438
1398 2346 3763 5870 16530 19103 17968 5881 6579 7548 7968 11153 11257 5902 4111 9711 14 922 14837 1283 4219 11154 3867 13841 11270
1399 15015 12916 16726 16657 14300 19924 16629 26784 24119 4801 18713 14447 24418 14519 23926 29842 16010 24738 30343 26818 22376 18561 16171 30769 16466 16027 18811 16126 14698 24447 31221 22159 29468 27530 29626 24399 23912 31695 18962 29615 24425
1400 10306 3500 6152 7158 3022 555 3741 5603 8605 2707 624 1745 1385 4122 8683 8686 6093 6109 9586 597 3209 678 16822 3396
1401 3031 7913 1816 13150 8477 2612 29232 31698 6155 6962 21748 5495 11836 13011 4636 6713
1402 22671 17987 911 5006 9436 929 18212 4149 13088 17995 9445 11992 5848 2073 4781 3703 29698
1403 24924 5380 10661 2939 5391 19112 8508 15569 17021 5400 10187 18838 9206 7794 30952 28052 18687 5741 12102 7422 17804 13223 10180 28601 16213 5390 25196 2933 2925 7179 24923 7467 23742 10198 9650 9239 17362 11119 7468 10178 18837 8260 7195 11665 5399 10164 21839 7472 5398 5738 4748 8273 638 10662 8268 5764 5742 643 21735 13420 22568 18881 5826 5747 11122 9264 7417 30257 24905 26479 27940 27945 28735 4608 21113 18978 7427 26416 28008
1404 6566 4039 11249 4 4056 11731 23002 1095 28334 4094 17957 4066 672 17725 10907 4166
1405 21031 1680 8644 18433 1998 8181 24764 5279 11644 1771 5299 1517 10825 8626 30057 7977 8156 9931 15328 1974 1950 8178 17568 1858 12548 1785 1437 13374 1790 11967 6929 12622 8128 7827 2244 10133 22216 903 13396 10582 3082 3771 4159 2115 2179 1723 2993 2290 1800 3060 3163 9690 8650 1842 3792 2096 1538 18359 4178 11961 9840 7048 7971 11965 5258 14955 1485 29451 6768 8136 5259 3812 9244 5022 18549 3978 10908 7292 6919 10812 23727 1072 779 3809 1775 11959 1622 5257 13321 27744 10484 2041 2021 1651 904 13213 10930 2663 5905 17288 972 11260 25894 2095
1406 19187 23977 21293 19910 18812 23421 24080 23938 31001 16744 28900 18051 29396 20835 24862 24425 25288 22943 22156 18787 31675 21970 23730 26622 22375
1407 560 6164 2487 678 2686 2687 547 1822 4123 3467 5367 2550 73 2505 24559 18337 11070 25846 9077 4299
1408 13186 22133 13984 11509 11739 736 3898 26563 22096 23445 3925 11698 4539 15741 10055 14002 1637 26336 21162 12959 22632 16360 11598 18606
1409 923 6 3963 909 1089 1979 20639 1893 10488 12444 1835 948 1019 15539 3941 8934 3800 806 792 12156 10890 8258 1512 9943 20758 1047 904 4036 2011 1649 3401 6846 14281 1359 13790 999 6013 5019 25380 2024 1049 13676 14380 557 12070 12471 10327 31065 10108 28902 972 970 12467 1350 8972 21543 10980 946 5020 3089 23762 3909 6680 12221 1454
1410 2551 4127 9572 10286 2652 3204 5033 590 2972 13999 8452 2960 4124 675 636 2584 741 4615 2527 12402 5344 601 9676 4542 1637 3323 5220
1411 949 3766 7104 13979 3738 3084 2453 3743 4615 10616 1316 6524 977 9002 9135 2584 3408 17224 940 672 1052 1478 2451 8056 7459 1629 6445 948 2007 2312 5905 674 23150 9245 6507 1427 4126 928 27317 4517 7171 18171 21664 5009 6522 20026 4163 1114 941 10629 558 31713 7562 13051 8951 982 2457 6135 8026 3706 22488 21641 2008 1270 5096 1794 8014 7234 26890 31147 22280 6447 18236 13370 10583 15276
1412 1284 27354 12945 20968 8199 5112 3699 14096 14191 20169 23413 6385 10493 15934 9242 7273 2143 2678 12136 17213 15679 9917 5129 1876 9413 5145 27972 4167 12224
1413 24176 22398 6761 10445 20773 3593 15266 24064 14626 24500 14625 17771 18289 29549 24248 9529
1414 2942 2980 13094 1517 18496 18354 13828 11051 26792 912 1622 25949 1520 10793 1670 23181
1415 3728 10664 7352 8564 9289 10935 17314 22413 18982 9288 9933 2403 18836 27983 28009 20903 4608 28010 17166 23625
1416 4781 8164 5687 8153 1517 10548 1027 5017 10825 13331 4007 5285 2425 1879 25623 1625 14811 1695 904 2093 2277 1612 9979 11182 9042 2950 15915 12558 1997 9247 9044 1113 1949 13097 20676 18456 16493 27724 6646 13353 29235 25595
1417 7406 2933 6034 5790 18501 10219 20533 23785 30523 21256 28724 18985 11115 14212 12105 5384 10208 25029 11126 14236 7187 23102 5780 7415
1418 10659 3365 8721 10392 2552 892 7019 7572 7618 3027 3379 13920 4871 19553 13936 15994 18521 13002 6220 9541 9550 12873 8753 17703 11817 7628 22492 13942 6098 612 9543 22081 9554
1419 2550 1817 2506 2566 6912 603 15325 2567 78 630 663 1116 2191 2440 3134 2263 5966 8687 18588 1637 2676 2470
1420 7155 7876 15874 7061 3348 9677 3346 10382 3391 3466 892 662 10290 7952 17644 6153
1421 22862 2668 6700 4445 4287 489 7319 500 11762 6896 4444 1488 4440 16264 4300 12645 17129 9156 6080 7735 11427 3806 9385 11800 4852 469 28384 723 1166 510 468 8797 11 2821 9369 15453 472 7364 1128 3181 1493 9139 461 7363 9137 509 7318 11768 9073 6696 16974 6079 870 6889 1164 1129 9374 21398 17130 480 25863 11081 519 21352 4308 6904 9153 4723 495 11772 17131 9140 501 4720 7321 2820 6078 2666 4847 4285 17571
1422 2555 0 14 689 2458 11377 5726 3816 1383 2554 5799 16368 9109 7580 5603 5592
1423 2644 2975 3482 18379 590 21955 27673 13038 7870 6241 5234 20132 26666 2620 8392 6822 10402 2784 9580 1742 7947 19839 26795 29074 3127 3130 13438 1385 657 6173 10414 2999 2708 609 3002 11392 19854 3326 6242 8577 3373 2608 28257 4638 20885 7609 16793 7592 6628 3325 7578 23586 2592 11 31737 3026 745 6180 2605 3267 9478 741 3348 7603 16775 1816 3025 22686 25562 7951 5177 2807 19885 13504 2812 3220 10410 10391 2548 2602 26219 7921 9202 28380 20918 27610 3310 10407 16907 6189 15909 659 3282 10406 19539 7475 9643
1424 14966 16220 8711 25752 21817 18120 23564 27504 21472 3669 3628 20630 14555 16861 10451 25754 3537 16613 14477 18056 14706 24820 30212 24182
1425 14389 14540 15786 25964 25963 14686 2443 4390 15222 3687 14902 28650 15041 14467 3552 13460
1426 22579 12294 27168 24683 19091 12274 21306 7900 25528 19556 27380 22867 4090 28603 10694 7708 19122 5530 25782 16776 24671 28367 31740 22098 26373 6959 13046
1427 6325 5360 6347 1819 29757 11807 7634 12279 18248 7699 25910 5036 2651 3230 2979 4598
1428 7070 9872 6223 15496 7628 3017 1819 4523 9197 7898 5358 12824 23466 7625 5341 6694 17685 3344 2570 25647 10761 2535 25653 9879 874 4530 25487 21869 899 6960 3036 19529 10302 11583 10695 3289 2532 5363 16908 3280 29600 3026 7704 3284 1816 1534 7055 7153 10619 8580 10984 580 19004 25009 5217 8574 6783 660 4599 22087 7171 12191 27089 3300 29090 8343 17687 9109 6390 21579 28386 15734 5235 3751 4828 18943 9530 2653 20490 11440 5176 9681 5171 26128 25538 12481 7705
1429 15855 20523 26160 3674 17458 15259 14519 25707 15209 18777 26060 16754 19931 15186 15314 23035 18783 26838 18570 15109
1430 6546 2026 9663 912 23902 957 8958 1399 6834 5076 1810 28884 10323 6482 8912 3058 10563 6125 15518 20288 1869 1914 2158 6667 15687 28330 5159 4105 3089 1063 3992 1336 1705 988 26488 559 7272 28033 15928 6573
1431 1222 1629 5266 10483 8788 10496 2365 558 3762 1284 11925 1116 3092 1678 2980 6135 7125 2230 999 580 814 4924 4675 12596
1432 24940 208 8701 23707 408 5090 215 4413 19310 2767 13149 11308 398 42 321 358 11319 11316 5477 246 11195 15610 19445 2755 198 5086 128 8773 31 360 5087 369 19446 127 13874 15381 5483 11324 11312 19437 36 5419 13867 108 5492 11032 19580 5474 19475 11290 11309 11492 19436 24938 11371 19434 11486 9106 4481 22863 19641 218 204
1433 20391 15465 4542 24896 7894 8466 11717 10098 29532 17694 3949 17708 27231 16537 13057 25437 15976 2599 6375 25459 2818 27259 13944 21087 23347
1434 18993 8214 2648 10420 13437 29205 19552 17710 13038 13891 7287 18493 12973 14039 13525 23355 745 15944 5614 19535 16787 10087 8665 12274 20708 19543 13499 6217 2461 14041 28079 9886 3226 19525 3295 12316 30818 4600 13443 2548
1435 2457 5650 1318 15714 1724 809 2145 9904 925 13320 16494 21515 8526 6867 7166 10990 3813 11736 22357 6017 2055 18236 28144 27594 2337 11048 5974 5865
1436 2643 3289 741 6282 10100 4734 7004 892 8721 13928 11810 28206 20749 28485 27179 17300 26089 9587 13003 8361 3478 8689 9231 28861 13086 27365
1437 24077 20092 20801 14427 15255 19396 17258 21086 19033 17261 14947 23487 15195 14585 20371 16072 16105 23251 18782 26037 24196 24423 17093 23848 24006 18812 18705 18059 14747 20284 20835 24329 14625 16871 23996 16126 14746 12184 764 15236 23930 24299 10452 18557 24646 22266 18713 24471 24357 23854 21123 18797 24421 24406 22795 4801 19291 25315 15628 14448 3068 22433 19187 19300 19194 27243 19190 28375 22273 26764 18808 24450 26850 25162 24910 27512 18758 26245 25044 22620 23026 8711 24808 28197 29591 29510 31760 25001 24405 30504 21842 25348 20850 15032 30877 27536 29720 31761
1438 11510 3207 4511 6316 4788 7909 3889 2815 19857 26668 13038 10370 26188 25652 13504 5537 29976 19561 8418 25562 3333 6481 19536 22956 3225 29806 29309 7589 25563 6356 22543 4785
1439 16212 12363 11403 14240 7186 7407 19815 18180 5755 12102 14229 11162 5798 7195 10197 5807 12342 26547 3145 7406 6923 6035 18864 21984 4329 3727 20960 10207 2939 16419 25195 2409 30305 7424 3726 22566 25197 11139 12345 11132 7465 644 18837 11170
1440 2452 16255 3094 2033 2333 23181 28318 1719 1846 13393 13677 7650 28863 12570 2136 10875 6915 21328 2251 10909 29555 5280 29102 11250 24531 23164 1268 8638 2011 9822 26463 2299 10016 1997 17868 6130 13349 13365 2375 1975 30686 28576 5281 28614 27657 10930 28030 2043 29954 9040 11964
1441 748 4124 6711 654 7455 2517 550 6088 9676 2872 9465 9671 675 17547 1527 5133 12217 12 2365 10532 3440 10505 14366 3962 7241 27854 2780 3198 23680 3127 2651 2964 2477 660 2963 2979 6644 6804 6597 1529 12498 1375 632 4207 891 11626 4487 22432 4942 707 1369 17670 2860 10840 31767 3237 26233 3025 7927 27080 14003 11723 4924 4816
1442 20960 5766 18891 18913 8612 18823 7406 10197 5789 3524 9649 8523 28266 18889 21435 10171 16073 10223 18855 8266 5796 10188 5813 24541 11398 7793 17362 13226 18898 5740 8510 12099 10226 18848 5791 11109 9763 15057 8275 7473 2906 18834 18505 21110 12362 18868 3728 5790 18982 10203 5383 18179 3526 10220 18877 644 23778 524 11133 17020 2405 26960 18612 2925 5814 18501 8270 25493 7352 7192 3525 25641 18835 17167 25032 12363 5823 22412 5500 10162 14235 7839 27769 31564 18839 18917 27631 10155 10167 8506 11126 31604 18894 10204 18182 5767 5802 22564 9268 7182 25078 11138 21837 12758 4298 2932 28008 25884 27767 24844 537 5828 5808 22566 7176 11176 11170 10185 5799 11122 18507 5793 28857 5772 12122 9289 30924 8515 10227 9267 29109 20961 12886 10165 7180 5825 7174 2408 15724 18908 10152 17805 18178 14788 646 5754 28730 2406 28051 20530 10193 10178 28972 639 8269 25491 9283 541 20908 18887 11131 3731 11111 11402 9280 20962 11412 2403 24539 22559 31768 25883 5735 5785 20541 7195 12125 26411 14239 25201 11401 5797 7466 11408 17170 21736 25181 25189 12124 5756 30986 29668 12101 7471 5391
1443 22860 22255 24119 15349 24817 24423 16752 21551 17532 14531 27527 16627 19924 7396 20364 22276
1444 19876 17063 3030 10025 6746 4179 19185 3065 23655 15025 15043 17316 15012 23031 24080 23830 14593 11600 15006 18042 17855 16128 16850 14453 16706 18783 17258 16882 26353 14485 18039 3646 3612 4397 17254 21091 16657 23828 11599 15206 14298 14408 3674 19328 19229 19187 2881 25963 8786 15176 15246 15015 2879 14970 22254 18700 9324 4396 15165 750 15131 19184 23422 8784 24218 26754 18056 23035 14712 22054 21453 15020 16617 3672 30457 15254 18630 22253 19924 18795 14671 23834 3650 17550 884 16392 25700 16029
1445 5781 17895 28083 31111 5822 11115 14239 14232 2933 10158 5394 2410 10337 18685 12681 18690 27983 5787 23054 13226 8520 17309 22553 20905 11166 5382 5802 3154 12116 22560 7794 10340 3726 8270 12355 25959 5391 21437 12884 9132 3731 24783 6031 21979 20907 20540 19166 18688 11485 11412 3150 22561 22555 14230 31006 9268 8277 3727 19101 18538 7787 12361 22551 23690 20963 8264 5814 11167 14219 7417 15787 10220 3145 22641 5812 8792 10188 7792 5381 15789 12105 30958 20908 29381 14236 20903
1446 20963 8561 2938 3148 31021 22560 638 31781 30197 4332 9289 31471 31782 21736 9270 31188 15575 27099 30256 5786 19821 21108 30944 30797 28399 7186 22649 25030 7417 31783 17165 5802
1447 7966 2530 12742 4501 4765 21568 9237 6584 22963 1316 3346 12829 2577 10864 2534 679 7596 6644 2788 18730 30807 3294 2592 16138 9033 18231 8330 3945 8467 8492 18175 3298 29785 24634 27922 25533 4907 16914 11828
1448 24212 18188 23933 23998 23946 16010 22019 24230 23968 19938 24245 21204 23937 31159 24244 18800 24085 24247 23963 23936 27885 23958 24253 24258 18962 16502 23984 24020 24369 24288 24414 24405 16027 24016 16048 24308 24400 31257 23986 26300 24283 24342 10451 24354 24478 25404 21064 26756 24490 15565 18268 24506 22122 23945 24299 24368
1449 1838 1425 7493 3407 11900 3304 5277 3837 2077 4082 17407 9723 8027 2071 1034 27015
1450 24295 24018 11192 24202 25997 26501 4881 22254 17030 17043 21293 19185 19404 16857 19395 3674 14415 19408 16866 20480 20882 18809 3624 25216 10148 14300 19184 8786 23424 24842 22795 16877 12366 25454 3851 12923 12475 26892 814 21061 26194 23672 16974 1128 26280 11870 25597
1451 12090 18871 18903 7417 5398 28724 12097 8565 18683 8561 3144 12122 5797 9128 25201 9130 31014 11630 21268 9293 30957 9935 25078 25027 11665 28946 10208 9017
1452 14423 19065 20113 5763 10195 28726 646 31187 25183 9280 7420 14274 11109 4608 19822 7421 28760 29353 17021
1453 23832 19184 19187 16657 3660 3672 21410 14721 15009 20572 15245 15025 14723 22156 24984 15022 22254 23447 15028 25759 26511 14997 26406 18270 17545 16644 14708 20777 20830 11872 24324 24986 16396 23031 26354 27778 26395 2892
1454 2040 1521 4677 7315 3410 2019 6771 10968 18544 23179 10808 1974 10868 27083 814 13298 1110 12 1715 2993 1663 988 12216 5278 890 2472 2563 1956 4203 83 2598 8645 574 2535 1824 6933 3420 1846 1931 7748 6916 3089 691 1825 8144 2281 14803 2966 854 2564 2141 2025 2378 1889 24725 3867 1976 4272 20191 11662 9189 582 10502 909 1925 1728 2827 934 10915 8960 10679 30698 1485 3775 1280 14348 7668 1936 18594 8616
1455 18744 31592 26632 28959 19194 3564 29294 24412 23032 17759 23571 17740 21069 30674 18806 17749 27215 675
1456 1111 19570 12457 558 9443 6583 6877 1746 609 5059 6906 5944 18597 5672 25439 3398 21691 1002 3864 3837 14955 7273 934 5974 18024 4028 5882 1984 2381 18443 8659 6074 2382 7509 11256 7554 4153 1177 12074 23223 2957 11421 3735 7975 3092 20232 7246 6579 3945 1637 790 1171 712 4571 73 741 2440 996 11687 1315 4464 4806 795 1345 5695 17207 2276 4167 29608 6146 1610 5056 798 3437 3980 1318 1269 3990 4111 5335 5130 29812 15595 6841 3416 27091 3976 10675 20746 21650 8972 17248 2203 6924 2216 12459 2102 1451 22471 3397 1116 14368 4244 5677 4036 3519 31790 8859 13776 9566 21307 2713
1457 25694 16882 18788 23843 16128 17532 1817 2649 1813 675 654 2778 3193 20364 18554 23852 3663 23421 26355 9795 18784 6755 18601 21020 26247 23774 19067 16737 20771 20466 24239 15219 14502 23126 16657 18783 13739 14259 31369 17096 18695 27067 3140 20613 25938 9307 22860 22158 7397 25292 25043 19400 16653 18112 24182 14523 12055 25997 31793 18592 4313 17542 23427 26248 22434 27493 25698 25354
1458 20766 19386 16891 2892 15130 16063 28695 14752 3624 14457 28451 14558 16513 27285 30826 16372 24235 23233 29614 21125 17023 23581 24969 17240 18711
1459 26343 9551 2589 23864 8357 11635 17009 9497 11471 11504 629 7004 7715 7697 6625 17068 6210
1460 5398 5378 5384 10219 11134 8274 8515 22323 19355 5381 9130 14238 7415 10188 12102 12112 24905 28430 7413 524 18687 28596 7417 5823 4608 16419 3729 2403 7472 14787 640 29764 20964 5751 5799 5767 18507 13140 12347 11409 31796 21984 6031 10152 25497 11118 11630 28975 11162 12886 9289 5383 5819 12363 18883 20962 8561 9016 4609 21618 1113 958 1451 1391 15573 28758 10661
1461 3822 1517 8875 1486 6028 4008 1485 9243 8022 23703 7494 1953 1390 4663 4144 4058
1462 12634 18389 1916 72 13407 1702 8656 1342 18567 8141 10807 1517 1927 2050 1290 3759 26050 20396 14818 12603 28392 28952 11965 10962 21906 904 1709 22466 1291
1463 30193 12363 2403 2936 12098 14237 20540 643 19166 22377 30616 16665 17896 25866 12094 10203 5762 5746 28007 23786 5772 650 16237 5392
1464 4443 11099 9951 4448 24718 4311 11078 20008 11019 4721 11087 2667 21343 11014 27228 4446 29912 459 1123 5544
1465 5718 27166 10015 24879 1803 5004 1947 10329 11949 10874 24785 12506 20395 1712 5067 18359 14955 6638 10887 17833 2012 10962 10708 2002 10976 1948 4178 2100 28543 6670 1357 17870 1508 1917 10471 8445 1867 792 1616 5989 9011 6112 3734 803 8652 12541 3011 9739 1913 29347 19418 10875 2099 17276 938 5258 2299 9929 1850 1749 1801 2344 12567 1937 1519 6768 13814 3072
1466 22889 26955 17457 17424 13763 19317 27948 8955 27413 21243 20738 19258 21245 20087 21406 17494 17486 17430 15651 29230 17493 23820 23663 17174 17474 19315 23665 17489 17482 15657 27201 31802 22783 20730 28979 18425
1467 13342 17275 8934 8257 6024 6013 12467 2121 3414 30155 8982 6989 21664 4268 2338 27690 1775
1468 3008 4574 7612 4402 2712 4404 3034 6156 9493 11177 12979 660 7941 20240 12194 6332 23445 18622 4940 3339 3361 3389 19000 3301 13938 27089 6975 13011 9577 7000 21253 8762 11711 26204 2818 13926 6331 31804 14775 25437 12050 24682 5521 27612 13932 3471 21223
1469 18167 15000 18942 3624 20950 15988 16982 26993 15314 14412 16657 3562 23837 18694 18561 16048 18771 3140 16882 24652 14444 21635 16029 14419 14599 25043 4396 23251
1470 4223 5143 5967 3515 8238 7512 9438 7311 5842 560 2470 12026 4088 10495 4469 5697 2500
1471 28305 11754 12809 10872 19974 12719 4979 19947 12784 832 4957 23641 12148 14305 1585 7043 7045 527 7082 7102 12775 12691 844 9598 16347 1562 19965 1599 16481 9597 19744 12900 9591 2429 2428 21443 7768 22562 16414 7772 526 13122 20196 16427 12810 22876 19962 840 4975 7770 12748 31132 2827 20427 10754 7030 7773 12756 2836 8482 707 9624 12794 18530 1145 9309 14348 3131 1141 12783 14349 1547 12715 12480 6542 675 1822 2393 1590 20825 5769 1550 27734 23391 10714 1140 12600 26883
1472 7032 2428 1602 2844 11748 17399 7047 17382 7034 3045 11751 8699 533 29382 7190 12674 7037 4991 7042 1211 10353 12670 7033 28438 17403 25756 2845 16340 15510 1568
1473 18882 9130 646 14339 29014 12708 26549 17384 18835 28716 8615 22565 18892 18976 24977 12746 9610 20534 30129 28972 14338 18981 28740 22412 18834
1474 12838 6958 9466 3345 9847 12035 6089 6370 8472 18998 6727 3036 17435 17348 16799 3473 18995 2708 13986 3479 3334 16283 7170 22868 1375 13488 3346 24598 23768 6316 31820
1475 14649 6762 14547 17537 17319 17325 20665 25584 20733 17748 21757 8810 14650 23844 24019 24930 20094
1476 6225 27177 4730 3506 8343 1815 2605 70 10034 7903 8451 2582 31039 11440 8764 10086 12391 4820 14159 6370 6314 17116 3300 11456 6813 11381 8002 9502 19807 19786 4632 9527
1477 2966 666 2542 2458 2703 615 3200 3027 880 3226 2979 2537 687 679 11710 16138
1478 4539 9936 7908 4496 6621 5527 7897 7054 25499 8216 26205 6701 7212 18653 5204 7895 22590 3307 13809 4134 29106 4940 23506 21853 15904 19234 24773 21034
1479 5220 5514 2606 4594 7060 3508 13436 5341 10389 678 5519 20306 635 3347 8210 3947 3316 13946 569 11840 7911 3290 22949 7889 658 10694 24767 28139 1968 3450 3381 2552 3295 4520 3466 6624 83 892 9298 6375 25511 1816 30172 3496 6207 7901 6389 5607 5188 8763 11471 10093 2605 3217 7902 7921 4789 4821 10768 11814 3379 27389 3245 22446 4518 15742 8458 2807 4394 7152 9686 5729 30191 3486 5540 609 7630 6962 10660 6343 3945 6822 3204 16764 3326 3367 2533 3324 7073 7333
1480 6688 17652 7894 2584 7281 6690 4559 19537 2796 15951 9932 1816 2612 13288 9566 5661 29001 6613
1481 2557 7958 10668 6914 8482 2542 6097 8738 4520 2532 1814 4115 1637 660 662 2477 654
1482 3007 3027 554 10837 7906 2979 596 10386 3493 16368 18176 13613 25490 11203 13065 687
1483 7889 5374 8737 7630 3326 3738 2649 3924 878 7612 13434 6459 2532 2599 12390 7611 741 4871 22979 735 7629 4904 3196 7936 7618 5526 16773 4572 4515 22549 3689 5521 4602 2537 13921 4520 2805 7939 17080 3372 4734 4574 6621 2591 3949 22100 9520 7451 3017 9859 18992 7688 3476 13913 12194 12957 25742 7803 4525 12849 12405 7945 10386 7952 688 11637 7686 9532 10945 7890 9526 3330 7927 7954 9494 3347 18080 686 13039 10390 4901 13523 5519 21033 15910 8756 2687 14657 8004 7955 8364 3496 6690 2483 3741 4394 15885 8395 11716 2582 8761 11810 2545 13170 9534 15993 6798 3395 3972 17709 7950 596 23467 7942 10620 9510 5525 3204 13029 5510 16904 4940 12033 4603 7 11712 13016 14829 7601 675 8752 6098
1484 7313 978 790 2451 8030 8663 1188 18202 9982 11732 9930 21628 18010 20168 9419 8709 18232 17784 8050 5058 23805 16810 10795 8016 6421 15555 29368 22975 3692 25966 22971 7459 25225 8086 9986 807
1485 7694 6602 4550 11739 5530 4486 7868 9228 8347 18653 7701 5036 3247 9719 5526 22598 6342 713 3472 5661 7911 2645 4394 8692 87
1486 23237 1049 2024 8629 12352 17796 10488 5260 17268 8650 10914 10907 907 11051 4178 5934 10912 5009 972 2363 13555 17276 2322 12595 18245 25128 8324 26890
1487 19584 15391 12230 19576 28006 13598 400 15801 2730 2735 19476 28519 420 284 239 91 33 23709 4328 92 19646 375 28175 4355 18726 4354 24955 133 17884 9813 24953 21356
1488 5717 11152 5842 18624 8224 1896 21001 31687 11883 17273 4764 1775 1810 1434 1800 12548 15829 9443 21596 13672 22234 8238 2235 1049 2989 2234 4234 3401 9444 12589 9842 10602 1315 1350 11225 6488 23878 20948 12610 15791 6011 13297 4262 11347 21363 1234 5719 1992 26997 2004 15940 6780 17568 12031
1489 13479 14026 138 9060 11493 125 25663 289 20333 23689 215 21717 19494 31212 19207 264 23695 19481 2765 441 14024 15408 28003 29874 17249 23379
1490 15626 27326 20518 22449 16087 8730 3661 18303 6709 15492 21274 18300 12932 15997 16082 31275 18118 20283 25500 12144 27991 883 17066 27566 16547 12938 7961 19289 15639 5618 22118 20864 21850 19167 23570 16927 3064 16944 16568 16953 19171 15627 16933 16553 17327 29998 16930 23574 17548 20861 12418 19288 30315 14493 14398 22448 18275 28443 29996 29830 17904 16936 11675 16555 8114 25579 22343 21447 7960 18062 30963 16926 12382 15635 20514 29161 16560 16548 19144 30358 29051 6968 16545 22636 24290 30960 15629 29824 18221 29651 16935 30586 3662 16951 12424 16089 13621 885 19360 23576 16957 27567 26870 29040 23577 8019 16945 16959 29825 29376 19307 25581 23531 21182 25582 27968 16549 23322 16542 884 20865 16949 20839 901 17521 23569 19170 20854 16928 19162 25315 31615 25317 29970 18274 14448 20852 22333 15427 8305 16937 17550 22637 26867 13253 12425 18301 17771 17761 20800 30973 26061 18667 22272 3592 2876 12265 4380 21320 12419 27103 16966
1491 5023 13526 7535 5260 2256 7817 5287 4601 6640 21030 6342 7932 12399 3770 3495 4455 10105 3301 7868 8632
1492 5358 19716 19854 8459 7005 13504 24671 29993 11807 9197 27635 2628 735 27377 18493 22481 19538 9865 25909 27343 10417 19561 13258 6227 30266 27722 20802 6311 5364 11499 5350 6192 13534 25367 19859 9305 15906 7288 13016 18248 27362 26154 24629 18679 17710
1493 22342 24284 12412 19146 16960 3067 15491 29836 7258 29211 16958 4179 31495 16564 31855 31856
1494 11015 15387 13142 25968 9150 6081 489 496 466 3178 2671 4844 518 15434 15419 469 1132 9065 4859 4860
1495 5075 7354 4768 1065 9043 4236 5076 3962 1994 6407 8915 6500 15812 1705 12161 6388 963 7974 1183 7353 4167 8913 16592 20895 1040 2163 4170 1019 8846 8801 17280 24725
1496 8645 1521 5002 3057 3050 7294 3088 1670 21549 8083 5278 10991 8648 9246 1652 22346 1688 3404
1497 322 17937 25663 19634 8778 4406 15839 15121 9700 15840 336 340 4360 217 2764 26581 7386 13862 23073 13886 19606 23068 8695 18394 15544 23074 30133 23622 24938 148 403 675 25259
1498 11026 10576 29316 5537 6674 12223 3416 12462 20984 3425 25898 8102 8556 17983 30145 2328 2077 22754 5991 1271 30280 26709 29512 24870 1850 23114 4872 5877 17781 4268 7496 22751 4001 30003 30815
1499 566 12280 2613 81 4572 3289 2527 1813 6090 2967 4129 7896 7905 2500 7391 8458 1815
1500 23806 660 19363 1387 15549 19098 31860 4163 31622 5066 6446 2374 7234 8015 26417 25443
1501 2363 1859 6882 1188 1250 2096 4178 10490 1776 1434 3404 1264 7161 3802 2993 1295 6987 13374 3703 25379 17180 7048 1107 12 6443 10137 16166 695 1001 18162 4281 12507
1502 20411 1671 12163 6886 1695 2993 972 8978 8623 8802 9246 14123 7655 1622 12070 20676 17552 7509 6937 3070 10923 13332 9 10927 1984 2093 1256 12502 31635 13321 28410 22232 6526 11879 19266 19677 2205 13327 5018 2196 912 4667 2143 904 4655 24573
1503 6834 6510 7565 9833 6504 17406 1833 6450 10288 4924 2078 14204 13837 10909 29303 1097 2246 2418 3980 2155 2088 16594 18517 13353 6886 23811 2302 13322 1299 13377 7909 6645 22976 2360 30621 1731 6916 22314 3085 6358 6935 30478 2142 2322 22472 4093 11216 22497
1504 24218 19185 20834 20845 4179 15288 16932 28639 16007 14093 675 16946 19142 16564 23572 28638 26058
1505 1505 1814 604 654 555 11774 2973 2542 2649 550 6092 554 4127 2556 3972 2861 2966 687 7925 678 3973 1821 12127 26221 11666 630 665 675 10839 666 2547 7215 29253 6111 2548 7357 3188 3192 83 18416 1817 1366 21743 29282 3396 29321 17449 17174 29137 23492 6642 5816 21841 908 952 557 2228 18171 921 2431 5693 1761 13696 19803 3832
1506 3090 18455 1921 3058 13335 1698 12524 14361 1625 1933 21310 1678 1748 1889 5679 1883 8719 2320 1645
1507 1101 960 9215 995 20491 9990 14803 2171 9948 2232 28198 15911 8952 928 913 4762
1508 1315 1916 8909 776 9242 10495 19420 4277 784 4056 5856 20167 5854 10640 8063 15941 4078 5136
1509 22254 8815 30709 21967 26315 18700 22801 20584 4316 18166 6738 17014 3592 20818 23267 21016 2898 29560 26325 3140 18712 15913 20573 3559 20564 3564 3538 23537 22620 20604 16677 22137 24418 29741 28259 15215 20880 21500 21996 3535 29511 21968 3549 21995 26060 13422 27614 3591 23250 2884 12415 24138 14085 28508 15581 3572 16465 31343 28265 16060 3536 8308 28451 25790 14083 26632 27779 17752 26539 18143 27072 20605 27280 25941 21972 3684 10135 18106 4376 3602 31344 20571 14795 14390 20052 4645 17047 28506 22799 12262 21078 16617 10319 3530 24429 21973 19383 17739 21493 20578 18058 20390 24110 17738 30987 20874 20556 4327 14935 14516 19880 4378 22442 28290 25815 17529 29760 30245 23004 24365 14869 30120 24967 27474 29559 17545 20576 20557 22272 23132 30241 20547 21483 26875 14881 22455 23541 21199 23538 19184 15347 28557 20594 21475 30117 14086 21557 23540 25760 16999 24078 27516 14421 25345 25930
1510 20407 5177 15965 4121 2578 19556 12368 11747 3947 30306 2483 13167 4135 23396 11833 13269 5614 28279 13518 31883 13951 11779
1511 9704 16490 1354 7642 13790 925 999 1350 1231 5914 5906 11734 10859 2304 31148 23805 16805 19413 29647 5928 8084 1012 21677 14362 4267 3833 5025 26046 1794 1318
1512 1563 14306 25883 2855 7181 10744 12652 16338 1142 7726 14312 8791 9306 7417 11171 542 10148
1513 12047 10691 7630 3281 13986 8735 10304 29902 2475 7613 6177 5509 14793 5350 7276 2705 8757 6188 9535 2554 11471 5510 13037 11717 3496 13951 5521 2802 8753 10837 17841 21834 27170 14982 24803 13952 11825 7634 7333 13071 3274 8330 9562 5407 3303 31893 6614 20032 27169 11506 9565 13956 29780 6258 2521 7019 17120 3230 10607 25606 18484 13063 11725 14635 11712 30455 3310 31254 14657 4500 13501 6691 29411 12837 13512 30468 1746 22247 13263 18313 7933 13968
1514 11113 7186 5765 18848 5384 14232 3524 7257 3145 7172 14227 3526 11411 25495 5740 22567 5816 3726 18813 10685 27764 30047 12098 24783 30837 5767 12774 2931 20529 5800 5827 14223 5805 524 11397 6035 17802 4298 10185 5814 22554 18839 11123 20904 12363 5787 11124 10155 15985 9130 5385 20534 9128 5766 9785 4608 14236 5799 10336 5761 14274 5737 21257 5779 9186 13225 7195 3727 20539 31604 10190 8510 9124 5751 30715 12346 10153 7407 30995 10169 9017 13582 7428 18367 12884 28269
1515 7914 5032 6690 23359 22115 9030 17590 15904 19861 8745 11707 7634 2966 7906 8748 3931 13289 8009 9550 8210
1516 11402 8273 21987 11115 2927 9785 11120 18690 10222 7186 646 11113 9128 7406 9650 29473
1517 28490 18598 22225 2612 4525 1822 7909 2461 4248 3983 3254 7859 29596 8416 3345 7002 2979 16285 560 29174 2522 15465 10608 30708 13021 27703 7632 7927 5525 27872
1518 9348 23298 22093 20633 1087 8845 7654 31181 1081 21260 973 11895 2205 16254 3510 4234
1519 18752 16220 22010 19926 20270 15128 23084 24061 12234 21314 16990 14714 24996 1637 14508 18592 15307 2549 24243 14423 14402 17855 563 547 2690 18766 14701 19397 20243 26392 24817 20876 12929 3592 28110 14446 15170 2537 21620 16372 16324 18064 19918 18270 767 2911 24182 21534 630 1817 875 25003 21408 2910 14649 21697 15225 14909 19398 14259 6757 17258 16380 26994
1520 4621 9880 13259 5598 11060 9460 11474 7906 26521 4554 11440 10095 19893 24976 5224 7056 17159 31492 3287 2653 10034 11473 5596 9568 18576 29257 4530 9561 19752 16298 28184 21746 24634 4828 28874 26094 3344 26596 22082
1521 5902 14831 24688 1289 27577 674 20231 3907 17835 2389 1977 11533 972 14245 10825 6663 30879
1522 1517 9845 4159 12541 9038 23763 20394 6834 12536 9822 1765 963 11876 23525 10679 11959 1049 12626 12000 22721 15616 13213 5950 9904 29192 4268 2130
1523 3957 3367 3330 16310 25850 26081 12298 2814 26085 7073 3273 16292 7171 6357 678 6526 3354 8741 17300 10619 7697 7167 6692 5530 12228 10767 5620 13895 4501 24774 1536 7169 4507
1524 7615 3215 15957 9574 9643 3304 4580 3496 11475 22958 7914 10231 21753 8472 4136 3332 31902 24549
1525 14303 13117 19960 15507 19954 30496 19962 1146 9624 28963 847 28155 534 19967 27082 12794 1571 17390 1589 27247 9612 10023 22823 29063 24826 1551 531 12700 29385 12797 29384
1526 28062 11156 11355 11344 5909 19581 24752 21583 15980 5876 5954 22670 23412 22734 22942 31791 9807 27475
1527 5540 12832 3473 11747 18078 13285 7686 17628 2797 3385 9685 10098 17593 5616 1963 24800 7673 19051 13209 13928 29105 28404 21868 18257 7694 8202 13166 13168
1528 6854 8159 9731 955 9713 4056 9003 2290 3975 10349 6441 6483 6517 4651 1356 20045 9247 6859 9666 5926 5672 1987 4277 6447 1484 14114 1001 4176 1480 6866 26227 12489 5078 20807 1030 6358 19344 11793 7495 909 20988 6465 8070 10543 28988 25690 9013 11045 14204 7979 18243 7806 30058 1412 12466 804 21664 4268 6992 5944 7975 9945 13837 20896 5697 9730 18211 4585 18662 1368 4733
1529 15072 14546 15064 19278 17498 24334 17354 15247 20880 12264 29899 19393 20094 17545 31099 19191 19383 28236
1530 25590 16512 27625 1762 10603 8156 3049 10989 17725 26213 18544 30857 5246 6442 22922 7661
1531 12893 8169 5943 16807 2046 5861 6492 5668 1425 6473 5672 19096 14183 8589 7220 5697 11861 9348 12621 18968
1532 1826 6927 7826 1622 1981 12541 20894 7276 2533 10894 7635 7481 19682 5005 5131 976 22061 1625 11028 18566 15812 9398 11573 20092 27006 3094 2273 11216 8709 7827 6729 916 2011 6488 5024 664 8047 3960 10536
1533 7574 10055 6223 21216 16285 10232 3460 10004 13966 12397 4939 9546 13184 13942 29237 29189
1534 1990 2157 10361 12626 3098 6495 10427 3944 1973 20393 15602 21359 4704 12164 6635 2419 21939 8626 18404
1535 5521 7688 18622 15904 6798 7290 8364 22244 1822 8505 7276 735 10943 27170 25437 7685 26384 16819 14775 17010 21833 8395
1536 14551 15046 12256 10443 16672 3539 26396 26395 18048 17061 14424 14385 23490 8815 22903 15029 15003 26172 23957 17340 15153 20260
1537 11485 640 27946 21612 25717 10199 29381 30125 14055 5898 7239 3703 5884 12621 11345 19867 1875 22715
1538 2586 6627 21117 2630 31948 25734 4121 16776 13534 13561 29411 8394 31949 29941 27343 31950
1539 11926 11906 5877 22501 8754 13255 10464 12952 3399 6549 1020 25391 31205 15689 14190 20162 21519 13811
1540 6228 13265 6376 14044 13499 11822 7227 20763 11705 11694 7589 13500 8214 26446 2586 3273 6235 2970 6694 7602 7067 10100 17704 29242 6181 20302 5713 11440 7626 29635 7208 6808 29110 12605 4539 3227 3333 3187 7693 13266 15466 8477 10236 11844 28619 23733 19060 25843 13030
1541 29076 6632 665 7679 7092 7014 3017 6183 9521 2797 6329 17329 17590 6161 13505 12964 2973 2807 3477 3303 7682 2483 7686 6625 3925 4322 16093 2979 3298 608 7949 7575 11822 22787 4016
1542 9160 25972 11097 481 7319 463 4293 13143 7373 8674 15420 9139 497 11425 856 520 11800 11091 6900 4286 9099 16974 1131 4312 11092 17130 11003 724 6898 9952 5541 2573 5726 6106 6079 1128 467 6078 15455 17141 16103 499 605 11079
1543 1771 2361 1695 8640 10908 7971 1854 27709 18389 10961 22292 8938 2065 13724 1294 13714 9976 8828 11255 26793 13386 6019 2297 11046 2078 28884 2278
1544 1954 1037 3839 9135 11265 9662 996 25682 977 1379 5666 13643 19833 24840 20081 2687 11256 2263 1529 2457 1648 2191 2365 7166 11531 2993 6868 2981 21931 1345 16188 939 6867 26227 8972 23510 20988 14114 2337 1359 2624 11523 7383 8977 28952 25999 18454 14131 15439 1281 24108 3602
1545 11886 18727 30565 26077 15525 29417 11276 15380 19518 27144 23380 20344 20341 124 196 49 17893 215 19522 14019 19450 11291 15371 11885 227 8771 14205 99 11279 143 289 64 27692 16920 30151 14035 15533 21230 11289 21947 11893
1546 26217 15921 11805 16554 22325 27103 16568 28012 22288 6707 23583 16005 29650 27968 13452 31959
1547 9201 9494 9530 5036 10097 3306 6713 26333 4124 9029 4628 12317 7906 10694 4942 27871 12337 30814
1548 4460 2807 654 4124 4535 7603 5515 17631 7228 3343 660 5235 3508 8489 3025 6692 10249 2979 6090 9483 2708 7908 3254 2607 5713 735 15960 3187
1549 27616 26314 30863 23149 28099 31592 21470 24365 26842 20366 3554 4372 26130 15067 29465 29449 15079 21201 17002 16869 20057 3549 12259 20818 26987 28088 10136 31591 29914 27293 31964 31965
1550 12384 8500 2483 12052 23292 10232 13945 25458 25644 2628 5494 7631 3346 5530 13003 9576 4789 30111 18484 13964 5525 16363 31971 16146 3008 11702 3294 2813 11512 18483 20499 29502 3348 29973 22917 7885 16272 4580 12492 10055 6459 30127 7170 28423
1551 835 12711 12727 1560 12683 28965 1155 19706 13117 14302 23647 1590 25629 31515 12713 31973 1546 20202 28592
1552 4890 2584 9719 5187 6155 3289 13896 27960 572 9488 14010 2960 3971 689 10605 67 10231 7213 9467 2527 2579 18945 17819 3495 10079 9524 3490 9543
1553 948 4870 3819 31366 4609 12 18113 1781 11640 2527 20966 678 23895 614 7827 3157 2470 8236 11572 6728
1554 1385 2785 15823 2533 4324 26135 22187 2979 13984 18528 13526 24834 21908 3344 16276 4486 20102 3225 10231 20302 20112 13167 13929 7281 16360 22191 19758 12499 4626 11474
1555 24 8701 9106 15378 4409 4478 9700 11370 15840 408 264 455 7390 215 209 194
1556 4657 13717 9972 1870 1627 3839 3509 11684 1777 2342 2263 11373 9821 2178 1058 4159 19095 31982 13407 2220 22404 1903 1690 3410 1711 11253 1719 20998 2301 12513 972 23181 8650 4764 31109 10896 26435 30521 1318 2244 1338 18228 8121 11216 23115 21639 2154 12472 1355 5980 2138 3166 11569 2352 17266 21665 9735 9397 2391 2021 11879 1831 11729
1557 4548 4562 732 17927 13504 21579 9307 4605 688 10902 27031 13048 8009 2968 4820 9313
1558 1534 12422 15635 3616 8302 31984 3766 5994 2121 3298 9297 1375 6454 4904 593 17376 3348 547 660 1070 905 958 1451 4128
1559 555 7169 4123 6093 5707 855 5709 1661 712 630 1287 3200 614 2489 4897 470 7948 8377 755 7963
1560 630 2966 704 14 1535 7618 2461 12194 11822 3298 4128 4602 11204 3193 4580 13939 28939
1561 3075 1788 3795 996 981 22308 1182 10954 8631 11267 1874 1785 1333 7658 2143 8285 4034 29873 19417 3735
1562 1107 1019 3052 7062 7171 16357 6858 16353 8025 16356 8045 5115 11508 3426 25225 6519 8600 6395 8056 1639 27756 31993 9353 8024 1990 1953 8249 1064 798 9989 22316 2373 6985 11882 1393 23416 8107 5124 14113 18171 5026 8109 12223 1660 652 7824 6619 13998 551 1025 4073
1563 25907 15991 29738 6627 7620 19535 10420 7679 3222 18327 22475 8344 16906 22478 19840 3500
1564 16854 4313 24392 23542 15340 4396 14517 27633 10453 3672 14381 6733 16319 31135 25753 3602 610 20282 27457
1565 7521 28060 31995 10115 4219 28061 20173 2966 23810 27438 22715 29861 5014 5904 5841 28989 10809 18416 712 4131 1637 2500 22977
1566 10100 2649 3327 3290 3348 6805 1815 3344 665 1816 5656 8458 13504 3492 3002 3489 2458 2537 13160 2638 7629 1963 2778 3738 675 8474 15939 3205 16969 3926 2653 3927 1375 1661 4129 1967 25647 13505 14 7697
1567 25457 11182 1693 3431 30498 16664 2083 2942 18362 26166 10331 21945 4143 3056 13340 10031 7166 1521
1568 17196 280 18595 8771 16200 384 150 15529 5087 17189 19485 19516 21718 19494 20357 20335 11493 2745 11316 15835 21368 350 17892 194 17198 19220
1569 7688 6632 3472 7594 20316 5308 3231 2531 5343 13078 4820 9230 14578 3028 6161 3014 2468 742 6795 3132 8171 7001 15496 10604 10688 2613 12338 3496 3738 9505 4582 682 2530 10383 3886 7611 652 7694 7060 4394 11440 6311 9029 7224 7800 12291 657 25301 17590 3241 14 2703 5530 10142 731 3467 4926 9313 3347 19789 891 17930 4524 7207 3923 13150 6516 7070 13186 4562 7966 8461 13417 4495 4924 13258 11472 741 3017 9913 12987 16093 19791 4536 4615 587 23358 5344 3302 10235 3036 876 12481 21856 12042 11704 12862 10425 5210 8681 9475 8746 16359 10096 3298 6370 7943 30494 7946 7949 17678 10097 27917 6250 22094
1570 3344 2513 6494 563 4944 1813 3945 2979 14066 3813 554 4127 3348 10539 5539 10631 5879 5672 1333 1426 6589
1571 14092 21457 3543 17523 25753 23839 14682 17092 27122 15235 15236 26254 18050 21196 14644 16649 26169 16221 14926 11872 17529 767 30683 18269 21077 26059 25335 2448 15137 3612 17057 18574 16878 19398 22139
1572 2649 28012 13729 25103 3574 27293 6746 22800 31611 30965 29390 23843 15067 31136 22700 16220 25998 27492 15128 14970 25602 23900 18553 20773
1573 4819 5621 12140 4559 3378 4923 8484 19776 3333 9523 14326 21353 3231 2628 22978 12834 3207 32003 3467 891 676 19357
1574 9315 875 9719 10 6526 2569 4525 4540 587 4495 29203 8574 4490 4931 13909 3036 2458 4940 3031 2600 11698 9677 9808 9033 6193 14580 27080 29949 13057 14771 18619 18484 4401 23679 11642 7060 8434 3937 3471 25087 11717 3289 20013 7618 14657 675
1575 14308 1599 27555 10712 10611 1571 2455 4993 5750 20194 23741 14291 15111 31064 7359 9594 2428 7360 1204 16477 9599 2852 7030 1189 12783 12797 4975 30630
1576 19184 22371 18068 24565 26616 29801 23426 22376 25338 30660 31503 17326 24209 25107 28180 23832 18040 24738 11823
1577 12037 8725 20101 4504 9586 16306 8454 9122 29699 12339 13689 16537 20494 22295 13068 22141
1578 3826 27607 5697 6590 1268 798 5663 3058 7244 9741 28411 3839 7133 10702 3842 4052 5051 4183 3441 3735 12931 4996 6385
1579 8763 9936 4916 5524 20493 30430 28333 8744 17110 8573 27606 9963 10095 11813 8748 25474
1580 7909 1504 11639 1822 2778 9791 10840 2709 2571 9586 17842 30701 21755 30663 560 32025 2816 13918
1581 1666 1908 6717 11228 6397 1615 1948 4996 1835 6496 1318 2942 6114 1930 6915 6833 7535 3762 3125 6837 11238 1454 2279 4468 904 3807 1617 10810 18494 2201 18564 9725 803 1639 6055 1810 20030 3913 1832 2866 788 1064 1851 1066 12590 5832 1260
1582 11353 14061 17970 1113 7239 4462 3163 18445 17356 803 1517 9034 10050 14277 1038 15297
1583 17120 4822 27090 12863 7890 1816 7916 5537 26082 6098 4868 7019 3224 3752 4460 12314 16321 13054 8492 3025 9574 13062 7280 15901 13029 3300 9565 26778 13003 4871 12972 22201 13945 32031 13952 18315 13045 15994 14978 13940 11824 26565 8505 4939 5499 9678 24779 13412 11817 5510 14636 19463 9586 22248 3477 11821 13040 26824 11712 30439 11204 17821 4925 13288 12050 3298 21744
1584 2979 1376 11476 6344 4398 7686 7699 4731 10085 11669 7213 1958 747 8395 7694 12481 6694 7621 19087 7942 7701
1585 12503 11567 1642 2216 2297 10918 5983 3398 26790 1623 7565 7525 4276 6869 2033 1470 5852 7498 17871 1097 4463 1907 18390 2260 13685 10600 14827 14811 10559 5258 1997 11158 22961 27357 1702 8986
1586 2638 16776 18992 744 12858 9530 596 28818 19425 32034 7261 7800 2584 17074 7947 22248 4834 9033 23295 2632 9340 14770 6328 13913 11205 12643 29528 10079 17641 3273 7228 8434 15984 8384 27480 16299 25473 16189 8449 26442 3956 1457 21283
1587 14627 18634 20005 25135 23920 2708 15156 4599 6977 547 678 4400 1637 24124 14747 21080 17497 5537 16044 18926 25169 23403 20561 8784 24407 24283 22024 25136 21452 27038 18798 25145 25142 24408 25144 32035
1588 3462 7625 15599 10235 10307 8577 29200 11588 10105 26521 667 7355 26432 15463 6526 3469 3479 22609 10301 27340 10100 28076 9559 8498 29016 24455 2551 7150 31623
1589 7422 5401 3145 5807 16240 11138 9127 7794 641 7465 646 3019 14229 11115 5783 11121 5786 7417 21613 21617 12109 9785 10180 15572 8271 9289 5828 24889 12090 27940 19816 26411 19820 2930 11630 4608 9017 25494 9291 28382 14271 7788 18891 19509 32016 6032 2933 30304 29662 28730 16238 5382
1590 25323 22205 25882 7822 67 9870 6258 8480 7595 7289 2612 15972 18622 19025 4122 27751 7230 8753 8377 4615 12047 18653 12824 6613 15464 563 8390 9862 17348 7922 10231 29175 6199 3485 6278 4641 25525 7634 8369 22243 9484 7617 9759 2574 11817 11706 18606 17815 31811 6171 25488
1591 2589 2398 2791 7004 6330 27049 7715 6339 7693 8387 8759 22244 13022 7694 4940 20482 6137 2638 6161 6197 8737 6157 14989
1592 13884 11482 15380 15395 13136 357 391 25120 11893 29417 409 31037 15416 22969 25253 14019 19510 11032
1593 4521 2620 3947 12491 10860 27914 20311 5032 28704 3320 3207 5244 21358 8369 688 16903 17841 10285 27810 30654 29130
1594 17382 28919 9598 26798 12738 1568 12768 22823 23754 32060 531 10747 10740 10742 4989 12665
1595 1762 1318 2418 1098 1612 1032 10313 2096 16813 4100 1897 17180 10803 20255 11216 12955
1596 10732 12792 12790 1546 1204 12786 2857 10867 1160 12737 2455 20451 4983 9786 12753 1207 1159
1597 11695 6201 11462 3751 10100 3495 15878 22606 14163 2592 9586 19747 12995 699 877 7013 2653 27802 25922 17600 16970 19749 22945 22141 3746 27180 14991 4735 4530 25656 19860 28568 7717 7688 4937 9523 14654 551 7055 10305 9561 3747 17651 3324 8341 17641 9889 17640 9867 10670 7069 25603 26597 16968 4552 652 8205 4892 16916 29247 2458 8002 7955 6806 8753 9964 12050 2589 6534 4394 11657 9315 5207 13150 20756 9033 12246 25304 20494 2778 5520 682 19811 14154 11705 7150 20929 13056 7215 31517 22748 6808 14680 7217 567 69 684 13996 4550 2797 13022 19787 10231 4924 17069 19009 8463 8493 9575 7281 29120 25476 7208 8481 12052 27622 30109 31575 19779 20014 23398 10943 9496 3301 4539 3753 9560 744 4503 25020 7070 11691 31365 4497 8499 5235 70 624 83 2471 2979 13042 9546 7852 7625 14167 4590 2816 8503 5614 16537 11380 27895 31026 8500 3036 8764 3456 3957 20015 13003 19125 13954 20749 13058 19004 31202 27800 7337 10369 13619 8009 28815 20928 29027 24633 26684 4894 21404 23089 1813 3932 12499 3467 25919 13043 17842 4515 13208 3306 665 2651 21869 5619 16900 10307 658 20032 11502 668
1598 16490 7123 10773 1408 9747 17958 16597 3406 19420 3405 5828 30478 1859 15298 9010 18566 26505 20826 12 4038 8011 1953 18087 3704
1599 3496 8721 3950 7940 3025 3751 3034 5711 3215 11516 11517 3210 7908 8736 12861 3254 3284 24728 9534 27033 4121 13057 9577 10056 1963 25529 9223 20864 18294 15902 15959 24963 8760 8435 22699 18619 27612 28378 8008 23292 31267 8501 16907 13070 3346 20499 22695 10232 25604 11836 21217 13086 4521 3885 7712 27668
1600 23977 21157 10148 14467 20372 22160 17096 16504 28166 6746 32063 31220 28961 14708 27485 14704 29154 29290 32064 32065
1601 13155 13156 4940 7941 29489 3031 4136 16146 13005 4731 30105 6362 6188 12998 21756 3292
1602 11091 4860 9381 9100 7366 4866 496 23635 23616 13711 21346 3176 14331 3170 21339 16104 11012 11000 11077 7375 31875 4853 25408 19727 4841 6084 29140
1603 6802 3460 11690 5520 7949 9456 3255 5724 10249 2964 16313 28828 14011 9553 741 29885 10235 7927 7859 6220 14989 14995 22917 31862 7290
1604 18599 11122 17758 18036 12262 19391 26060 23266 24296 27203 20063 17745 20069 20586 14889 24234 21412 14917 10438 15180
1605 8486 3273 5594 3332 1816 8763 3477 3331 20494 13276 8007 9586 8475 25482 5536 2708 26094 24549 12248 19872
1606 23086 3316 7701 6800 2708 19013 684 24773 8764 4547 7623 3460 2550 8335 4592 25740 16313 4636 12960 4559 3347 4394 21897 12194 3196 27843 8003 8002 3252 16364 9421 7631 13261 7628 658 17829 6948 12988 7955 12191 12318 7914 7590 8687 1790 19779 23283 13936 2548 3333 12049 8748 3186 15993 11055 25468 3226 6098 24778 9812 7654 13281 8538 4540 16308 21868 19465 8364 6164 10945 27700 11702 3480 31274 12281 3820 20013 4925 12248 12306 20928 11824 3496 16294 13618 13929 24549 5598 7059 32069 20425 26384 11690 17843 10235 2638 26387 3503 7060
1607 4262 9844 1012 2196 3163 951 18083 940 6729 6854 990 1023 5 903 4474 1049 6395 5055 3860 1775 1007 971 7536 9666 1064 1734 1386 6429 6477 911 17912 978 1960 6455 8824 19363 19096 917 5154 7270 4272 804 3061 994 20895 1420 10489 1539 11263 1899 25443 4673 2783 13324 8845 2004 10496 4750 12209 27218 6443 1110 8841 16512 1936 1101 1412 11866 11734 21638 9259 5263 904 7104 7243 1081 2451 4754 11424 12515 790 1069 4760 1087 10577 559 4101 3527 3781 6507 949 909 6859 5905 23744 15712 12536 4921 3832 9043 1345 3434 7511 7644 1003 17289 907 9247 2365 15914 4073 22280 929 8953 18241 6136 8070 6566 913 2300 14957 10483 12599 1859 1036 29359 1629 20758 1719 8982
1608 24943 14932 2908 2857 7769 21486 14526 14531 15104 22254 2875 1160 19290 3068 22765 26197 26799 14927 18795 24817 21528 4375 17769 15318 2914 29602 19033 4390 26059 31337 15191 18188 24383 18783 21484 15025 25004 14908 25309 21021 27494 28820 20372 31701 16630
1609 21733 17172 13755 440 23335 275 10428 24957 29620 25449 381 11032 19659 429 391 435 14187 160 8698 19639 2774 2739 2776 446 452 25674 27332 210 25229 29927 4481 139 15840 2762 28127 8695 13137 19504 25255 19472 26804 17249 17790 25262 4351
1610 3915 2125 1876 2390 9713 2099 1901 13734 7752 1641 1264 10014 3792 2363 10486 2011 8645 9245 9046
1611 16414 16479 9591 9623 23452 1212 23391 10714 11754 9619 30485 28708 1604 28365 10712 9629 14320 25132 9596 31237 9609 12783 25764 9625 1547 17396
1612 8577 26432 12495 26678 22605 27134 8007 26205 20313 12491 4889 3205 13416 27206 26904 17496 16273 25886 26668 13504 30783 13438 19090 25904
1613 26281 2812 10414 18377 10411 24796 13890 25654 4644 9811 3888 11471 28677 3024 25643 1746 28398 9557 3383 5364 19089 5173 4509 26134 8689 5834 3452 20132 2703 67 29782 3482 8332 9468 6621 17710 27917 3186 13523 30103 10408 6622 10413 26972 1972 28630
1614 803 2182 20227 5314 2072 1922 19715 1064 7826 8093 9049 5120 1825 6921 18389 10552 18160 6933 21377 7972 13717 1719 5403 14756 2554 18433 1876 23179 6680 1517 11569 3867 6915 5310 3965 10915 4178 1945 1874 1110
1615 3968 19566 1007 15641 27959 11631 11256 5056 12074 2715 5882 1111 13210 1052 30695 14194
1616 1426 7270 15547 8110 26708 4484 15641 20028 21677 3092 1848 21663 22400 17729 29344 3701
1617 18229 13368 8173 27711 7742 5050 1880 6888 12539 13409 28805 12163 2958 14762 8653 13336 12521 12164 2173 8184 31312 10237 1980
1618 16502 20952 14970 24161 4879 20072 24167 24164 24033 23562 18783 16017 22680 29703 17490 24222 26936 30912 27466 25174 10444 27550 16020 32076 29416 31408
1619 2414 12099 10435 25695 16854 3681 18602 7382 2901 23426 22855 6731 6733 14259 21829 14736 4316 2521
1620 558 3213 7171 675 604 1110 910 1101 2451 1794 6729 3005 899 718 7909 687
1621 1019 7240 16805 944 1361 3434 995 971 3689 9750 789 2451 8918 1475 3762 6414 5025 8065 13847 809 3822 1097 8839 1026 1476 18084 911 2663 3979 15594 6490 1390 8850 12 1961 7994 7128 8933 1222 14955 2009 1298 8905 17911 14110 4768 4697 7654 8956 13778 3005 4661 2323 6854 966 9974 9662 25676 4668 976 5575 8975 1901 7499 1102 958 982 5076 917 6501 4770 8016 1867 792 3987 7520 1057 8093 13767 1267 3423 5892 785 9247 1110 9743 21136 1280 12949 1848 16807 3083 5 27246 18233 12875 11908 1824 1951 5021 8947 2537 22741 18383 4147 15550 928 5671 13804 21426 7247 9211 1312 977 8945 1953 673 3832 7104 1987 1794 787 996 1960 12222 9983 6434 5882 7130 5112 6118 912 7159 12573 8909 3856 22310 1353 7234 3913 1799 6478 1874 7652 2101 8873 6387 803 13657 6395 25537 1873 5939 11734 10558 1478 1032 8981 2170 7661 1775 1783 12224 11850 22752 5934 6426 29448 7668 8993 6858 3977
1622 1420 10552 6494 11149 5673 3689 5070 22616 8570 6859 1416 18673 24687 1447 20152 8056 31549 16350 2317 26712
1623 534 11110 11115 9289 18882 17306 18855 17310 17309 12122 9933 5787 22558 10158 9288 18880
1624 9945 16494 9712 10486 6869 18163 14955 8845 1101 4275 2273 1107 5934 11540 4079 1870
1625 24867 21064 24140 20005 23909 25140 24157 22125 17954 17461 22151 22282 19596 21772 14080 22779 14744 24310 17953 24241 26310 14747 14625 24282 24346 29813 24443 24331 23516 15248 24367 24299 28092 24341 24011 24857 26758 23248 23654 25712 15003 3030 26609 24911 24862 17319 18635 25335 24451 25794 27886 19914 14746 24344 25050 22858 32085 27727
1626 10890 5123 2007 13547 8845 1102 1420 18233 29640 1859 8905 9343 17407 5074 22926 795 12459
1627 26244 14968 20247 20790 19064 27109 16634 6744 25217 32087 27496 20830 29570 18781 29926 25767 17258 28284 29587 6740 17063 22700 28629 27521 29290 23427 30993 25284 4375 26571 30827 767 23956 28606 26764 9324 24821 26969 18269 18790 22399 30566 19076 23906 30088 14298 24934 25053 3642 23033 20585 18646 13118 24209 6762 16036 28168 22156 32088 29984 17857 14729 20613 20726 18289
1628 21825 767 13155 14613 16323 15190 23843 17325 4380 20876 31102 14547 24202 4325 17185 25110 6739 22837 15064 18645 21096 2446 3684 9763 18146 17749 23005 18649 16872 24334 20094 28693 17752 14855 25398 14796 16613 14283 16712 26877 17040 14487 15208 8811 24610 4179 21827 21807 4388 22012 10025 27824 14862 28231 22262 18558 29093 17258 15731 17763 26243 26808 15050 17031 3580 20378 18787 20124 18714 21417 18668 26992 30555 30990 30673 27042 18811 18809 25396 25414 26846 29545 18271 24315 15565
1629 27090 22078 3394 11744 8461 11810 4580 13170 4136 22693 10608 22120 31126 7686 29130 12849 3466 14657 30599 29529 29004 12401 17622 31325 6253
1630 12235 16220 14691 16317 20589 24004 19940 24201 23925 25003 25345 23429 25762 31096 18700 30397 22804 3624 14300 23425 28180 24984 14969 30990 25598 16010 30457 31255 10148
1631 698 13694 22104 17594 4916 23732 1821 11695 11383 25539 70 2592 6516 26334 28388 11443 7073 9549 11063 7205 2638 11796 19052 4123 7057 19135 15598 10350 6201 22211 8193 11473 6225 21428 3324 9963 5191 9043 20310 9959
1632 11759 6892 4287 8310 11757 6890 4339 3173 4852 1498 23614 9162 25985 4847 4288 485 4452 16100 4297 12168 13629 469 9383 9385 15386 4311 4302 5543 2670 24559 489 475 9153 11100 4839 1164 11089 1166 21344 1488 11429 496 498 500 11760 1500 25610 6697 4855 17132 24718 7361 9136 27384 11013 11080 19110 4319 9388 3806 10998 9951 24570 4310 1489 24581 6698 21399 9066 9142 4836 472 17130 11144 4449 7319 9396 7381 4301 11090 725 509 25992 6080 21398 21334 18340
1633 16406 9620 8594 19038 7043 838 4970 835 27557 20427 19046 20202 14289 22462 1151 10022 10272
1634 875 2503 3967 2489 29525 3971 572 552 9525 6795 602 692 7919 2979 6645 1504
1635 3968 1333 790 1281 6585 10493 695 2438 2457 1113 1338 3846 10127 4320 1107 10907 8626 1099 9135 1359 1348 1108 5879 11856 12068 6501 4173 8194 13831 28181 13395 25443
1636 13199 9038 18543 10538 1532 6779 2958 5120 8136 11250 3842 32026 27625 6768 25519 2167 9820 8191 6937 22216 8063 28042 7826 13365 13361 13334 26484 22982 2036 14810 5403 2860 25861 2993 3191 1818 6857 30036 7675 27212 4665 18175 26435
1637 12416 21180 16929 884 8116 12424 9942 7844 20852 16927 28642 19142 19157 23315 902 30383 29163 30352 19162 22426 13730 28639 19147 12173 23572 4884 14566 19163 30378 16005 20863 29053 26864 23765 31824 32105 29213 18223 30366 31501 30359 30207 8117
1638 7992 11219 12510 3158 2980 1113 6055 2251 2011 4143 694 1620 5879 6876 26485 945
1639 20038 20812 26835 20798 758 15067 26510 15565 22004 22053 16383 10134 20882 14526 22838 14939 22351 28312 32110 29864 14077 18771 15103 10148 22373 20883 14521 26508 21970 14477 6742 23901 23421 17258 27485 21021 12916 18693 25292 22263 25153 28506 29744 17022 15158 22804 22943 21096 4801 12415 15057 14678 22794 20057 15068 10434 22840 30801 12343 28833 15241 3681 15180 17966 30578 23837 28648 18773
1640 17041 14593 14477 20260 2879 23943 9324 22856 22629 24099 19408 23426 14259 14089 18218 26129 6734 24030 31788 14846 14727 15052 21821 14433 14413 18449 21482 26202 19402 24221 2873 16642 16220 3533 6762 18270 12415 6746 17320 24186 15207 11874 18709 8814 22680 22911 20090 24014 22139 17527 23960 22027 22860 18810 22376 28092 24451 24179 28059 26936 18066 23127 24937 6761 26725 27827 18711 17532 24107 28167 26880 15235 18271 18781
1641 5188 11462 9677 5196 4739 3500 12140 11701 9199 6257 5177 13541 3231 7593 11499 8493 6173 13902 5176 3222 22688 3017 31677 11512 29434 4943 8731 17606
1642 22672 6937 7761 11251 12475 11879 10715 18233 29192 6566 6414 8256 2280 6410 30520 8617 7505 23235 1517 21213 18013 16356 12558 2198 9827 13409 5989 13386 22884 2425
1643 9673 2395 8452 19564 3008 7706 12987 6210 15324 9859 6808 14154 17829 11055 8490 7610 15735 7305 875 19800 17814 16358 2638 550 8365 735 8419 3747 27339 26383 22201 27623 15443 3508 12049 3329 6948 5538 4526 6155 7092 11067 13498 8280 3300 20942 2645 8732 7617 7055 12384 8368 6331 3460 8326 3025 21856 3226 11471 13526 25745 6137 4730 8764 8337 27079 4548 741 4403 3324 3219 9847 8480 15325 2651 3002 8401 5834 9522 3492 7909 12862 5352 2966 29403 744 24812 3971 5403 12815 6180 598
1644 13564 25770 5929 15677 20978 10115 12000 14955 21154 15437 15559 16483 8129 29788 13987 5842 28070 28072 14126 7312 23182 29796 26737
1645 18783 4801 14434 14552 21888 24471 22254 26171 25103 18305 31096 18805 31215 14588 25157 24398 14997 16380 19412 24391 20652
1646 5779 8753 0 3198 624 8002 563 675 4576 4123 73 1504 2979 2661 2868 3842 8933 5020 2379 6715 755 10339
1647 5581 18443 26289 5167 10530 2251 9255 3766 16483 14114 22501 10474 13682 24754 9711 1355 1895 2267 7311 5842 27003 18234 19102 1100 4139 17846 5960 2126 26738 27138 21907 5972 3521 7984 31357 16254 14126 1960 27358 22842 10472 27360 31982 21680 12887 5888 32117
1648 16247 4801 16877 21320 25353 4883 16652 12184 12916 27731 11601 14544 23654 21155 14502 14644 25346 22855 25345 26880 21842 30874 25273 30678 16751
1649 1340 3697 1350 11919 14056 22150 22603 16530 9438 11682 5704 26652 23808 13378 5916 8585 5553 20234 13652 27475 21588 30139
1650 17340 16875 3583 14585 18926 24067 18075 24255 18925 22860 22153 16518 15248 24114 3671 15314 6740 14387 25857 16616 31436 20383 24390 611 30077 10451 24530
1651 19184 2644 19187 17731 3030 19188 14970 15000 22910 3644 14462 18751 24030 764 17316 14457 16513 24273 14644 7075 23926 8711 774 16115 19394 24046 24204 21486 18807 3674 15161 12265 12929 21010 16734 15255 8809 18785 20656 19067 16709 16657 16624 16700 28237 20821 26141 4801 18795 12916 19412 18790 14456 22908 14969 18106 2920 16029 9324 24143 14405 22258 25724 17543 14441 18575 14300 17106 18269 20665 14076 20733 19185 4800 18810 18152 19075 17528 14650 6762 25401 20613 16653 23233 18787 22059 24603 23843 14705 15205 25047 18794 18270 30671 23035 25151 25044 15036 24998 24387 25402 18773 24414 17538 24808 17541 14613 22389 22156 24599 24349 21997 3646 24380 28021 29134 22943 16939 16225 18068 20145 16036 2910 19910 27506 26880 17044 24135 28605 24451 24314 17748 24494 19400 28464 18812 23026 15033 26245 14646 27276 27106 28295 15099 28238 30753 25104 17184 28697 28645 23729 2442 24662 22162 19300 19879 25311 17544 27732 26767 20561 26486 22700 24436 22800 14077 19388 25107 23433 31396 17042 17769 26622 24470 27290 28648
1652 14250 3371 10034 5366 2592 28814 10004 5216 4520 2805 3214 8343 5188 28982 3488 3500 11707 13914 1746 11454 5520 20957 3316 7890 10077 8574 3362 17080 6223 609 2600 25009 8438 8193 3495 19020 4205 8477 7170 9199 17463 3480 12857 9541 8461 26670 7208 3008 3483 22991 4603 11825 11468 10235 3345 30223 22632 19060 7622 9467 3460 8758 2533 7339 17646 2579 21831 20127 25660 3378 12869 4543 12030 25023 26594 13954 11826 566 6344 23294 13612 4632
1653 13351 11915 9945 21636 11880 1178 1359 8572 22661 776 16978 18160 4111 9010 8571 25896 8859 25600 4664 5069 15937 13388 9754 25890 1029 12441 4113 13362 11249 12940 22751 25891 28112 28654 1268 32134 22401 10853 6859 23600 18581 934 7245 13653 25391 4058 25599 1046 7216 9725 1078 9008 10487 5864 4082 1175 4064 26898 775 20746 3813 6989 3703 17572 12058 6589 1020 5025 798 1270 12404 3826 8920 7498 16814 6857 7250 8993 20978 1419 26278 22135 9013 10532 27078 6432 22941 11910 16331 3689 5856 1775 784 1875 27337 1248 3827 5974 18024 4062 8986 19308 7999 2008 30228 9713 5944 28118 1181 3735 30651 15557 17225 25225 1480 5857 9213 7301 29172 26709 29605 19420 11043 26719 1784 28190 30280 2337 8102 29698 2265 3843 14583 31072 4275 10640
1654 17363 9983 26598 25070 4174 3521 22573 19099 12 30622 12488 9209 13633 20968 8663 13635 18283 6022 10649 24692 8292 27156 2143 10794 1290 8557 12471 5154 20944 4008
1655 25902 4150 1187 784 4698 28112 21444 1029 1403 4236 9945 22520 8063 4268 5575 7999 8852 19420 7968 2263 4140 4754 1461 10496 7245 11249 23601 4045 7239 4071 16978 4056 12457 12949 5854 9784 23150 6874 3092 5672 2317 5055
1656 13548 1106 1350 1280 12466 4158 5882 6993 10051 16151 28198 1242 10501 4152 20982 7995 1114
1657 6609 2613 11025 3281 2557 1367 27207 3200 29808 7715 16662 26383 9335 22225 11606 24896 4943 9322 7019 22635 20943 29127 7694 22088 30611 19556 24790 551 16767 2648 2708 15961 7594 6257 9198 20239 13977 11055 7868 8426 891 2476 13279 3508 11776 12273 2602 17672 3478 15907 6161 27751 2483 5188 10089 731 2651 6805 7001 3342 3374 2470 19697 6732 19535 6210 14977 17010 11190 5510 24679 8364 12187 7004 13710 13003 8376 6785 18314 8379 8380 7941 2979 1383 7909 13067 21034 3225 18332 8757
1658 1782 1112 2276 1611 18386 12452 8441 9922 2150 1962 1892 10896 814 4073 18972 958
1659 652 551 699 10096 4925 11712 2566 1160 32068 27379 27347 11515 31350 4601 4580 16823 20327 11204
1660 7925 1815 29857 27007 3033 7067 20102 10605 13938 13020 9526 13266 2489 5505 4599 588 5236 6644 14989 8483 16289 30575 18314 14657 26521
1661 26531 10286 24553 28498 9509 4871 7955 17685 7007 29315 10839 8435 16784 8461 7951 6809 10100 6810 1181 5672 4501 24793
1662 19618 19450 199 26077 49 289 301 215 27147 24951 14019 4215 8775 455 22417 21626 231 17004 14185 26010 17903 26006 15534 5484 13869 4211 4481 9817 14016 15525 26018 11287 18728 347 27145 121
1663 2201 925 15911 7159 6443 7636 18362 15542 8709 10825 1097 4088 8165 1642 1509 28896 7563 920 10016 5691 6677 12515 1724 2331 3011 19265 3056 20675 10791 2214 2368 1977 6671 12529 2132 948 8127 1627 3781 11948 10941 1876 12615 788 9047 23450 2306 6402 2297 1064 10569 2456 10978 2440 1517 2007 6929 30898 918 4023 10548 5004 13840 2094 4027 5832 17874 558 5885 26449 13088 4249 25912 4253 3399 5674 28098 2425 8905 4073 23890 2047 14833 2119
1664 12388 3477 8474 4491 5341 675 3000 2543 2797 5619 3885 8480 5366 3468 2584 9492 3743 5523 1816 8440 7167 3945 8763 7055 7615 3007 7530 4554 5515
1665 6933 1980 2956 1639 13342 15484 1072 22233 13213 5921 10825 10679 2347 2366 2269 3969 30171 6921 5001 13395 22865 11927 23211 2359 8093 2238 8124 1651 1622
1666 1019 27322 5679 4167 19268 12561 3091 21328 12536 1268 4131 2979 10143 4123 8683 4887 3192 20416 14955 12410 17292 13346 8160
1667 7890 699 13276 7623 596 7607 8438 8732 10604 2622 9336 4490 13450 25303 4580 7914 3347 16903 675 5506 13944
1668 946 22493 14955 8866 15822 5 3706 1485 23903 21205 9989 2572 1284 8070 3701 9014 5055 1432 1000 11508 12410 30255 8079 22362 7494 17912 2143 22714 3692 8081 2111 5679 3707 26638 790 11789 6869 18969 10630 791 19413
1669 7187 28178 24906 10734 27735 30000 14310 31577 8790 14356 32147 19701 23400 19969 20197 19971
1670 9775 9727 12453 9691 16571 1168 27659 4274 17337 28563 21893 13659 2273 27575 8968 23816 18589 11225 29604 20236 20028 13325 30890 11538 2172 26963 1719 7125
1671 6604 6183 13536 21309 13523 25437 19179 3949 18489 6613 12047 13921 27624 12052 5201 7717 28492 3496
1672 3460 3371 15994 4541 13446 27604 2651 26779 3038 11442 13931 3466 22695 4922 11517 10766
1673 4516 19716 7945 3886 14658 1822 29234 32151 21222 13561 13908 18196 24631 5173 11205 26455 30249
1674 1617 8551 15929 1318 2012 2716 12134 3163 938 18089 21328 7509 6833 10468 1343 18436 6587 4253 13989 8186 5672 1061 1298 23628 17187 22923 4000 1888 1248 22548 23090 5701 25703 26899 5958 6859 8533 5968 8145 5551 5861 12226 1104 7128 16528 8532 5951 28014 5907 27453 5553 29225 3842 13571 19991 10463 5582 7886 13844 5074 4079 3835 29019 11432
1675 386 26672 20484 21704 262 14019 27421 186 15376 13310 20340 11279 19213 20698 9058 17903 17198 11323 20341 367 11681 11372 247 5448 16199 9813 26009 26014 2744 15840 264 26467 13876 20138 4427 15479 28226 20142 15416 21708 19491 36 9700 185 15404 15367 147 362 19665 19475 26552 18729 15478 5415 15377 5417 2776 5456 11309 19506 11281 299 11888
1676 6804 6316 21904 10076 12857 5535 8758 7607 891 26333 11389 11725 20313 19463 25482 4925 2805 10286 22416 30991 13952 12643 31554
1677 25662 29632 26445 9454 6959 28109 18682 8682 31958 19872 9031 6177 5245 13001 13526 4797 19809 29100 4834 15967 13418 18489 30664
1678 4 11662 14056 5923 32156 5564 1463 27998 21572 19581 12 19418 4234 12552 8837 8240 31207 910 24739 1387 23172 5869 11156 12129 5976 31483 31556 8293 32157 23173 17262 16254 10526 4002 5889 4688 3516 5970 3905
1679 5383 5829 10164 9656 19372 18856 5388 25494 9125 9651 18857 14223 28729 11118 11176 10192
1680 3316 11 14776 2966 675 8757 21570 8004 3298 3896 4870 15584 2649 1378 14 899 705 892 9643 14577
1681 3322 8461 2489 596 3036 688 21431 13498 26667 3294 17155 14208 3230 4394 3741 26915 3002 892 10425 5610 21400 22686 30782 24975 30001 3196 21881 9478 2393 7706 1815 10656 9502 10229 2487 9477 3482 12042 18260 17614
1682 159 264 419 113 121 5429 31042 21 162 11295 130 28222 331 269 290 161 21385 2720 13877 9405 2729 253 48 28473 380
1683 5534 1536 2505 1504 2461 666 62 678 1535 2613 1505 8482 3189 7716 1373 2477 605 17812 624 3467 17714 2548 12
1684 21730 30382 19143 11634 5611 22329 8117 16963 15635 22985 19171 22843 7259 7962 885 30355 30313 19154 21724 22763 29211 4611 29051 884 31495 12145 16935 887 23572 18226 28562 27654
1685 11264 4695 9712 1684 3808 927 12559 3098 11253 2022 23781 1468 10885 2040 12544 8636 27143 22428 7292 8867 1106 2365 17553 2240 7098 31288 2218 5974 5122
1686 678 2694 87 712 2624 3381 13508 6795 13995 12864 4868 11725 26454 627 5039 4336 4905 4017 15389 7629 596 636 10376 615 4705 6098 5030 3506 6268 8343 3273 3303 2972 6364 79 717 15939 13628 2708 12329 20316 2864 3925 6557 13889 608 597 6951 2550 19357 5358 1822 10286 8364 4605 2681 2534 6798 7701 7862 8505 552 609 548
1687 1521 8648 10576 19419 12549 2154 1065 2120 21906 29633 1648 5329 1772 18109 2067 1345 12560 2164 1612 9979 6403
1688 24562 12744 17387 9431 28877 12725 16450 538 14312 12907 12668 15510 12703 10748 1559 4960 12754 9787 12802 12729 22512 17395 12753 17359 14303 1541 1563 11636 1546 14302 11930 24563 7399 11935 12789 10754 16575 17905 7039 527 9608 9619 32071 28026 12709 20049 2843 8699 11546 16843 1594 17360 28592 28358 12684 14306 23752 30969 29095 29810 31976 1201 4990 27572 12783 1140 10724 12747 12687 4986 26659 31521 17907 20443 4989 24904 12769 16430 31009 28148 14309 27556 31942 1580 15112 27736 1573 23759 545 29088 24901 28163 8791 32138 25075 16437 27052 12726 28879 30499 24907 28147 1211 14350 25719 13180 14357 12756 19963
1689 10037 2557 3816 3031 8469 5029 9491 5657 11700 6149 1818 3192 87 3023 572 5656
1690 23892 11926 3844 6798 1406 789 7668 11915 27312 6056 20631 3519 795 32168 32169 32170
1691 30594 19119 17550 15639 18225 12419 16006 23572 31715 19159 30593 21915 28573 16736 30374 25567 12174 29650 28453 8286 19975 17521
1692 1789 8933 3698 10951 20173 8953 6355 1734 2992 786 1977 9398 1267 1768 17224 30985 2008 1960
1693 12924 21498 764 26245 19187 17855 12055 24330 18757 25131 3681 20773 14473 26726 23900 22268 29551 19064 16126 22266 15128 18701 27884 24422 29188 24328 20577 3580 17031 15188 16318 20125 14678 22156 22162 25768 24610 16734 3538 25214 17044 25812 25051 9324 24352 28390 16617 30563 19195 31890 24375 22800 30184 15021 27747 24599 19300 18270 27272 17532 16985 16220 31084 30746
1694 8730 21729 18790 22794 26767 26038 21009 14701 18674 20480 6747 25052 3530 20788 16383 23828 29844 3570 26039 29058 23477 17016 23953 26256 28135 24383 16113 24818 30994 28196 29188 29852 15581 16855 23447 23487 20773 14507 17090
1695 28138 11463 3384 27348 29710 7205 6766 21142 11820 19784 8438 6183 8573 6171 3227 24973 22239 10761 13008 5236
1696 2449 14472 16728 10453 6762 15206 28371 20880 15186 17200 25151 23900 24133 14547 17324 30212 27276 26725 22276 31675 18781 16123 24347 16035 19398 24407 32175 25431 21965 15149 30045 32176 28693 3597 31752 2910 29390 18106 4396 23026 26071 27307 16921 25337 31806 16223 25412 25053 18557 28464 10439 25429 24061 22806 24009 22258 22127 21125 30989 15136
1697 1648 6519 1504 1427 1531 11536 10618 792 6788 6992 15555 4107 9972 22315 1181 20028 12514 14138 3509 6870 28260 10495 15595 10895 1291 29512 5968 4241 13797
1698 14061 1783 22149 12554 14256 15115 14067 1701 9205 10910 4091 4073 10939 23790 5884 14072 17914 11348 11353 5867 941 21545 4174
1699 8477 7801 25101 3378 26953 736 597 26383 16666 17638 11584 8461 11586 8242 17604 30407 13008 26597 587 28816 6537 5217 11454 17159 5040 19776 6343 4829 7868 16915 9968 32102 25528 11388 12305 8753 26347 28498 11784 22605 4923 8763 19887 2653 16661 627 3478 27908 12816 19772 2579 12030 7625 5596 7887 12340 29071 16260 24634 9496 26903 9847 4493 5598 14654 3747 3500 4600 13056
1700 29709 11702 6798 9550 25876 21884 25299 22100 4131 11024 11205 27699 6802 25533 16363 11824 32179 17843 32180 3267 7694 13961 4592
1701 26677 5539 3466 7634 2812 3031 18989 22746 8387 1288 2522 12406 4126 16091 7941 3224 6155 16903 22989 3471 6260 8358 8373 15967
1702 1006 12875 10849 1314 6461 11917 12628 5717 6578 4697 9749 22310 11052 6840 23129 1020 5840 1248 9825 18413 7496 7968 13663 4275 3691 10123 5864 21028 1273 11159 11910 15711 28250 12222 6859 2783 20806 1827 1001 6494 11906 11996 29439 7654 1648 18174 5885 14127
1703 5425 5491 17198 11277 19479 25061 286 28221 23062 26804 184 15122 19512 19585 19575 20295 20487 276 19501 208 414 20342 124 5465
1704 9677 25516 4742 10234 19051 10373 26358 13003 10232 7631 3311 8376 3287 4638 6958 3215 16285 27869 28529 7589 7228 3496 2660 1916 10495 4073 19418 20025 22190 6860 1336 11216 1333 3480 6241 17108 5374 3369 4019 892 3193 12395 27750 6960 5521 4136 10386 15354 2616 7686 7694 6193 6732 7055 17694 15910 13029 5243 17700 7685 699 675 652 67 13930 23095 4128 812
1705 3806 31840 6890 9162 4448 9396 464 480 11087 4857 9171 32181 17140 17139 6902 11076 509 25974 21352 23616 17152 4440 492 21350 11093 4452 17133 4442 26051 514 730 9167 25993 14576 9101 9143 3178 30094 9169 1132 4859 11074 15455 19721 4851 31694 15420 9955 29755 19725 9393 5543 8310 1124 4299 11089 11428 11017 6080 31447 17135 27651 9069 24585 11766 4288 9078 25612 25979 503 2668 18164 24722 6903 30512 478 4728 19111 4850 6899 4852 4445 25978 31875 12645 18342 4292 472 496 11014 26817 30513 21341 1496 500 23634 506 520 18448 1490 473 4450 25988 7262 9394 25989 7365 11005 9096 9088 32182 6078 20216 18337 24718 1122 498 25991 11004 31874
1706 3983 793 6867 2191 9948 3735 795 6860 2661 4267 9715 945 1182 8888 12074 20746 18210 4167
1707 25295 20204 1561 23640 12694 12794 30496 9593 14348 32186 2790 30855 5769 19955 2852 31882 9601
1708 2549 9188 607 699 3195 2542 30127 22745 2681 4599 2598 16306 5506 8482 8458 7906 603 3314 9847 9677 25007 8490 3327 2538 12857 2395 11701 25299
1709 11549 9787 7025 16589 1609 532 1565 12705 5788 4948 20208 2856 7190 7777 11808 11748 3039 1601 12754 14313 28852 12786 12907 832 16456 20439 25630 17392 10866 8699 21287 30178
1710 15915 5275 12455 1979 10488 12513 9397 1059 8915 21026 8898 1312 1620 904 21023 9710 8945
1711 28359 1599 12754 17381 11750 7078 16480 20435 17390 4947 848 12768 30573 1162 2845 12713 16412 1136 17380 12706 1590 6920 11748 2841 7080 16407 1600 539 10732 11752 17393 22821 12915 20460 9770
1712 7137 19867 1915 12058 14144 1827 12452 2256 14134 31065 8644 1260 2253 2058 10893 10125
1713 2277 1524 7747 2950 1695 18543 2262 17833 1690 23524 10247 1652 9739 805 2423 1830 8122 8586 1333 11948 2290 10918 11250 1986 26791 24748 5166 13094 20758 1860 6666 13340 10963 12520 10875 10011 6126 5276 904 23813 10584 8633 2309 8144 21377 8648 6671 5697 1731 29959 1901 17867 8975 6790 653 2066 1525 8617 2157 1520 1711 6263 11184 10955 2033 23206 2143 26250 10915 1848 1981 1748 11952 10242 2120 9947 1997 1521 8788 2002 11964 12892 7099 25089 1658 2189 2172
1714 1101 10676 2299 11051 22494 792 2130 21116 8028 6449 2584 10839 905 1622 6522 10972 1825 1616 2980 27242 30007 2081 3782 3091 18020 6112 11259 10359 2262 1619 1948 22616 2331 10977 4659 3692 1284 907 23175 5682 2141 10791 31488 1624 3070 8657 11879 1917 21544 29679 1625 28964 1945 6778 1893 4167 11964 5319 10790 952 11036 12574 3164
1715 19120 26211 2815 13971 31023 24671 17817 13534 13892 10093 21141 6092 11024 13499 6222 30267 13941 10083 5354 2858
1716 6451 1987 4163 919 10595 7241 8078 18236 909 930 5683 8031 4791 26417 8709 6446 5009 1848 5026 557 18326 5835 26715 558
1717 2734 7348 13849 2726 8702 191 5484 2739 294 420 2733 23622 4367 1811 4608 30477 28481 26414 31654 13596 15837
1718 30226 1782 8923 17187 32194 31370 995 5865 2663 5292 8528 26900 26712 20993 20031 797 11540 29126 1348 1006 25333 32195
1719 27699 28793 26364 7629 29070 22188 10605 20509 24799 1381 6223 6097 25741 2644 1892 10372 27912 7938 6713 4893 5526 4828 6202 9759 28377 3497 7000 6205 26087 29530 13007 22683 19549 5042 15973 25512 22533 20499
1720 6407 28789 28211 10596 5120 31860 1226 8441 1642 10926 10910 2331 28543 10825 8650 7646 7354 7519 6048 3011 24688 12515 8985 2297 4223 10496 987 5716 4253 29640 4473 1644 1892 8933 1509 14821 24805 8291 3071 2033 5294 11365 7541 30173 24925 13363 10640 9209 4169 13695 7220 9906 14257 4677 6532 9989 8862 6056 1332 27931 6561 23263
1721 2807 7013 30010 6623 5032 25659 1746 12872 7634 5352 12993 24569 5177 15895 15992 21952
1722 686 2600 22631 5538 26911 11462 11669 3333 3306 28925 13974 13934 12960 13931 22917 11827 19895 28861 9574 31897
1723 16406 543 12762 1563 20438 1213 20436 12914 30859 32205 18539 28145 27085 1139 12665 7719 1195 15510 31732 1591 12706 30509 10738 12733 20440 28595 10755 32099 16413 19038 10747 31480 17360 4965 1630 20428
1724 3371 7054 6609 22116 17646 25545 2643 688 4548 18638 17301 7629 731 4922 21087 23399
1725 11496 18878 28586 11112 9279 20903 16237 18856 23777 18502 17314 7352 18860 27766 12106 21735 25926 10183 12102 2933 28053
1726 604 654 555 108 85 7 2545 2712 81 17920 6968 17570 20847 16951 3616 27566 18128 2876 12418 8730 20519 15628 20514 12145 21447 19177 21183 16958 4179 26870 30234 3068 902 16549 19291 4883 884 21734 14571 29086 29652 885 26849 22333 27569 23037 17024 19601 29046 28343 15636 2445 22003 11605 16848 15729 14493
1727 4515 4596 3738 9866 4531 4600 9884 6088 6809 9856 1420 8764 3344 13036 4940 11446 5663 5190 339 340
1728 22408 2674 31639 8357 24628 8210 26444 18255 16535 21278 6252 16818 12340 26927 6208 22207 6245 29409 30096 13184 7588 13056 11694 28887
1729 26674 11449 9496 16915 10095 9853 22690 25473 18011 19784 14157 7063 1288 9859 26912 9915 17122 5530 13612 27909 11459 17074 15273 19906
1730 2653 4541 27341 4497 5536 5729 12397 9873 8208 2582 26475 19748 15469 11463 27178 3384
1731 22431 6443 15764 7232 15556 875 12127 8848 29402 6988 26688 25073 1318 32217 20168 691 1859 1648 14842 22974 3697 6874 3065 8077 5669 18171 558 8030 6522 26066 26046 1097 1003 4908 1266 22316
1732 922 21625 1411 1749 4268 18495 19420 3812 4139 9242 4078 3412 7808 8070 4082 13250 26449 4275 14171 21516
1733 26945 2734 407 19310 4123 3449 1637 14 62 6732 2649 678 10025 8482 406 7378 2970 8467 6962
1734 9160 5543 11003 499 10999 509 492 11019 11000 1124 25973 11011 1122 725 1488 4857
1735 928 4035 5967 10776 17373 9731 26206 1325 9988 8156 1935 3983 3998 1102 6869 14182 10325 11265 931
1736 17548 18270 14715 18736 22987 17521 25585 15633 22986 16933 29037 27970 15286 29716 30588 19142 23583 882 23529 4179 11869 19173 30365 8018 30590 23532
1737 29847 25756 4986 18537 12705 9648 4963 31732 26100 2856 18535 11748 27583 14348 10868 10723 1604 28919 12752 12761
1738 1970 7896 11588 10761 7797 2707 7927 9511 4708 4547 11463 7631 6808 754 5520 8687 11474 9564 4733 9541 7279 26111 13007 25471 8492 15972 9566 11830 9524 27183 4934 9033 5344 30551 11815 8007 7146 3348 7342 4602 3204 11816 29526 17115 19133 20318 2399 20933 20033 19872 8502 11585 13612 8500 13912 4499 16917 25469 7917 18490 13646 24577 16919 13941 24641 24698 25475 25021 32222 8009 28387 9032 13203 28938 22081 24634 7916 3321 29246 26579 26734 28706 20956 12853 9587 17080 25483 8763 19906 28924 8426 4925 30179 12189 10943 25532
1739 16279 11884 11486 215 4419 19311 29593 13601 27920 196 336 19646 152 387 5469 19664 5489 409 4409 23624 13605 19491 23367 20339 297 19223
1740 6632 10075 19548 1383 10910 9510 12485 4530 7927 4548 15506 10837 7148 9586 4526 8755 19055 2638 18332 12279 4128 8243 7942 8759 13909 13021
1741 8533 24755 10495 3864 11104 5576 30790 6989 28321 10882 24693 29224 1168 6005 18281 5549 14952 12130 13562
1742 14250 9519 3225 28045 3008 3488 3304 3276 13949 28923 9513 24549 9860 30300 3346 23297 2966 11831 2645
1743 17079 10095 20181 27588 5595 6815 11443 27244 15938 26461 25463 30780 3742 25462 28388 17159 17115 11581 15825 11691 6722 28045 24728
1744 5363 31038 12986 7797 18617 3495 12496 9586 2708 10417 20707 18248 10424 22980 9296 18376 6282 31377 3972 5173 10839 8762 6798 16896 10231 31256 4788 3021 3373 27753 1963 15875 704 4626 17577 15617 2802
1745 5107 17728 8129 1297 21024 6130 2030 5981 15331 5641 1886 1116 5852 2099 11879 29102 1779 4164 11958 3520 1902 8069 1611 1329 4868 21459 17978 1711 5672 3851 1658 12569 19991 2144 4143 21633 10896 5718 9218 12204 10326 2121 2335 1936 12216 29718 12549 11816 3209 604 2120 16145 12580 4280 2274 2390 12223 11040 20631 1884 10348 18439 9413
1746 1529 11025 2509 7682 6455 14991 14771 16265 1375 10839 2524 17347 6912 18332 79 29321 10943 10620 4130 7949 11822 22320 15743 13909
1747 5391 11630 18683 5785 21111 25078 23785 7176 3019 24924 11130 18885 18686 646 10183 25185 11407 7352 7788 23780 638 4331 5377 17166 16241 12364 5396 11378 10197 11376 21981 5741 12681 637 18731 2403 25883 30957 640 7406 3728 18179 11119 3150 7186 11115 12171 7195 5787 3727 26977 5383 5752 17933 11398 27631 18180 18883 20113 7467 10221 31014 28719 6041 9127 10158 10686 25200 9260 10188 11139
1748 32229 9598 12762 838 15513 7086 11611 1559 10867 26760 12737 9795 11565 1570 21166 1609 14302 12773 12089 14310 1160 16443 7081 11942 14345 14352 7771 1203 1546 27557 28438 12915 2827 5783 27561 1590 23457 16402 28592 12109
1749 7623 1822 18173 1819 7868 5197 552 3289 2598 15966 13495 2790 1815 11393 25369 4499
1750 6222 13517 19716 18483 20805 22483 13438 19840 6160 6172 6317 13518 18716 25179 10760 21224 26419 25915 10418 7624 16788 12301 16273 18621
1751 8328 7601 2538 1373 630 7896 9493 17592 3288 20707 11725 32024 9685 15993 618 12830 19234 4621 30574 24677 9421 13447 14987 12867 26090 3347 14988 4520 13938 23867 17694 14657 11781 3371 7596 12824 19857 13913 12050 2560 6632 20111 29979 21216 13075 9576 7966 2966 10607 18992 6098 13968 10945 5494 31764 8505 7937 3210 13086 9532 2554 13941 12960 8501 19544 12043 3395 8408 3500 17580 27226 24670 27589 17841 15894 26209 2483 8171 3466 13915 5519 28549 13943 7228 13895 3492
1752 3303 596 2708 2600 6225 3348 3299 3027 3211 6702 1377 1527 9519 3127 555 2533 3334 7864 2584 717 4592 3344 678 6172 7613 6295 593 2548 3332 2559 1816 2702 741 1819
1753 7325 21343 25620 15421 25986 30950 7736 23409 4852 16101 1487 1128 22498 15420 4853 11100 4311 4293 15455 726 2668 499 25993 17124 7262 520 20333 509 1490 6083 22931 4722 25972
1754 3344 7629 11023 7697 3272 2458 8481 10100 2589 6691 4526 4924 7634 4548 4554 12338 9529 2979 3333 3460 12485 7955 687 2862 7929 2707 17646 25300 2564 11476 4931 2812 4735 9586 10231 20749 13909 665 2813 7859 25658 22081 2806 9869 2798 12166 21305 30456 2817 13001 8504 4539
1755 18681 18946 8739 8722 26674 6223 17607 22089 6296 6692 24732 13436 22946 13923 6713 16273 11635 1752 13167 12340 15467 13022 5519 2483 2574
1756 1813 4533 9936 1375 0 13999 2570 555 624 10618 573 666 3192 2557 6526 582 19693 678 2542 9910
1757 3011 13982 13338 11523 1269 10932 10633 12024 27075 26483 12431 11793 4463 5953 17997 21928
1758 10567 26339 8952 10912 918 4284 996 2075 23298 11184 2389 2297 788 10932 5009 18673 12626 10015 2146 22754 6860 2184 6937 17834 21672 2981 11373 13053 557 21663 6997 6676
1759 26674 6621 31019 16969 18943 11469 20749 3294 12857 6813 19892 1972 4733 9543 27622 3448 3347 5723 19895 4128 19178 20479 25681 20756 13935 3390 15465 13071 6801 21745 11824 21753 13934 1964 7629 8008 25009 13612 31981 3217 26568 4898 30658 22917 24587 21874 21831 26669 8761 7952 26781 19183 23051 11381 28569 30787 4520 25458 26084 30662 23719
1760 12472 13823 5880 6546 21629 13825 6870 4000 10490 691 23235 20744 11216 918 1359 1241 21633 18670 1338 6938 10603 2120 5947 940
1761 7014 13410 3947 13691 6713 10862 3029 12140 13509 17585 2708 11388 6624 8753 17634 2574 25064 10083 5604 11504 3473 6632 7339 15472 657 28277 16269 17823 6558 8751 12013 3921 13538 9201 19809 10379 15496 5363 7208 4600 30918 9478 5038 2707 28861 18619 26384
1762 26558 29620 19223 25241 269 19657 17892 4419 23336 5410 19615 351 409 19654 13605 21389 31037 434 2754 207 15280 19636 28034 21357 20357
1763 12924 18757 18794 16129 14434 772 15016 26157 26141 26197 14724 23127 24143 28396 28784 25396 16721
1764 14377 13861 14123 791 22501 4143 2276 5691 23390 3920 8761 25328 3477 5669 10623 9550 29015 18025 17655 18439 790 2297 11432 13684 5894 1121 3757 1333 5885 9989 10514 1340 1350 17848 18171 16355 13201 29285 26044 2123 23224 14149 27121 10532 4045 9 16597 14072 19106 4071 9731 8802 16333 22062 13991 534 5877 10476 31771 12533 9972 18597 8620 1001 4040 10535 30106 5630 22312 21684 22612 18085 7234 7951 9573
1765 14984 17475 7906 16917 3490 8411 6798 6602 9808 11205 3282 2818 26718 652 17900 13945 11449 18258 27403 4932 14775 2806 6298 22695 8481 11583 19137 21750 10231 675 3023 15961 4401 734 609 20014 11591 11514 19548 12485 2464 19134 22186 19802 5536 29965 10095 4201 21404 12493 9847 27878 3484 9461 3331 19804 16367 20479
1766 10355 13230 6767 10008 1608 20913 3085 2208 27579 7827 12625 7098 1430 8845 2246 5857 1038 32235 21686
1767 25524 23587 6819 20152 1102 5138 13547 7655 4023 21465 3864 1873 790 10495 21114 3779 9704 8662 10501 6008 6073 10326 14204 8584 25267 9727 3441 14953 23165 10486 19382 13574 1901 9007 11421 1889 7117 15679 994 3832 1340 999 11662 1116 1265 23704 10702 12058 10528 10482 5009 8972 4472 5546 5879 1315 3519 7165 4678 1225 5880 5914 1648 12153 12138 8023 1984 6397 17997 3982 26894 1182 6877 673 3844 1354 12472 7166 12066 3802 5653 8976 1334 12446 972 7975 4073 5573 1101 3092 1353 4281 1270 12532 912 20746 10325 14766 21644 2440 5994 17370 1113 1169 9345 8969 6596 3986 29226 1105 15499 1827 8934 11341 19420 22359 8663 5667 8533 9443 9350 20757 6870 23875 2365 977 8862 4011 9004 7668 21468 3977 10577 1954 11209 10628 940 18089 1097 13858 5934 9945 2188 19736 6358 17225 6568 14113 30112 19339 1168 2230 9135 2110 1430 8238 25932 3994 3983 9437 6011 5579 20994 1284 5967 5921 2663 4185 14110 11478 3835 4005 3399 8297 812 5900 5672 2657 4462 13569 16254 2143 13988 21658 29450 14132 15555 11793 11043 908 14102
1768 28261 22504 22652 1895 20641 14051 14101 10942 22828 17914 23174 13345 27446 19866 22400 11327
1769 678 3375 1821 1815 573 28164 17702 675 3192 665 7215 6977 13046 654 11827 32008 4135 9309 9808 1967 6542 5263
1770 12182 16882 14873 2875 16879 14651 21068 19934 16726 28645 17502 25396 18939 22179 22056 27901 18754 14650 26141 10446 14554 17044 25280 18801 10440 23026
1771 14145 8153 1884 18442 1684 26042 1673 9739 25705 19309 5679 3441 1610 13814 6071 22438 10497 2371
1772 4281 3703 1852 9904 10476 4003 3839 5890 1020 5154 10495 5138 10831 5579 4267 795 6993 2007 5026 17365 5870 27435 654 17234
1773 15787 12116 15575 9278 21841 5381 11405 5391 8792 25356 2410 2931 18919 8564 22744 8562 28084 7472 30474 11409 18918 18115 31091 18849 4607 12109 10182 4608 11400 32209 7837 31769 27099
1774 27239 5888 5840 12003 26709 10120 9905 10881 15706 18163 6061 5928 29700 12004 26537 14248
1775 911 9972 8831 6024 797 15915 2012 988 1081 5693 925 977 929 972 21638 12221
1776 2559 11122 10190 10249 3927 5802 5825 28430 12363 14234 11409 7183 7176 28946 11827 741 555 599 27405 19904
1777 2931 11411 10214 21841 26412 5381 7420 4606 11397 25180 9016 9130 14274 11109 14236 10222 12342 9020 5802 7417 12109 7421 10661 12886 21736 28976 19822 5805 7416 12922 25080 30943 11378 14230 12105 5808 8260 10173 12782 9268 22558 25496 14216 31020 25376 24814 28763 12108 11129 11125 4548 8687 28752 31565 17808 12107
1778 1794 1877 12 7495 2431 15480 252 25098 678 605 6309 7171 6087 567 2694 2470 1287 2778 741 3187 6526 6728 20631 32206 2314 7654
1779 246 429 19498 2762 26151 19311 30268 13485 215 19312 13885 17892 103 413 264 4434 18730 4481 179 7345 8783 171 21 28475 9700 11302 182 27332 356 15410 2763 23333 8695 32214 25265 25239 20949 15415 19496 25253
1780 12029 4789 18989 3347 24776 11808 3326 6193 7949 16913 21134 19233 22100 19031 11717 6155 14771 19758 11713 13168 27872 3273 12052 3738 11786 7011 5521 12485 15975 32263 25040 8491 14657 11705 2483 13255 18176 13618 5619 2633 26086
1781 4540 14042 10376 10981 3348 26079 7687 731 5834 21606 4521 4562 735 3025 8746 2808 7699 2798 6913 2620 3036 2519 2797 27089 6252 3476 25040 29246 4924 12373 7230 7868 4548 4738 9772 7629 3236 2521 12298 2458 19717 6662 3198 7207 13707 27009 8401
1782 1958 22205 13432 3919 30293 23864 7281 8722 17684 9669 19128 6264 7278 12302 24671 16775 29002 24777 8396 13014
1783 1629 1418 7273 2440 6511 18458 20171 18359 6545 21627 13663 5654 9694 6906 22309 911 2306 3860 6008 5951 8945 1027 1794 1049 4069 18201 17780 22500 15549 13569 10326 14204 1297 9945 1099 8867 19420 3429 21028 4225 1753 7562 3980 4022 996 4071 5026 1901 9662 17562 1280 910 6358 4254 1348 8956 10854 11789 8036 11373 1107 10809 12006 6 2228 8979 18207 18242 2143 6877 3699 5842 24827 12407 6118 1519 5688 930 11908 1345 2432 4668 14113 4250 15934 5864 2263 4184 9002 807 10640 8089 6465 12945 3917 7654 682 1353 11048 3796 6944 1116 5744 11540 957 1362 9345 20673 5258 2390 11478 20151 28065 3996 24576 945 4268 21678 5699 1533 23747 14148 1350 9666 1110 9727 8920 6074 11053 4909 1387 19992
1784 12580 15594 5918 5951 12138 5929 5546 5857 28910 3980 28065 28066 2039 23515 32276 32277 6009 795
1785 930 8648 672 995 22135 2208 2019 4126 657 2613 29873 22504 22232 11875 2985 12620 30189 3692 8631
1786 9637 4999 2118 2214 14281 1290 10785 1978 939 12517 1486 2164 3166 5697 8142 3011 13352 1291
1787 21037 9792 17258 16499 28390 10454 24120 24321 16650 22036 29627 3567 14899 18700 16600 18289 21046 30443 24438 22046 21061 23423 21492 21318 26615 27283 26765 26194 24467 25219 28197 29147 26767 21499 32142 30342 20088
1788 12189 7937 11706 9336 31085 13270 13930 7279 25378 26872 9333 29885 8748 11817 30779 14988 13166
1789 563 3956 905 666 2998 5273 18405 2143 6670 1816 6937 13212 908 2782 2299 6553
1790 27180 31490 2712 3226 26589 5834 607 29332 13619 20928 10943 8493 7694 7927 7204 2702 8461 2574 7955 18314 11780 1815 29204
1791 10572 4566 12140 3761 18132 13030 23293 10288 4931 677 597 8592 9272 14209 660 28908 4933 30427 4926 16823 30824 1817 3972
1792 9051 11487 147 8771 19508 21714 11325 11278 14018 16829 19619 30505 18324 19221 19434 201 124 20331 11305 19651 13878 14020 15478 23693 19650 320 197 21718 111 11292 32290 20484 19444 15620 4422 376 408 13875 11484 38 19590 196 25827 4366 139 26151 151 5088 19216 18522 338 242 225 387 300 11309 31200 26803 11282 19665 26016 217 5482 291 28322 15846 301 13885 5415 2727 231 25242 19637 11302 32 327 30116 15622 26238 9634 9054 27423 193 13483 25245 358 11295 160 15610 20333 280 402 5422 5489 15400
1793 8045 5330 5892 7161 11051 9734 15719 16808 8550 5934 10915 26658 5950 3515 1359 8077 10629 14130 20023 20618 23312 6988 1265 13799 26708 26426 1241 26500 18245 1003 16814 29078 23192 7661 11923 2120 30639 911 6879 30229 1250 5947 11212
1794 1559 9624 12737 12758 23273 12769 10351 1590 23278 12746 22711 24673 14336 23275 14338 29751 14341 12721 12712 10032 28394 14340 25936 23276 19948 4990 32295 1548
1795 8650 5257 17555 1751 28680 13099 3056 26463 6508 17088 17554 26893 6483 22097 2033 27127
1796 563 62 2564 2563 2141 84 903 988 966 3771 10915 2966 909 2213 7760 1925 5009 1814 10791 66 8960 7826 20743 636 1485 14 1998 1731 10679 18159 2043 22144 1268 6936 11791 1622 5590 30694 7668 22925
1797 2584 7694 7013 4548 14657 742 4733 12995 4940 22207 17841 16537 26779 12052 15902 8499 7686 6627 22248 18622 17010 8491 28494 13029 13068 13003 21309 9578 4898 25437 11711 13086 15973 8760 21753 30136 19556
1798 23388 17225 7542 5020 12519 8247 17700 10774 11258 10683 15550 4081 5064 4769 7293 10120
1799 7994 8247 7654 13769 9704 977 4107 6129 17864 968 1102 28193 8895 1794 22310 7129 983 22880 18233 10715 8093 1451 21160 1977 8034 2341 8863
1800 3344 5332 2503 3324 7716 4126 7929 10463 13255 652 2636 682 11808 4744 7 8004 26588 10620 7575 2563 7215 636 11705 4202 6309 4907 551 7954 10067 10878 8314 1637 8743 27830 15464 61
1801 4288 6653 12648 9148 29065 1128 2668 459 480 4293 21730 2876 7961 902 885 5611 884 4179 8117 9396
1802 11066 2555 2547 12397 4559 11712 11714 19010 20316 19747 4733 19202 9461 4555 11702 9033 3373 8499 27878 13005 4539 30236 13168 32297 8364 12315 2695
1803 7603 3493 6254 9679 3303 4496 2584 3230 13920 3348 3294 14980 12317 7776 13913 29880 4548 16764 6962 12194 6161 3392 83 7073 8387 19463 5179
1804 21318 20781 2873 15168 23985 9795 22254 20271 6762 23653 14390 7397 4380 15580 10459 18809 23846 28781 19193 2883 23099
1805 17583 8330 28080 12307 3275 6291 29403 2602 4547 8377 27060 29119 29071 15460 8764 30398 31026 25952 22296 19856 2702 22787 3185 9889
1806 20883 26510 30865 14728 28309 21490 18075 21475 20818 24050 10135 18641 24661 22461 4878 29008 28513
1807 5662 731 8746 892 13984 17829 4785 10099 13960 15741 19137 21751 19902 4733 4136 24587 19183 3324 13071 26778 8202 13064 9643 26827
1808 9117 2548 13920 7572 27753 2505 2708 5610 18263 9503 2860 9530 18616 3492 8421 17703 5374 4322 22344 7901 2584 12247 5512 16261 14658 16761 12499 2647 18989 29125 7167 3752 584 595 7228 11517 13265 13968 6222 7803 6332 13512 4898 6181 19883 16760 30136 9031 7890 2808 31885
1809 3490 20764 20463 4580 12039 2807 675 1963 21886 2458 3344 3346 3351 3738 688 7939 11739 1813 12842 3471 10767 2979 11657 1376
1810 7701 2607 12958 21834 5526 566 30104 12384 18622 19017 8364 4733 12308 13061 13968 2797 9683 13067 17694 13037 7685 1963
1811 8438 17817 20749 7623 9563 7607 10539 19753 3488 6808 7927 32308 7937 9465 4789 4602 4733 2708 3344 3347 24577 8764 3239 665 19423 1661 2623 4638 9223 17675 25299 7811 15901 3751 12402 1816 27008
1812 5492 190 18728 11322 5466 11194 15479 270 2767 16200 210 27 13149 11032 386 19986 5484 4420 42 19310 4328 5467 15405 8775 355 284 381 11495 442
1813 29758 3462 7283 6098 8759 3379 22189 7686 13971 4904 1816 6624 3027 13504 27182 27702 4518
1814 12044 4638 6958 7629 3466 5366 25009 6220 10004 27149 10396 8408 20937 10099 3492 3253 8745 21834 10660 12960 5499
1815 5220 2649 566 1377 17667 2979 6097 4137 19796 3972 11201 4135 14635 21750 11506 4126
1816 20592 14365 14451 31809 20364 30682 7397 16054 18700 17743 28506 4380 19400 21973 14898 22826 21779 14593 21238 25760 26623 3601 17538 9795
1817 12830 5505 11716 7947 7925 6798 18992 2797 10382 4940 7154 10056 2651 2612 7942 26274 13003 12983 5048 29016 6362 11025 27870 10372 7819 26093
1818 8185 1974 3808 1342 4159 10007 2247 1250 1622 24747 3771 1651 11051 5310 6358 9037
1819 4268 6421 1824 9015 7239 5318 9782 10683 1102 8093 1314 5066 11921 14097 5942 12232 2384 8048 8062 3762 3412 14174 14955 17912 15929 10632 957 8936 2008 8863 4668 5852 21116 1115 1406 26491 12131 1113 13702 7515 16282 2390 12540 27425 5026 5161 7979 6565 1648 23002 14267 1883 15547 8254 25684 9945 8228 6413 19337
1820 9712 12426 7052 13569 5258 4185 972 1350 21665 2390 2371 15703 3416 1906 29863 17978 11267 10523 16149 3976 5668 10497 14122 30146
1821 11345 12581 10937 7991 7990 21592 5875 5842 15118 14051 21584 5859 23877 20948 14067 17213 13672 14059 8843 4234 13113 23889 22671 22067 12893 10889 14826 13824 23798 14057 15713 21463 6423 5014 11361 10881 9241 15593 6011 10507 12888 1895 12170 16354 5890 10474 14070 14145 3400 27357 10124 31106 8660 4463 32313 3998 4267 996 1315 23173 6007 27003 27076
1822 17977 12001 13088 1875 23010 20944 24828 22671 13112 14070 5916 13249 12031 8584 5995 5915 11030 23131 29500 28067
1823 3592 14300 24299 16063 14295 23974 18797 20787 24371 25938 18812 16982 3674 18561 22266 18603 24338 14585 14415 6746 19185 10140 24422 25785 10148 24116 20613 3638 21021 32316 15170 29154 18604 14967 28091 16864 10459 10440 26942 31672 15635 11634 24496 20725 29468 21498 16319 24246 22025 15057 31663 28488 28142 21086 27040 31551 21512 27466 24045 32317 31296 32318 32319 32106 29733 32320 29366 24915
1824 14712 15028 10148 22800 19184 23729 22680 20613 15170 19185 18812 19194 18270 30489 31216 24425 31185 18027 25056 14387 29915 15176 29505 20125 14708 19195 30418 21551 20094 27540 23035 30994 29980 27733 23431 23654 9795 16985 25700 32065 16107 32321 29933 22168 32278
1825 10868 16405 12915 16422 16443 2827 12723 1589 9770 12717 11565 10732 832 7771 16399 4981 7777 10551 10751 7081 25627 1211 28438 29910 10023 23753 12914 22517 11617 2856 14358 12720 23478 13178 13183 24904
1826 16959 3674 15582 16551 20517 19601 22326 23570 21916 15562 17550 24262 30374 28542 16005 30326 29214 30998 4883 3064 28799 20855 12423 29086 21447 30884 26853 20516 26849 31615 15424 30997 26847 12419 29167 19163 26060 15632 23581 23765 17345 8305 19292 8303 28574 29970 23038 12938 18300 16957 18126 30353 21849 29836 18675 24294 18047 16622 21021 17544 23037 15170 26646 16946 26121 6740 21180 16854
1827 5033 563 5603 7169 3298 18093 72 1375 555 4535 1385 5204 679 3294 4501 15472 552 657 4925 5627 8592 2649 66 13046 547 5187 4134 16144
1828 6644 7700 3365 7929 1821 4509 2559 2556 2557 4868 2470 6201 7607 1741 3342 2966 5506 18949 15994 18948
1829 5103 8619 8284 5874 13088 9997 10939 5895 5945 11919 11350 5979 4026 904 22716 5916 17987 3703 14839 21877 1637 5858 9665 1333 17981 10630 5853 11154 4192 8584 5985 3404 3518 11031 5014 5903 21577 23131 22715 27455 13249 11348 13686 5975 3519 16251 15593 5881
1830 6347 2584 3288 10067 3305 12189 25728 8209 3885 5204 1504 15363 29362 4612 23359 13027 6163 4508 15880 4897 10288 19845 587 5339 4128 10572 22248 8753 5657 6322 4924 79 12372 13499 19735 20709 17652 27637 21695
1831 3477 4626 5176 2331 1815 15093 14263 2979 13038 11455 8574 11022 4130 9273 11518 11054 5189
1832 8418 23086 13690 13984 9232 3184 6092 2708 22211 6802 26597 14655 16364 22958 3312 6344 8330 13515 4733 14659 6806 13587 27699 3301 2458 18653 8756 10144 13030 11707 7694 32326 28485 14993 8481 21224 13005 13961 21746 11706 19140 8499 9560 16367 20494 26344 3750 29240
1833 13348 30940 5257 10825 12613 8191 5025 26793 10931 11569 10912 10907 28411 2094 18359 6835 13358 10928 2361 21427 2277 20400 18172 22232 11182 8623 13096 13409 10927 1524 29298 23189 18389 7505 13331 22880 13377 14823 13390 11572 2440 1517 3011 2360
1834 25679 16359 29526 5036 13939 16190 22186 11454 3344 3964 12223 11906 19772 9546 22747 5222 11780 30701 28619 12853 2538 11840 9560 3274
1835 17637 4889 1819 25732 16359 10839 15910 9772 3738 7055 25453 2707 6534 15966 10100 6804 10235 4615 13890 19005 2636 20033 5216 652 551 12187
1836 5882 803 6358 6927 2011 920 3849 1977 9043 1649 1658 1809 11927 904 1913 7536 1051 9247
1837 22716 5841 18234 8283 10910 9207 2661 11152 26656 8555 903 5704 22353 1875 15114 14048 23787 5875
1838 7623 3347 8433 3480 1637 3950 25540 10768 9336 2644 5598 12402 20240 14988 11695 22200 2707 2796 14159 7939 26779 6292 6957 4136 22202 13058 7861 10235 4717 21875 3501 13071 8361 3460 4503 31844
1839 8454 13444 10539 7819 7224 11697 3008 2535 10618 20101 22349 3485 8482 3460 7801 4705
1840 15916 10654 1753 11226 62 3467 1369 8627 14174 67 4743 3770 9315 14077 25491 7466
1841 3334 7572 7890 4603 4605 12982 9531 5509 626 6804 3027 9032 5179 2966 22078 13077 2524 3301 9031 9271 30424 5512 11833 5603 6341 4868 3381 13968 2708 3493 2968 4455 3324 25773 9121 1741 688 13951 3002 13289 7951 11824 27878 21751 7013 4403 12194 3920 32166 3274 24705 22917 13970 566 4496 6139
1842 3382 2483 4577 5348 2487 5656 20706 12844 2484 18381 7227 15945 8693 4629 675 8337 26357 1504 25905 5590 3193 13617 2814 678 5226 25560 731 1816 5339 11691 5727 6258 13024 5594 6163 7617 5351 3354 4548 26683 6516 12605 30073 3885 5036 22098 27261 20704 13691 7605 8329 17710 18382 21898 4540 12374 13430 4820 24880 28995 2784 7685 12276 7337 26926 12294 26375 746
1843 10641 19766 1315 17721 12519 13685 28112 9666 14174 6511 8079 6561 2679 27015 3412 908 1916 13251 18233 26703 3907 27756 13388 22401 7669 11422 29217 26708
1844 4798 3289 22963 3220 7477 4577 11637 682 3069 3237 747 13011 2703 892 2708 26776 8501 3224
1845 10404 8461 6189 5345 7709 9567 27717 9465 733 17671 10410 23359 636 3324 8351 2812 9299 10287 7589 24667 20926 10288 9504 10285 13909 5535 20707 9322 2643 25731 3373 2641 11711 13908 25529 25774 13288 25011 6347 8762 18380 19343 746 13014 15961 28015 20133 17634 3387 3889 738 8463 11389 6662 11786 4600
1846 3310 2148 26813 3733 18453 12471 3777 14060 30490 29206 8224 2120 8541 9349 14056 11354 21593 14051 22063 26651 9998 25851 9498 1264 8952 2044 10940 13111 8705 1810 23816 905 3434 9205 5875 1361 11360 5920 10910 14177 15113 10691 5351 6192 19838 1877 20029 19535 1639 21592 18627 4219 4040 3072 13805 2273 4223 4225 2661 5882 1948 22718 6877 27959 22719 11345 12489 14072 1001 11326 8256 26455 16529 20948 29537 6867 2620 13078 593 28076 3069 17654 19866 13519 6196 23799 2130 14148 14048 14137 25330 9452 14069 942 16215 6477 19869 16252 7504 27435 23893 1104 4473 30525
1847 7909 3186 10660 5366 13708 8395 23520 26093 6321 27263 29887 11467 19464 16918 29712 3299 9643 678 4547 19012 19544 31886 17575 12821 30847 12833 28351 23725 13613 21854 9860 6557 23295 6379 10415 26682 25642 27684 4644 11497 8397 12011 25477 9454 11818 17330 13287 17332
1848 668 687 8246 9664 1451 1901 22316 4082 6858 609 3506 2552 546 6711 603 6685 560 9172 630 679 7073 2251 6876 13363 6098 10945 12189 4872 26831
1849 1151 2429 1203 7190 12779 22513 14349 855 704 3189 11710 8259 13689 26736 19829 6792 10839 24825 12702 30942 10339 10866 12651 28305 3524 22462 5819
1850 9693 16810 23705 9982 17969 19263 17230 7935 20491 2263 14114 20081 8257 15808 10782 10777 5977
1851 8441 13831 1358 16658 8988 11736 5986 21905 21684 3779 10631 23223 15440 27161 1269 27091 1298
1852 1783 913 1717 1345 999 937 2032 911 938 972 813 9247 11791 1977 5289 1325 7270 2072 23164 28583 3960 1391 815 1984 1797 2942 1980 929 3917 1112 3792 1606 2143 1615 5288 13790 9972 982 6717 1064 11224 3905 2375 8616 3096 20119 2457 6680 12613 805 25868 3844 2253 12058 10359 1113 2208 18363 1754 1465 795 13213 6936 19803 1639 5939 14577 7713 19057 3088 9219 8178 3160 6939 11794 2425 2663 1315 7749 3049 1866 2254 10825 2018 2365 1468 8256 1618 2363 935 22171 1430 20396 6488 2151 1662 23171 8081 2078 8979 2062 2033 3423 1950 7826 11049 19097 3689 13343 8982 4279 1268 2120 6678 11875 16356
1853 4733 3279 3027 1958 25228 21886 4580 10767 2778 10086 9033 15993 7906 17581 9566 25300 25529 18620 30300 10286
1854 2169 13768 1848 24659 909 32336 10589 911 7354 6729 8249 25835 907 5026 5066 4105 1183 8855 6135 26276 22493 11580 8093 3822 1049 6 6512 2980 21637 3084 3011 10496 1095 2143 912 8248
1855 1375 2966 25695 9296 624 678 3189 4129 2979 4455 2712 8005 16898 3236 603 1535
1856 12530 1329 1060 2005 11720 6663 1063 10483 963 16493 11235 8074 911 6103 10603 5759 30093 8616 7507 10819 6116 20643 12574 948 6927 1475 7105 925 7501 3060 1358 10959 9 10957 1834 1781 11684 19713 21032 1776 8593 1521 30851 9826 27714 8648 11430 4667 6776 7111 13831
1857 7987 4182 2988 1848 929 3795 9345 4480 1121 5074 10486 1008 2457 1886 1618 8986 2170 2230 10602 1182 12486 1353 12068 1482 19365 977 24769 10325 1764 1115 3439 1246 10465 1314 1102 2044 1101 20757 972 13851 1238 1107 1170 909 1898 789 10483 7166 8972 6870 791 1350 1977 11536 12058 16910 4281 1827 26481 11736 11538 10573 1233 10629 6986
1858 4126 3273 7707 5032 3301 7701 12291 550 2609 5521 4733 13037 7685 3289 13168 18176 2707 9675 6174 31356 15971 1963
1859 22710 27064 29848 9620 20429 7078 28359 12775 14312 7080 12915 20451 14302 22587 7044 16846
1860 9171 18337 7322 9396 2821 21347 11014 9162 9381 17148 4724 17186 9144 26816 6079 15387 4309 23409 4722 9079 11767 7366 858 20221 17140 17141 8674 9145 9150 9954 507 7328 9064 20873 4308 509 9140 30512 15433 4856 508 463 465 1123 482 3172 7320 4854 14331 21339 498 22499 1496 9373 1124 9385 1128 4293 6083 9138 470 28331 25993 861 16972 4287 25983 9382 11100 4299 18519 6081 15419 16974 9076 29139 19111 24851 25407 25988 14090 1501 19720 3182 32139 24719 16103 11080 885 32343 11425
1861 3592 18780 21086 14383 24017 22255 23920 3686 24427 24422 24163 1815 7956 24455 24354 24053 25948 26296 23677 23972 24454 24283
1862 6869 26638 13827 22674 12566 10716 10497 21304 15595 25836 1062 6024 27091 12076 5284 29021 16595 2456 6568 6443 30817 15604 32345
1863 14364 2966 1637 678 574 1367 125 389 199 19608 234 88 4362 5442 231 4427
1864 301 26014 8695 414 144 23334 205 15845 15839 2742 352 4208 19626 190 23370 23071 8769 2730 9052 19662 9402 5463 13597 420
1865 707 2966 2673 1815 7 6526 603 2970 3135 4599 8683 705 21859 3602 5252 19684 12 13857 2088 2328 2301 2216 21936 2035 16355 25885 2228 17376 9122 4457 3298 17702 547 6645 7927 7716 678 8688 2470 7906
1866 10723 12656 2827 7106 22514 12753 14204 778 14313 1139 16581 28438 12653 7081 22517 7085
1867 1963 1984 2164 636 1248 9717 23165 5857 7126 9902 1612 815 14836 10831 8585 21465 5154 12129 17990 4002 8229 5546 6005 25771 10496 18461 8975 8550 1020 5840 21575 12132 3812 3515 17839 10886 17226 1116 13330 18283 12888 14844 4255 1340 2061 25592 10873 5864 17334 7050 18200 3703 2195 27832 18205 9443 5866 8190 5976 8888 12456 3905 13050 9905 6858 17230 7110 12137 14631 8057 20081 1824 8297 5972 8054 21588 5872 1320 1234 8557 11256 1283 24643 10518 21466 3518 7523 2661 14826 4111 12139 2440 10501 3837 12078 8097 14067 999 29336 1648 3833 15715 12552 5993 912 2388 5138 972 22977 18211 29287 12566 4275 22582 11349 4280 6017 27959
1868 10163 18412 12123 18887 3153 2966 688 29785 1637 5590 13046 2864 8005 14239 16237 5766
1869 22067 14050 8154 8555 3983 12581 3755 5841 15811 10115 18234 12552 14255 8231 15113 5985
1870 14521 18107 14462 28507 28503 20593 28506 20557 30117 9763 20596 3684 29397 16129 28838 9793 24198 10025 28836 30120 20576 21409 22798 26845 14415 9795 20573 22254 21740 19935 18601 14300 2883 20284 30119 14085 22799 13118 27072 20578 12916 9326 29839 15043 20613 20580 29742 28311 16059 6738 4376 25043 19065 27982 2914 23422 26327 26843 21480 24858 16029 29760 29575 8730 12937 14427 19398 22268 18270 19072 23017 14970 12924 14434
1871 7147 13262 26665 8401 4937 2979 7337 12984 4459 11705 8395 7896 24794 12313 6798 23094 5354 15880 15947 2483 18614 13499 25546 13068 2475 889 4523 11639
1872 3239 4828 3379 17348 6948 11742 2584 3445 8744 3473 18260 7625 9957 3372 27857 2860 22205 6269 9518 25924 7895 10093 15959 3480 1813 8435 21871 7945 8753 10097 12285 630 3187 7699 12279 7230 7825 10420 2707 4829 6155 1958 6701 7927 6660 7289 7868 9939 10232 7000 7617 5349 2643 22212 747 11055 6315 5612 3486 10086 12338 10839 7955 8401 5656 3378 4943 3038 15967 19017 4559 4907 13003 14656 18994 12140 8761 19791 10376 3329 13498 19005 3738 7705 11512 2599 3324 2612 2796 9302 7335 17615 2794 2809 3272 27604 3369 3770 26802 7707 13920 10372 15973 13005 21283 9338 17674 7460 7903 7208 3339 2505 13451 13710 30181 14326 5239 9340 31287 13265 21748 583 17108 26779 9992
1873 16512 29155 18229 3808 563 2470 3139 24591 2293 1761 12536 9042 8075 3094 2208 5320 2045 20119 8167 1682 2347 13676 3513 23311 2136 27218 5699 21377 2334 31050 1028 8627 12570 6924 20403 23387 14176 2297 14268 1982 1781 1290 1712 3781 7380
1874 14084 22804 10433 18643 26161 29744 30866 30615 27887 18053 17538 20054 23028 21470 26842 31724 26808 25285 16759 18644 26330 14665 19398 26315 15209 21316 27487 31836 26836 8815 20600 18781 18783 14477 28701 15158 17770 14085 16854 24568 26266 18811
1875 7004 2592 3031 1288 10695 702 3036 4492 586 12406 13526 2594 13909 28419 7949 16320 3948 6801 15961 26812
1876 5802 10166 9016 12109 18854 10222 2924 31989 31990 9020 24890 8506 27768 11122 18984 7417
1877 22691 3346 17634 6713 23770 8002 10235 4742 12842 4937 23471 5729 17639 21353 13025 19758 17662 9854 28785 21380 19562 24696 13412 10839 2578 2803 2796 9179 7955 12303 23739 892 10763 1526 12821 14979 13689 11177 18997 6088 581 19425 22138 15446 6509 15469 21748
1878 13227 977 1631 10899 19420 15275 8080 4268 2390 784 1950 14955 796 8100 3701 9010 8068 8062 5899 8024 1027 9945 18025 3824 22280 4111
1879 10753 16580 32071 12755 12766 12716 10732 27552 20442 1145 7025 12773 11611 7909 710 18539 7043 7779 1546 12741 1135 9630 22817 7730 14348 20434 1581 10868 20200 1599
1880 27044 15732 23539 27823 24272 26510 20073 22230 21483 17740 21968 17965 21065 26035 21779 16989 24418 15180 17408 22804 28662 20069 31809 14649 17738 28504 22272 6732 5659 604 2527 6617 1367 20389 26161 7707 20381 14585 21488 30705 20953 4327 20247 28509 14447 11870 28503 28502 32011 20385 27971 14570 32097 27875 21558 8738 17100 29427 8467 72 22455 26840 26632 20574 28513 22844 31439 21491 25940
1881 9530 25508 7618 12846 12397 9670 27033 7451 11712 4922 26370 8364 4940 15585 13003 12964 18622 2816 7685 19779 6692 13035 8215 7955 4924 13067 3347 7694 13005 11810
1882 9335 21865 15274 25065 10382 4525 7944 13045 10097 12336 4798 13166 10075 8752 26802 3367 16362 13003
1883 17704 27816 12276 4540 4398 5530 8753 580 10100 9461 19808 3485 6099 688 27338 22096 7864 13168 660 8348 5040 875 5349 636 3226 3459 9030 690 13003 9564 8456 22210 29267 16893 9315 7912 9886 4547 9033
1884 29571 20593 26987 30245 21696 14086 23252 16986 17752 18644 27618 25841 21480 28526 16060 26988 21471 23267 14085 20874 24524 26391 28501 30299 29624 24983 6758 14365 15311 16852 7074 18041 6733 14620 18697 9376 14713 24987 6754 26256 14692 16218 16921 16613 14684 14517 15236 16133 21075 15135 3539 17044 6747 14687 18700 15988 15250 28506 25135 24312 20576 27528 16024 17261 20145 3671 16759 20073 21779 20078 22678 29560 21482 20057 29465 29458 29397 28834 24856 27619 21333 3674 20471 17738 21972 20562 31849 24365 27470 22799 26320 27073 29744 24370 25158 32367 24936 24294 19924 2883 18925 21737 17538 19314 14469 3648
1885 26499 15593 4243 9006 7245 11733 4036 3835 21445 7991 12404 4997 6417 10473 3839 1303 6017 14825 11253 15498
1886 21031 2421 25869 8146 6571 24573 2157 10 2347 1694 3094 10481 8652 8719 5287 12533 8650 14811 26793 15793
1887 14232 17808 25717 12357 14226 26413 19815 9295 25494 21985 20538 17931 21113 25033 14789 10218 30736 21983 31600 7428 22646 21615 31334 9017 2930 9654 7414 28761 5753 7792 18505 641
1888 18790 13464 14710 8786 22350 22849 2908 3681 15003 24380 21012 26312 16220 20798 23940 20725 14712 23551 19194 19408 10450 23949 24858 20882 29009 14507 26794 7401 18925 25045 20877 32369 29813 7396 15170 20384 28059 23771 14489 18153 10460 25808 4879 16044 19398 25813 13728 897 16561 886 24037 27542 17031 20585 14970 15056 19314 24600 27528 25209 25107 25156 25822 22009 24507 24099 16028 29549 20468 27549 21495 26244 26986 26303 25946 23229 30024 16067 26767 30504 20386 29178 26766 16631 19352
1889 23365 5892 4483 9985 15678 15556 9746 15679 8931 22402 18207 12941 14825 15674 11905 12946 12004 27832 28448 10123
1890 8124 20637 20643 4139 14955 1359 2293 1949 27164 7562 19097 26485 2342 2356 31097 1801
1891 5723 19050 755 6090 6765 14 13413 25742 19845 16189 4833 17902 9811 2608 6952 18257 6786 16767 27589 13410
1892 20854 22288 16552 26851 12419 15628 29166 26644 21270 23570 31930 18297 25319 31621 30296 16946 4885 21354 20519 11604 17028 23573 20866 27646 22326 32259 20848 19601 30323 20855 25575 30593
1893 23559 3648 28487 18964 22160 16097 24423 24859 23437 23926 14586 14932 26302 20373 16668 15337 23502 16502 14678
1894 1401 1801 20174 904 6672 5123 6638 3964 1892 2173 5257 26210 18170 18456 1027 1848 9739
1895 7697 13519 19837 4940 652 4915 2630 7685 13561 11776 7230 31227 30598 2648 3496 9464 15467 31012 24628 11205 3300 20032 26775 7619 26455 14979 12384 13960 12998 13511 29409 12301 28215 7687 24795 27707 27378 15973 9559 7004
1896 2649 2458 1618 2216 788 10825 1662 815 8199 2228 3917 4 1657 2162 2218 13384 10007 2305 2274 1977
1897 14101 5883 4111 1248 2432 5265 5877 9753 5654 12576 18658 2661 8843 9740 1608 13407 5952 3835 27929 22368 10526 6023 12881 5974
1898 18068 24336 18703 11874 18787 20125 25417 22911 17098 17524 11600 6750 23846 25751 26424 20665 19394 22259 22263 20274 18783 26846 26248 19395 14999 21021 27497 10459 24987 31346 23437 32379 26724 26570 26243 19300 17325 29570 30013 25335 17181 25414 26247 17737 20098 29998 28467 26615 30444 12927
1899 7909 4126 12480 2564 10303 19061 10067 5723 1376 11638 11806 7707 5042 3184 13007 11642
1900 4615 30266 10423 5177 13647 3325 4868 3316 4903 25731 1746 13522 9485 6633 3017 27372 7949
1901 16511 16496 16036 24269 28291 19185 28487 23990 22841 30581 28672 3674 28776 24344 30796 24386
1902 13580 2277 1654 11220 12467 18432 13361 21192 21687 5253 21145 21328 12536 1695 3856 13407 1342 1682 2174 28405 1637 5278 5672
1903 7903 7631 3821 20463 22208 24695 23357 22142 23702 3300 19468 12824 5510 17703 5530 3027
1904 18433 5001 8136 2078 20117 8651 8191 7751 8134 18543 1860 1902 2174 5 10928 10356 8643 2141 3047 15600 11419
1905 741 1375 9557 6940 15823 7868 26492 4324 1958 1979 8603 1706 779 1660 7052 580 688 603 2527 19121 12697 1587 16834 712 4501 2500 5612 565 4136 23293
1906 6330 7952 19782 9548 4128 13427 9526 4942 24557 14169 2808 11712 12052 21401 9808 4933 4945 8395
1907 14816 10874 10918 29597 11950 20893 1624 8128 6768 17272 9046 6359 18496 11644 5832 8719 13384 9041 9045 10237 5255 12618 1948 15711 13716 24785 1652 12613 10930 8155 21135 11250 19715 12162 12558
1908 11702 4599 10385 12960 25384 10607 3193 15994 9302 11695 25483 25484 17706 1364 3230 3500 13969 3390 11203 3466
1909 8763 5598 9461 16923 2539 12864 20310 4548 11438 12254 21403 11449 11622 25647 18471 4461 7150 7333 9885 13276 19199 10945 16786 4598 2554 25466 20956 11452 24960 15938 28206 9586 2552 20927 7625 566 3278 27605 18314 10305 11808 10233 8743 6316 14991 3239 22690 7700 5212 4530 11060 22300 9860 2399 22608 7949 3211 7713 9119 6806 20756 9522 29407 4501 3184 28935 16970
1910 22183 27385 15033 18101 21777 14937 16194 12921 26956 15264 15093 15243 9375 14552 15308 22256 22904 15229 21792 14935 18755 14941 14644 14479 16691 6748 14404 12268 15311 20815 14718 19062 15054 15222 18700 15185 15227 15214 17509 22137 14970 15341 3141 17536 21725 14505 18059 8809 15321 15077 17236 14519 26657 26352 23428 6705 23993 17861 16384 24928 14682 14737 16650 19314 14420 3529 23157 26176 18699 16939 16641 13737 22532 15081 15786 24162 15172 14867 20085 26470 17513 14914 763 3663 19878 19407 2883 15147 15188 28265 3567 13460 14076 18714 14094
1911 15154 22275 24345 23730 3681 18773 24412 24338 28822 24347 24461 30156 24356 24372 23952 28294 24656 22000 17324 24349 24179 24478 16042 27886 23920 25943 23834 17031 2913 25818 17542 17529 12917 22376 21964 22024 26940 28295 18798 16010 24421 611 19314 27458 3030 22800 16716 24500 23975 24530 24217 24507 26768 30700 25045 26622 23422 23528 23448 29730 28460 26850 14745 3602 29468 23251 30343 31508 16123 17376 4135 15389 602 27632 9119 26264 24492 32389 24283 16717 32038 29158
1912 2369 22995 912 13717 1907 5007 11684 18389 9662 6729 20188 16138 3198 30698 7459 11569 10593 27016 4085 29022 23706 2984 5140
1913 6746 18270 14902 14457 14588 18636 16220 21081 13424 14540 16218 25801 17102 10459 28234 20735 13152 18066 10148 30464 25818 15103 17098 23017 19395 17258 19194 10432 2878 22277 23442
1914 29202 22687 7909 8002 18989 9719 31160 13969 6727 6453 8367 5306 21752 20033 22692 25478
1915 1806 9008 6425 3905 795 1731 11731 10716 7116 5871 1027 29413 958 1451 15604 9740 15911 1424 6023 4995 908 1420 4343 7459 28271 10595 1901 7251 12223 21643 3979 1386 5312 2355 2127 6488 9783 1987 1936 798 5885 941 12523 2251 15555 4082 3401 2318 6480 12195 1465 1717 1612 903 2162 2064 934 1428 22754 8970 6501 1116 10893 1485 15549 8068 28181 6717 11906 7808 2212 1449 8905 23874 5275 23656 5148 1708 5939 7749 5133 2228 21658 26719 16836 26481 13231 3414 15553 8015 8031 13625 6937 13860 4760 6878 1761 1629 6447 1794 2942 22522 23405 7241 14955 29355 30090 26417 22312 5329 3907 18236 8121 9997 6858 12568 22463 4059 13363 12052 13036 7716 2814 7461 3348 602 11189 8029 2305 8709 3692 8867 15594 3980 1390 1408 22486 17993 18319 8166 26700 2100 20998 1810 17786 8024 23179 2078 1401 2338 2328 7999 6876 6997 4698 8065 32241 27370 1728 8100 2027 27135 7242 22406 30480 12598 2432 13555 21652 6060 15564 26046 23264 7234 7827 2373 4768 21927 10121 14264 28370 18326 21936 12082 15936 21676 3978 1454 23408 3699 949 12471 2363 30089 13211 2167 2376 4279 6348 7637 16330 23114 2123 2175 19679 8979 27312 1663 5864 30143 1780 28470 21929 1870 18495 3701 6487 14203 6009 965 5674 10532 1611 8060 8968 13201 3689 5026 21930 18441 26891 6598 15935 3134 30003 18171 29862 1034 31145 786
1916 5536 9458 9523 7107 4580 18471 17692 10095 3488 3751 9200 9536 7631 22690 19783 16919 11467 2550 12038 8758 16913 29908 11815 13912 9544 20499 17842 6228
1917 5789 13421 5383 6805 1457 1660 6794 23293 21891 14231 25184 18851 4207 4601 13046 12829 22978 8442 66 5725 8314 652 2613 755 26943 23085 17639 3195 29152 12779 1385 665 9992 32067 7817 9628 29849 14104 28032 2860 6236 4199 4744 21830 734 572 660 8546
1918 3140 610 16717 15311 19184 3631 14935 21776 17261 3536 20145 25815 17857 20773 14924 3640 3628 3667 17856 24844 25786 3537 21791 16745 766 13464 25208 3569 18067 20526 14921 3533
1919 1138 543 14303 1589 1221 2455 27390 12653 12786 13127 532 1547 10748 531 14291 19711 14315 1559 10753 7777 9624 12753 525 1587 23741 10269
1920 7752 1737 1091 8121 5278 3808 2072 2277 2953 2062 13342 2369 8643 2040 2438 1777 5001 2956 23726 2255 17279 14280 12877 1923 8650 6570 18433 1789 8837 2208 6677
1921 11617 1546 11546 10748 11940 1570 17379 1587 4956 12732 12907 10746 22512 25936 12674 2837 16455 5439 25720 14303 20436 19311 385 21442 23243 7730 28877 12808 16415 9616 1558 7046 10737 28159 12755 10735 12651 20200 23535 4980 24911 24330 12150 12745 20457 20449 20461 28880 12913 22511 14352 14314 29384 531 20456 32071 20194 27063 22510 21284 1580
1922 2014 1850 6554 6429 7242 9000 6674 12408 20978 5856 3399 5867 4809 2251 17783 1407 22501 1724 22667
1923 4739 15870 15465 18950 8547 618 6193 26802 7058 11694 7966 4787 6691 27027 13233 16903
1924 25916 807 3819 4324 3971 12821 15739 2681 2557 13536 26004 717 20496 2533 3362 4592 603 16773 2644 10764 13193 6150 734 854 14004 12194 29231 3925 19898 3378 2814 2966 15888
1925 215 8773 19473 27745 357 21372 13483 19984 4478 11372 13599 9813 28533 17250 19665 15392 15400 7711 234 270 15840 13598 23367 297
1926 15417 5147 3969 11247 21634 2073 5006 6938 8888 1388 23598 17248 13347 26450 13273 5947 2014 8016 13051 4163
1927 3084 4073 2314 9662 3 7128 12475 11789 1663 1426 1432 2156 3694 7495 8057 2158 920 26489 1639 21630 1465 603 663 907 4029 3707 1697 5009 10047 3907 10810 19418 1260 21023 4781 1424 1408 930 908 6561 4782 6522 1401 12468 909 3980 7254 957 21026 5633 13641 982 672 18019 7668 21467 937 1987 5939 8068 21893 19054 29126 7270 29446 1113 2338 1101 1051 928 10893 11915 3441 972 6997 2305 8956 971 2457 4278 3969 812 11684 1110 6545 3856 2663 1359 2365 29900 11926 6512 27642 22314 21276 21637
1928 1590 12719 8606 10709 10751 1143 10612 1144 1566 1198 24899 4994 7028 1573 12727 16454 4987
1929 22290 1182 8907 5757 6507 1273 1318 12456 21658 919 2058 5905 10133 29790 23113 1794
1930 19883 8577 9271 3927 10386 12046 27701 14164 22686 28162 23445 25541 7952 14657 8426 8422 7629 9543 16288 2605 29157 9524 27176 23399 9336 32199 733 4134 26564 19464 8745 10604 11816 21831 11055 3489 23443 2708 25773 13935 18408 22081 17654 7825 22963 9532 13166 14989 18490 28186 24733 15973 9757 698 20013 8008 25530 16363 13021 28939 6783 20319 13077 6199 13276 27612
1931 2440 3905 1357 14204 22358 3400 23811 2138 13321 1984 8972 2451 8155 1622 6778 1849 25636 2033 2980 1684 10977 1181 4053 2203 5290 29413 1401 10823 10427 2278 6638 2084 2218 1950 10502 10348 19366 3418 3792 1826 2392 3080 2226 30774 6133 8227 2144 13100 5287 928 11051 13409 5067 26533 1616 25871 14955 1618 904 1883 2257 5285 11250 2985 9219 1797 23082 2157 14279 2364 6656 19835 972 11677 13357 1099 29556 2425 2417 1925 21212 2212 2216 20213 3072 32399 6989 23188 10011 2663 12566 1051 1115 23525 14147 29538
1932 13351 5976 12888 13805 20162 10889 5866 9945 6870 7565 8663 5910 12514 24741 4248 8227 8292 5932 17780 5918 27397 10492 27601 10504 13786 10472 712 587 2790 20991 13011 10839 29525 3023
1933 5321 2398 3381 3303 635 13026 652 12822 3487 3379 2708 596 7613 5499 4644 7906 8397 636 6322 1527 3267 2589 4744 615 755 12399 8461 3348 13028
1934 22059 24867 257 29542 25142 16604 21481 25140 4879 10450 27517 31342 18929 372 29543 16049
1935 9413 10926 10130 2409 23763 21892 20403 8075 7827 10561 8626 17871 18849 12523 1906 2168 7245 31564 2386 1619 12560 2033 5832 30716 11957
1936 11113 11110 24563 15571 22563 28590 7424 9124 25491 7466 28173 12753 28172 4606 25185 9285 14236 28522 20534 18979
1937 14507 20371 7075 13422 24243 23923 15153 21964 15256 21060 15001 19928 24369 18923 24108 14716 16056 2920 23361 24116 24084 22036 24156
1938 675 698 8461 3738 8758 3227 2649 28619 9853 8763 17880 14775 27847 5509 4937 8493
1939 4904 7952 1819 3492 12960 4580 1816 11725 601 9178 7573 3303 3347 10249 22709 12970
1940 1075 1183 12429 2122 963 1658 1004 10481 17267 8886 3800 1617 7161 1994 912 1791 1077 3781 1979 1782 2052 1930 7051 12460 14819 1948
1941 12057 12759 7778 12783 12786 9590 12763 9613 1205 10712 1212 539 14323 24904 1578 1147 10754 532 10297
1942 20797 18704 21564 3603 16522 3530 18740 16126 11599 13155 14721 3612 2885 21325 10756 16657 758 16120 18795 24142 23837 17734 16889 3684 18042 3674 25354 26506 14259 19065 6746 14892 18809 4801 3552 24217 12920 17859 2913
1943 2461 2966 1816 4599 13985 28710 13186 12972 15901 1375 5355 9033 7618 4403 9543 1739 19031 26578 7902 2689 2814 7685 2818 1817 675 1818 741 3025 6712 6940 19903 3300 3205 4206 24918 11721 21404 16261 8687 16767 8242 4128 15467 4604 16139 14168 15819 25476 12403 10147 24798 13909 2595 2500 6798 30811 15904 2624 26981 12187 4886 18479 13438 3301 16918 13003 2594 1821
1944 509 4340 1163 1128 469 15453 516 7319 1488 464 4287 481 9396 9168 4864 3180 486 2821 472 4852 9385 724 4440 6079 2820 31043 6076 4312 4442 17140 9159 459 4444 729 4319 7324 9160 470 4855 9149
1945 2904 24140 16391 14585 17527 3555 10446 24064 22374 24096 8 20260 20525 21053 23916 24648 3612 16123 26601 21039 10449
1946 3686 3680 14857 25170 25215 3621 25164 24377 32406 20386 32407 18810 32408 30867 24010 30579 26850 24307 23979 31161 24151 16023 24393 22389 10140 16044 25279 25808 26604 30218 21079 25289 27321 23926 26767 30417 31788 32409 26607
1947 2048 13053 7270 6937 804 18673 908 907 16532 8023 4281 21672 2305 27388 930 13702
1948 1622 2011 2138 3344 2584 12503 18496 20392 2070 1688 2299 2203 3091 11729 4281 11881 7096 2286 18433 1826 9643 8749 2209 4279 18228 2322
1949 3295 3473 22193 4734 6631 4638 7281 10768 15967 15893 12286 6142 8362 13003 18076 2582 7276 9464 29414
1950 6105 16312 10396 2973 675 73 3506 7817 717 4638 5627 2708 4868 62 4523 677 30930 13914 15993 3326 7588 679 8452 4939 9122 6962 4136 14773 20191 7765 29136 28150 24908 566 11817 24727 13963 4580 27813 9336 3460 13935 27704 20032 15994 22594 28797 7937 32163 11823 29973 30662 13959 3346
1951 15495 7013 6177 21855 2808 3373 6624 2803 1816 19846 11471 741 3947 2491 7267 15901 9879 2651 18264 5530 5504 7715 23359 4938 20232 1663 925 1776 660 5604 7587 10765 15961 3281 16767 9322 13024 2581 735 3294 891 7713 5357 668 4598 11705 5036 12643 10285 6631 702 3218 7595 3336 28995 30771 7230 12832 3921 10423 2484 26153 17108 4826 6625 16915 10392 13034 4398 6805 10096 2599 629 2500 3320 8357 19128 6691 4576 2812 2701 3346 4940 29978 9573 3031 6714 7601 14657 27171 30181 551 4925 3467 10419 19717 13971 21744 2968 3323 21955 13963 13067 32410 4124 31310 9676
1952 13706 1775 1631 20628 4035 6424 694 8981 8016 20018 802 8984 997 8290 10465 2263 1284 13731 999 25587 1308 30985 2346 963 1655 1984 2251 1900 3701 19380
1953 3515 1250 12466 12532 12456 5861 2867 1336 25524 5983 13658 8540 11156 17220 12129 7222 23875
1954 3378 7686 3347 10055 12960 7952 3343 28419 2595 10757 3316 12035 4638 13914 10086 7603 4786 7168 31295 7573 626 596 9760 4904 3324 8422 4540 2570 3741 566 7633 16760 7682 12485 3224 3348 13045 2707 15876 19758 9564 4734 27134 3230
1955 15389 29246 5331 17656 9224 17961 26333 19762 8360 26145 30107 6097 29901 3395 23697 6347 6688 6606 9963 30808 22095
1956 2648 5197 19536 27381 19530 7620 748 587 7906 27343 4833 8007 11585 6913 5351 7578 7462 9477 4563 7600 19531 7581 13078 9197 19559 13263 3340 22484 4394 2608 28790 12237 9313 13493 10764 24699 7928 13503 3023 29525 5616 632 4508 8004 8399 23355 19540 22477 6255 1972 3927 3478 6212 19852 11440 31772 17694 12500 2999 13002 12832 19555 19883 6227 13540 630 6962 3345 19862 3326 13647 6356 13513 5406 15944 732 11807 3473 9683 6343 25728 22482 6166 18478 4516 10316 5216 4644 3186 6151 9322 17116 13494 22868 25906 8210 22476 25908 10414 17702
1957 803 6060 923 10354 1008 18435 23525 14200 5872 5704 1241 7166 10831 12068 3839 11344 10918 11260 5914 1350 18436 798 5841 1340 4174 11688 1333 911
1958 2365 2457 9135 6670 8952 1761 1003 20925 12464 2307 12555 4815 1428 6874 795 11538 18119 6989
1959 11032 5086 238 9643 13876 675 4481 6795 10086 20949 4356 372 7347 262 13598 23314 11315 114 17198 19493 19517 386 5410
1960 5697 2323 1673 9845 788 7166 1833 15979 2251 1701 2033 12218 1081 9412 691 26482 2992 3156 18564 5682 1720 8167 6133 12590 2214 995 10933
1961 12068 999 2216 10501 3983 2363 7270 1984 21362 9904 1810 21465 10830 1002 1107 12058 1263 11208 12532 5879 7104 7713 4462 29336 9735 3092 1116 1848 12552 10630 10536 4027 5948 8544 10326 15679 3968 3167 12633 1121 13343 2365 1426 11791 8181 1521 10506 10820 3098 1333 10915 925 13100 2208 557 6131 18432 6849 2192 6122 26285 21678 2305
1962 5066 9666 10561 18466 26505 5830 7129 7241 7242 5113 6410 4056 19344 18318 1900 5108 27925 2717 1284
1963 27842 892 6506 3294 9679 2708 16091 24796 8357 7622 584 10055 566 12822 6228 31814
1964 29691 10474 18525 13669 2598 11348 5014 19104 5898 20958 16491 13563 4225 9007 5964 17211 5870 19864 7929 2686 1822 2778 2557 1637 7211 31960 563 8687 21584 2709 7378 2274 7658 4281 10401 23891 2390 11640 7303 2706 4135 2542 23180 2979 5672 4907 24921 2809
1965 8663 2365 27832 21116 8584 8098 25441 19992 26888 29643 5944 26449 18212 26290 19999 29787 6423
1966 28232 22118 26856 12412 30316 23633 23319 20843 16542 27565 32265 20855 25582 26646 30364 30996
1967 30896 10912 7505 1524 7742 5832 17832 1517 7758 22614 7750 7096 10237 12627 14762 10011 3812 12629 2236 1692 19267
1968 13689 1637 3770 13753 4124 7064 14771 7866 3378 7864 5026 3 18241 917 6 4501 32067 1387 1007 26002 17354 13156 26584 2527
1969 8838 11806 8243 4248 7169 582 10037 20412 7910 62 755 4174 1350 20618 1047 26999 9443 5947 32092 21378 27080 1250 1536 11626 14069 23131
1970 29236 30709 29558 18650 23653 17532 15247 32393 27469 31195 21080 14847 31832 28197 20263 26573 31685 10452 20594 29466 22011 24466 29582 27551
1971 28175 11322 8779 88 20331 15121 25373 15840 13874 142 4216 23075 19583 20141 346 387 10948 19223 4351 26561 316 408 13605 5441 24746 319 28903 391 23073 4422 19480 19984 19671 25447 455 2765 5473 5470 401 27788 352 23221 4419 2752 413 21395 262 218 11313 28229 100 394 20423 156 103 360 23624 22996 5477 22421 15414 19608 15410 29772 4433 21712 31089 15408 23342 26947 32443 8710 341 24953 4427 32444 26805 13604 17252 11371 15411 2762 4406 25059 32391 32130 393 13879
1972 11564 7771 25720 19042 12766 1202 20446 10266 1213 12772 27561 12808 20444 19040 10352 11970 16406 10271 15509 25756 23245
1973 15485 21915 19975 18225 30234 15426 29036 16935 30204 18128 23632 16553 17549 30588 25582 18294 30590 23531 11603 14435 23571 23584 28541 23528 30998 30277 16564 22659 30502 26643 15626 29050 15628 23576 19307 12424 31693 15639 16952 31614 22953 30326 29833 27993 4610 3065 20518 18126 28673 16084 31500 20843 3193 2649 875 2966 24840 2489 6092 2818
1974 1873 24693 983 13805 1951 15593 4808 8244 1401 1631 11990 5570 1359 25433 14628 7514 1177 14952 12887 4240 20153 9812 25298 7979
1975 17197 11308 21365 19653 361 20346 19661 2742 21633 14123 5994 19491 23340 15412 2727 15408 1318 21681 20361 26240 399
1976 254 4434 127 11318 363 215 14017 19470 29777 15479 11493 25241 26556 413 417 14023 26562 19213 23688 21709 31087 21722 14024 19224 19208 23692 13239 23689 29770 26585 29877 13477 19500 19481 26466 23336 25248 26022 26561 19495
1977 637 10196 15569 21110 5767 14271 16229 11140 5765 18179 10213 7178 14788 12171 11115 11139 6923 12359 7182 5396 10180 7172 21985 5399 646 9651 12345 10207 10662 29112 11401 10171 11132 7410 10163 8268 20535 8265 9361 18731 3725 8610 3524 17802 14211 3019 14232 17800 5797 15724 20905 3729 7179 17168 10219 18864 5741 29762 11135 7789 639 18365 8271 10664 25232 20542 22184 31111 2403 7195 10686 7419 7424 25034 5498 25031 15578 15579 21980 17808 10200 29764 14212 10663 12362 11141 5799 3142 11138 17932 5816 13140 8519 8274 11168 25197 5807 25883 7961 12933 15429 18411 9260 14222 14228 21434 10221 11130 18820 5381 22554 18499 22970 9363 9654 10339 2404 8116 19816 3525 23101 31604 4298 25198 2928 2933 30357 9360 10156 18409 10226 9261 10165 18906 10216 18868 14240 2414 10198 22555 13146 2930 28174 21984 7417 24783 14787 3726 5383 10177 5500 14216 2409 16073 3731 29354 16242 11133 20537 14218 8267 7176 10151 10152 6710 8613 8263 8522 7256 3154 2413 25494 12092 7794 18600 2408 14234 5779
1978 2466 3342 0 4123 2549 11638 555 2681 27762 23779 4126 10839 2530 607 3130 7267 4576 682 4716 889 13039 2481 21743 11666
1979 18783 15219 20376 3650 18649 12415 25761 3553 18333 19283 3595 28454 16054 21972 29559 23653 3543 24465 17752
1980 5527 4735 5355 9493 7908 19234 13899 16091 7004 11515 2589 9504 9521 3454 26096 12280 1529 9483 9520 4734
1981 2483 9520 5530 6690 6614 22949 12308 12314 30070 6196 7089 17590 6270 3925 8426 20511 19001 6453 23699 21961 13262 6274 2814 8752 3938 9110 25235 3919 6258 3371 27222 7019 1668 9762 7715 16320 6322 2791 12318 19017 12015 2398 15910 8400 744 8203 4489 4733 6324 2797 6374 6458 2482 6161 17961 11812 21880 13263 28080 10768 17596 3296 20942 13274 22697 17645 13708 12981 712 9109 13442 16914 12828 29398 13061 2708 30018 14988 7004 9492 6289 13928 16369 12964
1982 7797 660 13689 6193 4521 10086 4401 2695 24778 87 5732 675 3385 2584 1525 9462 16260 7205 5224 11473
1983 7610 67 5036 24796 27911 8002 20481 5045 13262 25552 13512 7688 4495 7629 12384 5530 3036 7943 6250 8404 8221 6162 4877 19756 2797 12980 7916 7679 6614 11390 6228 6211 9940 7954 6427 7955 6197 12308 4638 11725 6335 7697 11059 4926 12972 6632 4733 6253 6375 6183 12958 8395 15446 6333 677 9518 6157 15467 8401 23864 2484 7868 10086 3222 12288 12983 7698 7611 3302 8735 12987 13261 12865 7608 3507 10386 18197 688 7952 12316 6181 9685 4460 12390 3025 11471 2630 3373 13909 6235 3291 12863 16366 3466 19782 4735 8746 19784 15882
1984 7052 4650 18281 7984 9740 11526 5640 16494 17562 17782 17213 7245 5924 12006 15718 4111 5093 13675 3835 3766 5885 20985 21028 3843 4250 7968 1187 11848 10521 29641 20409 6008 30188 5672 21692 6022
1985 325 2764 13601 15359 2739 8695 414 19661 432 23514 18730 17938 15846 8769 13598 29927 8704 19664 28323 2762 20330 28481 25451 24942 229 27784 4427 27786
1986 20792 14076 27729 14259 23841 23846 21060 14436 25286 22792 15093 15008 18073 14263 15059 4373 16938 16884 14644 27278 24061 2443 23016 21784 20572 15020 3674 3542 31099 30440 14706 19911 25151 29134 23910 27747 18216 25281 26236 23447 31714 27900
1987 7927 12983 10659 4733 892 16923 9481 8746 3330 5540 3017 19553 6098 4789 7631 4129 3347 12340 2483 4580 7715 6627 17702 18622 2966 19463 9528 8761 11712 7813 13037 14773 9543 29945 31467 13287 11745 8748 22344 6808 30037 13969 14989 7628 8500 3230 677 2532 10607 13939 21745 13048 13952 19134 11468 13945 25483 17080 11828 4638 11829 29737
1988 16276 3344 8477 3332 6804 4554 8573 13710 4596 12052 13067 8574 16903 20954 8499 31198 29635 12301 3031 8502
1989 25100 10322 12034 17926 30103 2643 6210 5600 1368 7954 3031 27480 3464 12140 6618 2707 2571 7455
1990 6621 5536 3332 8007 27999 5662 3331 3196 28243 16923 15994 6630 3501 11462 16969 5407 15402 688
1991 8968 9750 13324 6522 2981 908 5949 20623 8045 2365 5905 7562 23312 9247 6568 6989 4040 4284 13051 9945 2778 12127 2228 11684 10533 4163 8103 20027 13800 4782 21664 918 26066 1114 2196 25332 1794 22315 557 1465 940 29943 11506 8012 11923 15560 6860 6874 2073 7145 13685 2432
1992 1822 664 3193 2486 7929 1376 2566 11973 2534 3282 2532 630 1817 4322 704 1535 602 2649 665 554
1993 18713 24980 24841 23775 24528 20284 21477 2903 26733 17498 3140 27104 32253 18704 25110 26767 31914 24613 22800 10459
1994 11159 4071 2662 11899 30560 10483 982 20746 7661 6878 909 2365 2636 11 1003 11923 27774 1121 972 8094 6135 13800 2451 32150
1995 15478 20484 17253 5092 8773 339 389 262 2755 406 414 132 17791 2721 15379 264 11887 4335 17250 11317 387 270 2762
1996 22478 7007 8202 6781 18079 11724 25557 22665 15741 13928 27816 6332 18346 1790 3497 25062 9576 14987 14992
1997 21060 28165 3633 18809 19910 18110 16023 17258 16606 24044 12235 17324 24158 10451 25710 21453
1998 8732 2451 6778 2277 20392 909 2299 8837 8650 11521 17909 2331 25595 10914 8297 9158
1999 8835 6788 2663 7563 1301 811 20895 10127 13777 4167 1625 18466 988 9943 7486 2045 1651 12564 1248 18590 5008 4150 16909 1001 8075 5836 17207 1253 18442 9922 21261 10542 1930 18662 10705 5702 11187 4464 14122 23079 1670 2075 13795 2136 2294 3057 7646 922 2130 27388 1789 12536 2317 21303 13475 5960 18446 21304 11848 5054 1692 5130 15811 10476 23225 17871 8823 8915 13820 6443 8822 9412 21992 6437 18155 30857 21667 4185 10857 2257 26483 3962 15501 15119 10911 5589 1682 4219 12567 2096 30696 2107 5693 26292
2000 24638 7909 27087 18133 4922 13923 23523 16146 27643 31815 6713 15506 16369 2574 17880 31465
2001 922 12071 9735 925 1182 1116 1329 790 1102 10889 1010 5879 18384 1353 1467 1662 24741 7658 17840 13672 4683 4234 26705 1875 11737 1896 991 1358 5941 12073 11045 11478 8934 2230 4174 4225
2002 1814 1745 5603 6091 1457 582 2966 3972 8748 1819 66 2788 17702 10657 7906 21747 21222 22099 14632 32305 19047 31393 801 19812 25681 26373 13007 7714 702
2003 1107 3397 10483 3802 1848 939 948 1333 912 4281 10505 10325 2457 2016 6995 996
2004 8074 5026 6587 29536 6874 3969 2663 2457 1100 10894 1987 13772 6870 23227 15555 11540 7104 18119 2533 2251 1333 2120 8960 5974 6992 3397 16330
2005 3031 691 3738 7013 4927 81 930 4272 1006 2717 5852 12607 2807 3342 591 2577 652 11201 5530 3972 3964 963 5949 3025 1228 4227 13693 13150 13031 2697 21648 27774 12209 5575 5337 10887 6959 9030 3396 1282 15982 688 14756 18259 31053 574
2006 8659 1407 1815 6090 6636 2678 1361 4265 25357 22468 18974 3696 972 2390 12882 15437
2007 5158 16492 12222 28112 1359 13351 22971 8939 21892 19420 17958 2365 11878 11910 9008 8920 9945 23042 6857 10876 14102 15499 9350 17234 8190 9903 6008 30059 29724 20157 10640 1181 3 18137 16694
2008 5602 6367 712 615 1660 12159 2624 20017 3228 3236 1287 10842 13689 9791 4906 1504 2698 17961 582 577 6097 3957 16265 5659 14779 6792 11189 15823 3192 5656 755 18408 6794 583 704 1385 7675 6090
2009 22288 25317 20849 5611 23038 16561 29048 32259 11675 31930 18274 20868 29832 16937 31045 29171 30885 16545 20838 32271 27568 30922 19144 17550 888 8017 31500 29043 31457 23581 30017 19983 30327 16008 20852 32266 29820 22003 16967 32473 32474 7258 16542 21447 24745 15634 30322
2010 6624 7693 3254 3231 3250 8741 12583 3222 688 24760 29433 6633 26111 26418 2578 2645 3002 7059 26220 11459 20013 13612 26433 11204 30168 25101 12293 11386 11691 3495 18012 29672 14654 5235 20954 7625 9484 7070 21382 15945
2011 2476 1822 9520 8721 13921 4523 13274 9464 686 15973 16536 687 9540 9120 18521 19181 3924 28432 2599 690 6713
2012 20671 7508 8181 1997 2439 10913 28320 31881 22218 30940 11949 28543 28805 8617 28081 18546 6669 1520 13099 4752 1517 1524 1702 10242
2013 603 4907 4324 880 892 62 7575 13947 10618 11831 18416 546 10607 2966 78 666 2690 81 9643 29323 665 2814 6111 11642
2014 21403 22086 6810 8754 4548 13045 31286 2552 25474 26675 8574 11825 3344 23265 32023 2653
2015 18790 20733 16029 16059 14970 18553 16850 20576 22457 16882 16653 17258 22804 2894 3612 23154 20145 14712 9795 6738 25768 20880 12264 23424 10148 30341 31411 28517 23449 10459 31947 23831 19037 18270 17750
2016 12683 16076 1214 12676 531 11931 12652 538 22562 2826 10735 10754 4969 12665 17388 20192 12895 21442 19964 12088 4966 12770 10717 7030 12651 1151 16347 12149 527 7774 16425 21173 7040 7027 16478 4986 23244 12690 4993 2840 11563
2017 13301 5994 4176 1335 1236 1357 977 1248 3021 999 13219 2454 8887 7976 10536 6511 4281 31628 1984 10127 14122 1006
2018 20764 12391 7952 3250 3220 1637 626 9586 6958 5732 20034 14002 13077 7937 17348 7068 25558 30550 5712 11702 15962 4828 14168 10373 28876 609 24796 25557 7963 13912 9574 3492 732 28529 3295 7573 7618 22344 7335 3230 21568 29122 7606 17300 19178 18950 13943 17600 741 11826 7451 9543 3333 15955 3741 29131 17073
2019 8880 23902 21896 8923 19416 1333 1281 10484 1793 1639 2023 18241 9349 10573 8180 22143 1079 13349 25521 18417 7647 779 934 26102 18004 27431 4279 1889 2169 19019 12 6728 27656 2134 5837 13838 10816 12588 10894 1235
2020 667 11823 25326 17330 3492 6632 3386 21280 8736 13945 22209 13952 3217 25608 11817 24705 19140 10945 8008 10607 9808 30558 13942 26384 13909 11464 13646 13040 8503 15902 9577 3393 11781 13005 13931 8400 13074 30818 3002 16310 15973 16389 17626 26090 11594 4789 8501 23399 9554 25478 5499 17703 28545 3039 7907 3466 8737 13086 7951 19903 11830 25606 13085 11829 25228 6630 7928 11825 11833 19180 5494 7618 9679 1963 26825 11203 892 29805 13969 6713 22201 31114
2021 20064 10149 21409 20596 20556 16125 27073 27779 23254 29469 20557 26398 29573 26311 26038 9326 20263 21478 19032 20575 11867 21972 22835 21203 28837 27820 18713 14528 6742 28526 14506 20043 27725 20549 20574 20467 27094 4325 3549 26322 27694 21483 3558 28314 20593 29481 22229 28841 29624 20598 27470 20055 29458 27473 23541 22762 21485 24416 29708 9325 14928 6738 2885 27979 14996 21967 6746 22384 27074 10442 24524 15785 26325 18650 29483 8784 20076 21488 23537 27072 20581 28689 20580 24387 30861 20583 32167 26988 22004 17767 21470 23250 22798 29511 25351 21490 14613 22799 28283 29744 26843 3532 21469 26624 30246 26837 17745 22006
2022 1142 17394 1200 4997 1550 1214 20194 14293 20436 835 535 1552 1595 525 20303 14288 1140 12738 12763 30630
2023 4265 9905 10476 15811 10059 7504 5575 12226 20409 25704 5894 6947 5926 5564 4698 5852 18163 2297 7751 5968 1177 1256 13797 12450 5553 14114 10658 2251 15693 15704
2024 19945 15207 24848 19925 20594 14726 20145 25948 16319 16056 27981 21267 20801 18269 28486 25748 24166 14586 27270 21739 31002 26606 18066 3684 4387 22454 16757 23984 22856 30024 29008 27325 14889 24115 20951 11873 29988 30022 26632 22126 3688 22844 24201
2025 6746 28958 4316 31326 20247 20276 28960 8784 25131 24280 22230 21492 19879 18783 24151 21739 758 24455 23927 21487 20469 16655 18106 22272 12258 14084 24117 29575 19184 24246 28629 24221 3586 25962 23940 29654 32409 10452 26060 31848
2026 19436 26025 19342 5473 129 13480 218 11322 4425 357 11486 19431 25248 19659 4434 5465 25255 19429 32084 5464 5457 25126 297 350 11294
2027 24132 30239 24509 15581 29707 18112 20093 27491 26880 22260 16042 15160 611 16496 23937 28771
2028 12984 5535 5540 4644 688 19539 5834 14009 7058 8746 8466 12999 16912 9522 4600 12038 8007 7289 27178 24638 25656 3751
2029 18577 18077 19778 6634 10386 8748 685 12960 7002 13637 6098 4835 7451 27020 11824 3394 13169 11833 9677 30794 8483
2030 14457 14593 24250 16882 14259 26429 19077 11873 25104 20266 18700 16386 21062 27531 26201 29602 24166 24200 23954 31673
2031 1368 13037 3924 3476 4637 1963 13262 7694 664 13029 3738 13536 6798 4127 8760 11831 8491 2979 18622 12995 7901 2521
2032 1819 6378 26920 8456 10231 2814 13912 13 657 19797 20015 4789 3346 3267 10105 3490 27344 22949 4392 636 5724 597 11638 666 3252 3239 16364 8496 29203 9560 28270 17826
2033 6152 6347 13432 3770 22955 3231 10404 7230 26373 11436 3920 15973 6713 9961 13021 2796 3273 13059 26741 12337 7629
2034 13204 16923 9956 7925 16359 13192 17075 6526 892 9529 9493 2589 7004 3327 16361 22690 21403 9536 11444 27606 20310 20240
2035 10627 17721 6858 23806 8058 15916 4007 8593 24870 11906 13380 2183 25383 14801 28445 32499 6447 6937 27455
2036 1376 2396 548 7909 1368 1637 2477 6795 2649 707 2966 2524 2551 1369 3187 73 675 4576 3973 2491 11639 10102 7776 84 2534 1364 2566 1366 10290 7214 662 2509 654
2037 3025 25362 5524 2807 3738 2584 3326 1813 17463 3495 20310 4632 4627 3307 8169 5218 24548 8693 1816 5834 81 2612 8002 587
2038 2466 6619 15389 3023 17347 3200 15472 7675 6956 6940 2649 2559 7888 1818 1535 11640 3130 4199 2673 9992 4713 4459
2039 9583 9526 13037 11702 3476 10607 10608 21162 10386 13499 4580 2593 7897 25510 18332 18622 1970 2649 22917 7907 11606 3273 4733 6516 32143
2040 8718 2262 7746 5296 23814 9047 1763 4088 7743 10594 10980 1997 11963 6656 8075 1520 15830 5913
2041 9665 23116 5016 23309 7238 1775 2249 962 922 12592 5633 6485 15483 8719 12598 905
2042 20906 5789 29018 22560 15789 23690 5781 18909 15787 22642 31252 18114 30953 23742 3729 31530 5767 18600 29381 9264 32056 31782 18870 32132 28332 31021 30192 5752 23163 27099 10212
2043 18389 9038 1517 4038 4997 6929 3050 1695 13199 21549 10912 11418 11223 13366 2136 6777 11570 1950 10955 15788 18836 9289 18821 18846 3148 13226 14239 14240 8562 18563 18003 24822 9933 2347 8641 8643 23857 14279 8632 1521 2168 7977 20117 7292 17281 2155 18156 4178 3011 9258
2044 2942 1987 6450 2278 1468 1233 1320 1019 12475 4654 1260 3401 2143 3057 2418 789
2045 1814 755 4322 3194 7930 6702 6542 8592 657 31287 3195 12480 4601 1377 3199 2571 13006 7904
2046 2576 25543 2483 7955 3254 10660 2979 7952 27699 13255 4539 892 3276 22322 7070 8743 6370 26419 28815 3267 13912 13160 24795 3219
2047 20629 7272 5885 5962 13565 1007 6001 13823 12226 9242 6596 4075 5154 12941 9746 20990 4059 11801 25770 7523 3833 4023 6857 8625 2004 13855 22604 11209 5948 30059 1359 11901 16805 20980 8077 7663 14952 5582 10472 22505 9983 15924 1010 26998 12466 17212 3842 12217 6022 4175 3978 15936 1024 22368 18439 27354 20152 5888 27398 9902 19993 29815 1473 5951 24871 10123 3874 8880 3979 3092 790 3835 939 29497 7270 6992 4920 3875 5546 8551 20971 8717 5553 18236 1113 6561 1182 777 4241 23628 4143 6877 10490 14119 9211 5671 6729 6546 16331 4036 4219 25298 6134 12463 6874 6719 21665 18234 1101 5549 673 1324 15501 15926 5914 6522 4463 6008
2048 3230 9563 19883 4547 12983 25368 8474 26519 17156 6808 9425 10860 4888 609 11695 6724 17164 4916 8437 7906 4632 6973 22605 17463 20313 4735
2049 9936 2644 3211 4603 605 1375 547 66 3348 10 11595 19764 5513 1637 2649 665 1377 1815 624 563 899 3025 8690 615 13060 4123 636 10037 72 3477 1536 1956 1504 4200 3616 13621 884 4179 902 15015 5771 4380 16116 750 4390 17258 2906 8753 3127 4931 5657 14 79 8687 78 3473 25327 2708 3945 2860 2564 12985 688 3298 8009 731 10572 9991 741
2050 17258 16882 24989 2882 21019 10148 16133 30729 18675 2448 22254 14526 4801 26724 30217 17532 28701 9375 26726 15170 18289 2883 27521 26061 31216 21125 24600 18783 14415 14481 14492 25803 25768 25419 12917 28589 31197 23834 20819 21020 16037 20812 6733 3673 23852 31046 14715 4375 25785 27115 14712 20125
2051 8423 16139 7688 4733 10984 15467 5521 8330 13037 7610 11711 6713 9548 8401 9574 688 603 9033 14657
2052 855 4129 2614 8733 2966 23895 11827 6961 4132 1375 11778 14761 21749 2649 11774 16322 7955 32514
2053 18781 19400 19316 22373 16063 15170 24983 2886 2448 2882 17544 17529 18695 21324 18771 23423 16653 24358 14091 10460 23422 27325 18557 25818 23730 26172 19064 17098 17769 10148 23233 25423 16041 22251 16759 4878 17260 15606 24378 23963 10025 3676 24349 16980 14415 22022 29459 18714 14713 23159 24314 22038 23017 24986 14447 23848 17259 6762 15032 18218 18269 28195 12925 20784 14445 28180 24665 20613 10459 4800 29899 17542 24009 21635 22800 18801 23834 22370 29093 18773 31435 15043 31836 25700 23950 20652 15023 26002 21497 19194 16107 24400 17099 20298 27106 16059 15195 16123 27014 29170 19300 19065 25758 21842 30825 12929 24600 19910 21498 24654 23463 19913 24170 28339 2884 3674 28234 18271 28284 23435 27301 31708 23448 26198 22911 22369 24065 31316 31361 19067 23437 27743 24478 15197 31415 26571 24412 31871 19314 21332 22010 24217 24425 23014 30877 26850 16995 25419 29471 32176
2054 1348 5871 9252 11051 5028 4277 7161 6546 1182 11684 1954 3802 999 1353 1101 1110 1434 11736 1121 1350 1020 6877 26705 8986 1102 5939 26640 2365 11734 813 673 9247 10629 1336 12456 996 16805 5549 11479 13555 2110 1333 13663 1362 1297 1241
2055 707 3972 3031 3069 2814 8434 554 7356 580 10 14 690 1535 682 3193 15058 5771 6753 4389 15137 4640 22272 22434 8812 16600 8093 5133 1114 7265 5025 1783 11879 3773 10490 1325 11684 5947 15523 911 12467 1270 16941
2056 10977 963 2268 12541 12533 3072 26533 14280 10348 8650 803 2321 19688 1743 2065 26126 22758 6984 1678 32178 1624
2057 5880 4139 1121 691 2884 17966 774 2299 1110 3813 13809 7234 5286 27317 7242 13370 20165 1114 8862 15706 6858
2058 9 2009 11051 13409 24747 10928 29527 13716 1695 14811 1008 8876 10907 1538 1810 2146 10931 29597 1517 3011 8650
2059 15741 7684 4904 6258 12958 6176 6290 11471 6317 21834 3196 13022 13512 3949 16818 3347
2060 23729 15184 18783 18810 16515 26190 19389 15197 20800 12260 29135 27747 18931 20576 23843 15129 10436 25110 15207 17861 23845 10025 15607 8786 14457 4801 18106 13730 13253 3612 11805 15192 30054 20665 18781 25948 14300 6746 18805 16128 18790 16439 2910 24465 14433 30023 18270 16513 17044 24937 18695 28166 30563 22264 18801 16887 3140 15352 18601 14477 18772 23900 10452 23434 2875 17963 28141 19300 3543 18675 18066 27733 24319 14966 4373 14446 16220 21021 26361 17183 24315 18773 20092 16123 19193 25045 14444 14620 22370 25335 26002 25768 25795 24423 26604 19354 23127 23425 28092 15170 26764 26850 24273 22399 17541 24375 20298 29365 9323 24412 10446 28787 25404 25046 9795 24246 19068 24983 29980 28301 23654
2061 9568 8481 11059 8450 9549 8437 22241 20011 15995 580 30780 26908 19020 31245 735 28484 28432 17157 21854 11445 5520 12996 7154 8201 6506 2638 5242 13588 6313 26687 7897 3740 20014 32368 17085 26680 22990 7069 26718 9853 3225 12499 13417 13944 3886 15467 9458 8475 13612 25475 5191 18552 23468 731 3738 31692 24882 18471 3747 31264 12370 21087 12244 4015 25681 4541 26350 22186
2062 20912 1016 928 3733 7535 4040 6763 11265 11527 20896 28714 11536 8876 12058 790 27360 5149
2063 10908 2299 2421 4036 9712 11645 11728 778 3440 1283 1843 16255 11968 15816 2130 15600 1950 2328 2361 11676 17338 10331 6646 23044
2064 13186 3344 10839 4547 24695 3394 3500 10231 10261 4907 22300 24532 4539 19812 30032 13008 24698 8004 2695 22990 7154 8486 16138 19767 14991 3298 27807 6806 9461 17704 26913 16915 3742 9543 10100 8461 8481 28936 7625 2602 12499 4626 2399 20102 661 29200 8689 8007 3469 13694 3031 4592 8337 3483 20302 29101
2065 5266 3410 12475 1348 18610 8934 20757 10976 12452 2021 6708 972 12454 10896 1003 5246 1265 788 9972 31614 8301 24690 15627 15639 9250 12577 8256 25454 26705
2066 7918 4557 13412 24630 6223 13909 3288 17690 5833 24833 6353 15877 12331 5366 18992 8171 3301 7927
2067 21899 5616 12986 12012 29404 12273 19240 17606 747 31737 7684 2505 6161 18996 9420 6692 15467 16320 17590 21280 15881 4614 9111
2068 12468 20025 4111 25837 9921 12777 5002 3965 6512 28335 17333 1043 20023 29723 8864 25393 26482 3691
2069 23864 2489 2676 19870 7088 10376 3027 2614 31019 24667 21903 4638 25550 20481 16534 2475 3332 8357 3970 11190 18487 676 14364 24881 2802 2574 19128 8401 7005 2807 7925 12984 692 1746 21832 3972 6711 2697 18313 13499 3231 13038 9189 2609 8687 15895 9032 13910 10083 2593 29433 19535 9454 3373 3752 15993 8499 18486 20914 18472 21857 9552 16907 24553 13534 24625 6092 704 1535 19857 12047 15889 15898 12965 11785 3220 19048 17710 2628 18508 7688 16368 15961 3348 9545 595 9809 4131 2647 13943 12284 19847 25953 18491 18483 7168 32289 31667 13275 8761 31113 30097 26456 26692 31754 9464 7697 32189 7868 3932 10945 23359
2070 1822 547 550 6277 4270 3264 4207 6940 6702 8259 4206 675 1536 2788 11 3770
2071 663 78 4615 4127 8683 3192 3198 572 8009 28055 13527 29525 3378 24878 30149 2695
2072 4829 9863 8693 7694 10235 20929 4942 19782 8477 4582 18471 4821 11780 9522 7150 12194 7954 25851 8753 9458 9545 27908 6613 3027 4930 8499 31198 24634 13952 13618 24633 3226 12051 21309 23725 23359 3017 741 4493 25852 13276 16915 31466 13043 25481 9460 17162 8169 8748 13085 31190 31253 2649 20013 2966 9340 12052 11500 9586 25485 10397 25476 21403 20954 9543 11831 28925 5240 9315 10767 10095 9808 17822 9459 16140 14773 21747 31166 3324 3008 26824 23468 4541 13961 30968 28860 4875 8435 9880 7290 6295 4927 9853 5524 31259 2808 18262 29324 31353 13056 13909 3751 6164 32396 5191 4207 11477 1288 3301 28800 4554 26350 27606 3031 21831 2976 32023 25533 31277 31171 7949 26671 26527 22320
2073 222 11323 2762 247 12230 24955 107 294 23622 27835 41 310 23332 2742 20339 5483
2074 10825 22280 6022 11729 10011 18358 7764 16660 25838 2011 2033 31627 31309 1522 21672 22439 18440 2342 17554 18354 22422 30421 32522 1625
2075 200 308 2720 9400 130 446 421 2773 379 5439 23513 4436 13599 15359 15374 25116 23367 15377 30546 7345 23797 327 22390 356 11286 382 148 365 27011 26099 29910 12728
2076 315 215 370 162 4912 11486 414 7711 4427 21705 290 8710 262 4913 26562 4214 15525 13604 264 391 244 19733 13483 409 387 15416 208 21700 30565 17892 11372 19479 23692 21703 246 13485 25241 28859 13599 362 357 229 231
2077 3161 9247 29413 25685 13093 14244 22521 24725 7555 8964 931 3906 5954 23300 8529 15761 1313 999 26215 7243 8932 3980 2143 30226 13802 8863 22756 15917 78 1031 6371 28213 8282 32194 6916 30080
2078 3905 17222 17225 17210 3427 28858 3437 5677 4070 8051 8993 4028 22365 4163 22307 1876 18281 17212 7563 4036 1040 14054 6656 3825
2079 1377 572 18468 25632 72 7339 3770 2864 12910 29846 12788 1660 853 855 10288 732 28363 5659 3211 12697
2080 17959 29954 2157 13349 1640 6888 10955 11244 1789 9988 1038 27188 2120 7642 13330 7747 2250 29633 25949 17269 2293 10814 2032 28806 7742 32525 1517
2081 5870 972 9704 11069 489 4288 508 28403 32139 29472 9952 4726 6082 17136 30640 31059 29866 503 9374 6081
2082 19307 22952 15638 19286 29970 23531 15639 23573 15563 18118 3065 16564 20844 20940 15635 21180 20861 16553 18226 30351 23577 29035
2083 5572 6994 20328 5575 13678 7310 15828 26629 20165 17223 12177 5965 6857 17371 29786 1333 8106 5852
2084 22909 24081 23203 23535 22908 27285 6762 19069 14092 32339 26002 19184 25043 19074 27072 22801 22254 26724 25403 29194 22622 22156 16649
2085 3344 7224 11743 9677 12287 11694 21379 8757 7966 5505 11810 13451 12127 10382 11025 2683 4621 14978 21872 26907 7631 7694 6962 3330 10098 16366 14983 3466 26089 8748 4733 29083 7279 12052 14657 25533 22248 13057 31778 4739 5499 2651 20418 13036 17010 18348 15495 16537 13943 22227
2086 25392 6791 7668 26489 6856 966 5949 8093 6937 20757 1057 18232 2016 8016 3826 5651 8977 3 2305 12599 2274 14132 9407 12224 15564 2212
2087 19420 12573 13565 4688 8015 13987 4483 14056 5704 9999 972 6487 8089 13363 13273 22224 4668 8832 25931 11159 11508 1034 26640 15821 22280 3755 5957 3522 2352 22149 26427 27139 12084 14049 1348 5947 14264 24829 6991 5974 12058 3826 3092 10631 1827 23871 14136 19991 30933 11330 27653 31758 14054 14134 908 1361 10510 5914 12138 4225 13718 5891 4344 10937 12195 912 29792 28987 21120 8256 1794 13769 32454 9437 29796 15712 21658 8238 4086 22652 27447 32528 8982 24547 12079 9696 21654 32529 22715 1783 32331 10326 32146 30091 2019 11719 8057 18022 1919 11344 13476 8928 31145 31635 21681
2088 15354 11744 3282 10004 6343 20509 3370 26906 10861 9577 15898 17602 21305 20710 6713 4900 7335 25453 4787
2089 3496 4554 9586 13206 4539 9522 9523 6810 4934 4922 8466 11458 7906 10034 7623 19134 11475 26685 25834 27606 11205 3365
2090 13388 13657 1738 13817 3979 958 691 6937 9242 4035 999 1937 14114 27242 1981 18206 2419
2091 8494 8343 9556 20310 9889 8435 626 9891 8692 14166 26589 8764 4552 3362 22296 26516 7069 7056 14163 4539 2622 15322 17675 2796 9957 11466 4888 11385 3745 3751 12030 3738 2638 26678 28046 26822 26132 4547 26910 7813 9564 20316 6806 3740 22196 9877 9536 29361 8340 17073 7280 15443 28413 15965 5713 745 2584 15880 13413 9937 11713 5343 13410 747 2858 14657 25834 18371 9760 12337 24606 26004
2092 13639 26589 3459 28815 11810 3025 4523 2483 8721 12390 28206 9556 7208 9511 29699 8732 8492 4942 2582 877 9507 22189 22099 6632
2093 1813 2700 6095 572 11692 9178 3189 2514 18015 13067 7955 615 11817 3198 16142 8748 8005 25470 604 28568 8737 18175 28872 7928 8736 4875 5537 8596
2094 27829 4325 20820 30016 17325 26183 28900 21102 26059 21494 20376 17736 17741 17742 14889 30388 32175 19075 30014 23654 22620 19394 27464 21962 30934
2095 18118 19307 30503 15635 12173 15639 11675 7453 28442 30357 31984 22119 20839 19301 16547 20843 23316 28634 22987 23319 16568 22843 30366 14873 29045 15638 21190 18128 26858 31967 21915 30206 8288 6971 30367 22763 15432 29828 20858 3065 29051 19142
2096 11594 6691 7201 8427 5032 24728 3292 6688 16896 13029 19872 3310 6231 12833 30127 12303 10369 23679 28875 26749 6196 12973 8369 18492 3024 9542 13538 7630 7092 29529 25453 12022 27136 12323 17703 29130
2097 2518 1637 2709 4575 717 712 2966 6597 603 13586 1814 6798 7930 19776 3819 16138 2649 4455 1822 2979 2527 7476 24832 675 15969 29913 2542 11640 10080 687 4572 2500 664 2538 5590 4820 14305 28169 5373 13007 7917 14771 27346 19830 4907
2098 19762 9586 4907 22963 5218 8495 14991 11063 25852 11745 4735 20933 11784 13611 9543 4930 12397 8500 29407
2099 28060 7104 558 2432 8068 24811 10646 26600 11157 18091 930 21663 23803 3692 970 8050 982 1284 11882 22976 8015 24658 21446
2100 1954 1299 4464 4469 7554 6877 970 1468 3844 13776 17849 27972 3416 2713 25357 3983 18443 5057 6017 4653 18282 4260 2861 601 1269 4908 1984 1731 7130 9945 7271 18385 1230 798 1361 974 11632 6863 4028 1116 691 9717 3398 5690 3986 7509 3092 6870 1182 1178 4140 1002 2432 10525 3990 4182 6583 17333 3397 8952 7661 7114 5151 6598 777 3839 807 1684 10823 1521 1418 793 13827 795 4057 11421 7659 7494 16748 610 19194 14419 2913 28487 2914 14609 16054 28650 14595 5776 14519 16121 3654 26759 6122 24125 3533 6993 8598 5063 5059 1749 13782 927 3735 5870 11344 5882 7747 1281 16594 13838 2134 1850 1914 2216 9409 8986 2062 6130 13562 16815 2966 3132 609 84 1739 2203 796 14194 21943 1315 1345 3905 3985 12223 1610 11778 661 2120 4337 5856 12072 2868 11687 3837 7166 17207 11539 9735 26628 15690 5576 17219 1033 10332 9798 11523 10675
2101 3394 18076 6958 15741 2797 12388 9320 28485 4494 11205 8401 13536 4934 22212 14001 13169 17694
2102 5382 7794 5767 14229 5398 18883 5381 24979 7425 31565 32532 25025 31831 18900 32533 30648 30084 32534
2103 12786 1160 531 9786 1573 7768 16582 18190 30545 2827 23904 28024 12659 3045 26661 13183
2104 8547 731 4206 25729 3127 3298 2552 3220 16796 1385 23293 3477 9222 7572 596 6625 3200
2105 3344 10290 17752 16107 3614 17238 21770 22620 25700 767 15000 17751 11868 20564 21972 2889 30709 25432 3609 19314 14752 12917 26060 25996 20364 28516 20185 17771 6645 27074 27519 3573 14862 22002 21069 14846 17532 23028 22153 4801 3065 14091 17750 21483 27508 28584 24059 13538 30552 25709 3603 6762 32445 25761 20815 25350 24326 14435 902 14649 19394 16123 26725 11603 12419 31361 13464 12264 23032 13155 16029 19195 18066 17768
2106 26079 5341 30056 13012 12052 8760 3292 24794 15467 3327 7928 15993 3348 13913 14994 13067 3298 4633 17610 9532 24672 735 11825 3288 13269 13540 9808 13902 3230 12189 6645 4629 9574 26691 7942 4925 13171 3220 7617 31176
2107 17532 17063 24990 25700 18788 15235 18695 3543 15605 17317 3672 19405 23977 14477 26002 24861 25785 23843 30013 28455 29365 25335 19302 27518 23654 24294 30217 29549 27749 30504 30678 15259 25402 28246 29985 32063 29196 32536 19076 21063 29616 25766 24936 28807 21846 24567 19299 31424 17500
2108 28720 638 7177 21891 14239 28970 10155 15726 18842 18851 12117 8615 10340 7417 7420 12365 23776 25491 640 28600 2935 15572 11405 2938 24538 5793 4298 6037 21618 5818 12093 21841 7187 5742 23690 23352 18829 24542 12095 18365 28733
2109 18939 6746 24251 24408 22761 26610 22350 24093 14625 18921 14742 3637 26758 18771 18930 24497 27278 23914 31135 19934 23676 23033 14586 3686 19194 20248 23956 22258 28781 26195 19032 22807 17510 22266
2110 9244 2336 1608 1792 22921 8953 3053 15296 1085 17281 22424 7457 6550 14188 6385 22549 1110
2111 3500 676 4735 3886 13295 5030 4592 8243 14771 2554 736 3747 3378 13925 25918 12815 3031 8483 7229 2968 2470 7064 10839 1525
2112 15569 15615 5390 7422 25201 25186 9128 8260 5789 5384 10662 3729 25496 15725 11139 22304 17020
2113 21078 26253 14432 15205 21522 14091 10148 28968 661 14778 3187 9122 7956 7716 13454 27548
2114 16211 17230 2384 25093 17407 21468 17849 5885 2073 5892 30112 24871 9746 6075 24741 12404 5145 8145 9982 22882
2115 14005 12397 3294 10055 3299 619 2633 1752 13914 28215 27372 10375 13957 7618 12194 17900 28925 9548 23051
2116 7129 554 551 2979 2614 1813 24897 3770 27582 24772 550 675 17899 7090 6550 9413 26332 1973 1348
2117 1573 12709 531 10726 2827 1203 20191 4947 12737 1564 537 11931 12734 12653 12704 12900 16837 10835 7774 12786 1138 25629 12906 10730 20304 12812 4994 10872 20452 1152 10754 12723 2854 1137 1599 10732 20050 1551 7772 12732 2824 1143 4963 12665 11562 525 13177 14352
2118 803 21135 6886 1788 5314 2363 2418 2297 16664 10027 18362 10016 4275 5287 10234 12498 3267 879 2246 2114 8155 8165 3011 948 10825 2055 558 1695 26152 22921 5281 3084 30620 2138 7291 23080 28260 10943 30131 2303
2119 1922 16230 8034 10485 4101 1336 4272 999 23896 18278 8281 1355 7661 1233 928 12074 20491 1787 913 30694 7668 5690 25772 1320 8872 943 3414 1105 1977 13797 4277 10785 952 13790 6860 12217 24546 8248 11538 10896 3813 14125 6869 14371 10774
2120 22877 16171 11981 18237 15647 16179 16159 27419 22660 20687 19319 22892 11987 15851 9640 11985 16155 11978 17461 28537
2121 16213 5817 534 639 14225 11140 5807 4608 14787 14792 20902 7172 2930 5396 7195 12360 12358 8609 5793 8275 13223 7470 555 2533 11401 8243
2122 4514 27402 8483 9537 6948 8376 7927 10095 2968 4788 853 3739 16764 2966 14580 7867 18622 18266 24556 30808
2123 8155 2942 5977 1717 1521 5295 1973 14073 2993 2011 9247 12533 16257 6937 1949 11878 22281 1468 1695 13356 13833 13361 13408 2251 13405 23123 18163 2114 30810 2052 30138 28062
2124 3460 10694 20103 13938 14975 7279 25967 3272 1819 2530 6958 26089 10089 4789 29850 2542 20111 6798 24778
2125 9458 11461 25679 9859 10233 8466 9957 3742 688 14991 22990 7146 8438 4526 3738 26717 13021 17118 15322 9539 4888 4555 13206 17073 8452 3495 22690 3488 17162 9425 8573 4515 11695 13017 9880 20311 9561 8314 3193 84 17475 19812 7154 20886 12051 679 3747 13056 17161 26734 14680 3323 20934 4733 25466 5235 7886 9558 9536 6713 13132 3327 11462 18578 6092 9586 14163 11784 9545 7625 1459 8763 663 31074 11581 4543 5191 8764 25681 8497 26913 17901 3751 10105 14167 13003 9523 3321 23725 20320 2638 19895 17830 7951 1368 8499 3302 31467 1457 7261 7224 29526 3893 20014 2521 24674 7150 19546 29082 16902 17463 29964 13530 8007 20756 5619 4509 8201 31833 2644 22239 4787 24633 6344 20012 13076 20013 19140 13618 2778 4501 6149 28205 10286 9486 22580 889 24758 13162 28581 4530 13961 25481 4873 4135 8481 28815 25661 0 1821 11190 19279 20241 2674 9560 21382 28619 9573 7207 27802 27799 2545 11475 12499
2126 5704 15810 18008 10528 1333 1827 10939 5916 11340 14067 8582 22067 14841 1875 10941 11345
2127 29650 16004 19292 8019 22326 15629 11675 17550 16006 16933 15635 18222 9391 12418 19165 23320 15639 15625 29823 12424 20855 23629 19411 4801 20627 31535 23038 895 24426 24328
2128 11747 10100 4515 8764 9486 22634 3495 13912 7623 2 14768 3390 654 22991 20756 29204 3751 9460 26744 19900 14793 2653 17463 10034 25304 3252 18617 20325 7716 8500 26824 27702 20937 31170 25952 20323 23719 13974
2129 29072 10837 9981 25368 9201 9027 10095 19860 9647 29099 7004 9501 19899 3281 3294 26370 11025 16369 5344 10839 2399 28861 9559 26384 8192 17880 12865 80
2130 13487 6453 6267 21870 7064 9172 7866 3378 13590 27843 1637 4907 704 7864 7213 7170 597 582 18998 5610 3327 3345 15866 7852
2131 17347 2545 604 5610 2489 3770 603 4997 6940 555 2557 4887 1457 7305 547 4459 31210 11638 6091 5493 13000 563 8377 7682
2132 16805 999 6054 1107 8034 2312 27264 24871 26490 9830 20981 26308 10116 18090 6937 28214
2133 28654 4117 6856 11508 24877 8079 5148 26701 22174 6521 27386 1775 12573 24597 4995 19096
2134 8395 3231 10235 4940 2484 9847 3324 6645 17694 8577 6621 3336 6351 6250 7685 4121 13265 28240
2135 13417 11383 22073 15505 23088 9859 593 11624 8764 4644 12499 8354 16969 28206 19424 3746 4509 10235 9586 3750 29331 26382 3327 20504 30632 20014 4515 29073 17845 28243 11469 2614 6951 9509 3395 14633 20494 6342 11584 684 3488 8497 4392 10100 29239 20749 24590 9873 13961 30395 21383 16274 6608 22631 11783 27596 3378 29917 2707 13058
2136 2649 1661 1815 6526 10145 11 2548 665 7575 2979 609 9808 7956 18416 29785 7 4135
2137 11657 13206 7623 675 3327 3002 6644 14780 2706 12493 9331 7952 5656 8748 11640 13007 664 6516 8482 892
2138 28369 4126 4707 4907 14 899 2554 10619 9272 2800 678 13450 6712 1661 3264 4129 78 83 5708 7532 7952 2470 6526 3344 2569 3219 11 3139 16922 26830 7451 7949 2568 566 15910 25658 9227 2584 9551 21831 3200 3299 4638 614 4324 12842 8688
2139 7367 11093 6897 470 6893 1124 4300 12997 471 9389 6699 11076 20215 465 7366 14087
2140 5067 12218 1390 9947 3002 2422 12511 19416 5714 2262 15795 11578 1639 9024 13098 2214
2141 19184 6762 17885 23906 30676 23978 3674 14588 30683 18152 26840 18925 24224 18270 22014 15014 18675 19300 14705 20092 22162 14507 16063 29598 4396 26003 24435 24403 20468 23127 20087 30221 19193 20182 29468 26850 10025 20001 24483 23900
2142 6840 19262 26689 8167 2953 1624 28805 10708 7508 16258 1773 10962 8656 14818 22494 1750 1933 8127 7292 1700 1785 23464 1903 1733 10969 1920 1835 2325 7299
2143 22923 10774 24822 10917 2421 13323 18354 2290 8170 18193 1723 10005 8631 8644 5697 2157 11181 990 19715 5003 5260 23526 7668 8719 19678 23208 13734 7749
2144 1316 919 7292 4657 1531 14058 3795 6937 1712 2297 1110 1649 20020 2218 14113 911 14279 12536 2305 5974 7760 6998 13214 11794 22758 27163 3048 2246 1765 2167 24531 11881 8055
2145 14415 26784 4380 17181 16126 14588 20570 20589 14295 24027 8784 3603 27513 24003 26843 24078 22156
2146 3755 1618 5863 15720 1875 17968 7525 13088 6985 14112 5987 12513 32342 12576 20983 4223 1246 5001 3965 5319 8244 2425
2147 2897 22765 16878 25788 14528 14627 22023 24360 20468 24179 14585 26617 24118 14943 17885 29008 24332 24229 3688 15020 25309 19292 2876 22572 24027 16935 32376 24501 32498 27466 24401 29625 27526 31709 18925 16066 24122
2148 6728 588 2545 10619 2649 1375 4572 12480 62 8665 10839 4598 14 7954 574 5590 10840 6732 7909 6998 6263 5663 20173 6553
2149 12478 15294 19730 802 808 10480 16252 13101 14048 28340 5933 10939 5841 5014 14073 14056 15694 18436 26647 14256 28987 30283 5964 5867 1110 8077 5899 10910
2150 6964 18186 8017 18303 11633 30315 28443 23630 18293 30364 32074 13462 19289 16542 18295 24992 32414 30369
2151 16850 15170 24043 20564 21489 30473 16051 22126 20793 20951 25112 31592 17852 26514 18554 3686 3629 15986 27460 20063 16371 23287 30838 16124 15287 26630
2152 11855 1825 5693 2992 8948 13837 12075 5116 8281 10603 13791 2 27919 6476 8291 13847 7129 25454 5074 24642 11373 8837 7652 11540
2153 12044 11807 21579 2641 12310 8746 29404 19128 18472 16919 27675 32551 15450 13069 13060 31883 9543 27637
2154 1182 2074 15522 2095 11182 19714 8626 13094 13386 10928 10908 13100 1411 4178 28041 10481 25595 1524 5284 27657 29103 18389 21212 2783 4110
2155 6676 9436 5863 18283 6418 13088 10474 5566 1948 9810 28866 5842 5902 5931 18198 5987 32420 23130 10508 30139
2156 18627 1348 10908 2369 10907 1769 12589 8323 9038 10475 26689 3072 9258 10915 22352 10502 5257 8144 18359 1765 10825 27986 13342 3011 23603 12162 11260 27709 6663 8052 6487 1864 2129 948 5892 1861 5337 5316 14330 14811 2081 23715 14812 2072 1852 2983 13386 2956 10058 24747 1793 31025 10471 13551 5327 8826 3054 2278 29711 3005 13797 20083 3784 1865 2480 23764 7108 7140 1226 3795 29301 13856 3058 27356 1038 1979 13409 17552 7507 1927 2248 5275 21328 2235 19688 1973 9826 5314 17246 8445 2950 6845 22674 10331 2678 2147 5298 1418 2868 2311 5926 22423 6939 19268 10909 28896 26792 11051 1625 1064 1072 2090 5248 6219 10926 6263 26534 19673 26213 10930 2240 20413 4178 2032 23079 17276 10928 8623 11185 15603 10923 12164 13353 5299 1920 2152 8070 7482 29363 1260 10958 23164 4047 6728 9047 3697 10574 7388 4052 6937 7982 6778 23171 14820 15793 30517 10847 9741 2257 15601 7642 691 23246 9947 26463 8643 2203 18672 5023 23223 5262 1651 1639 6504 5287 8586 13859 13373 1945 29555 1253 1434 30731 21540 22422 20023 2098 2418 8617 8657 29347 6010 29107 20998 19715 17553 2356 10488 2659 21656 22994 8934 21026 23175 12558 11578 2360 2943 22221 25871 9739 8648 1521 30778 5648 27367 22984 2078 27238 2425 23510 2297 5285 2301
2157 7226 10590 7484 3090 5123 18456 747 744 4207 9551 17585 3348 678 3477 3467 4629 6644 2489 706 630
2158 20746 1230 23628 10702 1265 14628 9444 19694 9343 5842 9443 10565 17228 7545 22505 25433
2159 9201 24972 16816 10691 734 17620 10696 3921 31751 3027 8577 3002 3219 29977 2571 2584 9647 27878 16275 731 7868 70 9031 32552 26915 3452 2968 29100 13060 21283
2160 14269 3019 18885 5802 18983 15787 7195 5394 30085 28723 12121 7794 25491 10183 14231 25024 5797 12054
2161 14682 14089 15125 26354 21326 23151 22387 14083 3612 16988 14094 28374 16885 16997 14395 26957 10440 18701 21092 14676 15340 16864 20796 16653
2162 3070 6886 3827 10570 3689 1711 2087 10502 6937 1665 1935 2021 6526 3344 3267 2039 2290 9972 12489 12471 904 4052 2196 2392 5994 13386 1333 5934 2176 912 5679 1927 3781 3813 15594 12223 7536 2064 1701 1762 9845 20631 27443 12218 1639 31109 2258 2328
2163 22558 8275 6040 7180 18831 9291 28049 5822 28744 17308 21988 9289 30288 15787 11749 16235 9127 23783 27769 10159 18880 9278 9235 2938 8792 7415 28730 22411 18824 25026 18918 18884 5761 18981 28945 22564 5387 28266 25194 5828 5829 10180 26460 12100 10174 18865 30193 20531 10168 14218 18857 2404 637 18893 11399 21111 14239 22640 8609 5753 18881 1152 11170 7420 25201 560 18908 18876 7790 25356 12118 6164 18869 17306 18853 14225 19820 30569 11115 10176 7714 18980 21736 3019 28268 8506 8509 5785 24890 12358 7183 12122 25190 28008 32081 18913 31561 28553 28728
2164 3213 17683 6142 8369 5526 6374 12022 16266 23296 14986 7572 6318 9762 6975 3386 6692 12281 6181 13264 7000 9111 9683 26586 11711 30550 9302 15881 19056 21756 30822 7699 3957 10768
2165 18853 9281 8561 18451 25201 28554 17313 10130 20962 25181 7788 12360 11398 11395 12365 5742 4608 11628 26412 21617 9288 24595 23779 28757 14232 7421 28742 5395 10203 28553 7793 5786 18876
2166 2064 2047 2251 11879 1333 1882 1729 1690 1785 1284 29711 11571 3423 2212 2306 2368 6998 12475 1350 1803 7108 14785 15595 2353 5025 16484 22758 2261 1858 2321 15501 14280 14147 2193 30150 16254 12085 23082 8555 10910 2004 9972 10031 1481
2167 26121 28575 23036 16940 26860 21724 18112 17550 29990 24418 26511 16081 20653 4179 13253 22251 23899 13464 15291 27013 16502 24283 3603 18923 18188 18215 23675 16004 23928 15626 10025 20516 11600 20849 26848 16648 15487 24412 19185 14744 18811 19408 24422 19913 24358 18303 21042 8300 8786 20854 15206 24116 8730 30296 22953 17258 7452 15635 28291 25404 18783 6738 23975 23017
2168 4303 4723 6076 14087 11093 17153 6077 509 4440 6079 9091 23616 17151 7319 30514 17154 6080 17152 31447 18343 9139 4854 4444 19727
2169 10908 18357 10909 4275 13273 25705 13332 2277 28806 11183 2032 5640 922 20670 29081 22883 2095 2425 9245 1523 2119 8802 11792 2368 15603 1767 4997 2094 9922 2065 3703 8667 8718 25897 18358 8256 2058 11963 12536 9918 2364 7759 14268 8875 23815 19684 6767 20417 2427 2114 23814 1651 2256 21213 2054 12563 21944 26207 1318
2170 10183 13420 9017 11124 7422 1016 925 1420 691 1994 27427 6411 20036 971 2205 14307 532
2171 30432 29993 26666 30812 8357 13012 23286 3281 13014 26211 4127 5173 11025 7063 23460 19894 13163 7685 25516
2172 5028 8174 10921 30348 2953 2132 1064 4281 17727 5050 13348 13035 2360 27690 18547 13716
2173 1226 1629 2007 23018 814 7128 4222 12573 4756 10565 5287 8057 1348 2143 10638 11422 12 30033 8249 911 673 21927
2174 29373 21553 15352 14433 29531 20368 31669 24179 19944 15081 14608 24009 21511 22770 18783 20275 30626 14416 29188 26181
2175 7254 11914 15764 12072 8027 2180 8979 3692 20018 6425 10683 19378 15437 672 4232 16910
2176 20219 6891 9146 11099 25975 509 503 25980 17150 20221 24620 11100 4865 7738 9081 21346 20220 31448 496 2821
2177 3981 11332 16525 25267 5898 22706 4234 4006 9255 1914 22397 18009 2380 4175 19582 1101 25893 12135 26284 28983 29691 31640 5964 3515 24920 18384 5674 5903 22147 2952 9007 14062 14047 7521 5881 9446 5550 5916 12170 31444 11994 9636 5975 7534 21580 18204 11736 10703 17985 11351 26652 4019 18439 5965 7538 5902 6005 25095 5945 11919 28866 27447 29500 27477 28073 11688 5987 13655 13246 17984 11348 29795 19107 3516
2178 7694 14005 12824 4733 15465 3204 4738 2483 11742 2396 2689 10945 550 4602 14657 26083 9309 11383 21309 4603 9224 6960 7894 13169
2179 13392 12559 1621 4283 1612 6772 14764 10914 13341 12521 2071 13334 3011 1320 1318 1793 999
2180 8819 204 319 5488 20141 17250 36 4427 28056 23332 2721 21705 13315 7661 8443 19217 4281 672 6869 1625 23694 27687 350 25126 57 143 15531 13605 11280 144 20333 10949 31271
2181 8291 18230 973 1448 955 6450 951 11034 18232 6856 5112 7052 8100 22616 4150 29937
2182 4789 4731 4501 13005 7167 17676 7290 8498 18952 13057 9340 3496 6713 6164 7608 31563 17592 10057 13012 22698 9339 9576 28076 13037 13710 11712 13029 13921 8753 3329 14975 4128 3471 11833 25606 5521 8384 8763 14775 13064
2183 10839 2966 632 9671 2500 661 73 6110 2548 678 4129 755 14 2979 18525 7218 4715 11972 84
2184 9860 18011 9200 9957 13107 26578 2586 17664 3481 2858 14654 20014 7059 5231 3362 9561 9568 25462 6090 30407 5727 22084 26822 17603 9858 11459 20464 3820 3741 4888 8340 5030 27181 17161 9175 17702 6267 5598 678 9861 21961 4892 27667 25887 28922 3886 13056 26681 22085 26145 22106 25920 27588 29248 5621 3738 597 11581 2399 20130 11440 602 25010 5232 8573 84 13710 28377 7150 6960 5235 13638 6212 13958 3495 31223 4643 23459 29232 24633 2579 4551 13908 25475 21382 615 19008 11695 8673 9880 29532 20754 6342 10982 4135 10839 27805 28703 7062 13008 12499 29198 11586 7479 25472 15881 20922 13618 22198 7954 14153 6295 25919 3748 3222 21431 17352 13412 4554 4592 27249 17639 9563 23895 21404 22608 18471 21036 23008 25830 25022 17157 31171 11188 19888 3496 3378 14680 4322 4891 11452 563 19009 27347 26442 22349 26357 3324 32346 5225 29251 1367 11711 13194 16916 1527 20494 29920 26532 9553 28423 9582 19787 10768 5238 32374
2185 14991 22081 13003 16364 22690 4403 13938 4580 25603 29105 7207 9541 3483 2583 15471 8760 9564 13045 25304 7154 10079 11815 8499 9560 5530 14984 13935 14170 14975 20928 9677 13012 15961 13954 21745 26822 3017 7952 22082 20749 20013 22917 25488 20012 4892 22918 8483 25458 21383 27905 21746 8461 13945 9545 10100 22699 20756 25530 11697 11817 13931 32163 21751 31066
2186 22501 13662 6684 7999 27337 29022 3977 4275 10827 1030 20231 18626 2317 8104 18235 30280 12552 6682 11052
2187 22805 20576 22798 16051 10446 14861 16677 18812 17758 30988 14538 15159 14445 18026 27293 3672 24465 18147 3591
2188 8937 8569 5697 17369 6989 6869 6587 7661 4167 29798 1020 11268 4251 28014 6062 8986
2189 3941 22879 9049 912 4027 2148 15817 22919 8648 21236 18003 22920 27238 27625 3771 1723 3049 1800 5262 17368 904 3795 4159 7507 21906 2250 8616 20403
2190 7953 5367 25541 2792 21300 32031 4580 30437 5713 24800 18330 27223 8330 28240 29181 25604 16797 31246 13037 7934
2191 27124 27355 1277 17776 938 14955 2199 5914 1020 1121 5839 1471 13827 4088 5880 1071 1283 7670 2251 12217
2192 9936 712 564 1813 0 3198 14208 555 2686 73 614 627 4457 84 7215 7948 10839 3754 19696 547
2193 675 30880 1815 5517 6233 7955 6250 7226 13411 2968 15496 7947 4629 13033 7694 5713 6331 8762 4733 10394 27031 9495 11464 9540
2194 9421 11694 26524 27089 12844 26739 21218 17600 11470 28383 16360 25618 10250 28893 31606 13 21299 3946 30549
2195 12481 7896 3298 1637 686 28931 6164 3002 4605 12316 6342 8422 11818 17492 5521 2818 8748 3742 29526 7914 1970 11205 14989 9543 9033 31167 1972 2805 11825 5627 22591 11449
2196 3460 7224 6631 741 10086 3193 3945 9545 4548 9122 925 8034 557 13994 1359 4563
2197 12691 14312 10754 8791 9770 7082 10871 12756 1212 12912 23480 1609 28853 12709 27638 12600 14345 16443 18540 23453 14305 12758 20304 12729 22514 29519 12672 7078 16428 20452 27236 9771 16427 7773 12786 16844 12737 25627 24904 14340 27861 14352 7772 14348 27050 12753 1543 10867 20193 10713 7730 12128 22516 12666 11617 22738 19041 20459 14341 4994 16415 14309 28438 4987 11561 24908 26097 20200 31843 16402 28362 12788 838 14313 28025 1201 23750 1136 7083 23642 7101 12720 14358 14344 1221 12657 9787 10032 11935 14319 7729 4980 30393 12722 4983 23753 23741 12776 20196 21233 30969 12787 11614 30606 1589 22517 7029 16840 16837 7079 14314 17405 28906 538 16417 12656 12798 10748 25630 14311 528 4947 20208 23754 17401 12764 10267 16399 29752 16846 23755 2850 2831 5788 7768 27666 14325 30687 17390 10870 1157 25132 7779 27640 32147 23645 27963 9598 20450 12715 1556 28363 14350 28158 24909 29183 12779 12791 13178 2843 28360 20456 29088 7081 23904 12723 21176 28149 30602 12733 1159 1204 31570 28306 12773 12800 26661 14355 8130 1156 28877 1595 16444 12808 12906 16409 29534 20206 1162 832 20448 17402 23759 1567 31521 28146 25360 2834 10872 4959 8131 29184 28179 7040
2198 3375 6248 8763 7686 11459 27753 21956 10034 2399 24777 6347 6340 11467 5350 9520 5356 8007 6294 31019 18313 7697 25780 10370 3395 19560 6335 28078 8749 7609 9566 6098 3245 14044 6222 5172 13519 32546 6634 4868 9585 32033 11826 13561 24672
2199 27968 23897 27993 22764 19600 14564 23571 10398 16201 895 20330 19445 26866 11675 6970 19165
2200 14110 11373 14061 1051 10520 30399 11336 14842 5564 2651 5530 4073 5934 11684 18236 14122
2201 15660 28104 550 4322 10694 7682 3770 5610 5659 28518 19252 23657 17411 1504 4907 7575 1822 13759 23110 3467 19315 17174 29818 26885 614
2202 18568 24358 18788 14077 2903 20286 22026 21977 29543 14520 23901 26264 24370 6746 15015 23489 16029 13425 14402 24433 24328 14507 22257 18646 22050 15219 19944 17857 16072 18713 18601 24274 30262 20772 21318 30768 26325 8815 3592 18811 23730 22266 24458 28882 22056 16982 21053 13745 14585 25753 17545 15158 2912 24601 3668 19185 15068 22272 18740 24051 24385 23989 24412 32110 14588 26619 14526 29357 24435 24357 23900 16041 24375 14996 23426 23421 17322 24405 24227 22019 23837 14467 24500 23906 22254 12267
2203 792 11350 22149 11686 12130 5697 23891 6011 5925 13112 27450 6494 1648 10937 6644 5916
2204 744 8366 8762 7697 3231 17585 21857 8401 13528 13517 7586 6481 24777 2790 10420 28078 8333 2564 6257 9305 31571 9811 7593 24775 16776 19559 19535 6317 19885 17673 3245 27343 7594 7626 6255 13519 30169 13513 9580 17574 4943 21607 18493 8396 10670 4532 17691 6377 6627 17599 17710 24880 6337 17608 6192 8001 17616 6287 5183 25734 8383 3222 4940 2804 29351 28280 15910 13561 27679 13501 13066 6184 7624 25924 5352 18475 13067 13023 13525 13022 18372 13032 17712 6299 13941 25742 13014 574 7261 8392 9964 6160 678 6288 6157 635 20483 2620 1819 19900
2205 18066 18790 18335 21077 7074 16609 16622 14432 24868 20276 10446 14620 17098 18709 18050 14539 22621 14284 15565 21411 15125 16613 16117 8711 21800 16133 6757 14695 25005 15315 15209 18784 24647 24075 17258 14933 18786 19075 15319 19411 15074 5776 10148 19945 29952 16112 6755 16601
2206 6710 23571 16941 12424 9391 16933 14466 19325 16983 15997 885 28639 27326 23457 12706 28356
2207 3273 3027 8748 12864 12193 3267 7928 10386 13646 9421 26452 3357 26796 5220 1377 2697 1536 8679 1525 12983 2584 15504 8745 6223 3292 7927 4525 14657 15910 18521 22096 4500 3496 3288 7907 13002 8749 7914 17598 16771 13255 6301 4128 688 23094 735 30720 2607 13704 8006 2615 22341 3382 22215 8765 17617
2208 19733 414 149 4409 163 112 18324 2728 263 409 416 413 264 19985 215 428 9403 256 5455 19495 329 19664 2766 23336 19644 25451 333 5416 427 165 11315 26785 30268 24954 19430 30 25242 11486 28473 28216
2209 10637 8934 9973 13355 17723 7668 10579 5 1622 8027 784 22280 8048 5026 5113 18357 2061 3706 3692 15594 1116 11729 1961 1989 10481 16493 21144 1112 3011 3975 26504 21641 19308 1704 15762 7542 8063 1783 1097 14955 10914 2007 22347 8709 13697 8650 1901 673 10550 6487 7110 2226 5372 15555 6856 8052 1338 18113 7245 3419 10893 783 8024 8072 4668 8021 20036 14100 5020 2127 25686 4058 12073 5924 1735 6789 7242 3832 6858 4268 18673 5124 27316 13363 9135 8959 908 8093 4697 558 2297 10477 5009 1362 5994 1959 3813 674 8089 8060 8961 2312 1325 9989 23150 9411 20213 12058 28620 25897 16909 30173 8247 10829 8073 7994 12597 18087 12599 8090 18233 27317 2363 6489 13331 16355 8014 1794 18025 26489 14114 1103 3 785 22752 22522 27364 5012 6937 8841 3441 16911 6532 2173 21652 21933 1960 18171 15821 12598 9922 16356 22935 8062 8086 5022 8836 3698 22224 11861 2294 22312 9002 1027 8084 1408 6989 2310 6554 8108 786 8070 13370 1892 5025 15935 9972 20631 8572 14264 8256 999 29024 1848 7500 8026 12519 2274 1052 27713 18228 8099 14244 26046 8103 2188 12595 9666 6566 1744 2057 15930 30062 27925 12083 22756 12085 2014 28470 14113 8095 1539 952 1775 23408 32241 17230 21929 5892 22882 16810 23264 1007 22174 10047 9413 22755 8891 694 18959 29368 8065
2210 8608 12906 10264 12723 14358 10265 14344 8120 25295 11556 9607 12742 26099 11551 11554 10750 12806
2211 19042 11942 15509 27236 15512 28024 28906 11565 11617 18533 17383 14344 12768 23478 12680 12653 23751 23757 27855 13126 23754 7730 22822 30687 7033 31009 15507 23451 22823 27234 30483 12762 10267 11555 28146 12808 7025 20456 28919 19956 28892
2212 3957 7578 24630 2797 29233 25733 2643 6602 12317 13016 17673 4940 3325 2483 15906 31079 31245 30260 31804 30431 3306 25745 2808 16536 23349 20501 2533 13265 24624 8382 28989 18998 3371 7013 25778 7282 12824
2213 20700 10618 2694 1287 8482 1536 10843 1967 2613 10142 4579 12480 6914 678 13296 2703
2214 22589 14961 1956 4599 16794 4400 28054 8604 27673 755 31336 8162 4535 60 8377 66 6766 17702 7955 21118 31594 659 28017 10081 27402 565 2693 6535 26518 10288 6149 5659 1385 5209 16801 1526 24833 3885 27253 31248 7900 31548 5657 15970 3127 9202 9549 82 25729 3761 6108 28869 18508 3396 11620 29015
2215 10376 892 27582 11203 25777 7578 9583 606 13929 27056 24631 7451 23679 13942 7337 4922 32111 29973 18484
2216 17159 29415 3007 26145 3022 12853 27060 13203 7198 9541 2570 11454 25384 15506 17704 13912
2217 6868 8982 557 12566 14145 20634 26769 9921 10629 30479 26292 4792 4225 29812 12157 14149 11480 8659 27632
2218 546 23171 2172 12504 4572 654 2491 661 1810 2159 2055 5974 3085 5672 691 1897 19097 2330 9765 2272 1773 1749 27388 1786 1115 3978 8551 28189 27369 3951 2093
2219 22407 23738 7951 9543 3294 3008 17231 2966 9885 10079 10607 13938 15972 3375 27176 22088
2220 3448 8682 19021 21400 19902 18332 22088 21402 7928 4786 25545 21579 3477 26734 11818 5535 10837 3478 3002 31465 19550 8743
2221 7216 6488 1182 13407 909 29533 10465 3957 661 2539 12 678 2551 1113 14801 9945 5076 4113 3701 3 22393 10893 2126 1931 8891 694 674 4102 22280 6135 5020 13731 3905 9415 1268 12560 811 16909 3961 15551 11847 20807 31062 1390 25903 776 4262 5026 16327 12216 8593 4058 4163 28095
2222 26060 29392 18740 21201 28501 29228 18036 31787 28509 30240 22813 16981 20601 24151 30709 18449 30242 20557 24856 14528 26937 25841 15008 23540 29865 24858 20594 30725 21447 28355 16542 17921 16059 17756 6739 29628 29339 26325
2223 12044 11594 3476 15993 7707 13265 4496 6098 29618 26079 17298 13057 7572 3348 8760 21749 8395 81 31642 21746 28076 28338
2224 16366 11782 7218 12338 17669 13286 7610 14209 7337 9540 2582 1815 3921 8213 18077 6454 3130 7934 7812 3466 13924 7217 7916 24801 30068 7950 12401 29609 24794 2483 8364 4675 13068 3404 15881 14979 5603 4872 12821 17579 13037 32219 32598 30126 26796 31844 31994 13537 31176 7276 11785 8409 3336 13999 1752 9495 28351 10095 23523 12308 17682
2225 21898 8214 2804 13517 3738 8463 13534 2807 6627 13499 5173 29738 7054 7688 9559 24737 4580 11711 3818 25437
2226 17102 23424 18638 31001 20284 23929 24033 26192 3141 15219 29154 10455 19300 23204 27513 25165 25167 24317 24179 14263 32479 9795 29263 25821 30489 16048 32411 23772 24325 28292 29504 15197 10446 17916 17546 22253 25053 25428 30827 25785 25056 6739 29552 21019 27733 29616 24462 24451 29508 29933
2227 22707 16364 7629 3301 20103 24947 19465 5528 5332 20424 8741 13931 10369 25608 18484 23866
2228 2085 5007 25623 11879 988 21023 1038 8934 904 6543 7128 1994 1051 963 779 1948 1050 1950 1794 1517 7505 14281 12471 12472 4249 5850 26975 9438 8550 5929 10873 10510 29555 1678 5020 9242 6849 26705 21518 1998 6877 9784 30307 5672 10521 21136 6001 5900 3909 13810 10827 5655 5943 15682 4219 25898 15926 2274 4268 10930 11431 13369 1078 11729 5864 22882 27924 7250 5840 13685 6990 1892 1835 10120 2143 27436 15934 10979 28122 9983 8993
2229 26533 3965 22486 9827 12623 3078 904 1426 18157 19099 18672 14954 28182 10873 8065 1622 10787 12536 4178 21943 22921 21427 589 3954 22321
2230 23074 5086 117 11650 19590 221 15356 25119 19658 23514 201 23711 2731 123 19583 5463 19449 2728 8924 11305 23060 5411 133 19431 14641 27424 9402 23059 11371 11276 28519 25058 23069 89 13483 19620 28482 98 28324 212 26237 26028 12229 394 19594 2749 160 16279 23712 395 26054 4347 23694 19197 23367 28481 32309 358 29929 22544 4364 41 27331 25028 361 22421 29928 19624 23073 2733 15800 15121 31018 32601 29930 32602 4357 13886 31654 292
2231 19858 9682 746 10412 12978 12980 79 629 25552 17580 18521 18472 6272 8762 741 2858 8472 3379 25550
2232 18394 28227 5483 13480 13599 23330 19639 15376 157 24939 20346 17189 23 13606 150 23624 28993 32066 15416 31280
2233 2889 18925 24138 15180 22532 10446 16998 29570 22844 15197 20525 29153 25759 19067 14414 3612 9377 22160 16384
2234 15180 25696 10430 23564 18927 24094 22272 18646 30612 26253 23516 23268 28510 24966 18781 7396 4380 3601 24008 17753 4804 13129 27619 20073 3675 21552 25938 21021 20222 27204 27504 16759 25091 15058 22275 25940 31809 7017 17238 31397 16059 25757 30766 16523 31196 14405 28557 14077 15582 31513 11870 29602 28662 14526 4390 24817 23802 29744 24856 32365 14606 27282 10134 20366 19924 30473 29457 20562 30863 25312 20518 16541 15241 15067 20078 29960 14573 28355 16992 22852 21477 3584 23540 30566 27047 19383 23834 3573 31082 23553 26249 23843 30215 19412 32097 17742 15060 17057 14847 21788 18770 22791 3612 22927 27268 4313 4325 16885 14932 31392 22461 18644 31847 3564 17743 27527 26141 30271 25423 30463 18066 20467 29397 20835 17235 16228 24273 28833 28090 27277 29583 21019 15149 22627 21551 28247 32603 31420 14528 21558 27273 28168 17738 32452
2235 12789 24824 10228 1044 7233 9078 4857 11080 32256 814 12465 7995 18461 12475 748 12292 2584 31763 7682 8294 3281
2236 19491 20357 19341 5469 267 131 262 357 17892 5089 19653 264 15416 149 9788 102 11884 15399 15282 414 28216 13316 11314 19731 9400 132 15381 153 13485 350 5422 56 19506 9059 7346 14189 273 103 391 77 20698 4913
2237 2559 3972 17547 988 5864 3824 29439 6763 13651 5269 5871 11915 3689 962 22522 8539
2238 25324 25302 4605 23357 3462 20928 9545 11702 29501 13613 14133 16839 2652 13948 26382 27481 22091
2239 10839 3200 67 656 704 2489 10066 3236 3023 7892 5590 3770 7215 4577 12988 7356 15389 1818
2240 2873 18783 17258 27243 23338 19657 28253 15408 26949 19226 31691 29772 21021 23335 21393 7346 5087 19661 31193 19311 19594 286 103 27687 27632 19663 13607 208 215 28481 13480 57 32577 12415 16029 3674 6746 28807
2241 3088 7294 1950 10915 3139 5259 8748 18433 2425 11569 3094 8643 2327 11435 13337 26484 1538 13357 2218 1980 2151 23123 7292 13339 18543 2142 13579 12562 7291 31157
2242 5802 23690 10337 22640 21612 15789 3151 5787 8521 9016 5756 25376 4608 5828 7420 5394 8513 2930 11485 31782 7421 9650 7195 25491 25201 31021 15567 21989 31252 7787 20113 10159 9290 24596 9131 10130 31188 21838 5752 10197 16232 15787 28756 19823 30569 24890 2934
2243 24976 11454 2627 3500 19812 2653 26886 17123 13188 28702 26670 27807 29266 30210 8492 8732 27339 8007 8345 32184 3740 18262 20755 22108 26694 2638 30168 7688 7000 29282 12298 27406 3359 13206 735 10369 14657 13068 29883 18622 1958 24511 9514 3506 5040 19892 5596 6625 29421 18330 28814
2244 5266 11234 4178 9037 6635 6680 8851 1260 7111 5320 7098 929 1454 8121 8616 2366 10825
2245 499 9166 7367 6076 18338 11019 1128 29115 15726 25081 14234 26416 27947 264 2886 7420 16123 15036 30199
2246 14055 1659 9005 9998 8660 10571 1463 10809 1234 17989 21594 14842 4746 28984 23890 22070 7990 4175 946 3703 15115 11340 8663 5910 10519 26425 29336 3418 19866 925 5898 5925 12457 982 26655 4752 5020 22833 23893 17974 15117 19865 26651 12058 7128 5994 11353 2290 12552 5138 27434 12081 15499 28060 17293 1883 21674 21675 5930 3397 23888 29497 27441 4174 4677 1318 4267 25388 27003 26295 17265 22718 4275 14128 30187 9436 811 6875 27358 9904 22715
2247 18038 15170 20830 4565 7440 3111 25444 4566 828 25012 7444 3709 6652 6650 28468 4812
2248 19865 15694 11340 15115 27237 14048 5672 22355 18234 5924 19368 11669 12499 10536 11688 13249
2249 925 10907 4140 2068 1019 3425 22232 2007 5003 2662 7162 7518 7745 3096 8134 1998 11644 12561 2293 2099 9841 7487 2958 5883 10822 803 20232 12074
2250 12028 31287 17710 19552 602 5036 24777 19861 18313 13908 32151 19854 6621 6180 18481 9033 8492 7803 3386 13561 11464 9856 3191 29068 27378 6257 27609 29887 26377 24629 30980 25859 7593 27172 27602 32220 4742 7617 15945 2521 7212 13898 14658 8331 31449 7014 5187 16793
2251 16197 1500 4837 865 11078 464 6890 17146 727 470 29139 11003 485 32264 2671 9089 6891 18338 9100 21346 21345 21340 13631 11428 17138 20220 4861 21351
2252 4332 32322 5746 4298 2852 16842 1116 10484 13796 6860 7246 32332 15861 17490 7768 1160
2253 10767 4546 2797 5712 7894 3496 3460 3370 3038 3324 19758 3008 18331 6250 2461 6691 31638 3292 6948 3213 27151 28378 9461
2254 20525 18787 14470 19314 22160 25815 28092 26510 26000 25397 25760 26040 10148 30157 25107 24257
2255 24023 24304 24945 24416 24353 16380 30024 24009 2916 20001 30333 17771 28447 12234 22415 24300 24318 25205 22029 23954 2923 26937 3651 18932 25169 24477 4314 23915 30891 23360 24146 25790 23933 28506 27074 31135 19075 20054 20567 18035 25793 3602 18026 29308 24074 24048 24226 21078 24155 21556 29449 23485 24140 20697 21699 30336 24113 20586 4884 13253 31850 2876 3478 31555 20370 14914 17758 4376 9322 24141 23773 17238 29008 31599 29033 24222 16014 17256 14561 27553 31663 24159 22343 31785 18633 21770 31440 24501 25016 23536 32433 29740 21773 24856 16047 25293 21788 20601 31686 32547 28782 31034 21994 24152 23027 3678 26297 23127 27937 10442 24275 30542 23964 24211 24519 24021 26324 31837 29734 2900 24499 28276 29840 28682 4375 3657 29243 4327 23910 30272 31964 27254 4325 24364 19032 23673 31197 3631 28674 24449 26973 22807 24348 13119 18717 16042 28829 24648 31890 29583 16754 24031 26170 24025 31544 9201 4337 7582 3467 25940 18524 252 14679 19449 28220 8702 15356 5421 21396 376 31702 17250
2256 7768 10296 11938 12754 12676 4983 9770 28639 18187 21180 12938 9607 13081 25201 5802 7836
2257 11612 9429 7081 11614 12660 7085 11562 2831 10869 8120 10871 7083 8791 4978 12914 1197 30606 11938
2258 18781 21646 23231 22860 16854 15235 20265 22153 18593 22373 22837 4801 14477 11872 21201 14710 20260 21829 25800 19253 16386 27012 15153 13464 28088 16759 2447 24524 14744 19033 15206 22660 14743 10025 17185 8784 13118 11867 17320 14751 21064 17051 16072 25820 16317 18921 14688 14365 17919 24347 26601 24426 17538 5503 14300 15051 18796 10148 24315 18773 26725 14708 16227 10435
2259 22776 23147 20521 17488 20721 17444 15849 29892 22782 22528 17955 17952 17953 14082 29890 15853 15771 28980 17176 21246 22896 17449 31557 17479
2260 14831 5868 18208 9452 9447 29223 21591 7132 4026 17976 5969 11155 7523 21576 5895 5844 7513 9446 6596 4809 13089 8057 21588 1340 12477 6474 10583 25443 15549 8108 14839 9354 28125 3703 1735 17980 25358 4008 27854 16512 6554 11846 1707 10571 23213 1948 917 7637 28181 1248 8882 10124 16331 2372 17219 6937 2657 22486 14268
2261 1996 2138 7987 29022 2250 1683 21637 1975 7831 1060 1925 1622 1303 2033 2080 2044 3166 11568 27737 2088 23212 6916 18589 13802 6596 1430 1826 20621 2152
2262 27885 21084 19164 20002 8728 4179 16564 3068 29086 24290 27525 22451 31878 20844 31535 16937 11803 22157 22928 31539
2263 16021 24438 24358 24328 24497 24395 14447 14365 23255 21564 23950 32106 27825 26934 26850 24428 21842 27461 24070 24405 23958 28772 25217 24478 19194 31159 14751 24475 30913 26264 19066 23927 31462 20277 24026 27320 14295 24913 24373 32581 29159 24480 24237 3603 30874 29629 28769 27110 31664 32608 26602 21448 31372 30220 25349 30527 24338
2264 23819 23257 29889 15755 15661 21248 17479 9646 23659 15643 30860 27413 17458 18240 16178 15667 17466 23658 20523 15781 17480 20719 25325 23501 17171 29893 17176 15849
2265 16650 18783 3543 22156 765 20801 28013 19398 26958 17529 29281 21417 3606 16372 25498 25726 27489 14670 18747
2266 22909 16029 20790 18271 20830 23654 26846 24451 28692 24276 28134 23422 9795 18075 17320 22370 26355 24116 23024 10460 28697 24507 28605 24152 20298 18066 22680 25219 19037 28460 30221 24294 22373 767 24033 24373 28691 21424 28295 25050 27466 18781 25768 24009 30340 22025 30441 14712 28238 26723 14648 30974 27220 29546 15205 26618 30504 31430 21513 25162 27307 21086 14447 30157 26767 16685 25308 31374 31741 32612 28768 25818 28898 29170 16502 24003 27111 32613 28168 31944 29720 25431 15236 3648 16039 28464 32275 25766 27537 30679 23852 26726 15015 28302 15187 31412 31386 27214 29580 32321 14889 31220 27092 32101 32046 32614 31544 30719 32615 15194 28284 31629 29028 32050 31876 24665 31719 31339 16227 29366
2267 12382 6741 12419 27891 16948 30277 29295 25428 27523 23580 12416 32497 13253 15490 20861 25571 16083
2268 30103 20707 11025 32075 5363 26117 13910 3038 6199 9424 4136 4733 22962 31041 17639 31027
2269 19020 7004 17068 26564 28215 12867 10608 12239 20311 5232 23261 12960 9230 11702 8493 13913
2270 3751 10690 16916 8002 13261 29238 17694 21748 13957 8437 16141 597 2790 13612 31395 27926 27345 8463 22299 28997 11469 32180 9327 4917 13640 7816 28942 7073 7954 21382 28889 21404
2271 4638 12481 19717 6627 13016 12337 32116 4132 12368 11504 9532 17709 30099 25606 27851 25437 32538 32315 12127
2272 15460 27178 11467 12306 25603 28387 15459 20213 6507 10100 4733 15402 9033 13076 9509 3460 6332 19030 19468 25553
2273 1960 17221 12350 7995 26356 11245 1922 30921 12551 8720 2011 10125 1785 1914 1296 25096 22755 1719 27652 12162 904 5694 6472 2173
2274 18116 13563 28151 26807 26499 11360 1735 9693 1178 11206 20025 5964 4044 1450 8056 13571 27387 7237 27121
2275 3346 22133 11721 25559 12862 12033 14002 21951 27912 12604 3760 10831 11702 8689 4580 23863 16253 995 7497 20544 13272 15271 28423 13003 2638 21895 12960 7123
2276 23884 14112 19738 10476 5849 21591 5864 18200 5946 6564 4167 5857 6062 3875 9004 26449 8055 5672 9987 1340 10113 4281 29724 21445 25382 25898 27138 23805 9927 5924 20234 17234 26738 19566 10521 15934 27435 28321 2390 12887 6001 15981 11156 3429 15592 4008 18282 19834 8585 4038 27399 11684 22582 28071 15711 16533
2277 19036 21126 23017 16649 4639 11868 23939 17093 17042 23434 18601 3683 25400 14444 3528 20606 19933 26470 27039 15289 28166 14601 24358 18760 763 6762 26993 19395 24427 3646 25287 20835 6706 26409 20775 11874 24506 29365 23426 14085 26843 22052 24412 3611 24447 15314 23924 16123 19299 26070 16133 3562 27499 15209 28455 16858 17532 16644 12264 10148 23251 19404 24199 24399 14467 16380 22163 12916 21514 14698 24434 19187 3633 24821 24451 19403 23829 3650 25045 15240 29170 24259 19037 26002 24123 24117 14918 19186 16716 26059 22254 20280 18774 3674 31402 26725 21125 22162 31216 17047 32073 14735 19195 24224 11599 30461 9793 23430 14722 26406 18270 23424 30014 12366 14406 30689 20725 17016 25429
2278 10814 1788 11791 10923 29274 8616 12513 1917 7099 4651 1935 7643 3160 17878 3048 1998 15940 6877 14955 5007 10603 5128 11260 11525 8650 15521 6677 509 17135 11428 2667 470 11087 724 4339 6079 465 4839 19724 4850 20221 28400 9369 17150 23616 21347 13142 496 2669 8310 22862 11426 9095 11770 523 11084 726 7324 4728 17139
2279 24487 17258 25310 18642 25208 20588 18706 24132 26302 10148 24600 15334 19398 20074 28455 18286
2280 9291 20903 12802 24905 12348 11630 13421 11378 28268 24543 10157 18899 18901 9306 2936 23784 9282 26960
2281 24076 18763 16072 18921 23823 27553 16128 18798 26264 24430 20254 14745 29687 20123 31935 24417 18773 24443 19185 29146 14462 26850 28701 30217 16657 23934 26768 15050 29926 24376 30158 25140 24863 30891 29460 25808 27305 24567 30088 29733 3612 22802
2282 10774 8121 12533 1361 12574 8255 10790 10928 14058 1481 1763 16258 1616 1367 1892 2130 5697 29814 31065 1678
2283 18783 6746 12184 16025 16048 24608 20591 26880 17773 16038 31061 21844 31799 22261 24929 22258 22705 31544 26768 25789 27512 17259 29195
2284 3088 13255 4713 1401 12620 14823 23179 13099 11875 26874 1700 2165 10681 19690 17915 13802 14148 13098 2219 2342 1797 12556 3775 12565 14279 8652 8077 2119 11183 10822 2350 10915 15501
2285 20396 2062 23044 2219 6717 892 29956 10986 22471 13352 21208 1903 32178 14147 23178 23191 6641 31153 32541 1979 29974 23186 32622 31979
2286 27241 13195 8384 12050 4525 7226 28790 4940 2608 7005 12994 4820 8371 16274 5349 26153 28943 30273
2287 24259 24033 24418 21498 24288 16669 23916 24299 24425 32148 24357 18769 16610 26942 24913 26936 24477
2288 638 5742 13576 12099 11395 5797 5741 13223 2966 654 665 1815 3131 3467 1967 6962 7531 18416 677 660
2289 805 2365 1783 5989 8650 558 1241 2299 809 2363 28896 5687 2061 17796 2058 15583 2079 15796 18359 8960 10924 2033 1622 12627 5257 2278 8844 1038 13355 2290
2290 1944 30244 25443 22280 5265 1931 1883 5082 18097 2374 25769 6006 4754 28795 31776 4750 18321 1463 18317 7254 6130 922 14199 22485
2291 2915 20248 24331 25809 24410 24340 16633 25150 13425 23551 21504 23967 30331 24500 25222 22851 23916 25148 23561 14502 26766 23942 24363 24370 23438 32496 23730 24213 24418 17559 25210 21040 14915 15037 30892 14661 26260 16317 21776 24913 23552 23463 32491 24094 22912 30543 30214 23535 27321 30420 18796
2292 748 892 1819 4523 554 13255 9574 27752 4509 6098 8007 11474 11725 4868 26928 26812 24640 7928 2649 7945 3002 2708 5530 6645 7210 7054 5179 2464 3495 13263 7451 3501 13276 686 13003 3220 26378 3230 11796 11583 3266 26822 11585 3479 3196 10376 23864 31083 12384 5045 6815 15958 7697 27904 6783 3239 9532 4128 19359 6633 32402 3267 12337 7687 16248
2293 6090 29853 21705 4335 14024 30585 14014 386 208 11493 14026 14015 128 264 19481 4912 30270 19470 29877 22163
2294 1627 2363 8060 13724 809 1106 13277 1797 18673 26721 19054 5934 2365 10500 15815 12472 7496 10896 8034
2295 27930 775 5372 1412 12949 20164 15924 14247 22501 5991 5942 10795 11906 32336 1639 5567 4668 23705 1302 14248 5697 5554 31549 6473 20634 10120 9986 28620
2296 9182 9706 7987 12204 18386 3842 7831 911 2124 1060 1797 21890 5013 9820 2281 10312 27737 17915 2129 2034 17638 6939 1765 21941 12438 12465 5281 10614 3689 31379
2297 3385 13439 12390 18527 1816 4625 26148 23864 7634 11471 13512 3327 4503 27643 11819 26370
2298 21789 30263 14712 23846 25998 29308 18654 24935 18740 20587 25105 28671 26754 28449 3628 23831 15337 15219 16133 28246 19395 31963 18057 30875
2299 3972 3920 891 3301 7208 3324 2461 2790 26274 7154 8472 7866 10249 4624 3209 660 11695 3949 3751 17086 5594 25647 24813 3500 26094 9564 30571 28792 2806 30107 3344 25657 25956 2628 12339 13951 24549 4626 26913 3495 2599 17842 9470 7617 13162 29622 15880 4600 22956 7230 10694 31079 6713 6222 7589 26662
2300 13255 9669 13511 25323 2395 7588 24777 29016 13960 6237 29002 3021 11068 7618 18315 13533
2301 1658 1041 6371 3158 6719 6937 1298 20024 31581 28804 21992 20671 10918 6676 30775 13395
2302 10604 20120 7748 1658 9542 12309 27380 15879 1830 3340 3466 2483 7945 26565 13909 27049
2303 30024 18798 24440 18767 28295 26850 32479 26767 27036 16866 26880 24283 24147 23925 23424 8786 28829 26618 29195 30220 25160 28769 25171 25768 26942 24318 30905 2900 32578 21498 770 27463 31601 29158 16496 20663 32244 30532
2304 10789 9035 5260 10921 1784 2223 5114 8174 13332 7643 11182 6775 20227 6816 26208 26050 4011 30478 19882 7298
2305 15437 23602 6513 10050 5991 775 16329 9945 7251 5059 9158 10119 16694 558 1979 2128 10827 1388 939 13787 1101 18091
2306 3313 11817 3346 3347 14005 4520 9643 12992 12050 13938 8748 7906 2614 2681 3027 4605 13448 3506 14773 3267 10607 9576 13947 11823
2307 12916 14263 16442 20382 20389 22858 24129 24007 23967 10455 26244 28059 24361 14585 14613 18941 24458 14508 8806 19072 21086 3633 15607 24467 20613 6738 20298 20182 21996 20909 23961 646 5381 31553 24912
2308 31452 15449 20407 29903 11715 25021 6372 4934 31349 13012 3039 31531 7203 25436 18489 29121
2309 8566 18970 6522 2130 4102 19420 29606 17230 6001 2573 1813 3945 22175 1447 29219 11906 17234 1426 2567 22312
2310 907 2143 2992 12595 8108 2678 3961 1063 6937 20895 18322 8093 2184 14955 21659 26537 27367 27187 10540 5074 1333
2311 12600 837 12691 12737 2455 4947 1545 1207 9767 16075 13175 11560 10732 18534 16846 7718 11755 12773 832 16576
2312 15731 26409 3674 11600 18667 16119 23843 18790 18783 15182 25340 3684 28898 14441 21127 30338 6762 8712 21415
2313 29813 2912 25784 22851 14949 24930 20525 20585 30250 31402 26193 15352 21010 24967 16067 30795 30507 14745 21621 24418 3650
2314 6795 7464 1813 3026 15450 2584 10231 4631 2966 13520 5201 11440 2623 12038 30949 3740 3948 736 10694 591
2315 1102 21159 1039 1794 8026 2073 6522 6937 27015 1103 1631 8554 8079 1446 8056 5840 1707 2458 8972 6858 1825 4995 1115 3419 5093 1450 8291 2007 16356 8070 14955 1027 16355 8257 17230
2316 19539 21143 10086 2600 9515 6794 3955 1376 3200 17636 9477 12975 2644 13526 2979 4403
2317 28389 1773 1058 2045 1903 12523 788 1762 12160 2021 1468 30519 18661 10010 22494 2115 6678 23613 10856 3401 1702 10349 2294 4023 11900 1910 27642 8648 1521 18354 1751 3054 1642 11958 1777 3771 13334 6768 1902 18156 1950 3060 14808 8626 7826 2203 7292 5314 10825 8136 2033 12619 10822 5285 1524 1785 8146 25519 6929 8191 1662 1695 923 1885 1712 5672 1020 4164 2143 6584 12640 9827 6777 8714 13321 27367 23041 8181 11250 11965 7967 5020 3762 5120 31860 14842 3815 2431 958 18322 4149 2332 2144 2218 10495 5697 10243 12216 905 8970 1430 1719 6130 1825 8627 1948 1933 1612 2121 3844 2201 27714 2375 2387 3904 18659 22278 22403 8531 11235 1463 6404 22675 2305 20983 13765 1427 1369 4009 14132 1448 28081 26050 1606 2035 1401 2205 2206 9709 12 26543 9735 6129 2342 20029 6501 4085 2065 6918 1755 6857 30347 31687 17292 17989 2388 11664 2303 24642 13356 6676 20998 1349 2319 31657 8705 30699 1830 18401 16524 12204 6919 10274 22144 15940 5317 12521 1387 12143 1921 6071 6675 1666 31025 3076 3011 1976 17282 1798 7745 10244 11234 1641 2220 2150 1992 6646 30520 13798 2081 7480 1917 2950 12560 2066 2067 22472 1889 11184 10967 12617 8828 4159 19368 9708 23190 32419 9821 7749 22755 1858 14769 10029 6939 23184 8934 13406 2951 13717 6817 1898 25971 1053 13095 10027 4283 22367 4809 11416 803
2318 17892 18233 2365 22174 2007 4414 7393 10576 13363 8094 15594 1753 209 215 57 13480 31721
2319 18720 17529 17748 26201 17097 15338 14588 17258 27014 21321 15220 27385 23151 16396 20733 14459 32063 15353 16757 16873
2320 57 15843 17793 7385 17190 26203 373 2738 23070 23367 26581 264 186 28175 12230 15372
2321 15213 14668 14513 14497 7074 26844 14677 15136 14877 10459 18697 3543 19277 16671 3674 14861 18778 11971
2322 10620 675 571 1366 3973 7909 9791 6798 654 2530 3467 2966 3955 2976 14581 29075
2323 641 2406 8515 7417 13147 9127 7420 6041 11121 5802 5755 25883 19822 5767 7425 28948
2324 7823 10034 1958 3937 4622 3262 8004 5234 3017 4897 11598 6322 3476 9586 15993 7906 11725 3506 7705 30824 11700 2806 4403 28942 8504 19468 13964
2325 24006 16062 18167 3591 4380 2885 15731 16868 16716 8814 3601 26507 23558 23422 8786 23848 10451 12263 29598 24384 22839 15219 14710 2447 29648 17242 30338 16041 24433 15050 20613 17857 17966 15063 29574 28776 28461 29602 32340 26942 31630 24480 26622 15265 22765 10025 18042 25312 27219 15986 16039 25109 27274 27291 30442 21801 26040 16048 25760
2326 2777 25373 19591 9404 19625 16279 23058 15839 15120 28251 27328 124 30116 24942 30235 9406 24806 19589 19577 23069 23067 15621 13136 2722
2327 572 2708 12861 3027 19241 7572 574 8427 4599 14977 3493 3478 3348 12874 12 8593 795 7166
2328 8612 18181 3153 5828 650 12099 18505 2934 11630 5741 5392 12112 10163 2933 11378 6041 22558 10226 5742 5756 12109 9130 9284
2329 10148 20125 24221 4382 14649 17532 22431 3612 16653 26060 24465 2890 21967 16072 28294 17753 21490 11873 29338 22042 17258 27268 27095 20042 16873 24133 25943 3536 15056 23848 22791 20076 17097 18102 16011 24061 16759 22034 23253 22794 26726 23268 4396 14645 27274 20072 26176 26992 8816 20265 26514 16192 29575 4390 20576 31787 18809 16025 17238 24860 18781 23535 2900 18771 32057 23099 24493 26459 2918 21513 21635 28462 9763 17918 22852 23233 24355 22370 26605 25790 18925 23553 16123 32097 24945 21498 17031 16386 16065 24524 20247 16053 19082 21127 10445 19879 3602 21556 17773 22813 15333 20364 29926 16054 23654 22272 26767 29980 20874 22164 31082 28557 22912 22160 30428 27551 27276 31438 29583 19037 23729 15029
2330 22019 24016 24371 31555 28295 14627 16227 24461 27319 24452 24862 30343 30581 30893 30156 26850 30894 24376 24859 24447 24274 25171 29493 23982 27466 24475 30913 32012 12928 29146 30895 26942 24354 28769 24116 18289 3132 855 7716 4135 7909 9122 712 1376 2979 18962 16634 26767 27320 29356 18925 16063 29160 24198 10148 30831 29626 24488 24422 24867
2331 25453 7674 20100 20942 8752 12318 4128 7701 6542 2514 8192 2549 13168 7694 12052 16537
2332 7485 5879 2713 3701 4469 1519 13374 9413 7999 11260 1711 1058 10823 798 20403 2168 13671 1785 1625 14811 3755 12143 10578 1420 5974 5703 12892 15943
2333 18504 5396 21111 7192 8277 5802 18505 11405 639 11116 10222 12109 5381 26477 9785 8515 9130 5767 12342 31111 21984
2334 30833 3650 32365 3674 21498 22261 26071 26040 6703 17324 16624 16029 28092 23989 14585 2883
2335 6431 7129 11863 6101 5162 21643 1465 1433 962 4099 5949 4766 15549 26884 4484 21652
2336 24179 24400 14623 28092 28629 25045 3686 19037 22844 22025 18069 23827 24224 23912 30340 16496 24611 26757 28300 26614
2337 755 1967 632 18094 582 62 3949 2494 566 18352 2533 26686 11972 3925 3336 2809 6559 0 3187
2338 22316 6023 6561 6511 22150 18461 6532 13357 3692 6473 22977 1465 15276 8027 13992 8026 8097 9989 10642 22976 8105 30130 30790 1813 14842 13826 1810 28565 18566 13685 23180 11685
2339 6717 1850 2175 14114 1329 2251 795 24768 8986 1101 23405 2212 27054 1001 10495 5862
2340 1469 5287 6017 11684 3397 3802 5882 1102 809 6877 1350 4011 1477 17553 10501 8986 4084 1291 6989 26640 17208 5974 5547 1357 27360 4920 1001 3975 23131 929 14054 5916 23223 30307 11478 7166 1049 22314 20618 4683 11051 20958 2388 6578 11202 17373 2346 4034 2988 1233 2300 30695 14132 4471 1116 1658 4675 4055 6992 21662 812 912 23180 972 10844 1434 6926 3703 996 12536 5669 9049 26500 5566 2102 20992 9945 14149 1830 2663 18245 6993 1345 12077 7162 20746 11538 4806 27350 30604 1010 7165 4281 22404 30639 21653 21905 32540 4146 1610 2143 27077 12084 5884 1897 23192 10573 3839 3983 1298 4093 4079 18660 1265 18670 2263 17207 10895 5947 5967 23887 1325 30842 14061 1318 21683 1776 14150 14148 14255 11047 10120 12466 1777 5955
2341 8786 20087 17542 23422 24982 29552 16653 28775 25414 11874 7397 23421 23437 14478 27114 19037 22370 28234 22159 30559 25401 20298 4801 25429 23424 25053 29394
2342 5787 26977 14269 7411 11397 21611 12122 3144 8513 21982 19509 30492 18501 5755 5828 7425 3727
2343 30672 27276 29924 21312 27220 31296 3674 12258 29263 27634 19193 16029 22252 6741 28136 24600 17063 15248 30216 19395 25049 17258 16187 30457 28302 31362 14890 20258 29264 29617 31610 32185
2344 15206 2449 17200 24315 14402 14298 19068 218 9646 16162 14080 14082 28668 15851 15647 25124 16892 17734 19395 16648
2345 21252 7128 5852 8845 5010 20019 27642 11926 2305 8531 1081 9247 8248 2339 7642 11734 1065 1051 30596 952 1638 17779 23363
2346 3027 8243 26144 10232 11744 14044 20066 3220 2586 31463 8748 3348 8687 11836 4705 13938 4602 5857 3336 24668 2803 6962 3925 4403 13011 21217 7908 4134 31235 16190 8472 3946 2622 16796 2979 3324 7890 12869 28818 6257 7868 5499 5308 8325 11666 26164 13003 11815 21831 13237 17084 8760 10386 3272 3492 3021 9532 2805 11389 28527 14656 746 11464 26665 24553 27807 6347 13943 13519 24672 2648 12282 13187 9299 10369 2608 6192 8682 23459 6668 11393 32289 18478 3747 9233 6820 21854 7847 31253 13031 587 8683 3130 9860 7068 892 28416 19850 18483 5515 21280 678 11635 9685 8401 13430 21961 4123 2579 11394 22480 5710 4788 9683 20391 5181 22595 29994 19791 2784 4744 25472 652 747 22482 26442 12014 2482 25467 6394 4550 14002 2470 604 31234 3947 13514 6390 27057 6375 24632 5209 2999 18480 10250 2645
2347 5290 23413 14145 10990 8441 23301 28201 1939 29765 13626 5691 29337 23046 934 2222 12892
2348 10839 3002 3273 26281 13499 3492 4521 3031 25064 2708 18094 563 2860 2489 18669 3478 7716 7713 17377 1457 8350 11811 734 8491 8687 9847 6164 7631 2396 4322 28015 11638 2648 3373 13971 25917 3324 3038 14657 6516 4502 12977 6557 746 8546 3289 4394 668 7954 5616 6189 3245 666 7215 83 25659 73 19357 3230 23768 13647 4500 12485 62 4924 0 5367 614 755 17578 11639
2349 15993 7285 9577 2788 25551 18391 1742 26829 9862 26272 18514 15465 3303 12970 1535 3473 4580 3462 6098 8187 13939 11716 27810 8736 19467 11824 30104 11204 13963 11669 31228 9578 13949 28546 31576 13029 10607 27311 28871 6199 31902 20502 23348 30926 31352 30966 11833 15957 3365 27365
2350 7952 4941 2817 6282 30737 7019 9033 26830 9559 10981 8757 12983 26811 7906 14984 4933 19977 30624 8009
2351 7868 2797 16360 9683 7685 8410 19017 8372 22950 15893 7629 3496 4940 14987 13003 11713 18474 16537 21865 2814 6713 11711 15965 10945 18511 17592 11717 8479 31902
2352 3290 3213 7916 3358 12391 4788 8741 2641 22297 3316 28210 25064 7685 8366 28843 634 6633 11712 6613 7168 11147 6375 4514 9298 3348 712 23347
2353 26840 21483 24526 22911 21413 6762 20587 18811 25812 26315 17031 17498 22274 31847 32418 27487
2354 26794 22027 24386 22155 4373 20772 16614 24465 14625 20469 16023 25801 24231 23535 18713 26040 18646 29277 21511 27522 27137 21422 30577 4879 14934 24437 9323 16135 26179 24385 2905 26259 26622 10445 15228 14446 24482 14601 30342 22852 24000 18708 10457 25108 24818 27747 23551 25819 24466 20468 30332 23996 14726 28487 26267 24012
2355 8781 16200 109 19223 17892 23336 19664 19311 4434 19985 20339 2766 27786 4409 222 392 15408 29057 303 21393 2762
2356 17297 6210 3298 10386 30794 6315 27682 18521 25545 13036 31844 7703 25957 4502 8008 6602
2357 17539 31725 6762 29569 32657 24862 12924 23127 31440 20373 20364 15582 29154 20473 32489 32652
2358 4267 2661 8543 4238 24576 20155 13805 15497 20746 6009 12881 18282 15925 11801 13718 9983 14844 20968
2359 25462 4917 8763 8169 9856 29252 5214 11445 23627 660 2960 13025 4820 7906 5361 24828 12857 4403
2360 27238 2234 2272 5142 11570 12617 2280 6825 12574 11569 2066 12552 23857 2246 3942 20403 13384 10934 8651
2361 3646 16511 16097 29809 25145 3642 24387 8784 24329 20298 30866 17765 20062 27093 28958 24008 29456 27485 30868 21325 14747
2362 875 2966 547 669 11924 603 1536 2461 10095 8753 7682 20013 12499 31166 13206 16922 25489 32423 690 19762 32396 6644 11500 29071 4526 17843 2543 8497 5216 18175 3920 13207 555 9808 17685 574 4924 11060 7868 11813 3925 9568 21087 2539 3017 27080 11469 3031 3495 3306 3207 4925 26910 13007 7013 18332 5603 7949 898 12340 6799 9970 9958 7261 9856 14780 2613 2644 12500 3751 11716 15504 2533 19359 4943 9033 702 13030 11436 9549 31174 28706 3362
2363 25468 7951 4520 2790 8736 3462 13011 25541 22492 12485 11830 8748 8401 7572 10837 12983 3501 11595 13969 24701
2364 11748 22737 17906 28140 4980 22929 20460 17390 17393 29848 10866 27063 22134 31633 22819 31843 16407 1203 31977 16581
2365 12709 1553 11614 27236 17398 1203 13177 14344 12740 14358 12712 25764 16837 29183 12680 24908 12753 14302 28147 13178
2366 19185 24393 24471 15197 13129 21963 24093 6739 3603 25938 19184 21552 6733 18449 17769 8784 8786 14447 4380 21495 16979 21201 23677 24210 29365 15582 23916 24117 26301 12917 30870 24069 24330 26622 31552 26324 26607 20468 15605 25107 24060 16317 26754 28594
2367 3503 7932 660 2790 9230 12193 1534 6602 8454 6782 20917 688 2628 6701 7337 5226 13646 25643 5530 9677 8376 6345 18331 21253 9226 12033 7941 3038 12973 5607 3508 3217 15876 19011 4828 7013 3281 22591 10767 12290 572 25035 17661 25511 20131 7911 4394 25502 10307 25041 2632 25501 30779 15910 15881 32196 26086 6326 6958 17578 13920 12863 13265 10608 7861 6343 11838 11802 6644 25881 3346 7712 26802 11516 12308 16292 8721 1819 22215 7063 6362 17301 13704
2368 15129 24645 12265 23900 767 14077 2878 17325 23848 18781 11874 14076 21511 16890 26723 18790 23486 12920 26724 21635 18788 6736 10435 27539 25221 15011 20835 27827 20298 18735 15353 30629 14682 21513 20364 16123 27743 3030 20074 15034 28700 14447 17096 17538 20558 25412 25350 26104 14649 14470 27829 25355 24600 25000 22800 3593 24665 23843 21815 31402 20736 11870 19037 23854 10148 27509 18106 6705 23160 17942 26243 29580 18270 27808 30201 29147 12415 4880 24985 8730 13103 15110 29653 24014 29923 21847 27301 27299 27534 23015 24969 31270 14800 16518 31372 9795 25348 21127 29570 27300 17532 23427 25420
2369 12938 29515 32265 30321 29086 20849 9942 29685 15431 29045 27969 23581 20854 23571 31500 32271
2370 550 17231 2549 13753 2703 2701 3192 9912 4134 3967 632 1818 1527 666 7929 1815
2371 7906 15866 12983 8736 7951 11817 13969 14989 13943 25478 15896 11204 13067 4872 892 11828 19180 13970 13941 27813 10945 19183 30273 683 23051 31814
2372 10099 21855 1963 9030 11594 27753 12984 7881 12338 3367 11516 22344 2703 15465 609 13938 3347 13931 7339
2373 19428 1113 1000 8063 5009 9 673 17715 15376 7711 31822 414 15840 26031 54 31703
2374 7799 5176 3002 2651 9909 19883 4131 7707 6455 4887 3956 608 6798 2814 3301 7713 9941 3135 2491 3274 9309 12998 11798 2396 7946 899 4598 7686 2542 14 26932
2375 14991 8477 4526 3500 11586 17663 3768 29077 28388 20311 10095 13206 9915 3738 4336 11465 8763 25387 17118 11449 27669 14657 7150 31198 27606 9559 7604 18478 6192 7581 6481 6222 13892 2630 22483 13499
2376 7420 11111 5802 5807 28008 5797 9124 5793 28724 5741 25185 5792 10191 28740 30258 18843 17306 9280 9289 9288
2377 7399 9624 7080 12793 16481 9766 16336 7771 4957 32071 1151 12780 16437 12808 2845 4974
2378 5033 675 2502 2494 14 16897 666 2458 899 6526 661 60 3185 14755 1365 9773 2673 10 6977 582 2649 563 12977 18588 13007 26 5370 9272 6961 16922 16368 18416 1821 7218 6962 27428 28152 1312 9735 558 2216 8094 2352 2294 1794 10980 1987
2379 707 3031 3289 4547 16918 7945 24513 5030 17080 4931 4926 3294 19053 7896 9421 19059 8330 13945 2806 26731 8426 8757 7224 6949 31464 23679 892 702 13938 23467
2380 12563 11686 2296 15483 5960 2388 2114 22938 7482 12538 2075 10910 25970 32420 31206 2316 23683 21025 2285 2088
2381 12060 26582 2381 4036 12351 3403 29900 11926 10855 6993 1256 5849 5977 20019 11932 558 5953 2096 1662 2251
2382 23680 7825 6712 21859 3192 4575 7929 5501 22949 11782 4907 7356 10 877 10145 688 10144 2535 2681 4323
2383 24307 10454 24008 27593 20382 24281 18557 31665 26767 24304 16043 10449 21483 19194 29346 22009 24321
2384 23535 14925 21503 28592 16481 12812 25625 1548 9432 20197 66 12754 19703 28879 23456 12792 844 4886 8687 19776
2385 4660 1234 911 2663 2047 1065 16740 952 1315 1320 14051 1350 13472 1182 21206 11855
2386 11911 6939 911 21637 24749 7747 17959 11967 3011 12613 7762 1517 13199 3164 23237 7742 1810
2387 11868 27823 6738 28511 12916 16989 29840 10149 28312 9326 24311 28899 25761 21972 20612 22801 28831 20874 27092 14427 29565 30122 20581 21492 14521 28295 26850 24438 30577 30272 24435 30597 27532 18112 18270 6703 25107 26633 28276 30201 27219 24387 26324 27205 27727 23424 24858 22384 20557 6709
2388 688 4580 8171 3330 4789 7916 9482 3346 4496 20937 6144 7951 3210 3501 7942 5499 18479 28249
2389 15213 25284 3606 27105 10020 14644 3672 25044 15105 14611 767 22801 14520 14683 22839 24465
2390 9033 7942 10250 9865 16190 4943 3008 3349 12858 4602 13011 8748 7279 12194 21254 5308
2391 21135 23117 23169 1708 2363 15106 5281 23179 1874 2173 23189 2155 13378 25950 2218 23124 18387 7635 5050 14120 29363 2333 13365 13051 6869 18587 8256
2392 25405 20709 3296 29714 30787 2860 5357 3316 20707 13906 6347 2966 8687 618 10413 14326 31734 660 6694 7054
2393 10501 1302 15709 7831 6497 14124 3078 1831 19997 10813 17267 1008 1789 4764 21302 6827 19419 3733 2283 2383 26050
2394 675 21497 16685 29290 29544 23427 32666 32500 29686 30533 24613 14298 32600 19405 14077 25174 19941 31504 15026 15227 23945 14078 25284 24378 25056 32108 16380 32042 6746 32667 30894 31608 29707
2395 1286 3950 7618 28868 21751 26780 21382 30231 25531 8397 16389 7949 25490 11711 25458 2584 13931
2396 7408 7415 14240 5752 7192 7788 5807 27004 18855 21982 14221 5385 11399 32019 20962 9268 8524 5797 7842 14230 11176 5762 7841 5734 10340 19953 5799 27736
2397 17276 3011 1917 7505 10930 948 14955 10569 2456 1720 11051 13100 7644 912 21992 29314 29304 20507
2398 22849 15341 24944 15017 26399 2448 15219 3030 4801 22251 16223 10435 16711 14904 17098 3575 6704 3598 2913 15187 3684 3533 4880 3628 22382 16996 20663 18054 6756 16123 3589 767 764 14661 26244 15197 4391 14083 14523 2877 21811 15038 3531 14487 25942 12927 14876 15083 8711 14879 17856 4878 18807 8813 15338 14722 15237 19876 25938 8809 30729 20773 28027 15565 15154 17532 22059 16220 14692 24611 23204 30012 7401 15302 16040 14600 9795 23099 15057 22137 17320 21813 14402 25725 20262 31337 15263 30428 15029 14859 24010 3603 7397 15350 14851 3633 16192 27539 18781 15988 14584 25805 22913 20274 16518 17092 3614 28664 14718
2399 9685 17580 8385 21857 6195 12050 6456 5238 11394 15945 25227 13257 3294 2578 27589 12849 21280 18488 13022 4629 2482 17619 21216 13009 5729 16369 1963 7226 4489 29428 8397 13016 32196 7278 17599 9542 6256 8374 17579 24950
2400 7911 8483 6853 27896 8465 15463 8416 18991 25299 26155 22117 11177 11783 13690 15825 11690 11713 12052 9677 11635 12041 30275 3485 9680 10607 17108 3008 6220 22958 23292 22917 32326
2401 31276 14620 18781 20580 3606 14464 21021 20818 10148 25348 15015 20596 27215 22156 4396 765 21313 14299 27041 26472 28458 23420
2402 18711 16730 15197 6762 26402 15266 15352 18289 6746 14088 16744 13457 17258 17529 16547 12938 23233 18789 21066 20798 24616 18709 11874 14735 18153 23846 22908 14489 14492 21082 27214 3549 24061 16243 19069 26060 24333 16651 4375 23654 29546 26352 23231 17261 14706 24136 15204 21020 19909 12184 24600 15051 22443 6738 16921 19194 24421 24322 14536 9375 3650 18748 14585 18286 14644 22373 25760 769 7398 26243 14862 25398 27732 19922 3593 3601 14298 24507 24500 8712 17532 16508 15986 12916 18068 2897 29308 20525 15179 17962 17324 17759 23017 23154 24936 24336 10460 2448 7396 21012 15205 25943 22178 16037 15059 19314 14584 23836 14381 25168 14473 17031 21844 29364 24861 14517 16110 25428 30217 29933 17542 26104 2873 14259 2886 27541 29552 14646 20835 23491 10148 18270 28092 30576 32073 24347 15607 23026 16653 29985 22156
2403 9536 17463 17704 13610 5536 8494 11439 5040 5344 7914 27695 25922 6245 6811 25304 13056 8477 21857 27177 11818 9586 24792 7906 11476 28622 13954 28419
2404 14953 8297 5976 1182 16215 12404 21116 12133 26658 23705 4022 4073 17290 16805 16802 22616 6001 13680 20978 23407 24689 4668 18207 11998 26709 17284 17366 15679 9211 3515 8602 14126 21468 16807 10526 2390 30112 6488 5928 27578 9983 23704 5115 15682 2024 5883 9985 20231 4344 6990 20648 12004 8616 22506 1810 9437 23706 4225 9443 6471 21154 5857 16811 11878 31549 15926 25895 14836 11801 19992 19417 10795 25683 5672 10811 13811 23182 13684 25094 5929 29698 13797 15499 11272 9987 23883 8056 17786 2263 12628 29701 5892 18385 2312 26727 11540 1629 21652 29216 26746 18212 17234 12201 22471
2405 10896 2992 2968 2050 1268 15794 30521 23081 10242 13982 13338 10576 23119 1971 6570 13813 23181 23171 8168 1920 23115 8647 8136 23744
2406 17525 26299 16097 20592 24195 16871 24167 25133 30472 22840 28312 10459 26040 30869 26510 24317
2407 15994 3008 3312 7937 9336 7816 7903 4580 3038 3295 12853 3327 17704 11449 9550 29331 13949 15939 3344 10100 30449 21750
2408 2598 2966 6098 596 1813 8745 7909 7951 1116 3844 925 1984 23223 14132 3134 3344 2818 4939 2979 10607 21681 5853 3951 12599 1333 11827
2409 8687 14 11637 4886 665 7309 18416 4707 2554 2458 624 567 11022 4576 1637 21831 2860 2538 3191 2649 677 27958 675 716 19357 7575
2410 5836 27697 973 20019 13802 1834 5005 2323 1114 1051 558 9845 9412 803 13791 2279 1738 29303
2411 7980 28120 10132 11733 13656 8145 13659 27689 13654 938 13653 28858 22966 26895 5912 22306 31445
2412 27576 19308 8072 3515 1648 4053 8045 5856 4225 8584 18463 16355 16483 18203 10474 4267 1284 3826 28070
2413 15993 3347 15741 26564 9117 10659 28876 3506 5732 11825 3230 19892 13968 15994 741 27701 11624 7168 9461 11815 13542 19751 4939 3488 584 19883 9116 27056 13969 30887 19134 21751 3186 16793 24587 17492 30730
2414 14795 15197 18783 15188 16626 18270 3614 20613 885 902 15025 27281 14488 14718 20798 3533 15170 15145 23024 3030 20092 22155 3530 10148 12932 19194 14667 2897 17101 14861 15249 3539 15015 750 25938 20059 27042 24565 16323 18790 22800 23490 18641 22389 23435 23033 6762 29395 16037 30531 17532 20735
2415 1027 25592 3759 19379 5951 4008 11905 12002 22402 6406 28984 9751 28214 15438 1420 20229 29700 11343 3875 5973 3516 19441 12004 11272 22668 23706 29022 31668 6492 84 9830 13567 7310 11991 5672 6994 17213
2416 14184 5026 20631 4768 22464 8094 5697 21468 1451 29081 25224 31050 1890 2212 8064 23408 29637 1904 32541 1318
2417 28092 24389 21964 24035 24447 22268 24353 23017 26880 24070 16072 18218 20266 28697 24354 28487 16015 22156 23937 14295 25404 18188 22261 10139 24368 10148 18717 25217 21064 26850 24116 21086 20059 20613 26767 24288 18798 29552 27036 29565 24911 17324 28764 26622 19194 9795 22800 24093 28822 28295 28167 751 24422 18111 28769 27512 29195 25758 29158 20734 24423 29092 30675 30911 26263 17031
2418 9495 30459 26451 26564 27810 10386 13943 23052 15893 15467 32387 3381 13952 3316 11831 7929 18350 1958 11833 3347 13285 6690 28819 15899 11204 13970 26568 4733 9421 28917 13068 9681 12846 13067 26796 7014 12481 609 682 12052
2419 25784 25214 23672 25043 16115 16521 14457 14520 17346 16324 2447 14088 17258 24391 16023 16721 3620 24933 23848 3555 25048 10025 11872 14421 21324 14921 6762 12255 6753 17737 18026 23836 16655 17962 19918 23843 16096 30012 18695 16041 16612 14528 15081 28196 17257 7401 19274 15067 28820 31446 4380 17256 22628 10148 20613 16653 14387 15225 29841 26470 18792 3548 14606 28167 10435 23996 9323 25800 16029 16496 3664 20379 28506 18036 17340 20364 16465 27549 14077 28557 30746 25761 4375 9376 15095 16375 29695 3673
2420 18864 12786 10731 1599 1199 4970 11938 12715 1593 9235 10117 12813 7779 12689 10872 14348 30133 28744 9935 10196 1139 18818 22514 7768 19960 25182 12785 29663 22645 3019 32192
2421 952 1426 1848 4281 5841 909 10593 1931 5 6494 6522 6937 557 2432 8972 7128 8043 2451 6857 6874 21893 8062 6554 8045 16909 2678 11432 18228 13370 22312 8086 15594 21933 2187 10635 23818 12077 1522 15555 3964 29538 972 14124 8920 1318 4087 18171 17407 28275 8094 2294 8108 11216 1481 8103 12084 923 4268 32165 18025 2120 1248 1000 14131 27653 1116 691 13052
2422 27406 8326 26564 26984 8752 14974 6186 30071 4736 13938 6198 18492 6302 3957 15881 28905 6274 4937 690 5204 22130
2423 4735 29284 3496 19779 9563 4733 11808 9033 4128 8687 9671 665 15961 4530 11811 18512 18622 9122 6516 13057 4540 8002 16320 13017 4563 12847 6625 8759 13022 11702 4136 12050 19017 25300 2803 8466 4124 9511 15895 9032 19463 30925 4135 7706 17824 18416 13005 9553 1318 7654 999 24549 21283 16146 16306 4629 31971 10841 30773 3272 877 26825 13171
2424 27203 20584 26175 22793 20574 22455 20578 27094 20073 21973 30271 26325 22803 28811 27159 23728 20053 30711 16024
2425 12096 2573 7186 5799 5767 2413 7406 28975 18686 14240 10183 18885 5794 9016 19509 9291 29669 17313 7182 5396 31620 4608 31565 7794 31567 11138 6036 5399 11115 30412
2426 19310 5492 108 18730 4407 8769 5491 15840 15416 19491 297 257 8820 215 139 414 26151 254 4434 21703 19671 31283 17892 26948
2427 4548 4942 7059 14633 2816 5188 19770 13952 25459 7631 29526 4525 3027 8764 19140 18332 11780 21382 18471 16276 4547 3495 11784 676 16093 15734 7928 32008 4829 24633 19784 29931 18578 13618 3738 11717
2428 2451 9833 8933 1794 5026 2007 8096 1113 6937 7654 7656 13382 6789 10994 10126 18025 10899 26688
2429 30279 12194 17680 3207 4911 25917 28192 10376 12869 16271 4931 741 21579 7634 8577 27913 9319 20914 11837 12048 22599 4460 5710 9811 13191 8492 3294 12974 9679 593 3471 2695 9864 26802 9225 7337 23770 7289 11717 3937 22868 3751 22492 20494 4500 13003 10386 9559 3365 20111 21831 3387 4638 892 3490 4925 3027 15894 27148 13040 15994 7572 13909 4939 4940 19904 13943 3002 12052 629 4487 22917 13969 10093 13932 3346 3272 6155 13010 10079 3017 15902 2483 13947 4834 8745 28861 13929 11468 5537 7688 7949 11824 30662 16365
2430 911 2191 24644 10649 22676 27358 10484 6993 1250 22170 6868 24553 16333 18245 21683 5947
2431 9105 28496 18729 8779 154 434 2762 19495 19481 2728 112 329 370 13869 4334 166 9406 21395 13480 19664 5410 264 10948 25244 25248 27784 28992 9790 384 25116 31335 20336 23367 27719 276 25249 20422 16207 252 5415 414 147 19224 13139 291 194 282 217 137 20136
2432 1223 13828 11336 10846 11346 17775 8231 11683 5014 28340 10260 22067 11688 14046 11357 16316 11363 21120 28986 22715
2433 23054 20113 7788 12358 8609 650 28717 9289 23779 5790 11409 643 534 11117 2934 14226 16237 5802 9128 8510
2434 13540 3222 3381 21949 25909 6139 9964 3357 8737 3340 593 6163 14002 3506 732 3921 17702 1813 7230 24671 19885 12873 4508 7963 5729 8396 4124 7073 13516 6347
2435 22726 25325 31263 17470 23492 28101 24536 17466 23500 12601 22782 22895 27198 31547 31762 31939 29132 32351 29229 16178 25765 20741 32542 17955 20521
2436 30107 7610 26418 13262 6258 12307 2632 8384 13267 25235 2803 2576 2998 7634 8357 660 15472 21832 19359 563
2437 263 30899 15525 5520 2458 4509 27379 2805 2707 615 8463 10376 660 18958 20012 2571 2622 6940 21745 3327 4122 15973 79 11711 6161 7916 7290 13490 25844 18347 28939 10065 2999 28894 678 17646 9339 28875 3467 27170
2438 4738 10097 12305 25774 22445 18481 19719 891 7581 31168 26775 25743 22476 2797 29408 19850 7909 1822 22089 28280
2439 8659 6684 7807 14173 6022 982 9945 14109 29219 6507 4071 10573 2263 1481 25006 1924
2440 27422 21393 19671 19223 19522 28476 20 23337 11320 21718 5459 19455 29968 32129 19486 21390
2441 16903 28895 31234 13487 22591 18944 22692 21305 23399 19791 1746 30777 2643 23650 19811 30051 24771 8492 30127
2442 7952 26497 12492 26523 11712 3344 8732 20497 1958 29761 25304 3466 30823 11702 23398 13172 10943 17712 18990 13289 13963 8745 14978 29242
2443 909 1182 15799 8025 1353 19054 1039 2663 7392 8035 783 5882 12599 972 8867 9666 17553 18087 8063 11341 15118 11209 21647 8089 25686 8072
2444 14771 6632 9309 7925 734 2614 29075 678 1170 5061 5009 6440 7128 1168 7246 3960 18972 21642 1454 3832 9349 12 20519 5617 9392
2445 1463 29285 10632 7231 5676 12949 4750 9945 9740 1025 6554 15682 17275 6858 11906 4260 7388 8056 12597 12466 7807 9012 18626 18497 18515 4143
2446 293 8775 19989 23380 368 17892 26947 46 8794 337 5000 23326 1333 31904 17890 371 6550 357 11310 19432 13135 310 27456 19659 194 8779 229 31009 25243 316 19226 15412 30160 132 5089 23340
2447 14277 11661 21328 12556 8650 13980 14811 7751 7296 13716 26797 8714 5290 10908 30394 1997 13100
2448 24904 19710 19963 10732 12789 14307 1212 12785 12704 27313 1593 12747 12792 28163 13177 27638 1546 4971 12727 835 12907 22534 20449 28963 14320 16474 16457 12908 30499 12737 1581 27861 23455 12794 32099 25625 27562 525 25626 1148
2449 7658 10576 18495 1754 1657 2358 11900 8961 16909 3987 2061 4770 10716 10933 10348 2369 23387 5892 6060 12597 4275 13797 7128 18025 22616 1038 13363 17912 1961 783
2450 23312 5074 2128 14955 673 1462 6937 11525 779 7932 6527 909 12599 9835 29754 2274 2143 8527 7520 6263 21652 13370 18494 8028 8079 1960 3161 15277 8046 16910 6532
2451 2065 9419 6939 11954 1640 6638 1181 10243 905 29786 1519 10915 8650 18361 25635 5254 27211 30132 4148 14810 1007 6657 10016 29597
2452 19120 31341 30103 10417 2966 10407 18382 25908 745 23392 20705 16793 2398 25731 17687 13540 23393 27681 18376 28016
2453 6557 6155 741 3379 733 3303 8748 3306 16793 10147 3196 3316 2707 1746 11824 3478 24631 31066 30840 13263 8406 11204 25733 5519 26593 7694 5170
2454 13483 17249 140 18729 21385 17892 53 19444 19606 286 9813 26010 13306 11887 20347 175 31211
2455 15406 301 215 25272 2728 11486 5422 29676 48 8710 2750 28226 4427 418 20423 2748 429 5488 19223 19498 25127 29773 16203 402 406 103 236 13480 28473 2759 266 19671 32642 7346 350 28325 269 20358 8778 19497 235 24 15416 228 21393 9813 28228 32066 252 19653 20363 15365 32688 15478 168 376 15415 15479 25675
2456 618 24554 15903 6713 30279 17600 4455 3210 4621 10369 5527 6958 20511 10026 8389 18618 6960 12405 23295 22599 17703 5537 26232 10376 25541 15959 11497 629
2457 2708 15322 8731 10764 4634 2483 29001 16294 12300 29806 6692 3920 3924 1382 21857 2574 19885 30349
2458 21413 23554 2450 21312 26725 16380 14405 21810 27265 11600 10443 15035 14647 26569 17051 22370
2459 9598 4994 20303 25132 10753 16482 7774 8606 12719 22134 24904 2856 4980 18912 9787 9614 10611 7106 12763 30854 17394 1212 7109 1207 26635 9613 22876 12796 525 10023 32692 1138 13130 9597 4987 1214 844 25626 7027 4973 13180 10712 12600 12711 1198 30917
2460 675 12277 7697 6180 3301 7927 7267 29233 28568 2584 13014 7230 27741 7167 1822 25099 24627 6173 5603 6713 5356 25779 15906 12052 13022 2703 8727 8208 682 18132 2968 4716 26377 4924 6222 19861 5173 3945 3204 3954 26447 23359 27344 4907 660 4733 3193
2461 7634 13906 744 27150 13908 15447 24554 20918 12397 7578 9421 28619 29254 32466 681 9669 2797
2462 9693 4240 8129 1168 8533 1473 10492 5548 4111 10839 2677 614 10889 16254 29439 2527 8482 2458 798 29367 8054 27642 22307 1106 6992 4207 1535 5072 12842 66 14140 27435 27400 20980 4907 1817 26746 9845
2463 3086 22067 1102 27921 16253 22306 26648 22063 10107 26651 5966 5704 20641 10535 10536 22355 24582 28984 21581 26184 9998 9993 24922 22718 11330
2464 16041 9793 23931 24376 16227 23481 23924 4801 26850 27491 30581 24371 18694 23251 20625 14295 23825 20468 23973 24347 25997 25348 28772 20266 23255 22872 29707 23017 18923 16072 15155 21842 24567 16317 18270 24507 20007 8784 25107 20004 23823 23905 30910 3646 22124
2465 1949 3072 854 2285 6837 12471 2202 15503 17872 5114 2212 2344 1675 4007 2389 19097 8788 3431 1749 2159 11879 2125 1913 29216 1762 23194 8527 10877 31401 2081
2466 18189 14642 17056 24235 14701 21010 16995 24808 24990 29147 16890 6705 25343 21325 15207 17100 25348 18075 17942 16716 3548 21524 20278 21318 15235 27509 14593 25350 26809 3673 25724 12929 16547 18555 3574 16220 28781 14507 29058 23156 887 24815 6762 31315 14970 10148 15051 3592 31890 14381 17503 19086 19926 14552 13154 22434 12920 27275 15135 8786 25351 25711 24061 3562 28783 16063 15025 16123 24616 21977 16869 26722 15099 17063 27508 16392 22702 25427 17558 27111 15060 25695 25818 9763 25352
2467 563 665 13049 15325 8738 11640 16140 10064 9566 1822 0 27740 72 1637 4203 1815 11597 3198 18175 8546 11592 14804
2468 5916 5874 1097 5931 6074 18439 3977 28073 4026 16532 21589 5704 8231 21594 3516 5908
2469 798 2021 12452 1711 4324 1376 1741 3348 1468 1739 3326 2542 1521 1754 815 2533 4131 2644
2470 2838 12689 10732 1162 3045 7078 11547 10718 22511 1582 2854 9274 14286 14348 14302 11564 11545 23242 549 1199 539 2837
2471 17620 8762 18328 10763 13288 22609 742 5727 9478 13164 4644 9647 24679 29808 19529 26915 8492 30110 27245 16796 6186 19021 29072 3197 7013 11796 15966 736
2472 4907 2979 20400 23298 10536 2251 30147 10532 12351 23413 18171 4483 12466 12459 18660 19639 15474 4268 14148 13823 1424 7498 20507 3759 10242 7110 23600 4320 2120 12134 8972 10505 3706 4278 1121 4275 16976 21660 1001 2988 939 23192
2473 1428 14183 26044 14372 5133 4265 1187 27337 25313 22314 9896 8110 6443 776 3847 10118 29538 1020 25393 7050 30143 25237 8875 10853 26713 9845 23192
2474 12520 30774 2093 1627 6673 5697 11966 10569 3011 24789 10969 11661 1945 11040 17270 11231 5832 1712 1825 30226 9845 29304 9026 23716
2475 6656 22883 1608 1748 18456 2332 2301 7866 3378 9467 2066 3980 26067 14808 30879 16741 20027 1516 25457 26484 11572 2130 20667 20417 10128 6358 9739 28651 1695 31533
2476 5673 8920 911 19054 9922 8256 5330 1801 988 8934 5010 28714 7642 5693 779 9412 23300 8318 21252 20019 1761 1783 21261 6937 1051
2477 12485 14771 12536 2297 2130 9025 2248 6623 8727 18211 10930 24531 23223 28263 1616 3460 7860 4615 13612 16364
2478 5407 9033 3365 2395 4907 4523 6798 5627 550 3245 2797 6956 8737 4525 4926 16914 3204 4526 3496 3025 2707 2817 9517 5242 2860 13450 13909 19022 17615 19464 19056 7939 17618 5537 9481 2609 7942 9120 26379 23397 3971 24591 32551 3281 11640 2489 1818 8401 2968 13015 9529 11705 4821 25745 24672 30249 13263 15909 29411 7617 24626 12277 27378 4733 26455 21848 27602 21955 11825 2483 18331 1741 6822 24631
2479 27747 22266 10453 21320 26574 2890 19297 30563 19194 22943 9324 24356 21131 13152 9763 10139 22620 17258 17183 25404 26002 15290 19065 23828 11601 24308 15015 23929 28196 15025 14721 24196 3646 14298
2480 9122 8477 10236 7864 9467 8753 3281 8463 17670 17819 17820 29699 3460 9454 3302 7858 7289 25300 10936 4733 4398 2979 20426
2481 11177 892 15459 609 3747 21568 24733 79 26369 4939 4904 3357 26476 13193 15736 7847 12409 3198 10767 5508 28434 10768 13945 21878 18993 681 24801 7335
2482 19061 24728 22599 28423 9683 10767 17662 28529 3503 3361 22868 7954 22107 10093 13003 29775 6713 3217 13061 21875 4643 3478 19056 13271 17694 22694 13932 26682 4460 25558 11713 16367 13447 13498 30053 18484 3497 12039 9230 6960 8397 30916 16272 4893
2483 4047 1020 8236 1182 4132 1001 6022 5056 18439 2966 660 6798 2543 4548 13633 3867 10523 27758 15673 81 5890
2484 26592 2966 7608 12050 22958 3452 8503 9573 3008 3331 4600 13003 28417 4131 3333 3224 4525 25529 27701 3034
2485 25302 15895 10839 8504 13708 32628 4895 658 30823 8729 11055 12485 10607 19789 7894 30558 25530 22204 19531 62
2486 8253 26480 1223 9347 11662 13578 9925 3853 8911 4281 915 14113 6127 1313 1182 20746 1320 9043 1271 1482 3802 809 7123 5053
2487 3321 13056 6809 31143 3747 8259 3342 4128 13027 9880 11201 15900 3225 2809 9545 13049 4523 3273 6193 1375 9560 31274 6204 560 30048 4924 32423 7707 13618 29094 3219
2488 27358 5701 4281 1901 4268 18579 5854 18413 4259 4078 4275 1828 4050 2370 28620 11910 29182 1342 9778 13345 1095 27318 14845 1437 3826 12006 20809 2188 5983 11052
2489 11713 12308 7625 71 3508 10379 19011 30653 6183 24758 5614 8760 31772 19861 13561 16248 11711 5354 29004 13068 11717 6217 24803 11442
2490 2130 3098 2299 2011 1622 11216 12553 11051 1523 2155 16740 5295 5317 6442 5294 22883 1642 29209 26064 10825 8650 3091 11187 25677 1761 29235 1712 2350 19419 10548 1874 2298 27256 30805
2491 22566 11137 9130 30193 27771 7406 7414 9017 4608 23690 7416 22640 20908 23350 7352 21110 16213 11122 28972 5380 2932 5751 18684 21108 5746
2492 8694 215 15121 340 176 13597 2735 373 420 26203 15839 5489 15800 167 15838 15801 16279 325 9052 18728
2493 3508 14658 7940 19734 6960 4742 18986 30967 13266 14167 7629 3231 25437 24950 27343 4127 28561 3471 9305
2494 8285 5977 1642 21906 8648 1481 2174 26721 2290 20637 2250 2096 1870 3404 10976 20913 2418 12563 9765 13374 10601 1728 26769 31097 2050 2296 2342 5569
2495 9324 21021 13155 19187 18654 10025 6746 16614 30497 19194 9795 22268 3591 20284 14489 15209 10148 26002 25046 14459 17258 6740 14621 14492 16887 16123 21293 23901
2496 29117 10825 23188 26214 2273 6772 2167 11569 8626 15604 13356 13395 13322 31157 20477 9047 23190 9042 21944 2064 6876 1717 13379 5315 23115 7490 10931 1611 11664 18433 13367 31894 2274 1183 31311 8092 2099 8184 30638 13346 29767 17728 29953 27212 11250 2174 12620 2016 903 13366 10275 13389 24764 27670 4676 21212 13405 13357 9048 10481
2497 908 26483 24828 27138 12226 4244 27358 5899 6859 8553 23173 9908 1020 27001 1241 13797 5965 5974 5976 17217 807 3980 1248 3513 28321 11536 1008 27689 9446 10831
2498 31360 20574 21973 23536 27281 21479 28506 17520 28515 30466 30683 22627 20613 9763 22800 29570 20062 17751 20298 30689 17743 29565 18643 3533 26840 29840 22260 26174 28517 28832 30733 20059 22704 28831 25050 31964 28021 12925 20058 32360 20818 31837 22807 25760 24347 24358 27074 20093 25812 25938 22458 29839 16029 20580 15287 31512 17764 32325 14473
2499 2584 8369 8395 735 2484 27682 11518 2571 4877 9578 4943 7951 10687 6962 7339 2458
2500 9340 3186 11830 20707 7909 13265 6280 17659 4605 15993 1967 8208 7697 6632 7572 7890 13561 19181 5354 2708 21858 5530 7686 13261 11204 13071 4135 18469 9559 4939 8735 741 13534 14169 12846 13513
2501 14784 11525 1924 6145 16815 2451 8960 27642 20029 10133 6029 3 23020 13774 5070 12563 5147 3781 10496 4169 9919 6146 6525 2783 1948 5330 18322 13277 930 21926 6263 5371
2502 18690 28886 534 5818 10217 18888 30923 21979 28084 17362 26428 9123 28742 25640 18081 18904 18918 18825 18866 27100 21610 9283 11405
2503 14982 18951 8760 13012 13029 22190 13944 5521 4871 21309 30761 10286 12299 10621 26583 17841 13021 28492 4731 8364 28076 6260 664 31971 12868 26776 11712 13065
2504 9787 4987 532 13178 837 14323 13081 14309 21294 531 32060 13080 12760 5749 16840 27736 14345
2505 12949 1428 1110 4071 9945 3843 795 4049 8070 7968 8709 6062 28334 3399 908 9691 5872 3187 15934 7052 8968 22766 3707 30557 1097 1188 22575 12450
2506 3273 12850 9340 13168 2620 6621 7634 5504 2784 15447 2703 5515 17818 27846 659 12481
2507 3207 11388 7906 9032 7013 3069 62 8687 13914 13007 16903 8492 6526 4939 21908 11806 7945
2508 20594 27470 20078 26034 20580 22798 29260 22805 3674 17758 28508 24858 29840 27472 21474 22011 20069 30241 20582 20879 23250 26161 22460 31846 22801 26175 22008 24193 26060 17747 22228 22458 27094 18921 28511 15180 8711 24505 28097 27203 26842 14906 21557 31845 32353 26325 28505 17745 20563 30760 28513 21968 24856 32699 22765 24499 29425 25700 24248 31752 3536 26326
2509 3072 2039 10896 17872 1770 2107 1866 1885 1653 1649 22278 2003 23169 1627 20914 3798 5989 1732 792 2363 23238 2021 12070 10537 13674 2288 2112 1038 9034 1952 10928
2510 11598 6199 11463 2796 8243 3332 2707 26578 5661 17926 8693 19750 5199 8492 24832 25618 2583 11695 4822 5201 25361
2511 28516 16877 20661 3674 31222 29980 23654 24273 28960 15059 20366 15210 3653 14889 29545 20375 17532 16392 15179 18646 14649 14875
2512 652 1536 9639 2788 8004 741 566 657 84 9309 4129 27926 28860 72 62 27844 24705
2513 17579 17708 13021 5712 7002 27612 14987 3394 8752 8503 13040 6326 31122 15907 17623 13271 31812 31340 6691 26337 13166 16367 22694
2514 17869 22471 5123 32714 18211 22470 27797 23201 28789 21936 20398 8650 2282 1627 13100 6717 18441 31979 2064 2093 26102 21992 30928 1523 30154 2315 4132 555 15993 9122 2950 29697 6115 22438 6656 11968 11572 2391 5718 778 2286 2422 30879 17873 2227 11216 29956 2303 32238 6075 32588 5947 6011 13353 23195 9024
2515 3002 3298 3193 24675 13255 9118 7633 8754 9583 11637 2532 1376 8009 9122 12390 7952 11666 21743 2681
2516 20036 6874 5939 14113 2251 5934 1320 9135 9014 1114 9247 1318 1984 7317 4281 6587
2517 7290 17673 6691 4738 1375 6973 3306 13262 2584 3292 18408 3950 3294 2701 11714 3324 3336 13928 15953 32289 7634 4789 11205 4615
2518 10238 23172 2943 3011 1989 1825 1517 2198 7742 18392 8650 14117 11664 20674 20400 18004
2519 4735 18012 6093 8242 16265 79 580 2860 13526 6091 1818 2548 7825 3191 3023 755 20306 2807
2520 603 2557 3193 5802 4608 16212 16419 26415 9017 15572 25081 25371 28976 4606 5755 10219 22552 31565 11128 31334 31545 5808 14269 2390
2521 21279 8762 3027 8748 5032 4521 4136 3348 7623 10386 3031 4515 14656 4925 7927 17901 6094 16900 9033 16922 899 3301
2522 21779 24418 18098 18295 20848 15633 29036 2979 1813 27758 7909 8754 16142 11445 27923 19944 32110 6752 26848 30587 19307 30368
2523 19169 23423 19172 19333 29053 15629 11805 29746 19307 23039 30996 25319 31323 884 28395 27968 25856 19414 11634 23205 16951 31502 30997 30376
2524 11670 10386 27684 2701 18078 17601 27089 4460 7924 5539 30053 15957 6199 11744 26079 26083 25952 23280 29249 3500 20755 6537 13984 2818 686 7208 6811 19792 11451 26128 11380 614 13639 6297 32315 29437
2525 875 27960 4123 572 2569 880 2966 5709 660 23344 21220 547 704 1536 6712 2971 677 24695 678 2651
2526 4800 566 14611 28311 15607 24268 18798 3375 3646 26177 509 16063 28838 13605 25243 15846 3973 2542 222 25254 26453 4131 603 1742 15510 10272 608 9502
2527 387 4419 17891 208 5477 358 19491 17793 23370 205 15846 15407 11195 4409 25255 11372 11894 13604 25257 24958 143 31086 2767 32341 31089 4406 13480 218 25253 19633 310 31376 21393 26031 32125 2762 264
2528 15170 6758 28685 23536 18051 14415 19194 27204 22156 14684 19187 19072 14903 18037 10459 24931 14502 29060 20053 19395 20733 27497 14701 19879 19156 28466 29134 14427 18057
2529 25511 3306 9421 13289 13941 10768 13956 29414 31778 4732 20126 19006 3394 7632 15737 8416 27845
2530 26726 22433 26880 17542 14365 19037 24936 21021 24116 25345 29549 25785 24506 24649 25346 24423 8786 26002 28235 18783 29093 11600 14706 22677 29031 19194 6746 25426
2531 16402 31843 28361 12128 23642 1136 28025 839 30393 12720 4952 20432 14343 14315 14340 12806 7768 32256 23754 14349 23055 12786 16840 16841 16837 9787 12783 16589 10871 26098 25628 23645 14294 1605 9610 10267 17400 28592 1590 11166 12798 1212 27051 14358 2857 1157 9786 10870 14341 27640 7773 12715 20456 12708 14350 29183 14342 23755 11547 12914 32032 12779 13178 27861 20453 24826 30750 23277 7047 20454 20191 31570 12773 14357 25719 12748 12600 28877 12808 14348 31515 20304 23480 11560 20449 25360 7024 8131 1162 27638 27572 532 12691 1147 10737 24673 30297 31955 30495 32005 8699 9771 32721
2532 3666 29061 27780 24233 24411 32040 30972 31004 22036 22055 14725 3674 17539 3555 31361 22872 27512 25312 18700 13835 32310 24069 24189 16717 16641 29364
2533 5899 12635 26712 31181 1794 27097 8939 955 5026 559 16355 25006 18322 6494 30480 1027 10570 903 2678 24714 1953 25589 1394 10636 23192 20806 12947 2111 21652 1835 29754 3909 30475 15929
2534 18068 19411 16642 14517 23425 19185 19911 22874 30682 21781 24065 23026 6736 21320 17100 16020 2443 3591 19186 3538 14402 15206 21452 16220 30341 15128 14744 22702 23933 21057 23900 10148 30344 14661 18189 19300 15235 17498 23251 18046 24358 26619 24009 23448 26002 15014 22271 14708 30487 24178 24968 28180 25045 23836 20280 21124 31315 24936 30619 22705 29196 32581 24498
2535 4124 16796 11204 7285 9529 8687 4638 19358 4886 4206 17824 19895 9408 1637 11825 4135
2536 25405 12495 3500 15270 19048 9880 12306 6724 24792 12339 30181 27805 31892 7073 29237 26910
2537 7749 13983 22884 23782 30717 9765 14 4011 1831 12574 15595 27238 1944 3756 2946 4281 9415 30516 1785 14769 29305 18001 6931 20029 1930 12547 8653 11432 23173 12560 2115 31097 19095 25772 22404 2096 32010 6359
2538 7333 3025 23467 3281 4868 3344 9550 10392 2651 13999 9534 675 2543 4526 3348 9530 4128 3325 6625 5504
2539 19465 29885 13932 9586 22082 13184 2476 25517 6802 9862 11694 23095 8007 31603 17080 5107 22109 18552 13287 8492 22201 30408 15734 13436 13270 21898 9913 31395 32724 17843 4739 22917 13616 18521 3306 9971 18994 7337 10377
2540 23461 20384 24854 24396 25139 25143 21042 21998 25158 25144 25168 20271 14862 23463 20369 25156 24390 24912 25152
2541 10451 18146 18711 24610 22258 7075 25292 19185 26880 20371 22800 19184 23840 19403 18561 4801 32065 31910 25053 30527 10436 29290 23926 28302
2542 25723 21555 29988 17539 26189 21498 27325 25748 21560 21477 30022 29007 25697 14594 24009 20615 25042 30965 26879 18631 23926 25131 24661 24019 14596 21329 10458 7396
2543 9506 11919 11449 2500 1383 3282 13501 11497 2805 0 755 2584 22415 19279 9574 2966 23895
2544 21709 19470 8710 19205 11493 19208 15526 28495 9788 30164 19207 19210 13304 14026 15373 24746 20354 20437 13148 14014
2545 3818 2561 6645 17492 18416 7928 10607 11825 27157 9032 4125 3298 4398 11598 7618 9532 2552 13950 26692 8748 8744
2546 20874 28511 20471 17861 29427 26808 24936 28515 21513 14645 25414 24351 17752 2443 14647 2448 16551 16547 13730 19330 14448 12416 31753 30759 26513 29603 18270 17544 14902 27547 15170 18695 19037 27289 26633 13424 20473 24664 31963 25714 4325 31765 24187 18775 15131 30539 32253 30801 27041 32416 21846 27299 26296 22230 20733 25105 20562 24204 15187 20608 16217
2547 4019 6860 16839 10517 5879 26064 11216 1994 1020 12486 6062 1616 3404 1350 2676 554 679 624 2470 72 10041 12127 2547 2686
2548 24211 24455 610 21548 25159 3537 24139 29687 23730 24113 22399 23920 24212 26941 3667 24502 24477 24117 16319 24185 26174 30891 24430 22013 18921 24369 18804 23255 20004 26768 13118 3678 29357 24178 24291 30158 14742 22047 4315 28650 27320 16059 24499 30744 23934 23535 16063
2549 97 8821 32521 11321 14016 15532 30565 23696 20484 27721 343 21225 26017 19217 20338 20350 26032 334 23380 22969
2550 5399 9651 9654 26550 14223 11401 16240 10663 9655 17808 24889 5787 5752 9653 5390 17800 15724 21984 18813 14214 7788 18815 3019 21979 8609 11130 26977 25082 14792 18906 5377 25862 27760 5773 7470 21985
2551 427 19651 2790 11739 7058 29931 16284 19748 5594 16298 19425 7149 9545 10286 22084 586
2552 14988 7629 8171 22492 14657 11831 12972 7952 15973 13003 10757 13271 4600 27701 18618 10098 8388 3210 5213 17157 12325 25065 16284 13941 21000 8342 9683 25530 17332 16310 24963
2553 6690 12866 4580 2609 16918 2584 19464 11817 13957 6627 13541 30281 5173 6189 7945 9578
2554 24815 22443 16099 28293 10451 16196 3589 17859 3536 14882 28656 24236 14921 20952 10320 21828 2901 10227 15317 13458 29161 12144 5771 15235 15320 26767 13144 23084 23551 20577 21324 27497 16463 30390 29364 31392 31685 18106 20262 15263 23153 3555 3685 21070 22044
2555 14625 30590 26140 21915 27266 11675 19162 11605 30595 19919 28342 20864 23897 23632 15490 31660
2556 1106 9740 25455 5163 11424 9945 4275 26483 10831 10938 20328 7970 4268 15696 23890 15592 18207
2557 13088 8066 5916 9436 1447 7303 8236 27475 29698 23131 5915 27138 28063 18202 24829 8234
2558 8986 6877 12446 1280 10495 1008 20983 10525 1333 4093 6925 4079 4023 10629 3092 2280 1315 11736 4675 2010 10325 5880 11478 10501 30695 1233 2440 1361 1283 13831 8867 7118 5944 11248 11791 6017 1001 1246 1612 1662 27711 2306 10978 14149 5967 4807 27076 1831 9827 2457 2337 5882 9798 31505 6929 991 8848 21677 2112 21693 13731 1469 8431 14783 9662 7658 4284 12068 1328 26356 31073 3983 2195 1950 1785 14279 18389 20236 17208 27077 972 5947 1298 13201 1017 18277 9990 2064 25329 6991 982 23187 10640 18959 1753 673 21692 1312 27324 11415 21674 26900 7496 10787 3905 5056 6860 20173 10532 5689 30842 4466
2559 20063 24525 8286 20889 17550 23576 16759 15998 27618 4883 13154 18925 18128 22454 8730 10135 14847 6746 26060 26320 28689 14686 16882 31409 665 2966 1815 3002 741 2458 20576 28503 22262 28646 10435 28188 29546 26846 15023 17063 4801 22798 29397 23250 22804 20058 24524 16024 24111 22160 10455 26321 29744 21972 20557 20039 26393 30614 26328 25163 30804 20568 26391 23449 28697 14427 22370 29458 22458 23990 14086 17765
2560 8154 5947 10523 8231 10937 28212 10910 8238 5704 4008 22715 1281 8972 11340 21120 16252 6393 5875 5904 4223 20948 3703 14113 10535 11363 10520 5859 7990 5933 27434 10830 21594 795 3049 19368 557
2561 1318 1008 1188 5939 5934 7052 5879 3092 3980 1101 999 8074 3969 10326 1182 17781 4284 7661 1901 3824 10629 1977 1241 1097 1026 945 1329 11684 925
2562 10235 3027 20802 14657 5173 1816 29807 2812 2807 11666 2586 13901 12317 21858 3320 11717 4644 593 1972 12052 25781 21283 5494 4830 5172 18619 6375 10386
2563 8289 9714 3815 31206 25971 22938 691 29337 10782 32656 23681 813 925 1110 1313 1776 912 1297 1348 1350
2564 6041 28978 28412 15576 14240 17808 18180 9018 9016 25198 19820 14787 5783 14216 17312 12358 9124 2409 3725 18978 20108 26413 28582 21112 25182 21113 25201 10152 23345 650 20534 15573 28010 11139 10663 26477 11122 5786 28758 18179
2565 13321 24573 4178 13383 2083 18661 26431 2119 1997 2094 28033 8160 12532 3979 27127 26640 12471 13396 28896 1522 2277 5687 1695
2566 7600 8727 20711 7868 25904 5364 6222 25509 2807 19120 8434 15906 5173 28277 16775 2609 18676 31038 20805
2567 22468 12221 16740 10970 28714 1989 1222 10033 10785 19739 28239 5852 1827 18171 904 1994 2061 7486 14121 16493 2183 8015
2568 11220 5017 10603 1654 19881 2223 11153 6654 6836 2015 2151 2289 1426 11229 27579 2331
2569 25509 29327 21430 23008 28162 22084 10840 16794 1504 3323 11189 3770 4015 6798 18946 26578 29000 27133 21428 17842 2805 32327
2570 12789 12710 28364 31528 16841 31527 7044 31857 27859 12754 14302 12786 4966 29184 27666 10755 20196 13081 20454 12718 30298 1203 27573 10872 1221 544 13082 16449 28163 1154 12691 19967 8131 1589 539 23904
2571 8328 7901 16360 13169 4515 2506 675 29761 1963 11833 17708 31578 14988 13968 20107 13037 15893 20032 21309 30437 70 9683 16362 5494 31155 7907 9339 3365 9576 13942 3371 7630 24682
2572 10098 9224 14983 15973 12228 7629 21878 3038 24701 9679 13045 7927 4642 29280 9888 11055 13915 4638 8171 3351 10375 13427 9524 7170 26802 25608 8745 3224 14988 19553 12960 11833 8472 13447 3369 3501 6199 7631 10607 13011 22199 21876
2573 13190 4916 25679 699 660 13043 4592 19802 8478 6542 3301 1967 62 4123 652 19808 678 7303 8453 25851 889 4566 5244 7852 21567 4925 30583 2814 597 6225 26731 5723 26365 3320 24636 15271 7 29157 8675 20500
2574 3213 17841 7629 7572 25953 22247 14044 7604 11774 4939 8492 24840 2461 19464 13519 29805
2575 23027 29365 16652 15605 24347 15003 16608 18167 17965 6746 15236 24248 19194 28295 25432 22855 24067 22153 17095 25818 18289 20266 15176 24861 11600 25171 29801 23427 20077 26850 16037 21513 29308 22258 21324 18695 2894 22443 16043 18709 20525 6738 16023 27037 21041 32038 30077 31998 21501 26264 26487 24299 32240 23921 18812 30532 29588 28808 21964
2576 1874 4455 7909 13000 7108 13100 12471 6874 13802 19359 10915 10525 12127 2461 11811 29078 1114 22314 32670 31327
2577 7422 2408 11139 12363 31559 11170 28602 10151 23518 2926 7186 5375 21984 7417 4329 18611 31020 11119 22558 11402
2578 523 4842 21339 142 4840 465 9146 17139 25979 7374 462 25408 11769 18338 24809 3178 2667 1124 508 20218 14331 23409 9163 6898 4724 1128 25988 4866
2579 630 62 0 555 3188 675 2686 4123 3200 7956 567 547 6342 11474 78 79 582 3882 4323 755 8242 3193 84
2580 30392 7036 17905 17358 17907 14336 29014 10351 838 29752 23273 14341 14315 12737 30602 12787 28593 14340 27235 23276 23274 16437 13183 7777 32295 2852 28282 32032 5828 7256 1140
2581 13417 14991 4526 2552 11060 9524 13056 9560 741 9882 8499 9543 9545 654 4515 6811 11826 15739 19140 3344 20013 20325 9523 20012
2582 17762 21800 774 23156 19064 16054 14502 23434 16887 25292 21522 28701 24257 29575 30397 21496 28647 24969 31082 5776 13118 14086 30909 22806 10148 14425 20079 20733 20059 26040 20125 22800 17763 24000 29565 29570 30935 16380 17098 27727 17857 18789 17520 14092 25800 12925 25107 28092 6762 15188 23161 28020 20882 28022 25336 29803 18781 20298 20613 15170 7401 665 660 3187 17002 2966 29981 15182 20385 25345 20835 16515 15142 29297 32176 25417 26179 28373 24043 25725 12264 25429 27829 24059 17759 19075
2583 28817 25550 11504 32446 2802 2484 25603 15973 13263 13258 9473 6370 19812 25476 8737 12824
2584 6073 999 1230 1434 4678 4281 26894 1355 1350 10486 18140 14113 10325 1008 959 2230
2585 1913 1898 1826 2290 6763 6519 2045 2099 2033 13366 1838 7459 904 803 4279 1348 5026 10825 8650 674 23223 6886 29859 911 4178 3096 5832 23179 8658 1121 1524 5001 14769 5947 1320 2316 2360 9482 3250 2218 14148 1112 30517 10929
2586 5177 7816 30447 10409 10412 18677 2979 19090 20749 8210 6180 26211 712 2649 2966 21957 7578 22210 18379 7600 2620 6210 4540
2587 18269 28506 17757 18799 3601 18781 21413 20613 23560 28693 30714 27546 30864 26472 31301 32718
2588 17143 31873 6078 24851 6699 9396 516 9170 2668 20221 15419 11093 482 9065 4444 1129 6892 14087 4727 11075 7328 6083 9163
2589 8759 6250 7705 10609 7945 13021 12971 9340 8419 8490 13057 8385 12865 9421 13022 15974 27700 20943 21297 28164 3224 12044 27699 26587 7281 14979 19813 29004 9573 10396 1746 12862 30811 15881 26663 10607 11833 15496 4940 23523
2590 78 2805 2860 3819 5044 6526 1818 3192 582 5610 17702 4202 13007 2602 7532 2548 1637 5030 3327 11691 13417 13206
2591 2649 2966 604 2542 2681 6798 2557 7378 3187 1287 15892 9229 20087 2458 2684 665 11506
2592 2979 10620 2549 8756 3978 917 6504 2533 14 675 24840 21743 13254 8455 5697 18211 16368 18416 19359 550 8467 1815 15325 877 899 3956 21404 11642
2593 20932 4515 7694 2476 8452 9340 5619 2493 6193 3395 889 13007 675 21353 4129 9122 8687 550 3193 703 4207 877 2778 2532 8763 6534 4336 5603 70 15969 1459 12159 9510 3738 11461 2814 8330 4738 13022 8760 13056 1536 3321 7456 2649 8754 11745 5332 2966 2542 1385 657 4906 607 6940 24840 5709 1661 4123 27208 1535 7776 7215 28393 14291 19711 14358 630 15 3387 28146 9573 3302 27863 32060 14991 12499 19779 14656 14345 19010 9315 16913 5536 1813 3225 11474 12051 30685 19782 4131 8756 733 23465 81 3751 891 10233 5598 26734 25466 16919 2674 17704 9460 9545 3378 3393 7895 7617 6531 3306 25098 8003 8002 10095 13261 15322 16903 26138 12323 3448 31353 26913 3495 26717 688 6809 11814 6295 7625 29252 7208 10034 20322 20311 2598 11784 546 560 11813 20320 3384 17072 25471 5216 4735 9425 12030 15892 7150 4403 1376 4554 658 3324 2818 6806 9860 3301 16917 6802 9560 8493 3747 7081 26970 11556 1596 7154 7927 3973 0 11588 2464 1821 2559 604 15402 20432 531 27958 3240 14771 22822 2638 20756 16915 4394 7955 4526 12754 5030 7682 2553 16834 6093 19551 4889 7003 17589 11449 8435 5594 3454 8744 574 14989 4789 8497 8732 9461 8500 29157 26924 13067 24884 20929 15819 665 19527 678 744 26639 17574 2583 28943 19829 13753 8475 11472 4899 5525 13417 11695 6315 23281 13612 3221 8339 11467 9853 15273 14977 9458 664 10235 8502 3744 29919 24883 15506 6722 19020 30551 17830 12999 26670 29526 9563 7868 4829 11476 17233 3184 29027 20318 83 13206 30050 4937 6344 11820 10860 22091 10096 17080 18471 9582 11457 28935 22696 3748 19135 23303 27667 5524 23468 13072 11739 19895 3886 17083 20937 13923 27606 13058 19125 19140 14772 19131 6714 1956 13047 3289 11500 9568 16916 13042 15715 1870 19784 25480 25486 7903 13272 19548 11581 19005 4544 7207 4891 4819 19872 26716 9991 12500 21743 8764 7819 8688 22787 13931 13414 25561 9889 27935 9556 2653 7267 27081 26526 24633 19764 2491 7777 12666 2840 837 11562 7083 2565 2852 654 21233 7394 15512 547 2524 602 4892 5834 19812 13618 24839 20012 8463 17901 4828 6626 3205 26475 10690 12960 9536 25681 12319 6481 29920 17677 2630 11462 3742 26909 2521 12043 28205 5352 27310 2607 24634 9119 9587 14154 8499 9454 11583 9964 17159 27908 9033 13073 4872 23282 6727 7281 3027 19906 19789 2304 2489 7929 4540 17842 24882 8434 20013 11831 4933 30781 23458 17843 4886 17603 9515 9484 15743 2451 7623 2458 4930 13192 4907 7197 21403 9581 3770 6798 14000 6644 26384 801 13044 19359 13952 26595 4135 25919 15887 18113 3335 13615 22655 11386 2782 31619 3005 15595 13958 25489 11817 12862 13075 22206 7699 11707 24804 8574 2527 12127 29424 13029 11844 9541 8461 13276 31943 28619 20324 23098 6724 7627 11637 25488 1373 8489 7620 20922 30983 4590 29240 11475 5235 20938 9969 29334 6805 30097 18130 23679 19139 14344 9771 30238 27639 22693
2594 25595 2059 27237 17872 13098 2183 6112 9342 2285 2277 27613 20644 11231 11538 32029 10928
2595 18470 13192 675 16274 16969 3740 12042 26134 9340 8686 21908 27582 3742 4592 624 27878 16766 11705 3379 14656 6701 22085 19831 8343 5834 19802 17604 12976 16893 29189 9894 15472 7696 8492 19793 31514 11454 20756 3344 13003 4901 688 12187 13619 6799 20131 8339 4135 660 4886 6104 8009 23523 4539 9586 16916 7090
2596 3507 4834 2494 717 27241 3021 9314 1970 4828 3492 9340 7895 17073 11784 9568 4541 5235 17603 18471 7196
2597 2527 6222 8753 3207 13913 25728 23354 9564 19535 32067 14580 27030 735 8401 3477 19782 17710 18481 18175 15944 11722 31948 13499 7155 31774 31903 21748 19525 32514 11592 16793
2598 24320 23911 23929 24241 24297 23730 24022 24414 15002 24117 29142 24301 13118 24245 24456 25221 30343 24338 22019 27457 24291 14950 21505 24185 22376 23918 18767 16059 27727 24428 27320 22168 554 2966 17702 31601 14623 24308
2599 20468 25788 24447 24036 16097 24179 28059 18812 24283 23939 27458 26362 17520 26939 24911 19195 25156 24335 26764 14944 26040 28822 28676 28295 26618 21842 26755 24182 29730 20388 27512 30831 16123 24507 30892 23448 29588 30541 30539 30904 29493 27220
2600 1590 30852 1207 1594 16453 27313 30499 20201 14325 12753 12682 21285 4973 12914 14344 29383 14319 3045 527 14302 16840 9619 13082 30544 1548 1573 3044 13978 27572 19702 10023 14320 1589 24904 12788 15516 14348 28890 14356 14350 14309 29947 28879 1564 12783 32355 14291 10709 29753 7047 20455 21286 28880 25719 10754 13175 1211 538 12705 31523 20209 1566 16005 17018 29384 19703 9617 22711
2601 24057 9378 21420 29545 16015 6752 22386 14647 24487 21788 24664 10446 14800 15229 6744 23030 20092 21127 765 25418 12267 8786 3530 20835
2602 11457 10862 6808 28354 27209 20311 6727 8337 29461 17820 10768 20424 19556 4594 744 27908
2603 8683 9272 73 899 6091 2979 2966 0 2461 30037 584 11702 4132 8748 4939 9226 7394 10607 661 675 7716 2649 4135 11827
2604 2607 13509 8748 7895 29002 8500 19735 11205 12052 13022 11830 13533 16903 18195 11204 22081 18416 13940 13971 13073 12874 6621 25478 4924 16389 20936 26223 25483
2605 2931 11115 27768 31781 28083 11121 7186 27945 6038 21618 11122 8793 5381 32056 5812 8790 7794 5765 7409 25201 12116 8513 28724 6728 562 28760 10337 7417
2606 14372 25704 23187 9006 20164 3864 29943 14112 2390 5582 32183 14369 10881 945 10526 5672
2607 19865 2198 12613 23811 15331 11340 8823 15586 18432 4653 2130 2062 9345 14361 5682 9797 8194 2133 10972 7291 2134 6397 5290 16258 25838 13827 6877 12350 4244 9988 9926 18134 11541 3092 1282 2157 2244 19994 31441 7760 13385 30520 5718 1116 13386 10707 8181 1519 2980 19565 2332 4276 8123 982 6130 8146 2783 28327 11531 3060 788 29126 10912 929 27443 7742 6672 3812 10917 4587 12513 13098 29693 10331 28030 20401 20119 23115 6687 10971 1803 22672 2083 1684 31838 3795 19262 3010 27388 32622 18089 26208 4178 9822 11519 1779
2608 15142 18642 18268 16634 31672 25795 20275 24599 26470 22903 14858 25805 30022 18721 28820 15188
2609 6085 11770 6891 9393 2820 4854 25980 9170 26052 24620 31043 4841 11766 4728 7735 9373 17154 31637 9389 11764 20216 11086 11087 25614 25613 31694 5544 862 4852 9097 19727 9103 25986 20219 17936 11076 6905 32735 4293 18340 26816 6902 16101 7376
2610 10050 25912 31105 10928 18390 5718 5007 2423 5714 16664 9804 3771 6672 2419 28652 18014 3049 5274 27186 24574 2422
2611 27672 2137 26814 30520 31658 13790 5891 2352 4484 4014 812 23198 2289 1484 30229 9042 2183 22471 2299 10029 2173 30041 4284 6867 1016 9249 31543
2612 9564 4632 3327 9461 10860 8379 17463 10539 11188 30730 11691 19898 5723 12252 20712 14680 8574 31575 26924 2399 26716 19527 7676 593 8732 18258 22655 19012 3746 24553
2613 28249 25967 12333 5603 16248 24677 3302 10839 7825 22244 19897 13923 8002 621 7211 31100 30071 19129 2466 2689 22692 24549 31328 27049 19137 24701 4742 3008 16141 7939
2614 15432 15635 23038 17522 31582 19151 20859 16935 16077 26870 32074 884 15563 11805 12938 7783 29683 22326 902 28440 31967 27654 30369 4610
2615 10370 7581 19555 3220 7684 6239 12312 11711 3324 4625 13284 8501 11812 4603 16535 32739
2616 5383 30082 22743 32192 32022 12101 30493 2409 5785 16481 7793 22411 31163 22413 25190 5377 18913
2617 5489 19447 5419 414 25257 21367 13594 8818 15840 9105 43 4409 4407 4421 280 19312 403 5473 394 10398 8778 262 5462 455 4426 336 31204 322 25240 208 387 19510 22136 13606 13596 15410 26074 194 19657 368 28496 11277 19492 20333
2618 18641 20471 20599 29154 25091 21469 27267 26840 28605 15180 20184 22803 30511 15105 19875 4375 28514 24857 14865
2619 26838 20576 22804 24375 20564 18643 20574 20580 23537 14521 26840 25346 30272 28462 25804 28841 30862 26321 23982 27808 20581 29565 19300 18783
2620 7420 25188 8561 8793 17311 9289 7422 28731 8510 28735 18880 18816 11398 18817 18879 9933 21619 18843 28745 18844 10160 11131 28346 21838 5377 10130 7180 11129 18846 20962 28736 32132 16459 4608 18822 27765 18867 12054 18861 5817 31095 18982 31450 30956 18848 8507 10174 10155
2621 26646 27646 30998 4179 9391 18812 20613 30326 20865 29997 30628 21842 17550 27749 22159 28594 24821 24984 16618 31216 29926 17061 25206 15197 15635 19186 22572 28301 9392 27543 20834 16959 16935 19601 30317 27501 8117 16089 32415 31535 30324 12938 4883 15561 29829 20850 19174 30328 29682 28787 20863 30379 23581 16949 18308 18274 18737 32726 23320 21504 26848 26866 24660 28542 32372 26849 32343 32744 29685 30997 23321 29054 21183 20854 20298 8730 22811 17258 22800 10148
2622 28219 20333 336 449 32398 209 26015 11320 23687 26020 339 29674 25263 15415 385 17198
2623 735 4629 2796 13539 7629 3949 1661 6239 2628 20034 3197 28106 4940 29639 4907 3947 2673 8401 6732 22289 4644 3254 1958 2600 5713 13011
2624 24108 21413 19928 29952 14917 18650 14421 20818 3553 15219 3558 20879 17768 28500 18333 17741
2625 10386 3017 7945 5341 3294 1746 8479 3925 3770 4602 4925 22541 2569 3306 12819 17602 2483 17641 17677 2552 28383 5407 28801 10301 5234 32219 20914 21884
2626 8416 19892 13936 4635 24798 9336 1752 9543 7951 14989 17816 3327 678 21404 22247 9545
2627 18042 14467 20285 17258 9324 25346 25818 14721 14419 20725 19065 19194 23084 20606 20364 26574 28373 10148 6751 25291 25287 4802 21197 23251 25811 4803 28901 23204 16499 10435 3681 22373 3528 11601 17917 23985 20462 28691 23202 4801 19402
2628 23683 10777 1652 11686 12641 10780 24828 24765 18465 6354 5967 2059 19419 1649 12165 2109 1949
2629 22376 24451 884 16648 7962 24380 4179 23026 21064 26324 27036 28629 24861 19194 25768 22160
2630 28259 18714 6762 18695 25069 20735 24967 22076 21621 28455 14529 16123 21422 14077 26993 22156 24487 20092 27542 19067 26486 31784 31504 22386 23032 28831 14648 30688 32666 16375 25352 27547 16887 23430 32745 23843 18027 30989 32677 24566 29840 18702 27306 29852 15025
2631 16717 3608 10149 22807 14747 21809 20366 16017 23434 18700 19394 22388 24191 21413 15077 12234 26544 29642 26183 14855 15038 10025 15035 16889 16054 15318 26809 20088 18189 3541 14649 20613 25350 30221 15170 20273 15309 23447 19385 6706 25763 30643 25785 29984 10148 17039 16722 26990 29552 16126 28196 25796 21668 7075 23929 29295 32098 20087 32201 3612 16123 16220 26143 14917 31672 14858 18269 30554 21325 26280 14297 18268 18787 21810 21852 22002 29086 767 15348 2913 14685 18691 15229 18812 7401 21102 17098 18557 6762 22268 20734 24853 27294 10447 25335 24660 27271 27112 12920 3674 17917 6748 16964 5771 14519 25352 25420 29396 18051 19281 30217 28091 24664 15352 27506 24932 22163 15081 3140 31103 24389 24567 22811 23424 14481 30088 16890 20093 15247 31945 22166 24936 23255 14427 3619 25431 26071 26724 20558 28699 29290 22076 14648 22571 19037 25428 26646 16856 9795 22572 32746 15060 28611 21497 29982 4375
2632 5837 1101 909 905 673 904 16812 10327 2346 8081 21720 20621 10496 12161 4163 3084 13277 15759
2633 20842 16848 20849 16089 23899 29827 27966 18223 20860 32258 32397 13457 4883 30382 30204 16542 29833 21914 14873 17921 19600 30233 14570 18187 7781 3066 23575 23527 31539 29685 31457 23897 30328 15424 26869 29171 23629 32373 11605 32372 32481 16935 19981 32749 8728 27934 28342
2634 10148 28700 23448 29933 17542 25157 22166 29196 27545 18781 31508 23437 21963 32751 28092 29915 25700 15337 14447 22373 27534 16218 32321 3030 774 3646 27287 24494
2635 31828 20962 11131 3731 14239 5787 7190 28008 1558 3729 2930 5793 9624 534 7036 14341 21288 16840 14313 29535 16837 16474 19957 21174 25193 4331 28856 31684 5804 25079 16665 23742 18858 21840 25085 3143 14269 8563 10351 20536 30959 28734 638 25201 9281 27770 28825 30952 32562 28048 32561 31304
2636 19899 3325 24733 24671 9643 7572 13971 1816 13911 12993 7578 11503 29778 13048 21955 1648 7620 4637 745 2790 27019 609 13541 13517 4127 4868 4516 3301 3473 5350 14657 5352 21951 7927 4198 6172 19855 29782 26338 24840 13038 29074 5216 25471 12390 3027 4638 18133 28256 3196 5173 4644 13287 15993 6634 18480 24672 5177 6713 3478 10396 13519 29939 4604 10670 8008 17330 13030 19121 25910 14044 3327 30049 4548 17925 8759 6222 9548 24949 3266 23735 17574 5190 11820 19279 27707 2589 9339 2647 19129 6212 30074 2794 13295 17640 1818 14843 6690 11833 16145 17666 15823 13561 8745 15444 580 5171 4200 29234 22713 8683 632 16776 5234 24631 13504 3186 13263 12820 6481 4628 2807 3184 6337 8396 23591 27021 26962 12294 24736 20033 6228 7281 1958 1637 4594 18483 11624 3381 26211 29410 8741 10839 7917 28278 17008 80 29131 13435 19885 7618 3211 21858 20885 30561 8009 29994 11830 13512 2644 6614 27024 3002 11725 26388 11501 6299 31718 11829 6098
2637 3031 7682 9536 9523 15325 26823 19892 11439 16093 3036 13912 4934 12394 9586 7927 7150 16261 7623 13417 2966 19735 15902 14164 703 660 13107 7356 704 4495 5204 9868 4925 84 10621 678 13192 13056 9461 9969 11205 13909 4930 3327 744 6316 25472 3495 6164 596 8335 9119 27152 9545 13954 10100 11712 11703 13289 2817 13941
2638 6821 28556 5407 13024 7906 11817 2602 12048 28796 29410 9033 5340 9532 7013 3326 8748 745 5729 24798 741 30064 9940 25843
2639 15015 18790 21410 26876 24061 19194 22266 6740 16021 14662 14661 30460 16921 22800 26072 26818 3673 9308 30337 24083 6750 13155 28594 19184 27777 28373 25715
2640 4554 13206 3227 11440 5236 6295 3344 6225 2638 7625 7154 22609 13996 11591 13962 17070 26903 24961 6201 27223 2461 26145 14654 8489
2641 3230 13057 7608 7686 10945 892 3292 7952 4901 7914 13296 3471 5627 1958 12842 12047 21856 19181 3492 741
2642 10570 13569 5845 15719 13633 27831 9830 8129 20968 12000 5154 4462 18207 18214 6000 15497 10882 14628 14101 5655 11998 5078 5887 8584
2643 17158 17109 9959 9963 13204 7932 4627 19558 12254 7205 8452 6949 20753 9964 27179 31166 5229 11469 31253
2644 14087 6076 481 514 25985 18519 19721 4865 11018 485 11084 6896 29139 2820 19727 9146 9166 24851 4854 7736 17150 11079 24621 20215 4444 6080
2645 5621 2638 19779 6090 16969 19809 12030 4596 20749 24641 25658 12499 20919 28921 9425 9543 28243 9806 6951 1746
2646 14775 8732 3017 15739 9564 13954 30726 8748 31623 20749 9547 9033 7906 18471 10235 31957 6725 25955 9473 17070 13043 11379 19810 27596 20325 32070 8346 19140 30562 24839
2647 26249 22532 17044 4801 16657 24162 24821 22156 23233 17184 17181 25758 16123 25106 29921 28238 22427 8019 884 18274 21423 22800
2648 8683 13429 14981 12312 13022 17575 13540 27679 5346 8329 3925 25745 13267 4898 8759 15881 6288 18996 13454 8280 13430 8722 10409 8005 28353 13537 13009 4455 2978 624 4207 10374 18094 2584 8357 15286 8754 32301 13048 13078
2649 13518 5343 12858 4548 7009 4944 4925 19554 8395 31893 13908 12052 17822 10370 6166 2968 19051 8741 7701
2650 14365 18270 30118 25153 4316 14299 28467 2879 30217 19187 31208 6762 20613 3624 28301 18809 22302 28842 5776 27546 19185 29739 25050 20774 32379 23033 2913 6706 14432 24484 24060 27614 12938 25345 15338 20726 29468 24147 12234 26764 28787 26724 17854 20663 25807 24324 24298 3673 24821 20125 16059 21086 32325 15581 20185 31046 24044 25795 2890 26003 26573 11601 29587 3659 18962 24314 15207 27115 30220 22434 25217
2651 28253 23367 11651 21130 23514 15408 11307 132 28153 29855 2741 25126 358 15409 2727 21366 25296 390 20343 26554 8818 15416 413 15415 23073 15407 29878 5459
2652 19307 12932 30370 18298 29037 25316 18274 31056 29823 23321 23576 30296 29828 8019 16568 3068 20842 16562 23324 23317 11675 15637 23573 29214 25580 22943 16115 772 17550 30503 7112 20849 25318 26856 15491 29038 27977 17042 16317 14562 18110 2442 28443 30060 16089 28644 18187 30361 19172 30367 29041 27646 32153 31058 20834 32171 32259 16561 23528 900 19414 16935 30326 19194 31124 18307 31324 7781 30883 17548 30309 31579
2653 672 784 5997 2115 24828 4809 4781 691 1389 1280 2251 1401 922 14113 6878 5672 1097 17850 10486 1910 4178 6859 29811 1170 15706 18413 1102 17225 3824 15590 11267 6074 4908 30090 4668 9025 20022 1241 5974 17208 1484 2316 12456 5888 15297 6875 27690 11480 3694
2654 26617 24021 21062 21042 23954 19909 19065 22273 3672 27325 29060 14624 31872 22122 26850 27509 3638 24025 17258 29386 24376 24862 22800 21059 20519 30077
2655 13902 8763 26531 13269 20479 13952 12317 26387 31767 12824 9492 30005 19140 27881 8577 19139 11500 26457 8741 19849
2656 15378 2766 11891 409 357 245 26558 23336 413 4437 26268 19504 5473 17792 19664 21395 25451 20355 15282 26561 20362 17249 19495 458 27784 19311 28000 25253 5427 21946
2657 10889 18207 5972 16807 18171 21116 16805 21154 12414 5994 27924 1325 912 1181 1284 12893 14121 11538 5138 29798
2658 16054 15219 19071 15340 28698 22841 26991 20041 32053 31701 28960 15029 21769 24927 27508 21774 4378 20814 767 16617 23848 15208 20366 18763 21473 31034
2659 23971 19408 14935 14592 16461 16759 23947 14926 750 19187 18270 25346 3030 2901 14747 14381 15023 20594 16115 23205 32036 4386 27486 20609 27469 29458 26988 24016 24648 31453 3674 30838 23730 24475 20001 17052 25961 24169 31319 28059 17046 24439 16243 21842 30874 17532 24241 24033 10148 19185 20581 29468 22459 4800 28676 27727 24911 31551 22012 29588 26060 24932 25798 26850 31482 20795 26819 25107
2660 14982 3303 3974 8330 13067 7945 10607 6197 17580 735 13022 12874 6379 4922 19813 26565 4595 2566 6241 13012 9464 13068 2519 14753 11820 21297 4548 32301 5620 13061 7685 7707
2661 4248 10889 18234 9902 5566 17989 20897 2661 8843 9443 17998 9444 32115 18008 17840 27358 4243 4027 16254 17991 10474 9905 27257 4234 3994 4809
2662 5844 9765 1239 1260 10601 1831 5889 5910 2418 17285 1998 12591 2368 7507 3011 31036 27256 3917 9820 18439 24756 7048 1897 11223 16532
2663 12786 19704 846 12088 22508 31117 10748 28592 19710 12742 12702 11561 12785 24904 20192 4987 10740 1589 17360 12751 2837 7086 14322 12737 10735 18539 14302 30602 12718
2664 10609 2476 13490 5032 664 7677 4539 3325 4536 19843 7 13194 3478 26187 3342 678 677 4523 3184 2551 16 3017 3193 4137 2792 3490 3496 11499 16095 19056 17627 12052 5351 20707 32151 8171
2665 5867 5871 10827 3689 5929 20978 6492 22309 20648 15926 14825 9733 6054 6008 12633 18207 9985 5910 10472 23546
2666 10520 31600 9124 5398 6039 19816 9017 7409 3727 2408 28724 7465 11124 5396 25079 11398 11176 18885 25201 10177 11405 25376 7195 25641 6041 6038 4593 25356 31334 21736 11399 7414 9262 2409 3729 5799 5790 28008 29668 31451 28348 22650 21618 27102 32052 11378 23778 7794 5747 11110 23345 18883 2930 16236 10192 31565 20535
2667 20913 29690 2297 2273 1860 4243 10939 2942 5131 1990 2135 19566 5123 3520 2212 12892 30696 1297 7751 21639 17915 8878 988 6398
2668 24640 25323 3379 4128 12194 1368 6216 11203 6690 31325 25780 665 16536 3467 8491 13029
2669 8550 19695 27015 9013 22311 23389 26999 2390 6006 7124 15797 801 2317 2374 2007 1356 27337 25095 8021 4174 9739 5555 26825 23312 11272 4219 27398 24755 8989 9451 2159 16137 11191 4002 1625 31488
2670 28010 8609 28521 28726 21838 9128 30085 32015 22564 28363 31164 24894 30259 25080 30256 27102 29353
2671 509 29868 9164 19721 503 29518 1128 9163 857 4725 483 469 6077 467 519 17153 19727 4724 3806 17152 726 863 19725 471 516 9139 4728 18343 6893 25978 18341 9385 9394 2820 4440 31694 17140 1496 7330 9086 9396 7326 31043 18340 7447 9146 25389 4445 523 28385 26815
2672 17073 7623 4128 3002 4526 17704 20922 19544 1958 9541 26478 19202 8500 2968 7686 13542 9574 7004 10376 27090 21831
2673 20063 21121 25146 20795 15732 28502 32339 20145 16634 30566 17559 21738 21475 27300 3659 28488 28296
2674 27175 6295 11695 26516 27888 27803 11452 8574 21898 20924 17630 29199 26518 12333 25919 25830
2675 21985 10663 30125 21841 20903 26835 9795 19384 7423 7421 4179 20518 896 844 27855 3066 1563
2676 5236 6295 7014 2458 8242 3139 21860 3195 27251 552 3770 17702 20294 8467 20887 4539 9889 11060 14680 4600 17830 6722 4891 6201 4899 3742 19020 4892 16916 17073 17074 7059 19140 20405 8493 4486 27080 9860 11476 26145 73 755 9523 10100 19785 29237 6782 6806 29247 18471 24634 17155 7896 23468 8481 6783 19810 22296 21854 14991 6808 2579 8169 1815 17842 20241 24633 26134 31466 20013 19122 9858 10862 26164 12030 20497 27209 8461 13056 5621 6720 20104 25481 10233 13958 8592 29526 8437 27680 17589 26912 17121 20756 15976 16968 4497 13008 9880 31166 19358 11459 28924 32068 30175 8477 30126 4487 27801 19139 13620 29120 22917 8496 3500 5035 26671
2677 22799 19393 3591 21763 14851 3660 31098 28450 21556 29546 22169 17100 31409 18641 30464 17851 8809 24817
2678 7909 13255 13011 3501 13938 17841 2966 5366 4403 7625 12339 4733 8748 688 20103 7697 548 4638 3339
2679 11602 23531 11666 29325 16947 31497 7713 23528 884 12127 18294 27968 6709 12938 24148 26218 22334 18302 7112 30886 21915 21447 29828 18295 16959 27288 11603 31853
2680 26020 24957 29492 144 28481 7345 28325 190 15837 214 25447 9634 8700 23329 11032 15408 23340 215 13609 26240 32659 5470 15355 31721 28002 30977 32131 29969
2681 1620 1064 1444 20620 914 21008 7997 788 963 923 988 12221 4009 10570 6546 5928 1927 11577 6938 8960 1649 1948 23100 12892 3832 26896 6584 2127 10594
2682 13483 414 11325 21369 16830 2762 156 15407 13481 440 319 19223 23337 19226 13315 108 15802 4409 204 15406 4437 385 2774 11303 370 28286 10949 21393 15481 15408 15411 4216 7346 5466 17890 17892 19671 352 29854 18397 141 29197 11290 23330 409 413 332 5477 25242 5431 324 394 13605 2766 19659 20485 19645 31652 21366 357
2683 17551 9452 27358 809 13248 1830 17992 9451 21465 16526 4026 11919 16491 8229 27432 19867 14062 14073 27138
2684 28992 19661 215 448 11893 17891 19492 286 11486 358 257 219 434 25827 8009 4123
2685 18447 6528 8568 8828 1811 7977 2118 32230 10817 795 4471 3976 22472 19566 3883 8911 6578 1270 13787 7139 12447 1032 13211 9755 13798 10326 2305 31726
2686 23111 17854 16647 10148 24565 26071 15334 16498 15219 17962 32504 31941 20275 21413 25397 18708 14415 25417 21535
2687 17892 13605 19313 8710 25246 25257 10946 215 18729 32398 23333 31 20363 386 21390 203
2688 517 18337 2821 4722 470 6082 9166 503 15454 463 7325 6080 468 9396 17152 17153 30613 4727 7330 1131 17140 14087 4852 487 7320 4723 17133 724 6900 20218 32764 6893 4849 509 4449 9374 7375 9379 18342 856
2689 30306 17008 6257 2802 18482 28257 6294 28894 23859 13267 16775 13528 7155 7005 5499 2647 4614 12294 6166 21280 8492 6914 22712 13518 29622
2690 13998 2515 2505 660 6732 5367 11640 4324 9909 10619 9365 72 24766 2979 9309 3302 3301 2573 18528 84 4504 8364 19357 1375 4131 3200 5610 11638 8482 7682 1967 2513 10620 7716 6798 2464
2691 18742 29546 20298 15170 25709 15207 17542 14462 28088 28682 17545 17529 22927 6746 22272 19193 31361 14712 13154 28021 16515 21530 25419 30464 26195 15130 14704 14387 7401 26794 14078 4390 14538 24613 28302 21327 20125 18189 25399 31426 3555 29986
2692 12157 10326 12060 3917 11243 1328 20291 21657 19565 22365 13860 27055 12 30092 27479 3996 10893 20173 983 5695
2693 464 31043 25390 486 23615 1497 24697 15452 17147 866 25994 516 32182 485 1129 500 12169 29518 5542 9146 9384 24558 19728 19726 25389 21864 31873 6895 25981 18341 3719 2820 15453 4442 27628 30094 25990 15455 9138 481 18342 29065 17571 14133 720
2694 18885 5790 2415 9306 5825 22323 5398 7794 21984 7256 7415 17130 4289 17571 637 7472
2695 22963 8496 3344 19748 11468 31550 12337 21568 25507 19003 3488 29780 7623 4514 20012 10329 12533 20240 15711 18443 30508 29909 29445
2696 15604 13395 30697 5283 10031 29301 23189 12517 1618 5248 6646 5257 1924 2338 3797 12080 2328
2697 26005 26348 22301 26532 20238 30407 8438 30107 20923 28388 6231 14979 31202 14160 26526 13167 3738 7625
2698 20560 24862 21513 28511 884 12938 21469 18935 26261 22847 29989 21557 14457 18270 22812 27619 21493 31672 15582 28629 25698 25418 27730 31850 12916 20243
2699 9543 9643 6193 8461 11203 16536 3025 7019 7945 11830 10396 3316 4939 4820 7952 8732 16923 14773 10392 23280 26744 3298 8007 8574 7625 19020 2542 2552 10945 15993 6201 736 4548 9853 17231 13960 11205 3267 11725 7013 13939 8757 12052 26734 6342 13945 4526 3347 8761 7937 19359 9578 3193 17492 29239 587
2700 5964 7509 6869 2330 15641 1051 20983 2365 6026 8977 1114 32169 1772 18441 10490 18228 2209 5014 20026 11684 928 8318
2701 22875 26806 17900 11450 21137 6959 27049 9860 21579 24976 13933 17830 9571 28925 31730 25831
2702 8389 9888 28383 26796 12821 6853 27896 31886 632 574 1818 566 6098 612 4903 13271
2703 10946 132 19223 46 15416 21357 24746 24 15395 414 4427 198 11303 35 13485 4333 280 121 155 249 262 257 11307 52 5489 377 20337 306 19511 26151 250 11893 451 423 21227 4913 289 143 11322 11370 28177 8700 269 102 230 208 139 13594 103 29928 13480 229 391 5439 160 4409 25 355 408 7349 311 276 19488 9052 11325 190 315 11884 4352 11648 8818 8773 7389 4216 5089 11486 5488 314 11276 399 4413 133 13136 5433 222 30225 5410 13605 7347 29620 21355 318 4364 138 28990 357 147 42 120 142 13481 5085 92 19984 326 29 8701 11323 11275 341 7386 15545 19504 29681 23336 275 267 28225 19211 19495 21705 15283 115 14035 16838 29370 11297 5415 5481 28229 23074 17938 5484 30152 436 13868 23623 15375 330 359 19671 19492 23220 407 8768 31954 31918 19440 19498 19659 5422 51 27720 28444 25450 10947 20353 30163 13315 23065 23693 17252 7346 20334 11287 2758 25114 15401 14641 404 13137 39 13479 26010 266 7343 19613 31 15534 31280 19661 19665 26562 20362 21129 5463 31281 13607 13606 432 15373 352 29967 445 20346 17890 26560 5413 15415 13483 9056 19614 264 19667 13304 675 6644 13618 26091 1739 19782 11813 3302 20479 7224 12499 19779 4924 3301 15408 17253 15531 17893 16206 421 24579 419 123 344 334 19507 252 150 11289 19311 27147 26965 22544 209 156 295 135 15840 15393 27146 5445 2766 11196 396 25901 11320 188 2729 15411 15121 15833 2761 11372 4408 19639 31283 15385 19985 215 15384 50 5457 25900 119 337 2720 369 116 13866 446 25840 335 5426 33 31953 23380 27424 19520 25670 17 5490 5432 15410 20349 11302 26015 19473 223 7390 19519 403 25028 23072 153 450 14027 19477 28479 25253 4478 5087 27332 167 20348 367 371 11280 26966 25258 27329 2768 23685 2736 22999 11892 17892 19491 4437 30547 332 110 31201 19606 19312 5480 5492 21369 23338 15282 386 218 13876 11371 9105 25242 394 11492 23066 378 4422 348 213 254 13311 20339 15409 23333 30477 424 2767 26031 129 27786 25265 15399 11291 20359 19493 26027 5466 22 32323 20338 26110 336 4435 14024 20336 16207 16208 13308 4418 100 439 20360 28993 384 297 27784 27328 409 28254 32543 428 286 16203 28994 5483 26268 413 19664 370 23 13883 31703 19217 15413 28132 14030 17249 21721 13870 458 25451 29929 19313 29936 15528 31904 20355 15377 23713
2704 1906 8763 2584 4268 2316 7224 9515 5188 3689 4131 8761 32025 3282 13265 18521 4872 18315 32255
2705 3864 19566 2120 11879 14197 4907 2542 1281 3859 4278 1827 25333 6519 10894 6860 959
2706 4940 6952 9586 13026 23280 9560 11820 9543 3027 24705 12194 21746 9461 4600 19134 25517 3394 2816 13619 8500 28255 17842 19059 4526
2707 17802 22323 26976 3154 5754 7794 22184 17894 25031 2933 10218 5821 20538 25032 14788 14213 25025 25033 10151 14221
2708 19524 27046 29147 15043 22021 28515 26472 20381 14381 24138 30554 18066 18939 28693 20366 17770 23032 17766 30016 29583
2709 26099 23478 15507 17349 16835 30606 17382 11614 10264 27234 538 1596 844 28366 17388 12669 16448 23451 11636 23418 11548 1202 7724 10750 23239 12663 23751 1194 2840 20453 9766 16457 11546 12680 10269 10718 16431 11544 27560 8607 12785 10266 1541 20441 11612 27860 4980 11935
2710 3336 4121 6196 4625 704 4207 28883 3496 13003 31227 3373 12995 12052 4398 26147 28383 19900
2711 11879 6546 904 6055 803 6928 2247 1697 958 7099 12165 11684 23792 32540 1885 12469 1337 5314 12471 2273 10896 814 19882 1110 9662 10510 1279 3052 4143 1305
2712 1432 11882 5017 2274 22280 7459 31776 16695 6871 16282 16349 17956 8062 6473 22500 21933 13713 26125 22971 674 27653 9413 1960 8086 5058 14199 15277 25588
2713 21600 6616 2398 7697 24791 8371 3925 28956 6235 7849 6369 7155 2620 25645 12013 26372 3362 18263 24777 18313 21857 6311 13523 24699 2701 3281 27878 26771 30273 688 7278 2571 6342 17123 8488 31227 8389 32723 3336 9178 6192 14328 6245 15496 2638 4940 31697 11713 5183 2613 13238
2714 16789 3352 20313 1745 3889 27678 2647 2708 4788 17075 28333 17164 2399 25829 11476 19463 9549 698 6625 13003 25923 12030 32544 10862 4486 23523 11066 8501 31198 26516 5218 3740 7927 31171 28047 31223 3129 5621 20310 5236 22962 28925 11450 9545 1457 11586 5723 8377 3508 24549 31013 20318 13276 24759 28431 26518 70 4612 3742 27916 12299 4539 10231 25327 25475 13958 5204 7892 2703 2613 19008 9478 26667 2802 16537 11443 4872 4603 19782 11462 9461 24587 9459 24961 15984 4508 29350 27023 26350 7625
2715 17849 7497 4267 3779 15499 9830 8129 6006 4281 11181 6023 674 8532 26307 29523 4008 4247 2390
2716 26935 30988 31197 30243 32513 14917 26328 30120 4326 18783 20889 30800 29427 26324 26850 20582 32330 24525 28515 18641 24277 10148 22796 26326 29574 26317 23437 29565 3533 22268 18270 19076 27823 20735 29278 20222 29276 24858 3642 13452 22809 31361 19072 30912 16628 30597 3528
2717 15180 11870 20389 24281 21492 18783 7075 24854 14716 25045 10444 23463 32047 32334 2922 23954 30579 27305 25166 25164 16043 28662 14585 25156 26035 32011 22350 21062 30710 24040 3582 24370 24151 28811 16319 25212 30582 27550 22762 27545 29576 21487 20005 25172 24008 18921 32035
2718 11303 110 13557 17892 455 7343 222 28227 8779 13480 5492 4409 31821 57 5422 25126 30163 11894 257 16279 9813 13599 17883 408 21708 16203 20339 31086 8702 5489 20144 229 26031 230 25447 4414 19491 356 391 156 31919 15544 19455 25241 21396 28626 26021 20345 13602 27423 4217 11679 25255 2762 32709 367 2727 16204 143 5473 23330 31841 4426 371 215 13310 373 25450 269 30976 15391 11648 19498 19223 11309 10948 32772 276 20363 32444 32773 31283 11307 31721 18728 19439 20660 19626
2719 314 215 28998 1637 660 14635 665 13255 18132 5243 21831 8687 7594 11497 11839 13272 13024 4598 26153 2968 15495 8754 4135 3023 30350 8737 14657 29430
2720 17539 24179 16056 22261 24423 22255 10451 25767 25042 28584 26618 30712 24451 23232 3611 24506 26837
2721 21380 4733 6644 29596 7950 11783 11024 12306 4540 9464 11025 4548 15447 4933 13030 31052 13068 3741 4942 9577 22209
2722 23427 20369 26283 14489 27214 25212 3593 15043 19404 21496 9795 16122 23555 18925 24370 21829 3603 24079 24347 3642 29542 13464 24912 27096 20005 21039 20364 28771 29801 24654 22370 17538 25175 2879 28766 22434 16717 31632 24064 30214
2723 27387 5983 12949 20631 26746 5951 18234 5981 14956 7805 9636 29369 21584 9013 21374 18657 22354 9997 5966 17862
2724 1005 8972 12480 13006 11638 1008 11260 5716 2121 8191 5013 4099 17915 31024 21945 8633 13376 23259 13321 1786
2725 652 17071 2979 686 734 10620 6805 898 2466 13716 3694 78 2557 2532 682 13039 687 6798 11666 8797 3880 4458 9120 2966 3467 14780 2655 19897 15587 17089 7395 9187 524 25409 9171 4300 4340 10912 4523 3959 2681 666 12127 680 9296 14 27081 7218 21754 18416 11827 32315 675 4126 13049 16368 7379 664 17706 2614 665 6385 4087 21681 8976
2726 25195 7422 31792 30290 5756 11402 31545 29662 7426 25201 7794 14229 28346 32587 28719 16419 4626 23006 21110
2727 21186 31970 19150 12144 26870 5618 11675 4884 19289 18126 29833 25568 23573 28507 30358 12382 20838 18303 31614 30360
2728 6796 2458 589 2542 2547 14210 687 11811 4580 0 12191 675 4598 4504 1381 2549 1366 10864 4924 2979 6064 27958 14 11506
2729 6091 2644 27701 3192 8683 7000 8687 17712 22106 15959 7819 9549 8376 1637 13003 25608 15973 5213 10104 18618 7001 17604 22610 22209 24963
2730 9609 16478 8606 22710 630 9296 21830 7682 3139 29383 31117 21286 25295 9624 19973 22585 1212 13180 12700 1578
2731 13386 8148 8173 6772 11344 8986 6917 10912 31150 2958 14762 24583 21942 4652 12080 2299 32522 14278 25331
2732 19186 22024 21971 24212 25048 29687 24369 15071 24506 4395 31555 25003 22266 24305 14446 19184 24418 23432 19189 16057 24053 24208 24499 24376 26768 32225 14717 16877 27283 26733 25045 26297 16010 14969 24911 17856 30719 21974 31866 28487 16628 21844 28297 28648 14615 31342 32227 16037 16605 28462 31397 30015 14609 21512
2733 20610 27072 29739 25285 21478 20883 11867 27267 29427 20040 20054 20038 15565 16986 26034 18107 6703 29563 6742 20557 20573 26327 29179 20574 22456 17740 16989 23761 26315 28313 30863 29744 22804 29484 32393 14521
2734 391 109 23624 30888 23314 7386 13866 413 26495 2766 19226 23691 24938 2762 319 11290 11311 4419 127 23373 10948 19506 5477 13605 25114 28480 327 17883 4408 218 36 19514 451 167 9790 339 278 16201 17892 2760 100 57 267 262 217 53 5415 22863 19341 23000 20339 5469 23338 131 20143 2740 25122 5427 19631 4416
2735 24328 15238 22023 24354 22268 28629 26622 24308 14262 29627 23232 18768 20001 21964 22160 23969 23229 30284 20059 24508 28059 16010 25768 24194 19193 32049 24202 19928 32568 30088
2736 14024 252 208 14074 23381 14025 301 19217 20362 27719 32290 31919 23688 19497 27865 151 21002 4481 26016 24 25294 25245 187 17249 31458 31461 26466 23384 438 25451 11490 441 20350 19210 32382 30101 20333 31691 26672 30565 27864 21706
2737 1968 17581 17897 7 6455 20503 18576 22301 29255 1536 14776 19005 22349 7816 84 9120 678 22298 29271 26731 597 26234 29156
2738 1385 4906 4123 6715 755 4715 1536 5403 605 3816 72 4127 624 1367 79 7892 9503 567 5709 1504
2739 13644 2632 16536 3949 6690 10839 6301 19544 17593 18488 30788 28981 13070 11821 25739 9337 29130 13926 17623 17683 18476 4833 8403 26739 18989 8371 3218 2696 14759 30762 11832 19179 26381 16823 3770 7958
2740 209 14014 14022 21705 29877 29770 11493 11894 6962 30161 10398 15405 23337 15410 15414 32130 13605 16201 19223 10948 21393 297
2741 6225 11454 19900 31775 19135 25506 29361 3303 24976 25368 11796 10386 2955 14153 17604 23736 25364 4403 28705 25833 8693 31078 29422 4876
2742 23425 9640 17412 21733 17477 23306 29565 27074 22237 4380 27036 23728 20584 23017 24524 16048 14847 18270 17498 16135 23664 20738 20578 22804 29840 28668 15647 11621 20574 22812 19403 20587 29893 22779 15765 21246 26851 30866 30363 17750 4179 29046 902 20612 4801 30759 19187 25345 3674 32394 30971 16116 24567 32698 17918 15209 21842 3532 19185 22155 20815 14477 28959 22156 30504 30461 29263 22434 31402 22572 14481 22159 8809 22273 18305 28598 18556 22620 26818 21326 30043 25766 28775 14588 31937 17258 30872
2743 24507 22158 3592 17090 25930 20006 16029 20125 22839 14547 20094 16877 22272 19295 15149 21842
2744 26227 5949 2263 7120 6998 1298 11216 10799 5689 1235 5974 3509 2663 2120 6992 9754 12474 2233 13787 8076 11217 10888 13301 31441 1328 1261 996 30695 1316 21680 14148 5072 1248 19991 12085 21632 2251 18670 8986 6589 1350 12446 12077 4146 14136 1359 10631 11047 10629 27952 6989
2745 9765 1329 4281 5673 1712 10633 20987 23009 12549 4040 4143 5960 4045 4657 2662 5953 18597 7540 1649 1732 23187 11728 12588 19695 5641 13374 5956 11432 2279 3983 8987 796 1889 12635 21657 8525 10784 10779 25435 1795 925 17724 23192 12351 4167 2212 12638 938
2746 5899 5138 1264 6443 18662 1020 21594 2143 3832 1336 22715 8284 21581 27138 23888 9443
2747 8764 3255 22172 8894 14131 922 31062 2365 1051 8956 558 982 6997 11879 911 13676 7128 7668 8982
2748 30433 13530 11380 7069 3738 12499 10231 5621 22632 3362 27622 2638 3495 15504 25619 11449
2749 19311 414 92 19664 297 2762 5439 387 5469 10398 15377 10946 262 246 17252 357 451 27745 11313 245 25253 142 46 21911 19496 15416 15279 5445 23691 18729 223 13485 15399 19474 4417 24938 4439 19476 103 229 77 15372 4346 222 252 11891 21395 409 2766 413 226 28904 19506 5461 132 23332 59 28473 23333 11302 19489 5087 152 16202 198 30163 40 11194 135 19497 4419 28254 27783 27786 4210 15393 29673 15415 31282 23686 21912 4367 5483 208 13603 13604 14028 371 19432 19671 20422 13480 110 21389 23342 25252 10950 30161
2750 8682 9758 9478 8577 17117 5535 11691 7625 7154 6342 9031 8007 1526 3489 27591 9528 9504 11625 25465 3298
2751 16554 18294 18062 13103 32426 14564 28343 17494 23139 28104 23497 29836 29997 30936 25572 32140 31959 16546 30295 5613
2752 10603 1659 8650 3057 28616 3011 7505 1114 6933 5007 21941 11879 996 1848 2364 918
2753 20277 17858 24092 3530 24475 18675 23730 19194 27518 28772 18713 24567 21201 10148 18188 22374 24368 22025 21499 24201 18921 24493 16502 29629 30123 23941 14928 30877 24492 29615 32511 21126 31339 16385 28611 16128 20001 28809 25938 31426 31738 32786 30489 17055
2754 22376 23838 28295 24356 24468 12235 24342 24156 4879 24451 26061 32490 24375 18105 28771 32492 30904 24453 27546 24399 19194 25218 23910 24179 30539 31871 32583 29150 16056 17324 24201 30706 8308 26938 30043 20004 24460 29134 22276 32581 3623 28391 27514 16070 31339 32741 24420 25760 26304 23939 29654 32705
2755 11068 3304 2803 10762 7848 6210 13036 3296 24594 13262 4127 7267 26374 7283 14657 6872 15894 7167 13168 13172 3301 4940 6798 2703 11820 13150 4128 30844 13928 25437 8940 1527 735 4901 21404 5354 6644 1504 4615 3924 2527 11840 6557 733 6713 4121 4620 3336 678 22244 78 5530 12395 4548 4629 25843
2756 18430 27518 22860 22434 31216 28764 18042 30308 18802 27749 30217 28301 20734 21021 27319 27743 30910 27113 24425 29471 30504 29933 31428 20125 32787
2757 14348 20200 1215 28362 12723 14344 20199 31733 27247 28678 21233 7033 12914 7767 7404 20456
2758 11302 26785 8773 413 26075 19519 11325 2766 5492 23336 2762 19312 4478 139 29875 7711 15840 20422 142 14016 9700 386 23338 20137 43 409 13607 20300 385 31919 19503 31089 19313 26012
2759 9739 27625 3089 21311 8191 5285 11967 11259 7745 26968 18004 3059 2115 5257 19097 13231 2080 29557
2760 18766 16508 18806 26003 25816 22258 20090 16115 27511 15201 15255 16642 751 14486 19298 19408 12916 14517 17254 18708 14527 17105 19188 18812 18748 20649 21800 3547 14607 21458 25750 24486 16652 30389 15074 21620 21781 24333 18810 19930 28021 26754 16870 25423 14715 29904 17012 24710 24336 14891 18103 23978 23017 22902 25758 25104 19411 21094 20606 21451 16651 27108 21320 4371 31701 18707 16994 17181 22909 25273 19926 29306 14872 26573 18068 17184 20827 20726 27499 10436 25345 26406 16756 19076 21452 20790 25005 24147 26196 28235 16513 30877 14485 16462 15017 17744 26195 18802 28821 10150 16633 22440 2892 25310 21978 28784 30441 30754 14590 24545 31092 3606 3607 19194 18270 17500 30219 31426 14474 22628 30755 14543 24385 27107 23425 24821 24481 14300 31374 772 17044 25766 6752
2761 11430 1651 10988 13374 2150 10986 1800 2421 7048 17567 13099 9415 9931 1854 5287 2117 4149 7507 12507 5259 10276 3089 6687 1437 1060
2762 1551 10023 16478 19960 16481 19705 20205 19957 10755 1214 1566 22517 10610 32450 849 1155
2763 3980 6857 12317 19718 6632 18176 12983 9464 4733 4548 13943 11502 13071 11717 8972 12278 22598 30439 3017 30773 26776 17010 8364 15973 31897 10369 13171
2764 12189 3379 892 19463 3886 13947 27704 11825 3466 2797 8737 3395 13029 7901 675 24705 4136 688 11781 13536 4789 13037 26093 25517 9230 8736 15965 29942 13963 23089 13160 25924 16819 19132 13941 13934 31884 11449 25533 13005 3359 30691 13953 6632 13086 15906
2765 22202 27380 22694 12302 10055 7686 17299 1527 7282 26119 1818 7852 11706 18175 3198 12814
2766 16377 15052 30077 19037 3591 18942 24610 23428 18713 22927 6733 765 31402 14683 8118 12917 23654
2767 24465 32310 25161 15001 23535 31866 27325 26170 32213 24464 25219 16044 25207 21324 15269 24980 23995 23954
2768 1819 13914 10376 3303 1739 27170 5499 11204 23702 30633 11725 7618 16389 4875 26083 3352 13949 4788 3230 8171 7601 22594 18950 9495 25227 17703 30659 28623 13963 7572 23294 891 4940
2769 14095 14114 2212 6103 4284 1428 16805 10912 1611 11664 11927 5907 2096 2294 5007 1711 1064 11149 2328
2770 30577 20059 30579 32498 25107 29588 16023 29150 30220 24180 27159 16854 25053 14928 18112 30532 27593
2771 6421 12535 22662 22311 19679 3420 16211 12216 11905 1891 1931 11921 5113 28085 27335 21363 1960 29451 3419 2678 28855 4677 3 1103 7968 9826 23804 14268 16493 8075 29025 20170
2772 8648 12626 10989 2250 7507 13212 11239 10603 3089 12510 26689 13983 19097 5310 6717 1897
2773 3371 11716 10098 27612 30633 20756 26594 27223 12050 29945 14988 11205 11825 19895 1958 29644
2774 4925 11702 26384 19903 24782 13010 3034 9811 734 3189 19898 13289 16146 16363 22709 7631 31267 4731 2708 6602 8753
2775 27970 30595 22953 27035 16933 21849 16553 29055 19175 25585 30962 17517 19414 32630 15633 31660 18128 31984 32726 32682 30588
2776 36 4414 333 19506 270 19311 4424 4427 5461 136 11302 5477 358 5431 10428 5469 19491 350 31588 15416 109 25126 20345 440 19223 143
2777 8011 2072 13353 8832 31368 3705 8066 28944 10566 7232 2318 18010 3527 29368 25225 29943 22974
2778 3346 2530 13504 6296 2703 3301 6173 20240 19717 10409 3002 8395 12051 6221 1819 2554 3298 13014 4132 665 8401 3273 1970 11817 6625 31377 15443 11503 9543 2638 7937 13509 609 4939 6098 17577 31069 4904 3184 13938 19529 2788 2487 0 7600 6204 1746 9458 5607 11807 17231 2967 11657 10839 1816 27172 13048 6190 21404 25842 27021 16922 9339 13073 9574 10406 5949 23523 28819 24734 11712 19895 11204 9509 18095 9115 27602 8743
2779 11049 921 10839 704 4137 10840 550 3198 2461 2860 2489 654 9122 4733 7776 1375 18416 2968 8757 4128 32514 1587 12653 31521 1211 1160 847 527 13079 10746
2780 4001 5890 22938 796 12893 4281 4275 1071 18435 2328 12549 29450 8843 3509 13211 30283 8972 28245 5875 9902 5672 18439 5872 30641 19865 15555 14842 1116 5554 26696 5026 12533 15113 32331 16254 5138
2781 414 25118 4912 2755 15478 9051 237 11488 21710 437 11368 19470 19220 20333 14028 280 11319 179
2782 22699 7951 7955 626 3304 1818 26932 3508 2979 7890 15972 2690 7464 4937 596 6139 2696 6098 2486 20033 3316 9511 2550 11806 15994 26739 21749 7952 23294 16827 11973 13969 2645 4603 18949 4886 13968 17824 11204 19027 9505 16145 3493 6714 11820 7930 19463 11823
2783 4121 25557 28407 15973 13943 9862 13289 10098 25843 13070 13005 5180 9577 21753 3292 3371 4638 6152 21756 13057
2784 2873 19598 19067 15168 14451 25350 16731 21734 4801 23422 896 10148 28647 11600 15607 2886 19037 21020 18667 20364 18781 23771 31315 23035 27287 15136 3681 25713 16856 14645 30540 6746 16112 24106 15236 4374 25999 27743 21887
2785 889 12499 9117 5521 28581 11453 8759 12052 19048 13287 28905 7226 3335 3347 24733 13930 5612 19463 4939 4638 17332 21949 26333 2605 13037 13036 7279 3210 25470 7337 11826 11204 14773
2786 925 2181 948 814 5309 27989 12471 23193 779 11879 10896 19419 6584 12472 3052 20021 12475 1766 5067 1517 13395 3998 31109 1296 10785 3781 3905 952 12577 8555
2787 9007 7169 20407 9677 6644 27404 22918 4626 3345 19137 13616 16285 25490 24606 28564 4924 7707
2788 26518 5191 8451 9856 3378 30005 25474 9880 26909 9199 26520 17898 13937 7625 3193 27591
2789 13522 12317 5347 11471 2574 24803 5173 13287 5504 13507 27169 13535 31066 13519 27173 10386 13437 23353 19850
2790 6632 10984 5525 5624 7595 23860 21868 30261 5526 15972 26745 6142 8748 8760 15967 27377 3327 2979 18622 12869 4834 15736 16537 22708 30836 2533 8352 26750 9114
2791 31454 7417 10663 24538 9819 12115 30193 8507 18865 8561 9289 28007 18830 5805 31782 28521 18368 12886 7352 12172 25187 14274 12113 2403 3524 12110 12114 12094 5747 31830 5400 9264 31796 21614 18843 9016 17896 7790 19817 19814 24891 30616 12109 18684 30476 18905 18857 21108 11398 12090 21736 28344 25197 25356 25026 26415 12120 27772
2792 13791 4126 6798 2110 918 8841 1390 2170 16355 13374 3084 8975 13831 1925 3441 10465 22880 9247 5914 11043 30229 8060 25086 2129 32752 32801 674 908 3011 1113 32802 27161 26124 1097 32671 32803
2793 7906 3477 9586 9116 14636 13266 20915 9643 19178 31679 25681 29071 19808 20752 31730 28035
2794 10125 4179 21664 933 19737 10888 29637 15560 8933 4111 2365 8037 1032 10573 17207 9047 8073 8060 25332
2795 14977 10608 32553 15741 29644 4614 24801 10318 4875 7630 13287 6692 31307 9421 6199 10386 23522 13523 31736 16146 22871 10093
2796 3616 11163 15110 16648 902 26854 23718 12145 883 6710 22452 17570 13621 15630 21447 23897 16368 18416 6092 603
2797 31879 15640 23578 30367 20849 30589 16559 20837 26848 16849 26121 23580 11803 16008 11605 31707
2798 563 3972 665 4207 29905 7303 630 2649 2559 7158 10839 1637 5658 10290 2486 3255 8002 31115 9991 13030 4128 27813 707 3344
2799 12942 10496 8650 904 11051 17272 6939 7236 22221 1927 10907 16742 11967 1794 8913 1520 11734 909
2800 27461 30581 3633 26618 26263 18765 29627 24969 24470 25160 23251 28295 21842 16046 30541 22159 24478 21320 29195 28765 31507 18269 30419 25768 29144 28302 31997 25174 14915 30030 30878 32578 22025 31390 32049
2801 731 13012 19422 30055 17162 16923 11454 19133 15904 6542 4829 7196 26912 11588 27133 12858 13164 3460 4886 24534 2793 3027 9968 13912 27611 19901 6948 16969
2802 919 12445 11900 949 1517 26950 907 22755 30089 925 22174 804 1426 1485 14266 12203 915 3004 8096 2314 7252 3519 22936 21936
2803 7231 913 1318 8318 691 8972 3509 18439 4225 4267 14955 4040 1062 10465 10989 22391 7519 12427 16331 18171 8083 7565 5948 6060 28988 23706 17218 22940 4232 9924 16493 6483 5 5697 9025 10126 6395 4090 13211 8045 29369 25634 672 6583 1056 17248 1780 1504 2707 6860 6937 908 22405 14826 5055 13685 15699 14172 13663 29750 20988 2170 26277 5654 11526 9988 10474 9903
2804 6068 23162 5797 21113 18814 252 7788 17166 5823 10209 5825 22564 7176 638 5741 7795 9293 30518 20454
2805 31028 23831 14495 14467 21843 29705 30461 23435 14415 19186 20088 19065 21757 18042 16516 28195 24371 3646 22273 16072
2806 22434 24412 28022 25160 18189 31911 24336 25162 24492 14463 17042 20726 28605 30466 23442 24194 23908 30992 31573 26309 30636 25112 31261 30892 24436 24565 25217 27466 28204 23433 16442 17857 30877 31869 21842 25049 31385 21409 32490 24147 18926 16041 24333 16038 27220 16028 29818 26942 15744 15753 17173 27526
2807 3448 16923 8477 12187 571 2701 13928 12339 1637 4940 19779 3205 22344 9564 615 6098 3289 7335 11460 28417 4131 28943 7073 7451
2808 13944 3506 12960 22088 15325 9120 20012 588 18176 11642 84 12370 2522 602 27852 29323
2809 429 415 2750 28585 269 168 30546 28005 2759 19661 446 308 410 250 23339 4359 382 27329 26074 30225
2810 13504 654 8737 13265 4733 7697 23294 12317 4128 8009 8499 4548 7004 2644 9559 2584 16821 3273 24730 13501 6228 4398 32378 2649 2527
2811 21180 30330 18225 19158 28639 18227 20851 21183 30357 26121 30351 19172 16568 32173 30379 29838 15635 32682 29548
2812 12599 22752 779 13322 30092 8972 5257 1451 1051 1280 10577 7500 22396 8238 23184 21212
2813 4123 1486 2076 18233 6055 2014 5147 1711 4768 20046 18236 5068 1026 9930 26711 22395 13250 27054 7242 6680 16326 8905 6479 1057 2123 17840 9692 2065 1837 946 1402 1890 24752 17912 29108 12555 1095 983 8094 1032 1031
2814 27752 8759 7686 13519 8500 25483 25484 13003 13948 15882 13960 13936 29208 8493 13039 26222 4580 11830 29068 24622 16146 11203 28044 1963 26455 18622 1970 22207 24737 13945 30136 7610 11716 13963 25436 4874 26824 13071 7694 3325 10945 20013 26384 8736 4925 4872 30773 11475 30179
2815 14633 596 3196 6644 9643 3473 12482 2628 7224 4925 11642 9314 9482 660 31155 11671 9537 2594 17822 3467 8498 2571 3292 2593 18948 3937 14760 7947 29808 25478 8748 17633 13003 11705 29785 2805 9991 19904 9565 10659 4398 25306 4915 2707 21756 3301 7908 27956 13287 8397 11831 28566 19463 9577 32383 4788 12485 4907 26114 7618 26669 10317 2500 7949 11205 4872 14635 4924 5510 16389 13969 6713 6799 7952
2816 22952 8730 30319 16963 32141 17345 29098 28232 31853 19414 18125 29997 19115 19153 27646 31359 15639 29826
2817 908 558 27987 18673 13800 1848 21667 12221 12218 8926 18243 32336 20027 1539 907 10649 1710 16355 21669 682 26707 29023 937 665 13277 5009 30816 2274 28912 982
2818 27751 12857 30661 3821 29084 30658 32008 3266 4874 3506 19183 27641 3970 32756 16365 8492
2819 5341 7627 26005 27030 13170 24791 20707 29622 27405 2574 12294 26446 6315 29379 32451 6239 4733 2807
2820 11457 9880 19047 6723 4830 31171 6722 30287 24607 29421 30702 20014 8573 25644 26516 8763
2821 8606 12805 543 1207 838 12729 10272 12748 13180 27391 12915 14291 837 844 13177 12726 14358 14302 1212 7106 7043 12653 532 1557 4980 10746 1138 4886
2822 22450 23037 16008 31275 11756 11805 30054 28541 19976 23039 29053 7452 31055 31580 7453 30296 30381 21186 12423 11804 19978 30325 31706 31825 30594 23576 11604 22447 12381 31634 18126 29843 15628 24869 20872 25565 15632 19116 29685 21185 29659 30351 12419 30767 20519 31716 20518 27120 15432 27116 27232 23528 27995 32726 29042 23530 32621 25581 9395 28799 23324 32457 29214 27839 18186 30166 28304 17569 887
2823 32226 24404 24864 23552 22160 3648 14932 22025 22800 20585 27749 32227 29813 30567 32359 16023
2824 14474 26725 18781 16004 26622 18270 27732 17320 18771 26264 25768 16029 23437 23423 24179 16123 20761 27886 28295 24191 14473 31096 24102 24360 22262 23251 2903 16072 24936 3676 21842 24507 10148 24070 24060 11874 2875 22274 26942 14419 10440 19065 17031 22370 23910 3633 2442 23491 20613 23099 25335 18106 22023 24862 24117 24093 20125 22873 15001 14649 18029 29144 24338 16882 23422 2883 22705 23933 21846 14585 32037 2879 29649 14395 16757 28299 22160 29626 18773 27466 27043 20525 14415 14298 15207 22376 24488 24415 22373 28648
2825 691 13827 1320 2102 5553 5856 12226 3868 23599 11260 1105 9735 1271 910 8976 12456 9256 25839 11202 1252 28086 11667 9998 6988 7661 8972 8970 4226 18171 1315 2230 1776 11478 18140 32103 27003 19670 999 8660 3423 14150 1362 13641 22135 5310 5637 942 1250 12224 6877 30699 23511 1357 7166 2159 1797 6926 1233 10631 3796 21693 10494 14136 20759 30639 15501 14149 26833 1102 928 27075 11793 11729 21308 1359 10495 21675 1915 12068 6992 3975 1115 28114 30842 4279 4023 31268 11216 27796 12078 21252 27978 10125 30604 12599 14137 20026 11434 12140 11025 22120 22247 17209 28570 18022 908 9714 30748 10537 10897 18245 16595 13394 21277 14116 2365 1848 11684 9945 26900
2826 214 28624 20144 11274 218 15379 13308 20141 18395 19655 15473 31271 15410 23382 19521 19520 319 19575 414 246
2827 12164 10613 6126 31309 14811 24879 12618 14367 27256 1744 21213 28873 1693 7994 15796 11991 31366 15586 18356 2432
2828 22591 11708 2638 4786 9683 6178 29811 11273 1097 1984 26356 17330 3508 25843 8407 22681 5983 26787 11998 21644 5669 4940 1102 4281 4278 9988 7700 13168 23523 3292 944 996 17214 17335 11245 8385 25437 1182 14132 32160 2440 12296 5057 13860 13009 7661 3986 11265 1313 13553 5956 5641 30479 558 8972 4146 7459 1420 13057 13003 1316 6086 10326 6877
2829 16653 15235 21020 21635 25110 19405 14447 21021 25930 18942 23654 23026 31741 24106 23251 28701 25429
2830 9845 1116 10496 884 16551 23455 12783 2827 9593 10754 14309 20449 12653 12753 1212 20201 3533
2831 3429 14102 4267 5890 28211 29815 2955 1810 23009 18280 18443 13386 8224 28143 28570 10831 13992 17225 23173 10122
2832 8711 22532 18965 25818 20125 25768 24336 3684 18106 26940 28264 15314 21842 18809 23437 23834 28697 19065 18762 27732 28238 16515 31255 14513 17061 29844 9795 12260 31738
2833 4885 19979 18715 27140 27141 32118 23899 20864 884 29166 29478 7961 30316 30323 16003 12145 11675 13623 32697 6964 24149 30936 21273 16936 19189 16867 16086 31616 20077 32645 26871 31660 30586 21914 30295 19825 15561 30885 19148 22328 20519 18299 32405 20838 32193 28230 19172 20889 26429 29725
2834 10148 21551 11873 25412 26767 23678 24179 21126 25761 17320 29551 16668 29984 22255 16380 23437 21059 21054 31440 32098 16049 30713 3601 26060 22077 14713 32213 14539 22804 22800 30463 11870 21770 26743 22160 25105 18781 16024 15051 4802 16749 30766 24020 21962 17743 14084 26617 28768 21498 28629 24126 8815 27550 11872 8809 2907 25748 24131 21494 14502 23204 24355 28517 18747 21473 2894 28899 28503 22376 26264
2835 13541 13509 15945 26377 6193 24631 1970 28015 9490 19122 5351 15904 18482 15893 8741 2802
2836 22719 9195 14072 19106 11326 26656 23809 8225 23810 8231 13113 22065 14066 11340 22070 32274 5904 1868
2837 10893 5852 26705 19566 9919 8972 12486 5026 5882 6877 5944 12599 905 21644 7661 1051 911 4143 9345 8848 972 25638 1100 6988 6879 17208 5937 963 18246 1517 11523 1097 1350 1263 912 1848 13851 1361 12023
2838 6532 22522 5672 26600 978 12598 26417 25224 26889 18236 2290 15560 5025 22312 11734 20026 10951 5161 13733 1775 30061 17724 11878 14105 13555 5693 2114
2839 8379 566 652 1377 547 582 755 78 1373 2649 3194 2966 2570 6150 855 4123 10145 6526 899 5044 2998 3243 18165 1819 7892 4324 79 3139 631 6073 876 2644
2840 550 604 608 10404 675 6295 20885 21306 6622 12985 1637 8243 4398 28996 5363 13024 3324 26932 702
2841 3200 3348 7217 11471 13009 1373 660 8382 8500 16818 11820 12052 7937 9806 4901 15587 4136 30765 2649 7949 9677 665 13967 22917 7282 1637 23216 13451 11205 30743 8380 12862 30574 3008 9119 899 6645 4924 2552 7927 8687 1527 10768 7332 2814 7155 855 12835 13952 4643 13523 702 11818 15741 15893 3460 2966 11203 22594 22206 11810 6223
2842 22424 25090 5663 22474 1318 2065 8528 10109 6818 30471 7985 1298 21543 31726 18517 18628 10497 2067 1052 2389 1051 3783 1651 10260
2843 5087 7389 4412 25257 19515 19491 15407 32503 23341 21718 21715 26437 25127 18729 15405 4426 30976
2844 21227 19516 150 17196 24939 15529 4913 30101 20698 132 13609 11276 218 21718 15397 20484 118 249 143 255 15376 11283 26015 11289 391 4409 26026 28229 5426 19656 15380 408 2762 20143 353 31460 28273 32693 20290 19627 15379 19470 5088 10949 19500 28428 32476 262 5429 18595 19444 23695 414 324 248
2845 1627 10975 2368 11795 10247 6672 5252 10932 8135 26463 2135 28964 20672 12569 2287 8718 11947 13094 20998 12553 25636 10970 17554 7751 13098 5051 17726 6683 2340 26697
2846 19772 7928 9671 4535 2708 3344 3481 678 8688 597 7866 29101 3381 3746 22748 9198
2847 20800 22370 16515 25335 24444 15040 25761 23099 20364 29980 7397 24566 14259 30683 22800 28284 16377 30835 27534 28022
2848 6103 1097 5994 12527 4677 1639 6877 12518 19418 8094 9050 4159 12549 12639 2390 28535 12141 10326 13377 999 3986 23891 14380 10914 2044 11569 1697 904 1793 3801 1312 2070 1802 5255 3047 12526 13372 1361 2235 10110 1927 14811 2177 1302 20023 4164 12640 10469 19715 1554 4780 10885 1350 20640 1233 23406 2333 1359 10313 32306 13374 1119 1732 30132 30040 1825 9043 21562
2849 8500 20926 6632 31328 11205 9545 7634 8501 6621 9511 6377 11781 8505 7697 20015 8502 10943 8493 22091 12960 24631 3017 26455
2850 798 10888 2251 13657 17223 15275 6062 11227 5840 7242 3843 5977 27317 23414 12226 27349 12597 11906 11915 9413
2851 28791 25117 25668 247 25264 15611 13880 15846 30116 5484 15121 11369 2775 19224 373 8769 7343 24958 190 27932 25255 4350 19661 29769 8701 11032 29930 152 8694 2731 23072 2739 42 28130 18730 13608 4481 340 32818 5427 18729
2852 22466 12498 2800 1821 2489 8435 4455 11640 9175 15596 1377 853 704 9033 31619 17670 23291 7800 1457 3298 3378 597 7866 10249
2853 629 7716 12569 1425 10890 12475 4921 8597 3705 5530 11820 2538 2491 9122 4599 7394 2489 1376 10884 7909 6912 84 8314 3973 6645 14776 1378 675 2554 3326 14771 678 11782 2692 2970
2854 6536 3025 7949 688 13030 6644 22095 4599 9030 11205 9033 4496 7013 30456 4937 9511
2855 9562 8461 31767 4517 5733 23807 604 11449 3289 31202 7699 3301 9543 741 25307 31210 12127 19139
2856 13003 10768 2806 11606 675 31100 19232 21875 5661 26739 4828 23095 27684 8406 13523 21119 3300 12052 10080 17606 8369 12957 6420 5499 4940 8402 13029 29748 32531 7685 22244 18472
2857 3496 9684 30300 595 9643 28338 1366 6323 7949 13265 7004 16536 9464 11826 21748 15894 614 13921 17492 6713 8749 9121 3204 22244 4826 11824 26825 4398 23347 9548 8762 4871 11446 566 4136 3298 4580 12282 9542 3506 21087 9566 30438 13968 28923 12047 7939 9122 1816 7167 4834 31047 3476 28549 688 9809 636 27170 22245 4626 1819 13054 12052 5366 741 25531 2539 8708 7630 2599 702 18347 7819 9576 13064 7224
2858 23849 19405 19065 14661 20385 24347 24201 22253 19194 24414 22039 23422 16110 23838 20004 16048 25207 3569 24247 25758 24158 15731 26178 27747 21046 24116 24506 24372 24493 23927
2859 3778 775 1260 18362 16664 11040 1454 27478 2099 13839 1019 16598 2274 16282 13834 10879 1927 1936 7635 5714 29304 17293 23043 16738 5657 27632 6676 31306 21992 31687 6488 1391 26698 12556 9026 5697 13857 1748 1222
2860 3060 2174 982 10481 21944 17267 2019 12449 13983 10817 4227 18212 5403 6149 8242 27127 22921
2861 13348 28897 5687 8127 5274 1717 2216 2278 1695 2 13403 30498 5718 1933 2159 13096 2155 13409 12627
2862 26483 4009 3870 798 9845 22936 17958 8056 3928 21088 8859 10640 6859 18356 30933 672
2863 17996 10483 1786 19097 1910 8616 11260 3158 1906 9828 1751 22919 11569 21906 8124 20545 1521 8788 21026 2096
2864 10149 23431 28832 20062 29427 26850 24482 28838 22804 24328 27462 25942 3676 3637 16317 23909 17916 30617 19334 26942 24246 24308 24455 25107 19928 31399 24179 20059 28824 28831 25171 32568 20612 14595 18740 25145 25218 14674 30504 24927 14295 29578
2865 9509 597 13536 13941 3886 4603 11826 4016 7622 2644 12392 4939 1385 3135 9573 4600 2500 4633 4888 20011
2866 5808 28728 8508 31710 11122 4608 28746 14229 5384 9016 9130 30258 25199 21113 25085 28724 5783 12103 6923 31729
2867 20941 11205 28550 7337 22945 4509 3344 9559 3500 688 9564 21746 17158 13192 31348 28498 27880 13690 23088 22225 7205 597 30433 3327 5598 3738 29887
2868 29745 19997 15798 22491 3417 8033 1348 21639 21028 18174 12077 4012 1266 15797 21459 1016
2869 558 1101 3092 939 4281 2251 20234 814 1106 8054 6009 972 1362 5900 3844 8075 19992 1663 6870 2212 14112 5944 1116 9986 1299 996 10486 1241
2870 5793 7793 18885 18882 18887 12104 10220 22184 18975 9293 10179 28717 18862 18834 28732 28520 10225 18876 12122 9656 10188 30304 4607 10203 9206 18848 9289 30288 31406 28010 12118 22185 9276 28008 32209 18311
2871 16028 26311 29426 28836 20576 17238 16319 24260 24456 29243 20388 16053 21052 14585 4880 14603
2872 28815 3344 19892 13043 3226 10303 28414 30051 12835 11739 29312 5834 10100 4547 7196 26597
2873 1822 21353 7716 9664 8066 8082 6060 7496 26542 24870 9945 18010 27685 3527 22974 12939
2874 550 2557 9336 604 4123 2542 603 3239 10068 7618 6193 1818 1375 84 5403 2649
2875 21569 28108 20129 15496 31235 9107 20702 29082 7903 28433 747 16761 6189 3950 24960 27020 7228 26147 14776 15956 11598 8359
2876 31491 17000 20091 26959 15303 15247 26473 26881 21774 769 29552 27303 3612 22273 29028 25395 15196
2877 24356 24199 23941 3633 24372 17324 24019 27460 24980 29654 24857 24220 23928 18923 23910 24029 23730 24169 30911 8785 24911 19185
2878 10752 3044 11546 19953 542 17378 12808 2854 29847 10755 14358 23758 27559 31479 2850 12751 538
2879 13908 732 9860 7715 11499 2790 9574 17263 31558 30292 27026 19122 25657 15459 9566 27028 29671 5036 13024 30701 32469 5349 28995
2880 16435 12914 32355 1211 11556 30346 12912 2835 1201 14358 28305 10740 16473 2827 9766 12753 528 2834 7100 1212 26659 11547 4989 12665 10266 27563 9610 30852 30602 12765 12750 12915
2881 7600 2647 19885 30186 19528 27417 3947 7624 12277 10419 13500 20703 30273 2797 19123 13908 31816
2882 20400 13094 10932 1517 1985 22410 27657 23706 11738 6638 28805 21212 28612 28392 8254 27973 11677 8026 28064 32454
2883 8070 672 3986 19420 4250 22506 23602 909 2143 3084 31062 12941 26417 6854 14131 10506 7129 6530 7270 12498 9945 3036 5066 21743 5067 18626 8094 6443 26707 10119 941 12221 22755 789 7807 15555 2365 18174 22503 13370 25960 23705 3405 8619 27925 11879 16357 15437 23197 21936 2 5017 29316 17209 31980 20967 17291 1252 5672 5013 4278 4225 8093 22488
2884 6150 27365 3346 3925 7073 3027 3038 11744 609 8008 9543 13012 10607 17712 4923 22492 10372 4638 13985
2885 27032 9583 2695 2599 16819 745 3508 13012 4629 11204 3924 2797 13172 19237 7276 13968 27846 31116 21748
2886 24 286 11892 23314 11306 338 26019 19574 257 25669 27864 108 31691 31705 2762 27687
2887 675 21743 10837 4599 73 12285 8687 2674 62 7575 2805 4765 604 3282 20111 3272 13938 6505 18416
2888 5598 8454 11500 20749 25476 4137 13612 2521 4928 19883 4572 2529 19279 7917 9545 13618 13030 10286 9528 16368 560 9808 23294 675 11449 20313 31214 9119 3266 11446 2644 11827 4523 19895 29887 4716 7952 11506 25681 8500
2889 28384 31043 4297 17141 9145 31873 864 9171 17127 9389 469 18341 30512 514 23616 520 7320 26051 492 24621 9147
2890 21398 516 479 21337 28204 16029 18740 25054 27780 6748 24612 4380 25047 14715 11768 15455
2891 901 26848 20518 19303 16542 30886 4179 31500 8113 31058 19174 17550 22157 23037 8730 30885
2892 23607 17445 21661 17952 29890 17479 15767 22727 17951 31110 20729 20730 21972 16054 22281 28968 26242
2893 13374 10896 8934 1912 31109 1782 29388 6584 10785 23168 948 29192 21647 12475 13790 2305
2894 750 20786 20815 7076 20468 17532 31641 16097 18646 25309 27277 27114 16393 12261 18787 29552 27527 32489 13738 15236 20608 29986 14094 31410 18781
2895 6877 4244 8972 8911 13860 3980 2390 11879 27978 2365 29498 10528 10486 28151 8705 5934 4036 18443 1121 5944 5138 14952 9007 23587 16254
2896 24114 30343 29720 32176 24060 22166 19927 22261 31945 26604 28092 30539 24347 29599 26768 24133 31574 27540 26264 23910 24433 27463 30913 30418
2897 17187 3705 5914 15681 6054 8084 8048 1753 929 1010 13370 5937 13678 10628 15821 8026 18459 6561 14057 8960 1409 5901 9945 8095 13799 26500 1121 6429 27048 8105 5107 12466 9989 10508 5 3987 5563 11480 10496 1722 8864 6511 12468 26126 779 12576 7661 6518 28070 10528 8589 1236 18279 27398 11789 4069 23416 3 12082 10483 10476 20027 4236 7052 15693 1345 13053 21674 1105 23223 20945 8015 17278 8281 28117 558 944 10886 4805 17234 6001 14192 4250 8982 14139 14121 9725 1248 22500 3757 24754 29512 6410 26715 9025 9999 8101 10523 28190 8533 29692 27925 7388 952 4232 10486 13547 10683 2314 4056 1391 27978 6423 29811 31231 22488 5072 31868 927 7242 13662 29812 17209
2898 25709 16054 14385 10148 20613 19067 21020 14299 23834 15153 30580 27540 31475 17323 4375 26002 27549 23437 16757 18811 18270 22375 15025 32379 24600 19302 29196
2899 371 19651 19659 20339 15529 29681 4437 23713 22969 458 11287 19631 122 19668 19629 27327 5438 413 25123 20338 36 2765 28285 17190 23070 13312 19439 4364 5465 192 13868 19630 23624 15410 10949 139 388 26108 8773 11294 266 25119 17250 208 24953 4424 19611 25126 25127 30565 330 8818 171 125 31705 23333 4435 32521 11369 28476 28254 26553 23714 5473 29771 13605 19491 31335 15376 20359 15406 32357 5092
2900 24438 31970 27014 20257 15171 24337 24400 15067 27462 30158 29150 29387 15565 28769 15001 24422 31609 28772 29505 24288 22260 24428 24980 30920 26571 24653 24349 24372 32492 31612 24506 24048 23535 23913 24219 30900 24156 21971 27040 22851 29588 6738 27320 30218 32407 24457 23944 21842 31385 25815 22261 29146 21330 30905 24436 21603 19935 24355 24035 24024 16063 31669 24009 21498 29061 30530 32823 14585 24915 32719 24243 23434
2901 17141 18340 17139 6077 20216 24719 19727 9167 728 17131 1133 11085 12168 9086 32770 28403
2902 21528 17181 14966 18270 24347 14522 28092 25786 14970 4179 21077 16048 16956 11805 24245 21963 3592 29295 20002 19194 21103 19065 16069 27510 18810 16617 14300 16063 24050 21485 24334 24106 14415 30563 25345 26071 29058 30678 3614 22052 25815 3544 28809 24489 22620 22033 30556 26264 28302 16746 23032 25217
2903 2993 18323 1933 8028 8094 8079 29619 20213 1386 21693 14955 17284 1435 13717 32194 14147
2904 20077 18790 20733 21513 3681 20726 25768 22151 16461 25338 30218 28487 27466 31750 26622 30157 8786 30829 22268 24354 29366 27320 26768 31803 27547 14495 17105 7397 24415 32825
2905 21150 982 26832 1524 8070 2456 911 948 11734 8093 7654 27317 1051 10506 10481 6937
2906 12457 3826 9988 23187 4908 20236 4282 3813 3976 14131 11043 23413 1097 6866 928 28150 12459 784 12349 11718 29182 5057
2907 28377 26917 3373 4494 4508 3389 572 28351 9461 30788 2579 2702 17007 83 6727 9336 6526 13192 7335
2908 8762 2609 13517 6481 7626 13519 24625 10370 19559 7619 13561 7697 13437 2630 5352 6347 5172 6212 4877 1813 11779 2574 2703 11204 13430 28281 19850 30684 9685 24632 18482 24622 13966 8401 2648 26455 9811 8395 8760 25437 11825 29411 32033 13949 19719 26377 31112 30927 31245 13513 26388 32220 11788 13040 8411 17710 13022 15965 27632 7952 21743 27049
2909 11370 371 361 25119 24 2727 269 262 4412 139 5457 294 135 15361 153 15840 46 440
2910 20357 26268 19311 11300 2762 15412 150 25244 18729 297 414 8781 194 15393 5410 13136 23336 28229 8773 458
2911 30704 23568 18128 20853 29051 15286 26868 18302 16935 22452 19152 30396 32173 16927 19600 16553 23567 27103 13457 9392 6967 884 3064 15426 30318 13730 27646 26869 29104 18273 8287 28440 11805 21916 28012 16937 26140 19160 28634 19177 12938 7782 15635 16542 30592 30017 20864 15625 17023 20866 9391 21269 8730 11602 13623 30998 20855 28542 24145 8019 24994 11605 32474 28530 29085 18308 29997 31496 32267 19307 16948 29213 28572 16955 29834 25566 22636 12173 32268 20841 32338 20834 31800 29171 32414 30233 27213 15632 21289 23582 31826 19288 31499 16941 21189 16951 18300 22638 13622
2912 3981 9906 5968 10120 3516 8241 22582 13987 9255 13993 9904 25178 13990 8570 5998 16812 6997 14058 10476 15641 28072
2913 28749 9017 6039 30083 12114 9127 28741 27768 11377 28521 19820 31017 25031 5761 12116 11127 21984 5802 12103 9289 2934 28756 28947 32626 31334 5767 28344
2914 350 414 264 143 19491 2762 286 11372 15840 4409 2740 269 8773 24941 9399 17252 10950 385 27835 25116 17892 19223 15393 290 25261 17005 23367 13605 13138 23331 375 28228
2915 10372 3215 26087 7896 11744 13942 27815 7013 26985 11459 27348 10065 7067 25681 22713 3471 688 706 9808 7337 21117 11705 12191 14036 2584 23867
2916 7966 3002 2643 5530 665 748 4583 2651 8435 11205 551 22244 5515 3496 6713 12052 3324 3395 13009 4828 18346 4525 12339 10056 8397 16903 13947 7867 4789 7629 13927 7613 7914 13077 4403 4404 22698 2796 4136 15994 22492 7063 4943 28895 7705 10232 3346 6343 3484 11716 7002 5505 22693 3949 2584 3038 3501 1819 3339 2818 3351 3950 10608 13532 28377 892 13003 7931 3376 6199 3471 6336 3486 9569 3281 23292 6223 6155 7958 12842 31053 3273 4124 24964 17685 28489 1528 8152 7007 609 3508 4868 6621 620 3291 4925 17676 15465 4629 11441 13068 18992 9336 13074 18257 21831 7942 14168 3213 7207 5510 11713 13942 7952 4337 4203 73 27080 2461 2649 21087 4322 1742 26690 688
2917 12427 11719 1060 3983 4167 17207 1187 4084 4267 3980 8285 7162 20028 973 2790 10839 4122
2918 23032 28594 30874 19194 4800 14091 24983 10148 18790 18783 14092 17762 18781 16123 21322 17750 20125 20613 765 24969 23035 19398 767 28238 22370 11872 24352 17759 18695 15025 30828 22434 14682 17090 22076 16059 22056 29569 27289 19185 27040 28204 21021 19936 16055 32201 25069 25428 26632 28295 26818 24301 17013 17532 25397 24347 23437 22026 23535 25348 14521 21846 27114 22266 17045 26726 29468 25412 24294 27486 28901 29170 761 26613 18773 27829 30870 30690 18675 2448 30678 29915 28301 14298 23424 28021 28675 31219 32585 28234 31476 4802 25400 30875 16128 21096
2919 21255 20032 7 14977 3820 8202 8418 32031 11642 17704 7199 4922 25502 6297 4934 30434 21743 71 2806 19133 13941 5188 3490 29326 18510 14987 31085 9032 21034 13003 4525 27481 668 13040 19279
2920 464 516 509 2820 486 12648 6084 15455 489 30603 1488 500 19727 22862 9396 3066 15110 25492 9795 28562 1128 29472 724 4297
2921 27184 29712 24792 20752 3327 584 11826 31175 28491 27224 3186 20465 3226 3506 24637 3345 26825 13955 3302 5530 3313 22349
2922 12912 12740 12785 8791 12805 1573 14315 12726 7078 14309 12747 1143 1144 1220 16075 13083 2455
2923 10543 27987 27936 25960 13768 8848 17368 3986 16572 13470 20634 3520 3883 2239 30933 19998 16847
2924 9447 8129 8098 15118 15692 5672 28067 32454 27358 5582 4026 8584 17989 11198 13087 16483
2925 4136 27661 8364 22320 9529 8743 14169 29289 10943 7949 11703 4128 7107 27023 5530 8498 8491 4548 4922 4540 11205 11502 9482
2926 19517 13480 218 7347 2762 23221 422 9105 13605 319 25126 32214 25244 264 28481 5484 17794 18730 32660 146 25247 25239 5492 215 20342 23327 11486 8818 5488 25256 17887 403 32395 86 5087 15846 25259 11305
2927 22616 6395 13332 1469 7661 4764 13546 8589 7654 22311 6511 8103 8590 11524 20809 13370 28275
2928 9353 9735 11879 982 1333 11576 1994 6131 8075 10890 8994 3 1783 30716 31493 3851 23201 6937 1625 32549 5653 1648 22938 6584 8083 5672 636 32331 32643 1096 4679 1678
2929 30828 30515 21124 24933 18042 15239 21051 14910 16756 13129 26839 24389 25206 29549 10148 22164 15136
2930 18202 27154 18212 18203 26699 8086 5998 15711 9904 5951 8292 22582 27440 3516 26737 5965 27398 18282 3521 5917 23182 13993 27597 972
2931 26417 2054 31713 27003 21653 11843 7133 3812 3094 5986 5025 6988 12068 7314 4808 21674 1101 21609 6991 8709
2932 10148 3603 22800 24347 24475 28487 24493 25045 20002 24283 24033 12415 23969 15605 22442 3674 18798 15179 21482 30541 28676 16128 21964 18188 24498 22531 21511 4801 6746 15259 26603 8815 29494 8786 14744 24860 24288 20004 16010 24371 30892 23990 24029 28772 25282 14462 27727 24340 24980 23927 25813 26617 24354 24366 28768 24412 14742 30914 24349 27036 24243 10445 16645 24259 3537 29195 28291 24460 14415 14725 10459 29060 24452 24203 22261 28295 2886 16542 27542 5502 25768 26835 30870 24014 23535 30218 26992 24353 28807 30678 19185 22373 18773 15188 25785 2878 14606 20587 23654 17037 17916 24399 23913 18695 23251 12260 24294 29980 21558 18305 30285 28694 26724 29801 13464 24425 11805 16759 26243 28775 19328 20087 22620 3633 17759 16497 17773 16858 20364 22168 26839 10025 23437 20613 14718 19398 10460 17030 22853 23504 7256 16048 5814 15985 3524 29353 3526 14847 5768 3525 646 28974 5799 30083 21842 30029 29158 30345 30217 22009 3646 25766 11874 31430 24821 27546 15051 31744 22376 30489 28611 16037 24334 18802 16193 17769 7397 24846 27466 28808 24389 13622 2883 17181 31218 17762 30868 3532 2901 23422 30576 29589 20725 23672 31738 30792 3591 16884 22852 32329 19195 31784 24381 14747 20074 22571 27515 26260 31431 30608 15023 30043 4375 31219 20525 30088 31803 29357 14077 30529 23772 21086 32800 16856 24451 30340 18771 18270 32653 30028 32260 24478 16757 32244 19069 10140 15207 27498 23204 24337 19065 24235 30831 15043 23429 11600 32718 20798 16123 16041 31749 31339 31750 23017 30157 18092
2933 26319 22789 27205 21973 21491 15180 25804 28499 31422 20072 26323 24524 29576 31082 30870 20574 20069 24296 24432 14521 14742 25799 29983
2934 17926 9470 29259 10425 27916 2789 9512 27914 20933 7801 32083 19052 27678 28803 8010 26334 12860
2935 24203 24457 14917 21126 32218 17861 3633 26174 23921 31915 21842 22827 24179 15012 14684 27539 24368 16135 20734 28022 28091 31552 18700 31541 32568 23908 24373 26850 22399 27504 22159 20271
2936 9084 4854 9379 4852 24621 6901 6892 31711 21348 20215 18337 28483 15434 4309 7362 503 4293 9373 11095 6653 17186 4724 9394 485 9387 493 7376 6900 11092 4308
2937 15961 24695 16903 855 11880 5899 9750 5892 4907 18024 11687 1418 4275 3510 8568 31494
2938 8554 3522 1629 15276 10579 16354 28095 9721 3527 10574 3707 25589 8079 9005 11906 27316 19995 931 6477 12584 8109 8045 6858 784 6471 5899 1446 12082 674
2939 4629 12786 32328 31521 16458 25629 12726 13079 9624 1138 1546 13175 32428 11930 12740 532 1211 1144 4987 1195 525 11748 28147 32738 1565 16451 1136 10023 16447 10610 23456 19972 1203
2940 6183 6614 29068 29738 31737 3230 32538 10607 4872 12390 16536 4874 12127 4638 6798 3298 8330 19535 24631 24949 16145 731 7005 3373 12965 29645 18371 3945 26567 13504 18477 27174 13542 2818 6644 609
2941 24458 31484 13422 24367 30217 20734 30993 21050 24862 29980 10455 27291 10435 5776 31788 2883 32836 12920
2942 18171 5905 4284 16352 10532 4163 1960 7661 6876 31713 26713 12082 3701 13363 929 1097 21261 32241 2390 8709 1959 14802 4769 15641 8920 9989 8953
2943 13799 1843 10120 15924 15437 5888 30280 16331 5942 18171 14248 17563 31072 32062 7496 7231 10495 5882 11915 25006 7292 6937 10895 1359 25634 15936 6492 3518 4143 10123
2944 6263 2390 5732 27758 11205 19005 582 15472 8377 5204 9485 892 2966 4638 7686 9808 3703 903 12350 30749
2945 21618 11116 22648 7425 9016 31587 6038 30648 30647 9132 28951 12111 18901 11409 31094 2924 32236 8515
2946 24283 32460 25112 26174 3645 26179 17324 21021 18092 22124 5776 19913 18922 16023 24033 26757 23982 30340 16192 24308 16318
2947 8169 10061 9200 19122 2707 13540 29994 11625 10414 7949 5176 24553 688 3864 9006 14824 17973 1264
2948 28300 16029 15290 28231 16497 30874 756 16511 4801 19185 23854 15189 30580 25760 14415 23481 21123 19194 18665 23428 31104 30912 23430 24434 29627 21971 15051 17091 24294 18647 6733 23255 32088 14295 17181 16128 18713 27495 19193 20815 16516 24377 24060 18809 19065 2878 14705 11601 23422 30769 14300 8784 24033 17103 14747 16717 21842 23946 10451 24246 16604 24069 3603 24036 26616 32106 22025 28488 28821 30747 25047 26613 16866 28807 30678 24249
2949 13940 7939 11823 13915 8395 2593 13504 4872 8737 6155 4789 3466 8505 16321 7228 4536
2950 4268 8864 5946 28117 16805 7496 5885 3843 11160 16978 27337 18171 1181 12076 30145 28275 20747 9745 14144 6674 4275 11159 22924 795 14172 29480 1284 8089 12078 21468 15275 29444 6869 8249 32431 8972
2951 22922 2166 1937 26814 1333 2159 28029 2321 10278 2248 12472 10873 1019 12599 2327 2122 3917 995 12080 8837 3762 665 855 3467 677 2979 16368 18416 19357 9014 1637 1867 682 1437 2554 925 3815 12475 27153 9050 20020 1926 2108 1976 1892 5864 2346 29696 1859 5154 9930 2143 12471 8256 904
2952 27272 14889 30265 23840 8812 27508 26835 21127 767 3613 6705 3561 26059 17768 26631 3619 30121 26544 14895 17254
2953 25385 4601 6194 6626 21961 702 13060 6949 24696 3500 5657 29271 7224 6537 27806 8346 22109 5234 652 9847 12854 4925 2594 4827 5520 9583 4394 678 6813 4514 595 28938 22349 19463 2708 6959 7954 31464 26904 19020 22295 24702 4889 13192 9564 7912 26274 27333 8500 658 9875 14164 13085 3226 8461 13076 29887 26670 19810 25387 17581 22210 31859 31798 28995 4945 9232 22084 12185 5242 16095 11646 3490 10402 3025 31120 30137 3344 6694 27344 27877 22663 28418 19027 8475 28415 9517 8364 16141 2707 4820 6193 4545 9569 6781 29333 4929 15870 29461 3227 6805 3225 7377 17699 2565 9511 587 14632 16918 8737 6660 10301 19557 2592 3250 32349 5202 23467 10089 10981 16767 29327 23471 9537 19783 13235 4403 24549 28943 4917 4615 13012 24695 3035 5245 739
2954 3797 29298 14811 13321 13395 14808 25178 13327 17726 24748 22232 31024 10887 2011 2347 28559 19358 7754 3077 28806 12080 22221 7742 23715 29299 10825
2955 2390 30651 22472 2440 22582 6001 10120 5672 27436 9693 982 12006 29447 29445 7968 5924 4463 1118 908 1102 4265 1020 12598 1485 10525 3839 15936 3419 6062 4668 1639 9008 1345
2956 3846 1977 20896 23217 1960 7243 1229 6877 21992 3742 5641 12351 19994 8972 15937 797 12446 2011 3913 3986 1648 30479 1281 12081
2957 6890 21736 20220 2821 482 4312 872 15387 19727 7262 6901 21263 26816 27551 14387 4296
2958 27072 27982 26071 20574 20612 28841 32699 20575 26843 14408 20577 26320 28960 20058 17747 29058 20581 29742 29465 28311 16121 20042 15025 32440 20597 32677 10149 30246 21964 24420 16124 22801 20557 28832 21409
2959 28770 24425 28302 25174 24147 30027 24038 29468 23424 27519 30429 27466 30878 23729 12920 24093 20298 18802 30030 29195 24567
2960 13536 8395 4833 29001 19813 70 13941 25845 6318 12967 2814 6688 7942 27182 2483 30571 11497
2961 12763 20202 1580 13079 1563 30670 5788 1159 29521 25631 17405 12802 28879 15575 12753 23243 1138 2827
2962 19734 3347 4788 11825 8748 5344 13914 6786 13943 24963 8745 9937 1746 5308 3348 7914 30762 606 3381 4121 8395 3231 9577 3214 2644 29938 3291 6701 16792 632 25843 32363 5521 23523 6155 3186 7572 24587 9579 13968 31273 5505 17703 19464 13921 3292 4136 30273 5233 23051 15993 3220 13086 25228 11671 29121 23052 30002 16147 740 1527
2963 2296 2064 7507 2253 2151 2342 2316 1910 18171 8894 557 2322 6878 2159 23115 12507 2096 32734 1663 2088
2964 10080 4939 3002 20313 555 3298 25482 7890 3027 13968 7019 4125 4868 2708 23085 4872 712 2966 4129 22991 28869 12846 3213 27056 32095 31140 7306
2965 1318 8076 1925 8183 13800 8249 20022 2968 551 10481 12467 6644 18495 3005 8982 3762 1859 2305 7654 2350 21671 5266 6443 911 1629 2301 12471 1260 1695 20026 11432 8986
2966 22800 6762 18812 17098 28194 20613 31747 19185 14620 21021 28092 30466 22156 24381 7397 18557 14684 21012 30088 21513 22571 15170 31532 18665 19065 27542 26571
2967 20082 21718 19214 23688 19469 32589 20354 20333 23386 21705 139 29876 14014 26465 21706 21720 30585 28272 104 26584 21713 26437 11493 9813 20067 13239 19217
2968 11810 8739 4940 25302 8481 2613 24533 16292 26335 30111 21219 13956 23760 10372 15471 19051 3292 3365 15885 7282
2969 22174 903 8530 12223 13053 14784 1051 5025 12221 6048 12218 7159 6355 16329 6145 5074 6424
2970 23033 25797 20734 29468 18773 31761 17103 30342 25050 17769 29915 18270 30920 18106 16466 28301
2971 32006 26080 30169 23292 4732 3294 11833 3344 3371 3220 30658 29949 4136 13934 15964 6958 13614 28941 30135 7337 4939 13929
2972 10148 13425 27732 25785 14712 23427 6746 24425 17258 19037 6762 25347 22155 24983 17771 18781 20125 7397 29427 21513 16380 17532 14086 10459 20573 767 25768 23438 18773 19185 20364 16882 28247 15186 22060 21021 20761 23428 758 4640 4375 2886 21020 24082 26835 14077 22103 14645 7401 22272
2973 9508 5344 4592 13949 5211 28935 593 2644 11450 7057 5191 26112 4515 25461 24634 5507
2974 11204 13945 31052 8502 19138 12960 31114 27020 7942 19357 22081 13613 4872 7928 17492 3347
2975 3348 17821 19182 4520 4872 6098 21903 10945 554 4939 7952 9121 11826 2552 9119 2708
2976 11883 11520 30130 26065 949 20631 5950 31177 30621 1065 11667 1290 1049 20623 6081 9369 1312 12471 26710 8570
2977 9016 21256 11176 5781 31014 8609 10192 646 7186 25201 5785 7175 7417 25185 5808 11402 18885 28345 2931 21736 5780 9123 5779 8261 30134 30647 9260 5818
2978 9625 29088 22642 12347 7469 28345 9290 28348 9017 4329 7409 643 21618 22566 28756 28751 3145 7421 5812 18731 12114 10183 9124 9016 11378 32616 14232 30086 14215 11398 25185 30084
2979 16406 30483 2856 22513 1546 7428 24904 27666 29375 17362 28906 20456 18866 9278 18914 14344 10872 10551 31973 2847 25718 10870 12720 9275 538 16433 10867 2854 10737 27860 14345 27102 10264
2980 11204 9566 9582 7623 11691 8748 16760 11830 13073 7572 9808 2628 9515 9461 28925 17073 3489 17579 22492 23051 12960 25475 30407 7928 32371 13957 8758 22631 11469 2818 13947 19020 11826 8494 27801 8452
2981 407 2766 11303 25265 451 15411 27784 11891 2761 5415 350 25246 13607 8678 262 30067 4409 15282 15412 127 5420 5464 19455 29896 232 19311 26946 147 21393 15529 376 23513 13881 19496 20335 264 25127 208 13314 19664 408 20339 15373 17790 222 209 31282 21357 28252 25253 26031 19671 28994 241 31376 17892 20360 31841 28991 32028 29877 20348 11488 28496 31921 19313 32444 26562 4406 26016 14016 177 19495 2776 29772 31590
2982 2115 7827 996 13409 5310 2096 9415 19097 1785 3047 12547 10246 9840 3942 3164 1830 8094 12531 21032 2159 1910 1618 10928 3060 10800 1859 8907 1021 2311 919 6860 23171 7501 7098 1485
2983 13525 11820 2966 3348 11205 6212 6183 688 2979 2458 5172 10984 15965 2584 18416 7939 1816 7949 13036
2984 327 29620 15411 135 19507 16208 15415 5410 31090 17892 14641 15413 350 13599 10949 335 14034 257 314 297 32128 32123 32773 29878 16199 29771
2985 6937 32104 4031 5582 13662 4163 6522 12598 1629 27986 1876 11573 27358 24715 15935 28289 30651 6421 23706 7535 5058 11572
2986 19556 11836 16775 13539 2966 5245 3230 26524 3925 28846 7278 17825 9116 3002 2708 19180 3231 3186 13289 31470 595 4788 10694 13439 3274 6633 6188 31214 21753 22713 22684 13293
2987 22566 9295 28735 25494 7793 27939 10162 9278 5825 10226 5761 28977 31450 27769 14271 10154
2988 12730 538 10269 15509 11610 10265 27666 4981 14358 7721 20456 11613 12912 16460 17388 29911 11942 12787 531 11614 12696
2989 4877 5499 4875 10386 17696 3476 23292 11823 9685 13948 18262 14042 16369 25529 8215 19133 17330
2990 11825 11588 31229 21856 21753 13523 3239 11471 745 2605 3186 6264 4638 4628 31155 6614
2991 4931 735 6098 7634 733 6288 26091 2814 2797 3500 19357 11825 7715 8500 4628 2708 8735 20481 2785 3373 16368 28549 1382 1739 26691 27343 3025 19850 6692 28941 6632 13507 31667 21404
2992 2066 1843 10011 1522 2095 28328 1616 22422 32165 28559 18014 25331 30421 32550 7459 32691 25914 23115 11435
2993 18925 20468 18926 22848 28059 24482 24452 26850 24862 24225 23942 23555 17103 14727 29570 28765 29629 3674 16717 28810 31551 14447
2994 15478 9818 19639 21626 15280 19506 28226 17890 11309 24938 25827 27786 19628 142 21395 13884 8700 26008 5415 25242 201 252 19642 28286 19226 203 4209 16205 167 25260 8773 11891 2766 25127 11371 340 15840 19507 19438
2995 4909 14123 10675 30724 13677 21666 1318 10516 11202 10497 14116 7654 795 3092 1020 2096 11879 14145 995 3826 28191 6998 1121 10855 22471 17566 32234 20175 7890 21632 21653 23223 14122 13792 29781 1776 12486 21639 1953 17850 27053 7509
2996 29845 20579 17750 28517 20058 30868 29565 28831 17770 28842 27074 27366 26038 29574 15170 20580 26323 26265 25768 24524 29852 30121 26330 14533 26034 20062 20185 22806 30582 29839 29803 20889 22807 22231 31082 29467 29576 31890 22801 7397 32677 24059
2997 15023 21973 30628 25047 23429 22274 27499 16029 20059 29485 23900 28594 29468 32480 30342 26818 19193 26071 28091 31104 29293 4800 30870 25217 20004 28292 15290 25345 28196 21842 28180 16126 30461 22014 14588 3674 21456 19072 20613 23425 28589 22268 14880 25395 10024 19936 19184 27142 22052 21266 26269 18713 24865 14661 24465 3677 29842 26607 21124 23424 19300 16856 24468 29925 22266 24093 23670 31362 19298 25288 30217 22022 19186 30308 29915 20380 26610 14698 23487 29263 6746 18561 30875 29290 24478 14613 31220 14415 30123 32064 29617 32748 26969 30878 25045 16317 17851 30528 20147 32511 10454 17055 32715 22859 23535 16036 31695 15581 28297 32740 32347 31432 31403 28302 24447 28788 27536 14950 16442 27219 24381 31255 20371 32695 16115 23026 27487 29058 31541 22160 30577 15987 27884 30527 30429 30678 32176 31504 20123 32159 30045 32279 30538 16853 30219 31411
2998 29626 21564 26604 24089 24506 24127 26768 30343 23910 30539 18962 22853 26486 6738 30831 18029 24272 3633 15003 24288 24216 29625 31869 23489 24566 24455 28766 23422 32318 4802
2999 2701 8762 4938 28995 26096 22095 13640 1528 11067 8743 4561 29350 19122 26932 16095 12295 660
3000 1711 814 12058 6263 1933 1038 1733 10471 8828 28713 28116 6646 17996 10969 1616 2940 1268
3001 4489 630 1817 9559 2489 70 13264 6315 7803 9120 16369 1535 9660 7004 13687 23520 6256 704 30764 6161 22319 18348 12330
3002 23137 17443 20737 15753 27069 28038 16167 13760 16169 23144 22525 20681 23146 16180 15644 17473
3003 24355 28525 24019 27524 30028 32252 23507 27900 25787 3667 27937 32492 16045 24048 31046 23249 16013 14518 24021 32583
3004 20026 6874 5782 10525 19996 4036 20640 13853 3969 1333 10490 1261 14515 10573 6857 948 10933 1097 30572 13850 3779 28929 22507
3005 2065 666 1385 12084 2337 7518 32524 11879 25441 904 11572 6055 31128 8482 3467 27632
3006 6488 10595 905 1391 9 7766 861 518 509 6653 20449 847 1584 12736 12737 9770 1373 7171 16922 675 890 2494 6526 14780 677
3007 16037 25429 27298 27551 32145 14884 17532 8809 27295 21847 24421 21844 28246 17529 20827 21513 27291 18789 18787 15081 25766 25420 32108 15206 27300 18801 30974 19405 15149 22433 15170 14526 4374 8786 21565 32613 22272 14584 20525 29507 3614 29506 750 15244 22680 31632 16636 15087 23035 15099 17002 30971 25431 13119 14457 17769 21774 24289 20364 32666 15007 31262 32809 16651 32751 25428 7258 15349 8117 27521 18308 29986
3008 15230 26622 30489 23448 12182 15056 23435 25050 20092 15025 24602 22163 21021 29147 32698 23431 29263 4389 20094 21076 17022 17542 24268 26059 32492 16883 20089 25768 16127 26726 15153 31427 6706 23654 15220 21056 26850 24465 17532 25700 30504 30076 30634 24913 26143
3009 5880 12058 12471 9047 7658 2122 1038 2096 23179 20545 2342 11927 925 30040 7315 1233 31268 15501 12563
3010 29037 31800 25319 30364 8288 16553 23568 26643 28453 29325 18613 16565 20849 18187 27934 31456 3661 17569 12938 21289 32258 32565 30997 4884 15639 14417 20866 30964
3011 26560 19219 31280 2761 26553 19506 13483 11888 7389 18728 11894 8783 7347 385 149 208 32130 139 20422 8780 32135 4409 13874 31919 21393 32126 38 21004 15840 11289
3012 4939 19181 741 9121 10607 4872 3347 11828 13970 9033 3326 13049 9122 13909 11717 678 25490 3298 17578 566 2968 1741 14778 3196 2973 11204 23294 7906 4903 28924 4944 3274 19139 25483 26568
3013 19895 7906 10607 12960 11380 5508 3483 8346 3460 30701 11702 30730 3347 26566 15939 32856 23051 32828 20011 8477
3014 26041 29390 22167 29933 24425 15606 30769 27320 19195 23851 15605 24911 14588 3592 4801 30461 29915 6706 29468 19300 20125 31508 29508 29366
3015 13982 2363 28652 3983 6845 2108 26434 13333 3851 13359 1633 11879 13099 12521 22472 29696 3158 11914 9041
3016 9287 30083 7416 643 4608 28948 9016 12342 9130 21617 23346 25081 31334 7417 7426 25496 17809 11630 31560 19509 31569 5802
3017 29204 3500 27184 3448 31585 31123 9492 20239 70 29129 13958 16969 17070 11477 30286 21403 2707 3495
3018 26843 16759 20058 29583 32513 20770 29574 31765 20565 22375 20056 20473 22799 23539 30760 32599 20063 20734 26837 28508 20471 30865 17765 20889 26321 20060 29907 29571 8711 14644 20581 28831 30869 32354
3019 31162 28066 24768 5973 23223 26709 9693 1236 910 11044 8292 8241 14145 4192 29789 1097 13799 8805 7161 27686 4473 3826
3020 16171 17476 21670 19568 17467 16176 19599 9646 22901 22525 22529 11981 22888 22238 20722 22285
3021 25201 24538 9016 31334 28975 10922 18182 11406 25185 31990 30259 2938 25491 2409 9290 31567 16237 30134 18920 28753 7078 1207 10206 22742 12103 27102 5828 29353 30085 28345 30412 19814 4608 12342 19822 9019 1593 31095 5755
3022 3298 15741 25483 7952 3002 32031 27704 6098 8748 25490 5407 19904 25531 4872 1819 24705
3023 9945 16211 22504 17784 14137 3515 16210 12414 16810 3977 15712 9729 1350 2390 10795 13991 2160 31549 28214 9001 15936 1775 28095 8981 10526 6054 15682 17364 6492 12563 16209 29798 5929 15700 28316 12946 18207 7125 8068 15926 32722 5720 1103 5992 9012 12393
3024 14213 9187 2414 5741 18852 31020 9284 25031 18885 15575 22566 5768 28737 27768 5390 25078 11401 18506 30413 28049 23101 24892 25201 5797 23786 30411 5828 9285 5800 18832 22554 31093 30086 29668 27946 28969 12124 18886 9292 18901 18684 643 30291 25085 24887 9294 3147 28948 25356 12885 3526 25199 31008 32232 5814 14237 31565
3025 20525 24421 6738 25395 26471 3533 29915 3030 28376 18631 23670 25003 14529 16037 23447 19911 32568 25418 31714 16875 24465 20093 15170 32434 30088 18270 23428 3674 28691 15605 19069 10148 18781 30123 32278 6746 16126 28821 24389 18700 32573 29636 28594 28167 24082 30875 29544 32611 4179 26862 15051 27115 24372 29842 29654 16553 32586 26070 902 16025 27900 29366 26846 30712 32517 28771 32771 26732 30914 26850
3026 13004 9559 13037 7694 4733 9509 4515 10607 11825 13045 11828 5188 8732 11824 2560 4872 9461 23725 13260 28924 13613 28243 6645 3495 8499 14984 13029 19183
3027 28142 32653 30835 24227 24033 32340 32596 28629 18570 30871 19914 32615 32731 32245 25428 30264 22277
3028 13905 27032 13523 13940 32220 13977 13085 29408 13071 13036 2701 25554 9485 27703 566 7588 8505 3017 9033 1822 4733 31293 20032 7914 28870 21753 14975 24629 7586 2578 31863 32538
3029 5407 6613 6152 19463 1528 698 6341 855 5724 31258 28797 596 7890 28706 4939 12858 13540 12863 4788 10080 10079 3316 14633 4872 4907 7906 30104 11827 712 12185 17843 3190 30398 11828 603 20914 13961 9532 29785 5604 3348 7952 22991 11501
3030 7618 22414 8757 18416 25478 741 13976 32286 8761 13613 2649 29240 29437 30658 8477 19027 27641 27999 31818 4615 9509
3031 12786 1573 10709 12600 8791 531 13174 544 4983 7718 19963 12714 13116 9629 14344 7031 12783 11546 525
3032 25310 16871 20087 25056 25795 31978 25429 29602 17103 27219 24916 23906 10451 25130 15352 21500 31318 16038 21565 25309 18029 23153 23233 15205 15207 17744 31532 24295
3033 1882 1008 2330 2352 20631 23888 18435 9543 21681 5882 8986 6998 1350 22471 10901 1684 23177 8075 8881 31979 2144 3942 14147 23212 11879 2024 2297 1695 25871 2121 1751 3060 1468 1998 904 2327 31151 2254 12143 31974 23164 32541 6359 3094 815 10791 23201 2078 6680 2375 31595
3034 24477 18112 26850 16048 10148 23424 15170 24353 21064 24088 20253 24488 15998 22157 19601 31275 32427 22327 32579 26121 31536 15997 16559 17028 16551 16088 30539 20735 23914 32491 25698 24169 24915 24475 29160 8784 27040
3035 17234 19992 7661 4247 3089 8533 14112 11272 10483 912 22582 3837 5552 19106 15686 21648
3036 26850 19908 29588 27466 14625 19944 28629 28142 24509 25049 30077 30878 18807 14851 20270 24228 24560 22434
3037 262 27687 412 18729 20339 150 4208 267 20346 10950 28229 17193 215 17249 88 249 194 414 19671 5410 103
3038 4452 7376 30603 11005 464 4854 4852 15455 6899 4296 4857 9384 486 25990 4308 4312 30950 31298 11093 7375 23616 9382
3039 4509 26384 22492 20013 17463 3245 7883 22244 11774 9543 20749 25476 13022 6199 16903 8499 555 3291 3484 19468 2524 21867 855 4526 3488 19779 595 13929 19802 7170 15967 10861 10034 609 3471 6356 6343 8500 6713 6948 27021 26910 710 14989 4128 7903 7623 20479 4461 9560 3970 25304 9119 10945 28997 4943 4598 9122 11506 1967 2552 10607 574 31172 29851 25879 9200 3460 10232 25518 2547 13938 12032 13984 28206 27699 4875 27023 16365 22917 19466 12039 8729 19800 12862 31585 13289 4580 30306 12369 27806 29502 8408 12303 6318 16969 4488 20240
3040 18781 27884 14701 25129 4801 23424 2882 25938 22370 28787 3674 19395 23448 19186 29933 32262 32730 24567 29468 27534 32748 3592 16220 32424
3041 7418 16831 12794 5750 22534 20192 30631 7030 30849 11617 29244 20427 1141 1140 28708 2428 4993 23454 14302 31237 10714 14350 7046 27736 20447 531 10732 28157 22071 16479 20824
3042 16365 25021 4617 9677 9683 10318 17617 4643 26085 22871 15970 13003 13280 7228 23523 3371 7929
3043 31361 10024 15188 21506 18713 27518 26073 26878 10148 19193 31362 4386 29366 22571 15565 19154 750 3674 24315 29838 16857 29653 18806 31741 32698 20889
3044 30914 24343 29695 22376 22019 24197 23983 24357 30893 31104 25404 3666 19184 30843 13118 29588 25210 23772 32001 24412
3045 24891 5747 5796 2934 5779 5804 8565 30943 31684 5809 23743 5743 4298 28722 678 30941 2489 25327 15467 744 4718
3046 31815 8333 26455 23048 25655 29068 24835 8492 30693 32739 19183 4874 32837 7451 11825 7572
3047 20518 30723 4179 29086 19600 26848 27216 30385 22425 7452 32270 32768 29725 27646 7781 20854 32271 20849 30374 21375 32153 26643 30588 15288 15563 31535 28119 31359 29836 12419 32647 30589
3048 3345 13802 30407 23007 29882 13984 2790 2638 3302 9462 31170 23768 2547 27255 29288 30097 20130 22296 28943 9225 3294 20497 20921 6806 27704 4539 31746 26577 11060 9676 31166 31865 4626
3049 24468 3676 19395 3674 27527 18110 12929 29915 16048 25053 30972 24841 14620 24327 14474 27485 767 31905 8814
3050 6905 28402 17140 11773 24720 20221 3177 6082 6895 19723 4852 19727 2668 514 31712 18342 24722 17133 9068
3051 28348 29669 8609 25376 28048 10183 17307 25084 31565 14239 14315 9132 32018 11378 31646 30087 31304 9018 2408 24814 31093 30941 30415 5762 11111 28753 30410 31932 28049
3052 4440 28403 25988 29868 2821 25990 19727 17143 17141 6076 857 6077 24721 6893 4300 28401 25409 520 7732 509 4310 9374 4854 6896 724 6079 15455 2670 482 4852 1488 11014 14301 4293 9170
3053 16922 17828 2568 6526 14 7580 6962 9118 4123 30069 13035 23344 4716 547 663 27956 11 2565
3054 13007 1376 4931 1113 4324 27102 18731 25185 2930 14275 16542 8117 25413 23567 11605 24284 884 11634 31969 15490 4883 28574 16085 5618 16547 29960 20834 30278 30384 29049 19151 12424 23576 12419 15632 20853 11164 19157 32554 23629
3055 17870 10014 1682 30858 17868 2331 21655 6452 1695 11956 17836 17871 30422 9739 27211 9023
3056 29205 6246 10984 19698 24629 3226 11666 29272 15825 32865 5603 1373 9806 14771 25484 29851 6644 24512 10694 9543 21745 7167 26095 7934 6164 30663 13288 10390 2477 13976 10860 4521 4398 10945 3219 2707 8461 27184 13007 25489 3301 2602 3306 31889 7073 22769 19357 9232 2788 29323 25039 31779 26687
3057 17849 13805 26627 29186 3517 7251 29789 5922 10507 949 15499 9437 9452 9904 1401 17839 27435 14257 14126 20618
3058 189 139 20352 21387 31916 13479 21393 128 31213 219 31703 32560 32521 26151 31928 4335
3059 20463 1752 6223 13166 8741 15904 13030 12330 26088 14979 29776 30929 15496 26093 3281 12338 30231 13171 8330 8395 11776 26144 7531 18257 21753 2584 7000 27851 5351 30762 11833 13528 30823
3060 23255 10451 24507 12234 16056 32805 20298 26174 3530 18783 14704 22155 27484 15171 15314 3634
3061 3292 8759 29004 24677 8745 30926 17492 28075 23050 31141 25604 22247 3285 9224 9681 3186 13952 6960 4458 8411 3213 27850 26780 17330 5048 32780 3288 7618 22209 7596
3062 19311 23336 31 413 23341 11194 17794 442 2767 391 4481 11294 5457 25670 4478 26031 19686 19587 19657 218 31898 21391 23066 25375 25266 32130 26151 29769 31720 15832 19444 31278 28326 19503 427 28228
3063 30356 29051 16935 19169 15635 16001 12938 29043 2876 25527 29838 18225 25568 29049 14700 16942 29832 29048 32866 31457 18275 9391 23038
3064 29995 10147 14002 2794 4460 29903 27173 16775 18472 30847 19120 25365 6318 7952 26666 19091 30149 31972 12391 8357
3065 19219 32126 25244 2763 4409 21393 5486 8781 5469 11489 297 26031 264 5489 5483 31383 371 23338 262 8701 257 2762 11319 246 26151 15415 414 451 132 23332 142 32619 20363 13599 15416 31923 26027 11894 4426 7349 28228 9790 15411 253 15369 11280 32867 40 8697
3066 6768 29313 24531 2328 12558 32843 17915 12545 13409 12502 11051 4484 1524 10253 1525 27080 18175 12544 1039 4548
3067 27182 9865 2638 8364 7941 2811 17080 31253 24735 16899 19021 22319 27346 18998 28386 7954 29329 30551 26674 574 26306
3068 26692 8763 11201 6798 2861 1376 2966 1822 17824 7909 4137 2461 27632 688 741 18175 8243 8499 9581 4515 29437 9560 9545 3038 26136 7694
3069 11468 3378 19141 10093 25483 4539 4590 13206 26566 21751 2605 12030 10095 7069 26669 19134 13972 21746 6811 10539 5834 14654 9875 27034 23720 2589 3926 604
3070 14636 10607 19883 30211 7196 13934 15902 4638 11833 10055 25530 16363 26384 13058 3316 27915 13070 31067
3071 26814 22922 9706 6777 7981 17923 29689 4048 14781 4165 2418 23079 27324 2133 10058 20120 7105 8934 1312 30171 988 12531 10010 23001 1844 11260 9309 755 30180 3703 32437 23176 1059 2958 10577 20403 5262 1234 27369 30039 3161 12550 10490 29718 948 9797 3968 1913 6718 7098
3072 4033 4043 25848 1001 12447 18021 14374 5926 3905 11186 4755 23223 6993 20978 4045 8972 26897 4274 6998 29219 17209 20641
3073 6632 13172 31234 7628 2483 13269 29429 31116 3385 27682 13078 18622 3231 13012 2797 30919
3074 22931 25991 1496 21263 9088 22930 4442 15421 3178 730 30094 17148 25987 11014 520 17145 21292 9084 26216 24620 4452 4843 19725 21336 11101 3806 11770 4440 2666 2668 25994 480 16100 24851 17135 498 7371 25993 19727 11800 11799 23616 31875 870 29870 6642 19324 4312 7741 25969 7733 4299 252 19643 482 17143 6905 16104 11001 7740 519 4853 21264 6903 6894
3075 31410 26841 14715 21497 4396 26880 30076 17532 20087 26071 15051 18106 16607 27108 27542 24334
3076 17496 12501 27908 6956 11658 26381 6322 27742 10763 5194 30782 27913 9202 1526 9319 25732 7337 4394 12976 9479 16389 26929 28932 24970 29671 31779 5193 11691 4821 5216 6201 13008 1817 7 26830 10837 21747 81 2599 26922 17843 28893 27588 3744 25364 4540 8743 24973 17705 22713 14167 24634 624 21202 72 79 8687 12406 899 16923 10758 17822 879 8577 4531 10619 9559 2569 31994 31137 4926 13287 16917 9964 10079 28867 11205 19133 12499 29328 7906 587 17081 18262 26384 29329 29477 8500 29259 4517 12191 13013 8009 16291
3077 13745 20054 24945 6703 32493 6744 30862 4390 14616 16060 22815 23267 21998 22459 24858 22793 20073 32679 27305 18143 32330 7229 20594 29760 27887 29457 30838 26321 14728
3078 5840 20163 15682 20978 6492 15592 14126 8098 2213 5944 10530 3429 15595 6009 9740 27436 25634
3079 24383 30397 2899 23832 30538 8809 24740 18923 30532 32857 21964 31096 31598 27320 26256 16463 32696 16650 32424 20613 14859
3080 20402 31657 12616 12618 23081 6939 2958 6772 6656 22422 10237 5832 10934 13390 29301 1524 17913 27973 10649 5258 32527 13396 11967 17915 13097 10825 29216 11184 10912
3081 17183 25345 15023 14588 16511 6746 28301 19032 30217 23985 14742 20553 23900 26880 32495 31216 18812 25045 14661 32064 23837 31947 30528
3082 6927 2011 12350 8659 925 11265 14140 10512 21657 1915 1248 5870 2663 1977 5856 1106 21650 21304 10897 1097
3083 29883 5040 4539 9523 9312 3485 13501 31199 19765 4509 3184 4136 9546 2574 18133 15471 6960 3038 5592 30200 14170 27612 27880 8008
3084 12698 30128 30917 31132 9623 10023 1214 14291 10262 29946 30852 16473 9619 16347 29013 28709 1138 16832 31240 12653 14315 32256 9622 31236 29520
3085 28867 13943 29971 29501 13964 28872 3344 19060 24897 16389 32442 17843 13974 9459 13614 25476 19140 11826 30452 27844 27596 11831 10369 13967 4547 9586 22492 20241 32385
3086 16951 2876 29214 20515 26870 4179 902 15728 3151 7792 23234 18734 20613 14683 17254 17012
3087 1882 5262 10679 1933 10790 20228 12 1927 1698 2229 23185 2043 4178 10823 8657 6398 2268 1296 29718 7497 18322 9014 15502 1952 6526 27368 3967
3088 5356 16776 18614 13432 21835 25555 13704 6294 13267 27707 31113 18374 2799 26691 19850 12323 13898
3089 30297 7772 25630 9275 12653 11930 1573 12751 15824 28879 22585 31131 12748 28149 12785 1541 30545 12149 12786 27234 1192 7779 25628 28877 29097 14348 10732 2844 14323 27571 1546 7777 32502 9770 20447 1159 16846 1614 12715 537 1599 2854 30687 31857 32721 4994 1547 32632 10867 16075 7773 28363 12747
3090 19782 11813 13056 3373 13949 4603 3493 3920 4539 9461 13206 15961 21854 8764 15939 8763
3091 21087 26667 19028 4517 29100 19123 3027 8501 8743 31751 31558 18256 3272 13956 8499 4820 27023 31680 30583 10423
3092 6762 14618 29395 24417 28648 25420 16072 14263 15565 10459 31555 14884 31905 20364 29625 18431 25943
3093 30628 30597 26607 25786 32043 24465 16511 3140 32202 28301 14300 31361 29722 29915 20553 31937 19184 29508 31541 28091 23425 14444 25812 32468 15581 23026 30563 31216 24984 26846 32478
3094 2873 23424 25046 27306 16048 20297 19072 3606 18270 18921 26002 23034 16049 31296 26618 23487 28141 31869 32582 31586 24475
3095 11018 22499 25409 24719 9396 6076 6890 15455 3178 2668 9955 4852 489 23616 857 17140 9150 505 4444 872 519 15419 31887 511 19725 1132 9385 7331
3096 14712 31372 30216 24461 30156 28295 12920 30029 26766 23945 14262 18798 10148 26880 28810 32321 24508 14457 23949 16227 29915 31985 24171 24460 24035 24353 31510 30537 27321 25053 32495 30532 16072 32050 32001 23255 9793 27320 29626 21498 31339 14751 23654 20253 20468 14585 18925 16041 30871 26331 29160 31741 21086 19400
3097 4940 3490 13056 20497 6220 26088 13973 5596 32557 20499 23770 7868 17635 21875 11465 13912 14971 3302
3098 23115 30857 7831 2321 19566 1990 3057 9840 32683 11879 17878 1786 23183 23191 1785 11260
3099 643 27768 2403 4608 25376 2415 14212 14229 8515 9130 31569 30304 12171 12118 10400 19822
3100 18203 27399 20618 1434 22881 25592 14148 9256 20995 23131 925 13828 8129 8106 8584 12887 13823 21159
3101 17045 32489 17048 14849 24821 19298 24666 18270 9763 770 31593 31624 20462 2450 14557 8809 25053 24215 16657 3030 14094 20527 32746 30629 31491 6753 22269 21538 31250 22702 31962 752 14645 14479 17529 6762 21804 18787 14092 15105
3102 4483 23706 15671 29700 5914 1744 29078 31817 5330 3439 30806 11227 23079 2125 1020 7495 5687 7807 3757 14113 2132 4015 18259 8977 702 19308 23200 4660
3103 11309 280 20423 28323 31909 28326 31919 19472 350 23333 398 103 31654 5469 15407 24941 25252 2742 13609 19311 12230 2724 31283 4363 11281 19665 319 92 13607 31691 21913 27965 351 21909 212 257 28481 19628 28004
3104 30161 20144 414 28254 4417 264 23338 11325 19223 4419 26031 32417 29936 14185 297 8781
3105 4509 3751 3225 20494 6808 7070 9561 20755 31130 26344 6534 8339 31636 2818 31137 3738 3448 22317 31171 5621 13620 22917 11380 27595 7927 15967
3106 30152 27789 218 46 29856 21129 32659 25447 21130 21392 11274 19610 11894 11276 25028 19986 29492 15365 8695
3107 28809 27546 31230 26361 26002 16386 28768 10148 27494 6746 22375 3591 19928 27291 28297 31999 23422 14610 29389 17091 3624 28781 28701 16855 21320 18047 24404
3108 21087 22917 16365 5834 6621 18350 11830 32385 2589 7333 18315 29429 30273 23294 30931 4874
3109 24308 23933 3623 28787 14485 17183 27533 15029 22077 30397 25801 16876 18812 18270 31714 14902 14611 31209 29366 6746 24327 30689 16499 28302 3681 22167 31297 24060 13155 22014 14736 14674 27094 29468 28234 22800 32191 32748 23017 24425 15581 18790 24072 10453 32064 30489 14419 26760 17531 16055 26726 17918 8786 6751 24444 19383 23900 4878 32731 14507 21842 31983 32871 32257
3110 2395 7303 28619 23291 13417 14167 10089 629 1819 17702 22101 5515 3947 21087 2643 21831 15495 28798 32025 26826 13969 8294 6781 16903 13028 4820 13255 21018 24737 9312 26096 7228 7858 2584 7618 747 25437 6155 13011 16782 28803 11739 5517 9865 8400 4134 22481 12022 18257 2999
3111 2884 14718 16727 26496 25344 26993 17539 30446 16054 32100 21805 29983 21020 15207 16650 24315 14529 10025 14935 32044 29616 31760 31632 24326 3540 21791
3112 24060 20064 21963 25109 26838 31537 26057 22808 25938 29295 20612 31617 31912 20596 32812 19399 20073 29864 21825 25163 20875 30803 31261 26062 28839 20557 23729 15287 750 20093 20574 25174 29840 28526
3113 23659 32351 17490 9646 20739 29132 23500 27069 21922 29743 28536 14082 32681 22779 31597 29371 22895 29894 21920
3114 1806 21657 1994 21671 17209 13641 32465 11878 14113 30522 2361 1608 8102 2112 13343 1926 13100 23115 29693 21939
3115 1874 5672 2128 29541 3516 32155 18234 12081 9945 2155 21665 1188 908 23888 10896 11794 12637 27797 10525 23114 32883 18670 28303 32169 2313 6086 23406 959 22938 995 3917 3905 10877 32298 5566 23185 6991 4023 2209 2389 20988 15483 32884 2365
3116 28250 13653 30790 23788 13797 4671 6857 31808 5129 30142 4002 9004 13665 27354 10463 22505 16332 7659 12007 3861 23546 2790 12035 13588 16190 12132 8534 24668 4668 5877 15593 27016 11106 12931 31668 5857 17225 1525 3516 1266 8805 5976 15680 19692 20153 957 25455 3828 24643 15717 1257 7133 14369 17562 1078 24694 12009 4045 22306 2678 983 9992 20181 9002 17634 32067 9549 19308 26223 17982 5241 4831 10075
3117 32458 19174 23582 17550 32650 16562 19289 30323 26859 20849 29046 22327 32153 18274 16935 15625 32086 20869 32457 31756 19981 27216 18309 30296 32580 31500 29086 26866 19983 18296 31855 7112 29825 30327 26848 26121 18226 30060 6970 25527 22451 30374 32456 32648 15639 23527 32055 18225 31045 22157 19976 32271 15428 19919 29819 32242 23037 8018 27117 883 3066 24149 19979 20850 30328 7453 21182 32362 26861 18308 26869 22953 23530 12425 19980 23040 32358 28530 32455 19307
3118 735 5499 13075 7901 27632 3187 8546 15894 22319 17841 18349 16369 18350 8748 3496 7580 4733 9033 5230
3119 11829 10607 3344 13613 31325 28861 17842 3336 13614 28927 30066 13974 4874 18619 24587 4520 23051 7631 15993 31308 27844 13975
3120 29366 24343 30220 28487 27220 30121 26838 25597 3602 30875 20054 20575 31504 17758 7017 24436 4388 31912 17762 20560
3121 14787 12122 17805 9018 12110 14274 28599 25183 31770 31829 31016 31992 30084 11141 4608 21984 5797 1162 9295 31569 30648 649
3122 8687 30379 26863 11603 32785 16000 23899 15561 14569 29147 21325 27546 3066 20773 32778 27501 32579 32827 3536
3123 24179 29160 31386 31372 26622 31320 29588 16123 24353 16059 26619 24862 16072 19184 24444 24314 17769 18270 27462 24502 32279 5776 23481 24299 32038 30893 23562 17520 31339 20277 32704 28772 30901 32653 23825 24461 30418 24354 24478 32439 32596 32282 23982 22036 32043 32814 27319 30871 24375 30541 27321 32702 32281 22124
3124 29506 15605 22856 21513 29629 18218 31372 30719 20798 24209 19314 18188 31837 16068 22927 16746 31391 31912 26603 26040 32352 31230 14593 29281 28824 16502 18962
3125 12244 4509 5332 8763 5520 16789 27899 31820 20239 9508 13204 8442 23592 2973 30611 28108 9496 24976 7894 11833 11474 31960 9555 550 0 4337 4917 6342 666 3886 13618 1367 14 32224
3126 28157 12757 23644 30631 1148 30346 12913 16424 4987 19204 23163 29913 28156 23643 17906 23454
3127 4608 25197 9124 30476 7788 5793 2408 7789 28008 28751 32533 30943 5804 25081 32808 10161 25187 31565 5396 31091 16665 18115 5381 2415 32232 5383 11629 30944 7421 27946
3128 8512 4298 7176 18833 12096 18872 28950 15572 17311 10181 18827 10155 650 32216 21257 8562 18841 10184 13146 22412 11166 10340 2408 5785 18913 19371 12118 28539 18839 18902 32022 12365 19114 12098 22413
3129 22077 30199 31741 16380 22800 18799 21551 18781 24294 18736 27727 18646 7398 27527 24605 31644 18771 23916 27743 30920 30222 23900 16133 29113 20380 29506 32000 27546 30578 8786 6762 24987 6736 24862 32809 21021 14259 28059 19314 31185 31424 27550 20468
3130 10148 20125 29290 6746 9795 18270 19328 31901 18781 28611 750 20587 27486 10459 14381 31631 32401 32050 24315 14474 26846 31632 32791 30045
3131 28383 7629 27704 7697 636 9517 5535 24626 24972 11625 19895 28803 17898 21400 2399 9758
3132 12079 1926 23198 9047 31186 10242 21328 6661 29388 29693 12546 23171 2173 23815 29540 5126 10243 7755 10930 32195 15816 31520 5157 13099
3133 7827 1735 3771 1517 13337 26436 8074 1684 32683 12083 2342 31367 2317 4 3085 6937 2260 1749 1826 13322
3134 3553 24317 15337 30689 10148 32731 29506 30263 14996 32836 30199 29549 17096 31270 21513 14517 18051 27486 17529 16650 16029
3135 31587 24905 28430 16812 2200 2286 6487 31723 30003 30142 8166 5862 14122 4082 30695 7496 22471 27121 14149 534 9735 2035 1852 28915 23600 5977 1248 29187
3136 22247 27152 25307 24795 6805 14657 20495 31531 7337 733 27157 21222 11594 676 14979 7883 2790 14991 32891 32826 10386 688
3137 23422 16379 16041 29366 30970 6751 25817 18809 31361 22155 24444 24969 22269 21498 23950 21320 23945
3138 21560 31669 20282 20243 24608 25274 25275 27903 24048 16644 14502 20271 27546 4378 3684 3533
3139 31338 25045 31426 30532 32064 30216 27497 30342 24497 2882 30343 15207 16639 17063 29602 21498 25217 22169 23832 24436 20572 22166 31432 24009
3140 688 23051 17332 15967 10945 3213 12835 21831 9685 7629 26780 31266 15968 30633 32816 20129 13927 22209 7847 9577 17330 2644 8400 11832 609 27684 3234 13490 17643 7911 6248 12325 24963 9230 15465 16903 7335 19129 13941 31531 11818 3272 3937 10607
3141 28347 30289 30259 5763 12117 18688 5808 28757 32231 31990 5802 30134 9186 28539 11408 7421 32555 32654 29353 27665 9021 23544 32895 31565
3142 29778 6201 22599 2973 83 13071 13647 5177 13070 13271 3292 28161 2708 596 12294 614 32133 6685 30931
3143 13533 6392 12335 7626 21278 25179 6257 29418 7624 13534 13890 4594 24632 6347 13497 19536
3144 13798 17554 23046 2980 1962 32078 29690 8788 10496 1622 30809 5075 1783 1654 12536 23082 8657 1751 9739 4163 636
3145 17867 26069 27652 10241 6939 30423 27973 11660 9737 31186 1517 11039 12572 13405 18172 31520 7758 2297 1948 5974 5274 10875 32892 17833 3057 20644 1519
3146 3344 28619 12052 7927 11705 4496 3017 3348 11745 13956 3460 12397 3301 31265 3273 11825 4128 20749 8499 22917 13616 13007 32255
3147 13950 15899 4939 687 5241 28847 6438 15324 21118 1525 30439 11691 26776 15363 29323 4637 17880 23861 6427 22320 1818 19556 12317 27904 32287 16146 26387 11796 19238
3148 31929 32767 32520 383 26151 128 26107 32772 319 7346 155 4216 31925 32571 408 32135 32855 29934 22547 208 20349
3149 30532 29731 21410 29629 32252 29915 17105 14445 32771 3682 17100 32871 15022 30529 24024 16889 17200 25400 23958 9763 19187 15352
3150 24205 21039 30214 31551 24864 28882 14649 14949 25146 20735 18153 24160 18937 16066 21122 32606
3151 4082 8100 3414 1027 2425 949 31726 674 10532 27312 11915 13351 16978 1959 32170 17209 1061 7216 8048 22392 1772 8972 14131 3827 15930 22755
3152 30220 31744 32300 15022 12916 30706 24917 32814 32719 24240 32282 24088 31482 31985 30772 32596 29493 28824 30538 24328 24460 23361 24492 26759 24502 30536 28629 32244 24188 23945 32741 25700 4179 18066 24178 32736 32789 31390 28696 18188 14673 23999 23966 32041 20000 24425 22127 24283 23837 3561 24499 24428 24223 29576 23910
3153 15637 2876 23037 12412 31495 19333 16961 18274 15632 11605 16087 15639 30379 29165 31968 31035 19164 29725 25314 19172 29997 28304 25574 9391 16932 19117 27646 20869 29162 13103 22328 16946 19159 14493 21180 885 29684 30276 27569 30234 32474 21183 32141 20834
3154 21086 16511 26613 30344 22156 26614 31386 28629 26605 32888 28487 22025 32226 32159 16036 27042 2883 31504 19184 14726 25808 32876 24913 24451 14586
3155 1660 11597 21862 3009 2707 31948 14779 5029 10694 13499 15906 10659 25021 3266 8592 755 2605 11713 11439 16800 4501 6149 4547 10288 7906 19135 9586 30427
3156 10867 837 15516 10870 2827 12786 4987 17390 12745 11618 11612 1194 1202 14320 25630 14309
3157 28994 19664 26031 25240 230 208 32851 156 2766 2762 4427 15415 15408 413 23336 109 19223 32773 17892 218
3158 30542 31427 28611 31744 30755 32835 30159 31412 28301 28238 24240 27486 23825 24297 32741 32705 29721 32623 21062 24294 26041 23026 31430 23562 16938
3159 4121 8329 6346 29380 1818 7588 6481 22409 15906 6347 29994 29436 13430 2695 5173 7167 19840 31377 4940 7617
3160 28570 16211 32169 12 11269 32529 1854 32096 23896 1362 5994 10009 6877 1110 12528 3162 1648 23745 24517 3815 29863 12639 8972 999 4281 18246 4260 26899 28144 11245 1747 1316
3161 17098 10148 26003 22800 15170 27110 29616 30532 20613 32401 20734 31907 32340 30835 29342 15193
3162 21130 369 19520 19604 300 233 32659 29772 23329 2760 9399 26031 2728 20361 88 350
3163 23741 1573 9767 12689 12786 31521 1587 1211 12729 32692 1139 14285 16846 11617 2827 16412
3164 28405 4539 32514 9847 31377 10322 8004 30701 12485 29437 4135 4526 11025 26669 29526 6783
3165 31857 12786 10754 2850 538 32632 10872 27573 32635 27563 12691 28364 9787 29184 10117 29656 29168
